Claim,Evidence,Label,Category
"????? ?????????? ?? ??????? ???? ?? ???? ????? ????, ?????? ????? ?? ????? ???? ???","????? ?????????? ?? ?????????? ???? ?? ???? ?????, ?????? ????? ?? ???? ?????? ????? ? ?? ???????? ?? ?? ? ?? ??????? ??? ??? (NEET) ??????? ????? ?? ???? ???? ????? ?????? ???? ?????? (CJP) ?? ??? ?? ???? ????? ?? ????? ???? ??? ??? ?? ????? ????? ????? ??? ??????????????? ?? ????? ???? ?? ??? ???? ???? ??? ??? ??? ?? ?????? ??? ?? ????? ?????????? ?? ?????? ????? ?? ??? ?? ?? ????? ???? ??? ?? ?? ??? ??? ???? ????? ?????????? ??? ??? ??? ?????? ?? ???? ?? ????????? ????? ?? ??? ?? ?? ???? ???? ?? ??? ?? ?? ???????? ?? ????? ?? ????? ????? ??????? ???? ?? ?? ?? ????? ???? ?? ???? ???? ?????? ????? ?? ?? ????? ????? ?? ?? ?????? ?? ??? ???? ???? ?? ??? ??… ?????????????????…????–??????????????????????????????????????????????????????????????????????????????????????? ??????????????????????????????????????..????????????????????????????????????????????????????????????????????????????????…??????????????????????????????????????????????????????????????????????????????????????????,?????????????????????????????????????????????? ?????? ????????????? ????? ?????????????????????… ???? ???? ?? ?????? ??? ????? ?????? ?? ?????? ???? ???? ????? ?????? ??? ???? ??? ??????????????? ??????? ?? ??? ?? ??????? ????? ??????? 20 ????? ?? ???????? ??? ??? ?????? ?? ??????? ????? ?????? ?????? ?? ???? ??? ???? ??????? ??? ????? ??? ?? ?? ??? ???? ????? ?? ????? 50 ?? ???? ?????????? ?? ???????????? ???? ??? ??? ?? 100 ?? ???? ????? ?? ?????? ??? ???? ??? ??? ??????? ??? ????? ??? ??,?? ???? ?? ???? ??? ?? ???? ??? ?? ??????  ??????????????? ?? ??????????????? ?? ????? ????? ???, ????? ??? ????????? ???? ??? ??? ?? ?? ??????? ??? ???? ?? ????? ?????????? ?? ?????? ????? ?? ??? ?? ????? ???? ???? ??? ??? ???? ?????? ???? 24 ????? 2026 ?? ????????? ??????? ??? ?? ????? ????? ????? ??? ?? ?? 20 ????? ?? ??? ????? ?? ????? ????? ?? ???? ???? ????? ?? ????? ?????? ???? ???? ?? ???? ?? ???? ?? ?? ??? ??????? ??? ?????? ????? ?? ?????????? ??? ????? ???? ?? ????? ?????? ?? ???? ?? ?? ??? ????? ???",REF,crime
???? ???? ????? ?? ??? ???? ??? ??? ?????? ???? ?? ??? ?? ????? ??? ?????? ???????,"???? ??? ??????-???????? ???????????? ?? ??? ???? ?? ?????? ?????? ???????? ?? ????, ?????? ??? ??? ?? ??? ??? (NEET) ???? ??? ????? ?? 21 ????? ?? ?????? ??? ???? ???? ?? ??? ???????? ?? ??? ????? ?????, ???????? ????? ?? ???????????? ????? ???? ?? ???????? ?????? ?? ????? ?? ?????? ??? ?? ???? ??? ????? ???? ??? ????? ???????????? ?? ?? ????? ????? ?? ????? ???????? ????? ??? ???????? ????? ?? ???, ???? ?????? ?? ?? ?????? ????? ???? ?? ??? ??, ?????? ?????? ?? ???????? ?????? ?? ??? ??? ??? ?????? ?? ???? ??? ?? ????? ?? ?????? ??? ????? ?? ??? ???? ???? ???? ?? ??? ?? ?? ?? ?????? ???? ?? ?? ???? ????? ?? ???????? ???????????? ?? ??? ????? ???? ?? ??? ????? ?? ?????? ?? ?? ?????? ????? ??? ???? ???? ??… ????????????????????????????????????????????????????????????????????????????????????????????????????????????????????????????????????????????????????????,??????????????????????,??????????????????????????????? ?????? ????????????? ????? ?????????????????????… ???? ???? ?? ?????? ??? ????? ?????? ?? ??????? ?? ?????? ???? ???? ????? ?????? ??? ???? 29 ?????, 2025 ?? ???? ?? ???? ??????????? ????, ?????? ??? ????? ????? ?? ??? ??? ?????? ????????? ?? ?? ??? ????? ?????? ?? ???? ???? ??? ??, ????? ??? ?????? ??? ???? ??, “???? ??? ????? ?????????? ?? ???????? ??? ???? ??? ???????” ???? ???? ??? ?? ??? ????? ???? ?? ?? ?? ?????? ?????? ????? ????? ?????????? ?? ???????????? ???? ?? ???? ???????? ?? ???????? ?? ???? ?? ?? ??? ?????? ?? ???? ??? ??? ??????????? ???? ????? ?? ????? ?????? ?? ??? ???? ?? ??????? ???? ??? ?????? ????, ???? 29 ????? 2025 ?? ????? ???? ??? ??? ????? ??? ?? ?? “???? ??? ???????? ???????? ?? ????? ????? ???????????? ?? ?????-???????? ?? ????? ????? ???? ?? ???????????? ?? ??? ???? ?? ?? ???” #WATCH| Patna, Bihar: BJP and Congress workers clash as the former staged a protest against the latter in front of the Congress office.pic.twitter.com/GDUxM0JgyB ???? ????? ?????? ?? ???????? ?? ?????? ????????????? ????? ??????? ???? ?? ????? ???? ?????? ?",REF,crime
"?????????? ??? ???? ?? ?????? ?????? ???? ?? ??? ?? ?????, ????? ???? ?? ???? ‘?? ???? ???’ ?? ?????","???? ?? ???? ??? ????? ?? ??????????? ????? ?? ?????? ???? ?? ????? ?????, ?? ???? ??? ???? ????? ?? ???? ????? ?????? ???? ?????? ?? ?? ??? ???? ???? ???? ?????? ????? ?? ??? ??, ?????? ?? ????? ??? ?? ????? ?? ??? ??? ??? ?????? ?? ??? ???? ???? ???? ?? ??? ?? ?? ?????? ??? ??? ??? ????? ??????? ?? ????? ??? ????? ???? ?? ?????? ?? ?? ???? ?? ???? ??? ?? ???? ?????? ?????? ?? ??? ?????? ???? ??? ??… ?????????????????????????????????????,????????????????????????????????????????? ?????? ????????????? ???? ?????????????????????… ???? ???? ?? ?????? ??? ????? ?????? ?? ??????? ?????? ?? ???? ???? ?? ?????? ???? ???? ????? ?????? ??? ???? 17 ??????, 2025 ?????? ????? ?????? ???????? ?? ?? ?????? ??? ?? ????? ?????? ?? ?????? ??????? ????? ??? ??? ??? ?? ????? ?? ??????, ????? ?? ????? ?? ???? ???? ??? ????? ???? ?? ??? ???? ??? ?? ???? ??? ??? ????? ??? #???? ?? #?????????? ???? ?????? ??, ????? ????? ????? ?? ?? ?? ???? ?????????? ?? ?? ???? ??? ??? ?? ?????? ??? ???? ??? ??? ???? ???? ????, ????? ??? ??? ?? ????? ?? ???? ?? ?????? ?? ??????? ???? ????? ?? ??? ????? ???? ??? ??? ???? ??? ???? ?????????? ?? ??????? ?????? ???????????? ??????????? 16 ??????, 2025 ?? ???????? ??????? ?????? ??????? ????? ???? ?? ????? ?? ????? ?????? ???? ?? ???????? ?????? ????? ?? ??? ??? ?? ??, ???? ?????? ????? ??????? ??? ???? ???? ?? ????? ???? ??? ????? ??? ??? ??? ????? ??? ?? ???? ???? ?? ??? ???? ???? ?? ??? ?????? ??, ?? ???? ??? ?? ??????? ???? ?? ??? ???? ?? ?? ????? ???? ???? ???????? ?? ?????? ?? ??? ???? ???? ??? ???? ???? ?? ?? ?????? ??? ?? “?? ???? ???” ?? ???? ???? ????? ?? ??? ?? ?? ? ?? ???? ????? ???? ?? ??? ?? ????? ???? ??? ??? ??? ???? 16 ??????, 2025 ?? ????????????? ??????????? ???? ?? ?? ?? ???? ?????? ????? ????? ???? ?? ??????? ?????? ??? ????? ?? ??? ????? ?? ????? ??? ??, ???? ???? ??? ?? ?????? ????? ??????? ??? ?? ????? ?? ???? ???? ?? ????? ??? ????? ??? ??? ????? ?????????? ?? ??????? ?? ???? ???? ?? ?? ?? ????? ??????? ??? ??? ???? ??? ????? ?????? ?",REF,crime
????????? ?????? ?? ??????? ?? ??? ?? ?????? ????? ?? ????-???? ?? ??? ???? ?? ???? ???? ??? ????,"????????? ?????? ?? ???????? ?????? ?????? ?? ?? ??????? ???? ?? ???  ?????? ?? ????? ?????? ???? ?? ???? ??? ?? ??? ?? ?????? ??? ?????? ?? ???????? ?????? ????? ?? ?? ?????? ???? ?????? ?? ????? ?? ??? ??? ?? ?????? ??? ?????? ????? ?? ????? ??? ?????? ?? ????? ?? ????? ??? ?????? ??? ??? ???? ???? ?? ??? ?? ?? ???????? ?????? ?????? ????????? ?????? ?? ??????? ?? ??? ?? ?????? ????? ???? ???? ???? ???? ???? ????? ??? ????? ??? ?? ?????? ?? ?? ????? ????? ?? ????? ??? ??? ???? ????? ?????? ?? ??? ???? ?? ???? ??-?????? ?????? ????????? ?????? ?? ??????? ???? ?? ??? ??….?????? ?????? ????? ???? ???? ???? ???? ??? ?? PROTEST ?? ??? ???? ?? ??? ??????? ?? ?? ??? ?? ?? ????? ??????? ?? ?? ????? ???? ???? ??, ?????? ????? ?? ???????? ?????? ?? ????? ????.. ???? ????? ????? ???? ?? ?????? ????? ?? ???????? ?????? ???? ?? ?????? 12 ????? ?? ?????? ??? ??? ???? ???? ??? ????? ?? ???? ???? ??? ??,,, ??? ?? ???? ???? ????? ???? ‘?????? ????’ ????? ?????? ?? ?? ??? ??? ?? ??? ?? ??? ?????? ???.. ?????????????? ???????? ?? ??? ???? ?? ??… ?????? ?? ?????? ??? ???? ?????  ?????? ?? ???????? ?? ?????? ???? ???? ????, ?????? ??? ????? ?????? ?????????? ?????? ???? ????????  ????? ???? ?? ??????  9 ????? ?? ????? ???? ??? ??? ???? ?? ??? ?? ?? ?????? ????????? ?????? ?? ??????? ?? ???? ?? ??? ???? ?????? ??? ?????? ????? ?? ????, “??? ????? ?????????? ?? ?????? ???? ??? ?? ?? ???? ???? ????? ??? ???? ??? ?????? ?? ???? ??????? ?? ????? ?? ????? ?? ???? I request the police authorities to please let us set up tents so that the students who are on hunger strike can be protected from rain.–@abhijeet_dipkepic.twitter.com/he1TKEDHBl ???? ??????? ?? ??? ???? ??? ???? ???? ???? ?? ????? ?????? ?? ??????? ‘????? ?????’ ?? ‘????? ??????’ ?? ??????? ?? ??????  9 ????? 2026 ?? ???????? ??????? ?? ??????, ?????? ????? ??? ?????? ?? ???? ??????? ?? ????? ?? ????? ?? ??? ????? ?? ???? ????? ?? ????? ???? ??? ??? ????? ???????? ?????????? ?? ????? ??? ?????? ???? ?? ???? ???????? ????? ?? ???? ",REF,crime
"?????? ?? ???????? ?? ????? ?? ????, ?????? ??? ??? ????? ?? ???????? ?? ?? ?? ????? ???????","?????? ????? ?????? ??? ????? ?? ?????? ??? ???? ?? ?????? ?????? ?? ????????? ?? ?????? ?????? ???? ?? ?????? ?? ??? ??? ???? ??? ????? ???? ?????? ???? ?????? (??????) ?? ‘???? ?????’ ?? ????? ???? ??? ????? ?????? ??? ???? ?????? ?? ?? ?????? ????? ???? ?? ??? ????????? ??? ??? ????????????? ?? ?????? ??? ?? ?? ?? ???? ?? ???????? ????? ??? ??? ?? ????? ?? ?? ?????????? ?? ???? ?? ?????? ?? ????? ??? ??? ?? ?????? ??? ?? ????? ?? ?? ???? ?? ?? ?? ???? ?? ???? ?? ??? ?? ??? ??? ???? ???? ?? ??? ?? ?? ?? ?????? ??? ???? ????? ?? ????? ?? ?? ???? ?????? ????? ?? ?????? ?? ???????? ?????? ????? ?? ????? ?? ??? ?????? ?? ?? ?????? ?? ??? ???? ???? ?? ??? ??… ???????????????????????????????????????????????????????????????????????????????????????????????????????????????????????????????????????????????? ?????? ????????????? ????? ?????????????????????… ???? ???? ?? ?????? ??? ????? ?????? ?? ??????? ?????? ?? ?????? ???? ?????? ???? ?? ??? ?? ???? ????? ?????? ??? ????the hindu?? ???????? ??????????? ?????? ?? ?? ????? ????? ??? 16 ????? 2025 ?? ???? ???? ??? ??? ????? ??? ????? ??????? ?? ???????, ?? ??? ????? ?????? ??? ?? ???????? ?? ???? ??? ?? ????? ??? ?? ???????? ?? ?? ?????? ?? ?? ????? ?????? ??? ???? ? ??? ??? ???? ???? ???? ???? ?? ???? ?? ?? ?????? ?????? ?? ???????? ?? ?? ?? ????? ??? ???? ????? ?????? ?? ??? ???? ??? ??????streetsdogsofbombay??? ?? ?????? ?????? ?? ????, ???? 16 ????? 2025 ?? ????? ???? ??? ??? ??? ???? ?? ?? ??????? ????? ?? ????? ??????? ?? ?????? ?? ????? ?????? ??? ????? ?? ???? ???? ??? ????? ????? ???? ??? ????? ?? ???????? ???? ??? ????? ?????? ??? ???????? ?? ????? ?? ??? ?? ??????????????? ???????? ?? 16 ????? 2025 ??? ??? ?? ?????? ???? ???? ??? ??, ?????? ????? ?? ???? ???????? ?? ????? ????, ????? ??? ????? ?? ???????? ?? ?? ??????? ?? ?? ??? ????? ?????? ??? ????? ??? ?? ?????? ?????????????? ?? ?? ???????? ?? ?? ?????? ???? ???? ??? ???? ??? ?? ?? ??????? ?? ??????, ????? ?? ???? ?? ?? ??????????????? ?? ?????? ??? ???? ??? ??",REF,crime
?????? ??? ???????? ???? ????? ?? ???????? ???????? ?? ?????? ?? ????? ??????????? ???? ?? ???? ?? ??? ?? ?????,"???????? ?? ???????? ?? ??????? ?????? ?? ????? ?? ???? ?? ??????, ?????? ????? ???? ???????? ?? ????? ?? ?????? ?? ?????? ???? ?????? ?? ?? ?????? ????? ?? ??? ??, ?????? ??? ?????? ?? ?? ??? ?????? ???? ?? ????? ??? ????? ?????? ?? ??? ??? ???? ???? ?? ??? ?? ?? ?? ????? ????? ??????? ??? ????? ????? ?? ???????? ?? ??? ???????? ???? ?? ???? ??? ???????? ???? ?? ????? ?? ????? ??????? ????? ?? ?????? ?? ??? ?????? ???? ?? … ????????????????,????????????????????????????????????????????????????????????????????????????????????????????–????????????????????????????????????????????????????????????????????????????????????? ?????? ????????????? ????? ?????????????????????… ???? ???? ?? ?????? ??? ????? ?? ?????? ?? ????? ???? ?????? ???? ???? ????? ?????? ??? ???? ?? ???????????? ???????? ?? ?????? ?????? ?? 17 ?????? ?? ????? ???? ??? ????? ?????? ?? ??? ???? ?????? ?? ??????, ?????? ??????? ?? ???? ?? ???? ?? ????????? ???? ??? ???????? ??? ???????? ?? ??? ????? ????? ??? ???? ??? ??? ???? ?? ????? ????? ?? ????? ?? ???? ???????(20), ???? ??????, ????? ??????? (25), ???? ???? ???????, ????? (20), ???? ???? ????? ?? ???????? ???? ??? ???? ?? ????? ?????? ??????? ?? ?????-?????? ?? ??????? ?????? ???????? ????????? ??????? ?????? ?? 17 ?????? ?? ????? ???? ??? ??? ???? ???? ????? ??? ?? ?? ???????? ?? ???? ??? ????? ?? ????? ??? ???? ??? ?? ??? ???????? ???? ???????, ????? ??????? ?? ????? ?? ???????? ?? ???? ??? ?? ?? ?? ???? ???????? ??? ?????? ?? ????? ?????? ???? ??? ??? ?????? ??? ???? 17 ?????? ??????? ???????? ??????? ?? ???????? ??????? ????? ????? ????? ?????? ???? ????? ?? ???? ???? ??? ??? ???? ??????? ??? ????? ??? ?? ?????? ?? ????? ??? ??????? ??? 16 ?????? ?? ??? ??? 10-12 ?????? ??????? ?? ???? ?? ???? ?? ????????? ?? ?? ???????? ??? ???????? ???  ???? ??? ???? ?? ??? ??? ????? ????? ????? ?? ????? ???? ?? ?????? ?? ???? ???? ??? ???? ??? 17 ?????? ?? ???? 5 ??? ????? ?? ??? ???????? ?? ????? ??? ???? ????? ?????? ??? ????? ???????? ??? ?? ???????? ?? ?????",REF,crime
"CJP ?? ???? ????? ??? ????????? ?? ???? ????? ???? ????? ????, ?????? ?????? ??….","?? ????????? ?? ???? ?? ?????  ????? ????? ?? ?????? ???? ?????? ?? ???? ?? ????? ?? ??? ??? ????? ?????? ??? ?? ????????? ???? ?? ???? ??? ?? ????? ?? ??? ??? ???? ??? ????? ???? ?? ??  ????? ?????? ?? ???? ?? ?? ????????? ?? ???? ?? ???? ????? ??? ???? ??? ????????? ?? ???? ????-???? ????? ??? ???? ???? ?? ??? ?? ?? ?????? ?????? ???? ?????? ?? ?????? ????  ????? ?? ??? ????? ?????? ?? ??? ???? ?? ???? ??- ?????? ??? ????? ?????? ?? ??? ????? ?? ???? ?????? ??????? ?? ?????????????? ???????? ?? ??? ???? ?? ??… ?????? ?? ?????? ??? ???? ?????  ?????? ?? ???????? ?? ?????? ???? ???? ????, ?????? ??? ???? ????? ?????? ????????? ?????? ????, ???? 16 ????? 2025 ?? ????? ???? ??? ??? ???? ?? ??? ?? ?? ?????? ??? ?? ???? ??? ???? ?? ?? ??????? ?? ??????? ?? ???? ??? ??? STET ??????????? ?? ????? ???????? ?? ??????? ??? ???? ??????? ?? ??? ???? ??? ???? ???? ???? ?? ?????????? 7 ????? 2025 ?? ??????? ??? ?? ????? ?????? ?? ?????????? ????? ?? ??? ?? ???????, ?? ?????? ???? ?? ???? ?????? ????? ?? ?? ???? ??????? ????????, ?????-4 (???? ??????????? ?????? -4) ?? ???? STET ?????? ?? ???? ?? ???? ?????? ???? ?? ??? ?? ????? ??? ??? ?? ??? ??? ‘? ?????? ?????????‘ ?? ?????? ????? ?? ????? ?? ????? ?? ?? ?????? ???? ?????? ?? ???? ????? ?? ????? 118 ?????????? ???? ??? ????  ???-??? ??????? ???? ?? ??? ?? ?? ????? ???? ?? ???? ??? ?? ????? ?? ????????? ?? ????? ‘???? ?????’?? ?? ???? ?? ???? ??? ??????? ??????? ???? ???? ???? ?? ??? ?? ?? ?????? ??? ?? ?? CJP ???????? ?? ???? ??? ????????– ????-???? ?? ??? ???? ???? ?? , ????? ?? ?? ?????? ?????? ?? ?????? ???? ?????? ?? ???? ????? ?? ?????? ??? ???? ???? ?? ??? ??? ???? ?? ?????? ?????, 2025 ?? ?? ?? ???? ?? ??? ???? ???????? ?? ??? STET ??????????? ?? ????? ?? ???? ??? Title:CJP ?? ???? ????? ??? ????????? ?? ???? ????? ???? ????? ????, ?????? ?????? ??…. Written By:Sarita Samal Result:Misleading",REF,crime
"CJP ????????? ??? ????? ????? ?? ????? ???? ??? ?? ?????, ???????? ?? ???? ?????? ‘?????????? ? ????’ ?? ?? ????? ???????","????? ?? ???? ?? ????? ?? ???? ?? ????? ?? ???? ???? ??? ?????, ?? ???????? ????? ?? ????? ??? ?? ?? ?????? ??? ?? ???  20 ????? 2026 ?? ?????? ?? ????-???? ?? ?????? ???????? ?? ????? ???? ????? ????? ??? ??????????????? ?? ????? ???? ?? ??? ???? ???? ??? ??, ?????? ??? ?? ???? ??? ??? ??? ???? ?? ?????? ??? ???? ?????? ?? ?? ?????? ????? ???? ?? ??? ??, ?????? ?? ????? ???? ??? ?? ???? ?? ????? ?????? ?? ??? ???? ??? ?? ?????? ??? ?? ??? ???? ????? ???? ??? ??? ???? ???? ?? ??? ?? ?? ????-???? ?? ?????? ?? ???????? ?? ????? ?????? ????? ?? ?????? ?? ?? ????? ?? ???? ?????? ?? ???? ?? ???? ???? ?? ????? ?? ??? ????? ?? ??? ????? ?????? ?? ?? ?????? ????? ??? ???? ???? ??? ??… ????????????????????????????????????????????????????????????????????…?????????????..???????????????????????????????????? ?????? ????????????? ????? ?????????????????????… ???? ???? ?? ?????? ??? ????? ?????? ?? ????? ???? ??? ???? ???? ?? ???? ????? ?????? ??? ???? 25 ????? 2026 ??????????????? ???? ???? ??? ?? ????? ????, ?????? ????? ?????? ?? ??? ???? ??? ?????? ?? ???? ???? ??? ??? ????? ??? ?? ?? ??????? ?? ???????, ?? ???????? ??? ????? ???? ???? ?? ???????? ????????? ???????? ????????? ?? ??????? ?????? ??? ???? ???? ??? ???? ??? ??? ?? ?? ???? ?????? ?? ???? ?? ???????? ?? ??? ????? ?? ?? ????? ??? ???? ????? ????? ?? ??? ????? ????????? ??????????? ????@tolakity?? ?????? ?? 10 ????? 2026 ?? ????? ???? ??? ????? ?? ????? ?? ?????? ??? ???? ?? ??? ?????? ???? ?? ?? ???? ??? ???? ?? ??? ?? ????? ?? ?????? ???? ???? ????? ?? ?????-????? ?? ???? ?? ??? ?????? ??? ?? ????????? ???????? ????? ??, ???? ?????????? ? ???? ??? ???? ??? ?????? ??? ??? ???? ?????? ????????????????? ????, ????? ?????? ??? ?? ?? ????? ?? ??? ?????? ???? ???? ?? ???? ??? ????? ?? ??????, ?????, ????? ?? ??????? ?? ???? ???? ?? ??? ???????? ??? ?? ????????? ???? ???? ???? ??? ????? ????? ?? ??? ?? ?????? ??? ??????? ?????? ?? ????? ?? ??? ?? ????? ????? ?? ????? ???? ??? ???????? ?????? ?? ???? ?? ?? ??? ???? ?? ?? ??",REF,crime
???? ????? ?? ???? ?? ?????? ??? ??? ????? ?? ?????? ?? ??????????? ???? ?? ?????…,"?????? ???? ?? ????? ?? ?? ???? ?? ???  ????? ?? ?? ?????? ???? ?????? ?? ???? ?? ????? ?? ??? ??? ?? ?????? ?? ??????????? ???? ?? ??? ???? ?? ???? ???? ?? ??? ?? ?? ????????? ???  ?????? ?? ?? ??????? ????? ?? ?????? ????? ?????? ?? ??????? ??? ?????? ?? ???? ?? ???? ????? ?? ?????? ??? ??? ???? ????? ?????? ?? ??? ???? ?? ???? ??- ????????? ??? ??????? ????? ?? ????? ?? ???? ??? ?? ?????? ????? ?????? ??? ??????? ????, ?? ??????????? ?? ???? ?? ?? ?????? ?????????? ?? ??? ??? ?????????????? ???????? ?? ??? ???? ?? ??… ?????? ?? ?????? ??? ???? ?????  ?????? ?? ???????? ?? ?????? ???? ???? ????? ?????? ??? ????? ?????? ?? ??????  ????????????????? ????? ??????? ?? ??????, ?????? ?? ?????? ?????? ?? ??? ???? ?? ???? ?? ???? ?? ?????? ??? ??????? ???? ????? ????? ?? ?????? ???? ?? ?? ?? ??? ????? ?? ???? ?? ????? ?? ??????? ?? ??? ???? ?? ???? ?? ???? ??? ???, ????? ?? ???? ?? ???? ????? ?? ??? ?? ?? ???? ?? ???? ??? ?????? ??? ???? ?? ?????? ????????? ???? ?? ??? ??? ??? ??? ?? ???? ????? ?????? ?? ??? ???? ??? ?? ????? ?? ??? ??? ?????? ?? ???? ?????? ?? ?? ????? ????? ??? ?? ????? ???? ??????? ?? ??? ???? ??? ???? ???? ???? ?? ????? ?????? ??  ??????? ????‘????? ??????’?? ??????? ?? ????? ?? ??????? ?? 2 ??? ???? ???????? ???? ??? ??? ??????? ?? ??????, ???? ????????? ????????? ?? ????? ???? ??????? ?? ??? ???? ?? ?????? ?? ??? ????? ?? ???? ?? ???? ??? ????? ?? ??? ?????, ????? ???? ???? ???-??? ?? ???? ?? ??? ??? ?? ???? ?? ???? ?????? ?? ??? ?????? ??? ?? ?? ?? ??, ????? ??? ?? ????????? ???? ?? ??? ??? ??? ?? ???? ????? ?? ??? ??? ????? ?? ????? ??? ?? ????? ???? ???? ?? ????? ‘????????? ??????’ ?? ?? ??????? ?? ????, ?????? ?? ???? ?? ???? ?????? ?? ???????? ?? ????? ???? ?? ??? ??????? ?? ?????? ???????? ?? ????? ?? ?????? ???, 1. ???? ???? ????????? ???? (32) ????? ???????? ????? ???? ???? ?????, ?????? ?????? ????? ?????, ????? ???? ???????, ???? ?????????? 2. ?????? (26) ????? ????? ??? ???? ????? ?????? 123 ???????? ???? ??????, ???????? ???? ???????, ?",REF,crime
"??????? ?? ?????? ??? DCP ????? ?? ?? ???? ???? ???????, ?????? ?????? ?????….","???? ?????? ??  ?? 47 ?????? ?? ?????? ????? ?? ??? ???  ????? ?????? ??? ?????? ????? ?? ???? ??? ?? ?????? ?????? ?? ??????? ?? ????? ???? ?? ?? ???? ??? ????? ?? ??? ??? ?? “??? ?? ????? ?????????? ?? ???? ??? ??? ????? ?? ?????? ?????? ????? ?? ???? ???? ?? ??? ??? ??? ??? ???? ?? ???????? ?? ?????? ???? ?? ????, ????? ?? ????? ?? ??? ???? ????? ??????? ?? ??? ???? ????? ?????? ?? ??? ???? ???? ?? ??? ?? ??  ?????? ????? ?? ?????? ????? ?? ?? ??????? ?? ???????? ?? ?????? ??? ???? ?? ?? ?? ??????? ?? ???? ??? ????? ?????? ?? ??? ???? ?? ???? ??- DCP Sumit Jha ?? ???????! ‘?? ??? ???? ??? ????!’ ?????? ????? ?? ?????? ????? ?? ?? ??????? ?? ???? ??! ???????? ???— “???? ????? ????? ?????????? ?? ??? ????? ?? ??? ????? ???? ?? ??? ??, ??? ?? ?? ?? ???? ?? ????? ??? ??????? ?? ??? ??? ??????? ??? ?? ??? ???? ??? ?????”??????? ?? ?????? ?? ?? ????? ?? ??????? ?? ?? ???? ???? ?????? ??! ???? ?? ?? ???? ??? ??? ????? ??? ?????! ?????????????? ???????? ?? ??? ???? ?? ??… ?????? ?? ?????? ??? ???? ?????  ?????? ?? ???????? ?? ?????? ???? ???? ????, ?????? ??? ????? ?????? ??  ?????-????? ??????  ???????? ??????? ???? ?????? ?? ????? ???? ?? ??????  23 ????? 2026 ?? ????? ???? ??? ??? ?? ?????? ???  ???????? ????????? ?? ??????? ???? ???? ???? ?????? ???????? ?? ??????? ???? ??? ??? ?? ?? 400 ?? ?????? ???? ?????? ??????? ????? ?? ?????? ????? ???? ??? ???? ???? ???? ??????? ?? ????? ?????? ???  ????? ???? ?? ?? ???? ?? ????? ?? ???? ???? ?? ???? ????? ??? ???? ?? ???? ?? ?????? ??? ? ???? ?? ?????? ??? ???????? ???? ?? ???? ??????? ?? ??? ???? ?? ??? #WATCH| Delhi Police says 480 Pakistan-based social media handles involved in coordinated misinformation campaigns have been identified and blocked.The police has appealed to students and youth to remain vigilant and avoid being misled by foreign social media accounts…pic.twitter.com/dEUCllkqBS ???? ????? ?????? ?? ???? ???? ?????? ?? ???????? ????? ?????? ??? ???? ?? ???? ?? ?? ?????? ?????? ??? ???? ????? ???? ?????? ?????",REF,crime
??????? ??????? ??????? ?? ???? ??? ????? ???????? ?? ?????? ??? ?????? ??? ?? ??? ?????,"????????? ??????? ?? ??? ?? ????? ???????? ?? ?????? PoK ??? ?????? ?????? ?? ?????? ?????? ????? (PoK) ??? ???????? ?? 12 ??????? ????? ?? ???? ???? ?? ???? ?? ???? ????? ????? ????? ????? (JAAC) ?? ????? ???????? ??? ?? ??? ??? ??? ?? ??? ???? ?? ??????? ????? ?? ?? ?????? ?? ????? ?? ???? ????? ?? ?? ??, ????? ??? ?? ???? ??? ??? ??? ??? ?????? ?? ?????? ?? ?????? ??? ???? ?????? ?? ?? ?????? ???? ?? ????? ?? ??? ??,?????? ??? ????? ?? ???? ?? ??? ?????????? ?? ??? ???? ?? ?????? ??? ??? ?????? ??? ????????????? ?? ?????? ???? ????? ?? ??????? ????? ??? ???? ???? ??? ??? ?? ???? ??? ?? ???? ?? ?????? ??? ?????? ??? ??? ???? ???? ?? ??? ?? ?? ?? ?????? ????? ??? ?? ??? ??? ???? ?? ????? ??? ????? ?? ??? ?????? ???? ??? ??… ?????????????????????????????????????????????????????????????????????12????????????????????????? ?????? ????????????? ????? ?????????????????????… ???? ???? ?? ?????? ??? ????? ?????? ?? ????????? ?? ?????? ???? ????? ?????? ??? ???? ?? ?????? ?? ???? ??????????????? ???????Samar Abbas Journalist??? ?? ??????? ???? ?? ????? ???? ?? ?????? ?? 3 ?????, 2026 ?? ????? ???? ??? ??? ?????? ?? ??? ?????? ???? ??? ??,‘????? ??? ??????? ??????? ??????? ?? ???? ?? ???, ???????? ?? ???? ?????? ?? ?????? ???? ??? ?? ???? ?????????? ?? ??? ???? ????‘???? ?? ?????? ??? ?? ?? ?????? ?????? ?? ?? ???? ????? ??? ??? ?? ??? ????? ?? ??? ????? ???? ??? ???? ???? ?? ?? ?????? ??? ????? ?? ???? ?? ?????? ?? ???? ??? ????? ???? ??, ????? ??????APT??? ?????? ???????????? ??????? ??? ???????? ?? ?? ??? ???? ??????? ??? ????? ??? ?? ?? 1 ????? 2026 ?? ????????? ?? ????? ???, ???? ?? ??????? ?? ??????? ?? ????? ?? ??? ?? ??? ???? ?? ???????? ???? ????????? ??? ??????? ???? ?? ???? ????? ???? ??????? ??????? ??????? ?? ???? ???????? ?? ??? ?? ?? ??????? ???? ?? ?? ???????????? ?? ?????? ??? ???? ??? ?? ?????? ???? ?????? ?????? ??????????? ??? ??? ?? ???? ?? ????? ??????? ???? ????????? ??? ??????? ?? ??? ?? ??? ????????? ?? ????? ??? ???? ???????? ??? ??? ????? ???? ????",REF,crime
"?????? ?? ???????? ?? ?????? ????? ??? ??????? ?? ??? ????? ?? ??????? ?? ??????, ??? ??? ???????? ?? ?????? ????? ?? ???","????- ???? ?? ?????? ????? ?????? ????? ??????????????? ?? ????? ?? ????, ????? ???? ????? ?? ?? ????? ??????? ??? ??? ?? ??? 20 ????? ?? ?????? ???? ?????? (??????) ?? ??? ?? ‘??? ????’ ??? ?? ?? ???????? ?? ????? ???? ??? ??, ????? ?????? ??? ???? ?????? ?? ?? ?????? ????? ?? ??? ??? ????? ???? ?? ??? ????? ??? ??????? ?? ????????????? ?? ??? ??????????? ? ?????? ?? ?????? ??? ??? ???? ???? ?? ??? ?? ?? ?? ?????? ?????? ?? ??? ?? ??? ?? ??? ???????? ?? ??, ?????? ?????????? ????? ??????????????? ?? ??? ?????? ?? ??? ???? ?????? ?? ??? ?????? ???? ??? ??… ??????????????????????????????…???????????????????????????????????????????????????. ?????? ????????????? ????? ?????????????????????… ???? ???? ?? ?????? ??? ????? ?????? ?? ??????? ???? ??? ???? ?????? ???? ???? ????? ?????? ??? ????iamvikasbaliyan??? ?? ??????????? ?????? ?? ??? ????? ?????? ????, ???? 15 ??????? 2025 ?? ????? ???? ??? ????????? ?? ??? ???? ?????? ?? ??????, “????????? ?? ??????? ???????? ????? ??????????? ??? ?? ???? ?? ???? ?? ?????? ?? ??? ????? ?? ??? ??? ????? ??? ???? ??????????? ???? ?? ??? ???? ????? ????? ?? ?????? ?? ???? ??? ???? ???? ???? ???? ?? ????? ?? ???? ??? ?? ???? ??? ?? ????? ?? ?????? ????? ???? ?? ?????? ????? ?? ?? ??? ????? ?? ????? ??, ?? ????? ?? ????????????? ?? ??? ?????-?????? ????“ ????????? ???????? ??????? ?? 15 ??????? 2025 ?? ???????? ?? ??????? ????, ?????? ????? ?????? ?? ??????? ????? ????? ???? ???? ???? ??????? ?? ??????, ????????? ??? ???????? ?? ??????????? ??? ?? ???? ???? ?? ??????, ????? ???? ?? ???? ?????? ???? ?????? ?? ???? ?? ????? ?????? ??? ???? ????? ?? ????? ???? ???? ????? ?????? ???? ??? ?? ?? ????? ?????? ??? ? ??? 15 ??????? 2025 ?? ??????????????? ??????? ?? ??????, “???????? ?? ???? ??? ??????? ??????? ??? ?? ???? ???????? ?? ???????? ?? ??? ?? ??? ??? ??? ?? ?????? ?? ??? ?? ?? ?? ?? ????? ?? ???? ???? ??? ?????? ?????? ?? ??????? ?? ?????? ???? ???? ?? ???? ?? ???????? ???? ?? ?? ????? ?? ?????? ????? ??? ???? ?? ????? ?? ??????? ?? ??",REF,crime
"???? ??? ?? ???? ???? ?????? ???????????? ?? ?? ?????? ????? ?? ??, CJP ???????? ?? ????…..","?????? ??? 20 ????? ?? ??? ?????? ?? ‘???? ?????’ ??? ????? ?? ??????????????? ?? ??? ???? ???? ????? ?? ???? ??? ?? ???????? ???? ???? ?? ?? ??????????? ?? ???? ??? ?? ???? ?????? ???? ??? ??? ?? ?????? ???? ?????? ?? ?? ?????? ????? ?? ??? ??, ?????? ?? ???????????? ?? ??????????? ?????? ???? ?? ???? ??? ?? ???? ???? ?????? ??? ?????? ??? ??? ???? ???? ?? ??? ?? ?? ?? ?????? ?????? ?? ‘???? ?????’ ?? ????? ??? ????? ? ??????????????? ?? ???? ?? ??? ????? ?????? ?? ??? ???? ?? ????- #???? ??????? ?? ?? ?? ???? ?????? ?? ?????? ?? ??? ?? ??? ??? ????? ? 5 – ????? ??  ????? ??? ????? ???? ??? ??????? ?? ??????????? ??? ?????? ??? ????? ?????? ?????? ?????? ???? ????? ?? ??? ???? ???? ?????????????? ???????? ?? ??? ???? ?? ??… ?????? ?? ?????? ??? ???? ?????  ?????? ?? ???????? ?? ?????? ???? ???? ????? ?????? ??? ????? ?????? ???? ?????? 2025 ?? ????????? ??????  ????? ???? ??????, ?? ?????? ????? ??? ??? ?????-?????????? ?? ??? ???? ?????? ???? ?? ?? ?? ?????? CJP ?? ?????-???????? ?? ???? ?? ?? ? ?? ???? ??????? ???? ‘@sauravshrestha486’ ?? ?? 8 ?????? 2025 ?? ?????? ????? ???? ??? ??? ????? ?? ???-?? ?????? ?? ?????? ????? ??? ???? ??????? ?? ??? ???? ??? ???? ???? ???? ?? ???? ????? ?????? ?? ????? ?? ?????? ????????? ????? ????????????????? ???? ??? ????? ??? ????????? ?? ?? ????? ?????? ?? ???? ???  ???? ???? ???? ??????, ?????? 2025 ??? ????? ??? ?????-?????? ‘Gen Z ?????? ?? ????? ???? ??? ??, ?????? 77 ????? ?? ??? ?? ?? ??? ?? ???? ?? ???????? ????? ?? “Dolphin Education Kathmandu Nepal” ???? ????? ????? ???? ??? ??? ??? ??? ???? ???? ?? ??? ?? ????? ?? ??-??? ?? ????? ?????? ??? ????? ?? ?????? ?? ??? ?? ??? ???? ????? ?? ????? ?? ??? ?? ?????? ????? ?? ???????? ??? ??????? ???? ??? ??? ‘??? ?????’?? 8 ????? 2026 ?? ??????? ?? ??????, ????? ??? 8 ?? 9 ?????? 2025 ?? ??? ?????? ??? 76 ????? ?? ??? ?? ?? ??? ?? ?????? ?? ??? ?? ???????? ???????????? ???? ????? ??? ?? ??????? ???? ???? ??? ????????– ????-???? ?? ??? ???? ???? ??, ?? ????? ?????? ????? ???????",REF,crime
2020 ?? ?????? ???? ?? ?????? CJP ????????? ?? ?????? ?????? ???? ?? ??????,"????- ???? ?? ?????? ?? ???? ????????? ?? ???? ?? ?? ??????, ????? ?????? ?? ??? ??? ??????? ?? ??? ??? ???? ???, ??????? ??????????? ?? ???????? ?????? ?????? ????????? ?????? ?? ??????? ?? ???? ?????? ???? ?????? ?? ??????? ??? ???? ????? ???????? ????? ?? ????? ???????? ?? ?? ?? ???? ?? ??? ????? ????? 20 ????? ?? ???? ????? ?? ?????? ???? ??? ??, ?????? ??? ?????-??? ??????? ?? ???????????? ?????? ?????? ???? ?? ????? ????? ?? ??????????????? ?? ????????? ???? ??, ?????? ?? ??? ???? ?? ?? ???? ??? ?? ?????? ??? ??????? ?? ?? ?????? ????? ???? ??? ??,?????? ?? ???????? ?? ?? ???? ???? ???? ?????? ??? ????? ?? ????? ???? ? ??? ?? ?? ???? ??? ???? ?? ???? ??? ??? ???? ???? ???? ?? ??? ?? ?? ?? ?????? ?????? ?? ??????? ??? ????-???? ?? ??? ????? ???????? ??? ????? ???? ?? ??? ?????? ????? ?? ??, ????? ???? ?????? ?? ?????? ?? ???? ??????? ??? ?? ???? ????? ?? ?????? ???? ???? ??? ?? ?????? ???? ??… ?????????????????????,???????????????? ?????? ????????????? ????? ?????????????????????… ???? ???? ?? ?????? ??? ????? ?????? ?? ??-??????? ?? ???? ???? ?? ??? ?? ?????? ???? ???? ????? ?????? ??? ??????????? ??? ?????????? ???????? ?????? ??? ?? ??? ????? ?????? ????? ???? ?????? ?? 28 ????? 2020 ?? ????? ???? ??? ??? ?????? ?? ??? ?????? ???? ??? ??, “?? ???? ????? ???????? ?? ?????? ????? ???? ?????? ???? ??? ?????? ??????? ?????, ?? ??? ?? ???? ?? ???? ??? ?????? ???, ?????? ??? ???? ???? ?? ?? ????? ?? ??? ???? ???? ?????? ?? ??? ?? ?????? ?? ????? ???? ???? ????? ?? ????? ??? ????? ??? ???? ???????? ?? ??????? ?? ??? ???? ???????? ???? ??????” ???? ???? ??? ?? ??? ???? ???? ?? ?? ?????? ??? ?? ?? ?? ????? ?????? ??? ???? ????? ?????? ?? ???????? 28 ????? 2020 ?? ?? ??????? ?? ??????, ?????? ??????? ?? ????? ?????? ?? ???? ?? ??? ?? ???? ???? ????? ?? ????? ?? ?????? ??????? ????? ???? ??? ??????? ????? ?? ??? ??? ??? ??? ?? ??????? ?? ????? ????? ?????? ?? ??? ???? ???, ?????? ?????? ?? ????? ?? ??? ???? ?????? ??? ???? ????? ?? ??? ???? ???????? ?????? ?? ???? ?? ?",REF,crime
"????? ?????? ?? ?? ????? ??? ?????? ????? ?????? ???? ?? ?????? ??????, ??? ?? ????? ?? ????? ??????","??? ?????? ?????? ???? ?? ????? ?????? ????? ??? ????? ?? ?????? ?????? ??? ??????? ?? ??? ????? ??? ?????? ?? ???? ???? ????? ?? ???? ??? ??-?? ?????? ?? ??? ???? ?? ??? ???? ?????? ?? ??? ?????? ?????? ???? ?? ?? ?????? ????? ?? ??? ??, ?????? ?? ?? ????? ????? ??? ???? ???? ??? ????? ?? ??? ???? ?? ?????? ?? ???? ???? ??? ???? ???? ?? ??? ?? ??, ?????? ??? ??? ??????? ?? ???? ?? ???? ????? ?? ??? ?????? ???? ??? ??… ???????? ??????? ?????? ???? ?? ????? ??? ????? ?????? ?? ?? ????? ???? ??? ?? ???? ?????? ???? ????? ?????? ?? ?? ???? ???? ?? ?? ?????? ????????????? ????? ?????????????????????… ???? ???? ?? ?????? ??? ????? ?????? ?? ???? ???? ?? ??? ????? ?????? ??? ???? ?? ???????????? ??? ????? 28 ????? 2022 ??? ???????? ?? ??? ??? ????? ????? ??? ?? ??, “??? ?? ????????? ??????? ?? ????? ??????????? ?????? ???? ??????? ?????? ??? ???? ???????? ???? ???? ???? ? ???? ???????? ?? ??????? ????? ?????? ?? ??????? ??? ???? ??? ?? ????? ???? ????? ?????? ????? ??? ????? ?? ??? ????? ?? ??? ???? ??? ??? ??? ???? ??? ?? ???” ??? ?????????? ?????? ???????? ??????? ???? ?? 29 ????? 2022 ?? ?????? ????? ???? ??? ???? ?? ????? ?????? ?? ??? ?? ??? ??? ??????? ???? ?????? ?? ????? ???? ?? ?????? ??? ???  ??? ?? ????? ??? ?? ?? ???????? ?????? ?? ?????? ?????? ???? ??????? ??? ????? ?????? ?? ????? ??? ??? ?????? ?????? ???? ?????? 18 ????/ ??????????? ?????? ??????? ??? ?? ????? ?????? ?? ????? ????? ???? ???, ???? 29 ?????, 2022 ?? ????? ???? ??? ??? ?????? ?? ??? ???? ????? ?? ??????, “?????? ???? ?? ??????? ?? ????? ????? ????? ???? ?? ??????? ??? ???? ????? ?????? ?? ????? ???. ?? ????? ???????? ????? ?? ??? ????? ?? ???? ???? ????? ???????? ????? ?? ??? ??? ?? ?? ???? ?????” ?? ????? ??? ????????? ??? ????? ?? ?? ??? ????, ???? 28 ????? 2022 ?? ???????? ???? ??? ??? ????? ??? ?? ?????? ?? ???? ???? ??? ?????? ???? ??????? ??? ???? ??? ???? ???? ??? ???? ???????? ????? ??? ????? ??? ??? ???? ????? ???? ??????? ?? ??????? ???????? ?? ???? ?? ?????? ?? ????? ?? ?? ???? ??",REF,crime
2022 ?? ?????? ?? ???????? ?? ??? ??? ?????? ????? ?? ??? ?? ?????? ?? ??? ???,"????? ?? ?????? ?? ??? ?????? ???? ???? ????? ?? ?????? ?? ???????? ?? ??? ??? ?????? ????? ?? ??? ?? ?????? ?? ??? ??? ???????? ??? ?????? ??????? ?? ?? ??? ???????? ?? ??? ?? ??? ?? ???????? ?????? ?? ????? ???? ??? ??? ?? ??? ??? ???? ??? ?? ???? ?? ??? ?? ?? ???????? ??? ??????? ?? ???? ?????? ????? ???? ?? ??? ??? ??? ??? ??????? ??? ????? ?? ????? ?? ????? ??? ?????? ???? ?? ?????? ???? ???? ?? ??? ?? ????? ??? ???? ???? ?? ??? ?? ?? ?? ????? ???????? ?? ????? ?? ??? ?? ????? ?????? ????? ??? ??? ??? ??? ?? ??? ?? ?? ?????? ??? ?? ??????? ???????? ?? ???????? ?????? ??? ??? ???? ???? ?????? ?? ?????? ??? ???? ??? ?? ?? “#tamilnadu_to_bihar???? ????? ????????? ??? ????, ???? ?????? ???? ???? ?? ???? ?? ????” ?????? ????????????? ???? ???????? ?? ??? ???? ?? ??… ???? ?? ??????? ???? ????? ?????? ?? ???? ??????? ??? ?????? ???? ?? ?????? ???? ?? ?????? ???? ???? ????? ?????? ?? ???? ?? ?????? ?? ??????? ???? ?? 16 ????? 2022 ?? ????? ???? ??? ????? ?? ?????? ?? ?????? ??? ???? ??? ?? ?? “13348 ???? ???????? ????? ??????????” ?? ?????? ?? ????? ?? ????? ?? ???? ????? ?? ??? ???? ??? ??? ???? ????? ?? “????? ?????????” ???? ??? ??? ???? ??? ??????? ??????? ?? ????? ??? ???? ??? ?????????? ??????? ??????? ?? ??????, ????? ?????? ?? ???? ??? ??? ?? ????? ????????? ????? ?? ???? ?????? ?? ??????? ?? ???????? ?????? ?? ??? ???? ??? ??????? ?????? ?? ?? ?????? ?? ???? ?? ?? ????? ?????? ?? ??? ???? ??? ???? ??? ??? ???????? ??? ?????? ??????? ?? ?? ??? ???????? ?? ??? ?? ????? ??? ?? ???????? ?????? ??????? ????? ????????? ?? ????? ??? ?? ?????? ??? ????? ??? ?? ????? ??? ?? ?? ???? ??? ???? ??? #Thread– ???????? ??? ?????? ??????? ?? ?? ??? ???????? ?? ??? ?? ??? ?? ????? ??? ?? ???????? ??????? ???????? ??? ???????? ???? ?? ??? ??? ???? ?? ?????? ?? ???????? ??? ?????? ??????? ?? ?? ??? ???????? ?? ????? ???? ??????https://t.co/ye3fTl1ibl ????????: ?????? ?? ???? ?? ?????? ???? ????? ?????? ?? ??? ???? ???? ????????? ??? ????? ?? ?????? ?? ??? ?????? ???? ???? ????? ?",REF,crime
?????????? ??? ??????? ??????? ?? ??? ????? ?? ?????? ????? ????????? ?? ???? ???? ?? ??????,"?????????? ??? ??????? ?? ??? ????? ?? ???? ?? ?? ????? ??????, ?????-??????? ???? ?? ???? ????? ??? ?????????? ??? ????? ??????? ?? ??? ???????? ?? ?????? ??? ???? ?????? ?? ?? ?????? ????? ??? ?? ???? ????? ?? ???? ???? ??? ?????? ??? ??  ??????? ???? ?? ????? ?? ??????? ?? ?????? ???? ??? ???? ????? ??? ??? ??? ??? ?? ?????? ?? ???? ?? ??? ???? ???? ?? ??? ?? ?? ?????????? ?? ??????? ?? ??? ????? ???????? ???? ??? ???? ???? ??? ?? ???????? ?? ??? ??? ???? ????? ????????????????????????? ????? ?? ?????? ?? ??? ???? ???? ??? ???? ??…. ?????????????????????????????????????????!????????????????????????????????????????????????????????????????????????????????????????????????????????????????????????????????????????????????????????????????????????????????????????????????????????????????–?????????????????,????????????????????????????????????????????????????????????????????????????????????????????????????????????????????????,??????????????????????????????????????????????????????????????????????????????????????????????–???????????????????????????????????????????????????? ??????????? ????????????? ????? ??? ?? ???? ???? ?? ??? ???? ?? ?????????????? ?? ??????? ??? ??? ?????? ????????????? ????? ?????????????????????… ???? ???? ?? ?????? ??? ????? ?????? ?? ????? ???? ??? ???? ?????? ???? ???? ????? ?????? ??? ???? 2 ????? ?? ????????????? ????? ???????? ?????? ?????? ?? ??? ?????? ????? ???? ??? ???? ?????? ?? ??? ???? ?????? ?? ??????, ?? ?????????? ?? ?????? ?? ???? ??, ?? ???? ?? ????  3 ??????? ?? ??? ???? ?? ????? ?? ???? ??? ???? ????? 2026 ??? ???????? ?????????????? ???????? ????? ?????????????? ?????? ????? ?????? ???? ??? ????? ??? ??? ???? ?? ????????? ?? ??????, ????????? ?????????? ???????? ????? ??? ??????? ????? ?? ??? ??????? ?? ???? ????? ?? ?? ?? ???? ?? ??? ?????? ?? ????? ???? ??? ?????? ??????? ?? ????? ?????? ?? ???????? ?????, ????? ?? ??? ????? ?? ????????? ?? ?????? ?? ??? ??? ???? ???? ???? ?? ?????? ?? ???, ??????? ????? ?? ??????? ?? ???????? ?? ?",REF,crime
"CJP ?? ?????-?????????? ?? ????? ?????? ????? ?? ?????? ???  ?????? ?? ???????? ???? ?? ???? ???,  ?????? ?????? ?????…","??? ??? ?? ??? 20 ??? ?? ?????? ??? ?????? ???? ?????? ?? ????? ?? ??? ?? ?????? “??? ????” ????? ??????, ????? ???? ?????? ????, ??????? ?? ????? ?? ????????? ????, ????? ??? ?? ????? ?? ?????? ??? ???? ???? ?? ?????????? ?? ???, ???? ?????? ?? ?? ?????? ???? ???? ???, ?????? ???? ???? ??? ?? ?? ?????? ?? ?? ???? CJP ?? ?????-?????????? ?? ????? ?????? ????? ?? ?????? ??? ?????? ??? ?? ?????? ??? ??? ????? ?????? ?? ??? ???? ?? ???? ??- ?????? | ?????? ??? ?? ????? ????? ????????,?????? ?? ?? ???? ?????? ??? ?? ?????? ??? ?? ???????? ?????? ????? ?? ????? ???? ?????? ?????? ???? ?? ????-???? ?????????? ?? ????? ??????????????? ?? ?????? ?? ????? ????? ??????????????? ?? ?????? ????? ?? ?????? ??? ???? ???? ?? ???, “?????? ?????, ?? ???? ??? ????” ?? ??????? ????????? ??????? ??? ??? ?? ??? ??? ?????????? ?? ???? ???? ????? ?? ??? ??? ??? ?????????????? ???????? ?? ??? ???? ?? ??… ?????? ?? ?????? ??? ???? ?????  ?????? ?? ???????? ?? ?????? ???? ???? ????, ?????? ??? ???? ????? ?????? ?? ????? ???  ??????‘?????’??? ?? ?????????? ??????? ????, ?????? ??? ??? ??? ??? ?? ?? ????? ????? ??? ??????????  ?? ??????, ?? ???? 25 ????? 2025 ?? ?? ?????? ??? ?? ?? ??????? ?????? ???? ?? ?? ????? ?????? ????? 2025 ?? ??? ????? ???????? ?? ?? ?? ???? CJP ?? ?????????? ?? ??? ????? ???? ??? ????? ‘??? ???????? ??? ???????’ (YSS) ?? ????? ??????? ?? ?? ?????????? ????? ???????? ???? ??? ??? ??? ???? ?? ?????? ????? ?? ????? ?????? ??? ??? ??? ?? ???? ??????? ?????? ????? ????? ?? ???? ?????? ???? ???? ?????? ?? ????? ?? ??? ???? ??????????????? ?? ????? ??? ??? ????????? ?? ??? ?? ???? ?? – “?? ?????? ????? ?? ?????? ???? ???,” “???????-????????? ?? ????? ??? ???,” “??????? ????? ?? ????? ??,” ?? “??????? ???????? ?? ????? ???” ???? ??????? ?? ??? ???? ??? ???? ???? ???? ?? ???? ????? 2025 ?? ???????? ????????????, ?????? ??? ????? ???????? ?? ???? ??? ????? ??? ???  ??????? ?? ??????, ?? ???????? ?????? ??? ?? ???? ??????? ?? ????? ??? ????? ???????? ?? ?? ??? ??? ???? ??? ??? ?",REF,crime
2019 ??? ?????????? ?? ??? ???? ?? ?????? ?? ???????? ??? ?????????? ?? ???????? ?? ??? ?? ?????,"?? ?????? 2019 ??? ?????????? ??? ??? ???? ?? ??????? ?? ??? ?? ?? ????? ???????? ?? ??? ????? ???? ??? ???????? ??? ?????? ??????? ?? ?????????? ?????????? ??? ???? ?????? ?? ??? ??? ?? ???????? ?????? ???? ??? ?? ??? ???? ??? ?? ???? ???? ?????? ?? ?? ?????? ????? ?? ??? ?? ?????? ?? ????????????? ?? ???? ??????? ????? ?? ????? ??? ??? ???? ??? ?? ?????? ?? ???? ???? ??? ???? ???? ?? ??? ?? ?? ???????? ??? ????????????? ?? ?????? ????? ??? ????? ??? ??? ??? ???? ?????? ?? ????? ?????? ?? ?????? ??? ???? ??? ?? ?? “???????? ?? ????? ?? ?????? ??? ????? ????? ?? ??? ??? ???” ???????????? ????????????? ???? ???????? ?? ??? ???? ?? ??… ???? ?? ??????? ???? ?????? ?? ???? ?? ??????? ??? ???? ?? ???? ?? ?????? ???? ???? ????, ????? ?????? ?? ???? ????? ?????? ?? ????? ????? ??????? ?? ?????? ????? 31 ????? 2019 ?? ????? ???? ??? ?? ?????? ?? ?????? ??? ???? ??? ?? ?? “VARADSIM ???? ?? ????? ??? ?????? ??? 2019 ??? ???? VARADSIM ?????” ?????? ??? ??? ?? ??????? ?? ?????? ?? ?????? ?????? ????? ?? ?????? ???? ??? 2019 ??? ???? ?? ??????? ?? ??? ?? 28 ????? ?? ?????? ??? ?? ????? ????? ?? ??? ???? ?? ?? ????? ?????? ??? ??? ??? ??? ???? ?? ????? ?????? ?? ?????? ??? ???? ?? ????? ?? ?????? ???? ?? ?? ????? ??????- ??????? ?????? ?? ?? ?????? ??? ????? ?????? ???? ??? ??? ????? ????????? ?? ?????? ?? ????? ?????? ?? ??.??.? ?? ?????? ????, ????????? ???? ????? ?? ????? ?????? ?????? ?? ?? ?????? ??? ??? ???? ?? ??? ?? ??? ??? ??? ??? ???? ?? ??? ?????????? ???? ??? ????? ????? ?? ????? ?? ??? ??? ?? ???? ???? ?? ?????  ?? ??? ?? ???? ?? ?????? ?? ???????? ?? ??? ??? ????? ???? ??? ??? ???? ???? ??? ??? ??????????????, ???? ?????? ?? ????????? ??? ??????? ?????? ????? ???? ???? ?? ??????? ????? ??, ?? ??? ?? ????? ?? ????? ?? ??????? ???? ?? ??? ????? ???? ??? ?? ??????? ???? ?? ???? ?????????? ?? ?? ?????????? ?????? ???? ?? ??????? ?? ???? ????? ?? ????? ???? ?? ?? ?? ?? ???-??? ?? ????? ???? ???? ???? ??? ?? ?? ????? ?? ?????? ???? ?? ???? ???? ?? ??? ???? ????? ?? ??? ??",REF,crime
"????-?????????? ???? ?? ???? ?? ??????????? ?? ?? ????? ??????, ????? ??? ??? ??? ????? ?? ???","????? ??? ????? ?? ???? ??? ??? ????? ?? ?????? ????-?????????? ???? ?? ?????? ??????????? ?? ?????? ?? ?????? ???? ?? ?????? ?????? ????? ??? ?????? ???? ?????? ?? ????? ??? ??? ?? ??? ?????????? ?? ??? ???? ???? ?? ???? ?????????? ?? ?????? ???????? ???? ?? ?? ??? ??? ?????? ?? ?????? ??? ???? ?????? ?? ?? ?????? ????? ???? ?? ??? ??, ?????? ?? ??? ??? ??????? ?????? ???? ?? ?????? ????? ??? ?????? ??? ??? ??????? ?????? ?????? ???? ???? ??? ???? ???? ?? ??? ?? ?? ?????? ????? ?? ?????????? ???? ?? ?????? ????? ??? ??? ??? ? ??? ??? ?????? ?? ?? ?????? ?? ??? ???? ???? ?? ??? ??… ?????????????????????????????????????????????????????????? ??????????????????????????????????????????????????????????????????,???BSF???????????????????????????????????????????????????????????????????????? ?????? ????????????? ???? ?????????????????????… ???? ???? ?? ?????? ??? ????? ?????? ?? ????? ???? ??? ???? ?????? ???? ?? ???? ????? ?????? ??? ????atv news?? ?????? ?????? ?? ?????  ?????? ????? ?? ????? ???? ?? ?????? ?? 11 ????? 2026 ?? ???? ???? ??? ??? ?????? ?? ??? ???? ?????? ??? ????? ?????? ????? ??? ??? ?? ??? ?? ????? ??? ????? ?? ???????? ????? ?? ?????? ????? ?? ??? ??????? ????????? ?????? ?????? ???? ???? ??? ???? ???? ?????? ????? 2026 ??? ????? ?? ???? ?????? ???????????????? ????? ???????????? ?????? ?????? ???????? ?? ?? ????? ???? ??? ????? ?????? ?? ???? ??? ??????? ?? ?? ?? ?????? ???? ?????? ????? ????????? ??? ??????? ?? ??????? ???????? ?? ???? ??????? ???? ???? ??? ???? ???? ?? ???? ????? ?? ???? ???? ????? ???????? ?????????? ?????? ????? 9 ????? 2026 ?? ???? ?? ?? ?? ????? ??? ????? ????? ?? ??? ???? ???? ???????? ?????? ???? ????? ?? ??? ?????? ??? ???? ??, “????? ????????? ??? ????? ????????, ???????? ?? ??????? ??????? ??? ?????? ????? ?? ??? 26 ??? 2082 ?? ???? ???? ?? ????? ??? ?????? ?? ????? ?????? 5 ????? ???? ??? ????? ??? ??????? ??? ?????? ?????? ?????? ???? ???? ?? ?????? ???? ??????? ????????, ???? ????? ????????, ???? ????? ????????, ?????? ???",REF,crime
"????? ?????? ?? ??? ?????? ?? ??????????? ?? ????? ?? ??? ??, ?? ????? ?? ?????? ?? ???","??????????? ??? ??????? ?? ??????? ?? ???? ?? ????? ?????? ?? ?? ??????, ?? ????? ????? ?? ????? ????? ?? ??? ???????? ?? ??????????? ??? 13 ?????? ??????? ?? ??? ??? ??????? ?? ???? ???? ??? ???? ?????? ?? ?? ??????? ?? ???? ??? ???? ?? ???? ?? ?? ??? ??? ??? ??? ??????? ?? ?? ?????? ????? ?? ??? ??, ?????? ???????? ?????? ?? ????? (????????) ?? ??????? ????? ?????? ?? ????? ?? ????? ??? ??? ???? ?????? ?? ???? ?? ?? ????? ?????? ??????????? ?? ??????? ?? ????? ??????? ?????? ?? ?? ?????? ?? ??? ???? ???? ?? ??? ??… ???????????(????????)??????????????????????????????????????????????????????????????????????????????????????????????????????????????????????????????????,???????????????????????????????????????????????????????????????????????????????????,?????????????????????????????????????????????????????????????????????????????????????????????????????????????????????????????????????????????????????????????????????????????????????????????????????????????????,?????????????????????????????????????????????? ?????? ????????????? ????? ?????????????????????… ???? ???? ?? ?????? ??? ????? ?????? ?? ????????? ?? ???? ???? ?? ??? ?? ???? ????? ?????? ??? ???? ?? ??????????? ???? ???????? ??????? ???? ?? 15 ????? 2026 ?? ????? ?? ?? ?????? ??????? ??? ????? ???? ??????, ?? ?????? ????? ?? ?????? ????? ?????? ?????? ????? ??????? ?? ??, ???? ?????? ?? ?????? ???? ??? ??? ?? ????? ?????? ??? ???? ??? ????? ?? ??????? ?? ???????? ????? ??? ????? ????? ??? ??? ?? ????? ????? ?????? ?????? ?????? ?? ?????? ????? ???? ?????? ??, ???? ?????? ?????? ?? ??? ???? ??? ?? ????? ?? ?? ??? ??????? ??? ????? ?????? ?? ?????? ?? ???  ???? ??? ?????? ???? ?? ????? ?????? ?? ??? ???? ??? ???? ?? ???? ??? ??? ?? ?????? ???? ??? ???? ??? ?? ???? ??? ??? ??? ?????? ?????? ?? ??? ???? ???, ????? ??? ????? ?? ????? ???? ?????? ???????? ?? ?????? ??? ???? ???? ???????????? ???????? ???????? ?????? ??? ?? ????? ???? ?????? ??? ???? ??, “?????? ??? ????? ?????? ?? ??????? ??? ???? ????? ?? ????? ??????, ",REF,crime
????? ??? ???? ??? ????????? ?? ???????? ????? ??????????? ???? ?? ?????…,"?? ???? ??? ??? ?? ??????????? ???? ???? ??? ????? ???? ????? ??? ??????? ?? ???? ?? ???? ??? ?? ????-???? ??????????? ????????? ?? ?????? ????? ?? ??? ??, ???? ???? ???? ??? ???? ???? ?? ??? ?? ?? ?????? ????? ??? ???????? ?? ????? ?? ??? ??????? ???? ??? ??????????? ???? ??? ?? ??? ??? ?? ????? ?? ?? ????????? ?? ?? ?????? ?? ???? ???? ???? ????? ?? ??? ?????? ??? ???? ??? ??… ????? ????????? ?? ??? ?? ??? ?? !????? ??? ????? ??? ??? ??????? ?? ???????????? ?????? ?????? ?? ??? ????? ???? ?? ????? !????? ?????? ???? ????? ????? ????? ?? ???? ?? ???????! ?????? ????? ??? ???? ??????? ?? ????????? ?? ???? ??? ??????????? !???? ????? ??????? ????????? ?? ????? ??????? ?? ??????? ??? ???? ????? ??? ?????? ????? ????? ?? ??? ?????? ?? ??? ???????? ?????? ????????????? ????? ?????????????????????… ???? ???? ?? ?????? ??? ???? ???? ???? ?? ??????? ?????? ?? ?????? ???? ????? ?????? ??? ???????? ????????? ??????? ?? 7 ????? 2026 ?? ???????? ?? ??? ?? ??????? ????? ????? ????? ??? ?? ?? ?? ???? ?????? ????? ?? ?????? ???? ?? ???????? ???? ??????? ??? ??? ??, ???? ?????? ????? ?? ??? ???? ???? ???? ??? ?? ??????? ??? ???? ?? 60-70 ????????? ?? ???? ???? ?? ?? ????? ?? ??????? ????????? ??? ???? ?? ??????? ?? ???? ???? ?? ???? ???? ??? ???? ?? ???? ???????? ????? ?? ??????, ???? ?? ???? ??? ?? ?????????? ?? ????????? ????? ?? ??? ???? ??? ???????? ????? ?? ?? ????? ?? ???? ???? ??? ?? ???? ??????? ????????? ??????? ???? ?? ?? ?????? ??????? ????? ???? ?? ???? ??? ???? 8 ????? 2025 ?? ?????????????? ??? ???????? ??????? ?? ??????? ????? ????? ????? ??? ?? ?? ???? ??? ?? ?????? ???????? ?? ?????? ?? ?? ???????? ???? ???? ?? ???? ??????? ?? ??? ??? ???????? ????? ??? ???? ?? ?? ???? ?? ?? ????????? ??? ??? ???????? ????? ?? ?????? ????? ?? ???? ?? ????? ???? ??? ??? ??? ?? ?? ??????? ????? ???? ???? ????? ???? ????????? ??????? ?? ???????, ?????? ????? ?? ?????? ???? ????? ???????? ??? ?? ?????? ?? ????? ????? ?? ??????? ??? ????? ????-??????? ???? ?? ??????? ?? ?? ????????? ??",REF,crime
??????? ?? ???????? ?????? ?? ???????? ??? ???? ?????? ????? ?? ??? ?? ???? ??? ??????,"?? ?????? ?? ???????? ?? ???? ??? ?? ??? ???? ????? ?? ??? ????? ???? ??? ?? ?????? ??????? ??? ??? ?? ????????? ?? ??? ???????? ??? ?????? ??????? ?? ?????????? ?????????? ??? ???? ?????? ?? ??? ??? ?? ???????? ?????? ???? ??? ?? ??? ???? ??? ?? ???? ???? ?????? ?? ?? ?????? ????? ?? ??? ?? ?????? ?? ?? ????? ?? ??? ?? ???? ???? ?????? ??? ??? ???? ??? ?? ?????? ?? ??? ???? ???? ?? ??? ?? ?? ?????? ??? ?? ???????? ??? ?? ?????? ????? ?? ????? ???? ??? ??? ???? ??? ????? ?????? ?? ?????? ??? ???? ??? ?? ?? “???????? ??? ????????? ?? ?? ??? ???? ?? ??? ??? ????? ????? ?? ????????? ????? ????? ?? ????? ??? ?? ??? ???? ???? ??! ???? ??? ?? ?? ???? 2 ???????? ???? ????? ????? ?? ???????? ??? ?? ??? ???? ?? ???? ??? ??? ??? ???? ????” ????? ???????????? ???? ???????? ?? ??? ???? ?? ??… ?? ?????? ??? ?? ?????????? ??? ????? ?? ?????? ???? ??? ??? ???? ??? ??? ???? ??? ???? ??????? ?? ???? ??????? ?? ?????? ?? ?? ??? ???? ?? ????? ?????? ??? ?? ??, ???? ??? ??? ?? ????? ?????? ??????????????? ??? ??? ??????? ?? ????? ?? ??? ?? ??????? ?? ????? ??? ???? ??? ???? ??????? ?????? ???? ???? ????? ?????? ?? ???? ???????? ??????????? ????????? ?? ????????? ?? ??? ???? ??? ??????? ?? ??????, 18 ????? ?? ???????? ?? 54 ???????? ?????- ?????? ??? ??????????????? ??? ?? ??? ?????????? ??? ?? ??????????? ???????? ?? ?? ?????? ????? ?? ????? ?? ?? ?? ??? ??????????????? ?? ??? ????? (23) ?? ?????? (17) ?? ??????? ?????? ????? ?? ????? ??? ??? ??????? ????? ?? ???? ???? ??? ?????? ?? ?? ???? ?? ??? ???? ??? ?? ?? ???? ???? ????? ??? ???? ???, ???? ????? ?? ??? ?? ????? ?????? ??? ???? ???? ??? ??? ????? ?? ???????? ?? ?????? ?? ??? ?? ????? ??? ?? ??? ???? ??? ??????? ?? ??? ??? ????? ?? ?? ?? ????? ?? ???? ????? ???? ?? ????? ?? ????? ?????????? ?? ??????? ?? ?????? ????? ???? ??? ??????? ??? ?? ???? ?? ??? ?? ???? ???? ???? ?? ???? ??, ????? ?????? ???? ??? ?????????? ??? ??? ???? ????? ?????? ???? ???? ?? ??? ?? ???? ??? ?? ???????? ?? ??? ???? ????? ??? ?????, ????? ?? ?????? ??????",REF,crime
"?????? ?? ??? ?? ??? ????? ??? ???? ????? ?????, 2022 ?? ?????? ?????? ???? ?? ??? ??????","????? ????? ?? ????? ?????? ?????? ?? ??? ?? ????, ???? ??? ??? ?????? ??? ???? ??? ????? ???? 30 ?? ?? ??? ????? ????-??????? ???? (PSG) ?? ???????? ??? ????? ????? ?? ??? ?????? ?? ??????? ????? ???? ?? ?????? ??? ???? ????? ?? ?????? ????? ?? ???? ??? ??? ??? ???? ?? ????? ?? ??? ??????????? ?? ?? ??????? ??? ???????? ?? ?? ?????? ?? ?? ????? ?? ????? ??? ??  ??????? ???????? ?? ?? ?????? ????????? ???? ????? ??? ???????? ???? ??? ????????? ????? ?? ???? 780 ????? ?? ?????? ??? ????? ??? ????? ?? ?????? ??? ??????? ?? ?? ?????? ???? ?? ????? ?? ??? ??, ?????? ???? ?? ???? ??? ?? ???-??? ?? ???? ??? ???????? ??? ? ??? ???? ??? ?? ???? ???? ?????? ?? ??, ????? ?????? ?? ???????? ???? ??? ?????? ??? ??? ???? ???? ?? ??? ?? ?? ?? ??? ????? ?? ?????? ?? ?? ?????? ?? ???????? ??? ????? ?? ??? ????? ??? ???? ??? ??? ????? ?????? ?? ?????? ???? ??? ??… ??????????????????????????????????????????????????????????????????????????????????????????????????????????????6???????????????140??????????????????????BJP??RSS??????????????????????????????????????? ?????? ????????????? ????? ?????????????????????… ???? ???? ?? ?????? ??? ????? ?????? ?? ????? ???? ??? ?????? ???? ???? ????? ?????? ??? ???? ???? ?????? ????? ?? ??????????? ????????? ???? ?????? ?? 24 ?????? 2022 ?? ????? ???? ??? ????? ?????? ?? ??????, ?????? ?? ?? ???? ????? ??? ???? ???????? ????? ?? ????? ?? ????? ??? ??? Chaos dans le centre de Paris, des véhicules retournés et incendiés. Affrontements en cours.pic.twitter.com/h5JvCTZo94 ??? ????????? ?? ?? ?????? ???????? 25 ?????? 2022 ?? ????? ???? ??? ???? ?????? ????, ?????? ????? ?????? ?? ????? ????? ?? ???? ?? ???? ??? ???? ?? ?????? ?? ???? ??????? ?? ?? ??????? ???? ??? ?????? ?? ??????, ????? ?? ??????? ?????? ????? ?? ????? ??? ???? ?? ??? ????? ?????? ?? ???? ????? ??? ??? ??? ?? ?????? ???? ?? ???? ???????? ????? ????? ?????? ?? ?? ?????? ????? ???? ??? ????,?????? ???? ?? ????? ?????? ?? ?????? ????? ?? ??? ??? ?????? ?? 25 ?????? 2022 ?? ????? ???? ???",REF,crime
????? ??? ?????? ???? ???? ?? ???? ?? ????? ??? ??????  ??? ??? ????????? ?? ??….,"???? ?????? ?? ?? ?????? ????? ?? ??? ?? , ?????? ?? ?????? ?? ?????? ???? ??? ????? ?? ??? ????????? ?? ??? ???? ???? ?? ??? ?? ??  ????? ??? ?????? ??? ?? ?????? ??? ?? ??? ????? ?????? ?? ??? ???? ?? ???? ??- ????? ??? ????? ?? ????? ??? ?????? ?????? , ????? ?? ??????? ?? ?? ??? ?? ????????? ?? ?? ?? ??? ???? ?????? ???? ?? ???? ????? ?? ???? ,????? ?? ????? ?? ?????????? ?? ???? ???? ??? ???? ?? ?????????????? ???????? ?? ??? ???? ?? ??… ?????? ?? ?????? ??? ???? ????? ?????? ?? ???????? ?? ?????? ???? ???? ????, ?????? ???  ????? ?????? ?????????????? ???? ?????? ??????? ?? ????? ??? ???? ???? ??? ????? ????? ?? ??????, ?? ?????? ????????? ?? ?? ?? ????? ????????? ?? ???????? ???? ?? ????? ??? ??? ????? ??? ?????? ?? ?????? ??? ?????? ??? ??, ???? ????? ?? ???? ?????? ?????? ???? ???? ??? ???? ?? ?? ?? ????? ???? ??? ?? ???? ?? ??? ????pic.twitter.com/MFIPAgMaF8 ???? ??????? ?? ??? ???? ??? ???? ???? ???? ?? ???? ??? ????????????????????? ???????? ?? ????? ?????? ?????  ???? ??? ????? ????? ??? ???? ??, ???????? ?? ????? ???? ?????? ?? ????? ???? ?? ???????? ????? ??? ???? ??? ?? ??? 60 ??????? ?? 16 ???? ????? ??????? ?????? ??? ???? ?? ?????? ????????? ????? ????????,???? ??????????? ???? ???,  ?????? ?? ???????? ?? ???? ??? ????? ??? ??? ?? ????? ?? ???????? ????? ??? ???????? ????? ?? ????? ?? ????? ???, ???? ????? ??? ?? ??? ?????? ?? ?? ???????? ?? ???? ??? ???? ??? ??? ????? ?? ????????? ??????? ?????? ??? ?? ?????? ??? ??? ?? ?????? ??? ???? ?????? ?? ???????? ???? ???? 60 ???? ??? ?? ??? ??????? ?? 16 ???? ?? ????? ???, ???? ?? ????? ?? ??? ?? ???????? ??? ????? ???? ??? ???? ???????? ????? ?? ?? X ????? ?? ?? ????? ?????? ????? ??  ????? ??? ??? ?????? ?? ????? ???? ?? ???? ???? ?????? X ????? ???? ???? ??? ??? ?? ????? ??????? ????? ??? ????? ??? ?? ?????? ??? ?????? ?? ?? ?????? ?? ??? ?? ??? ??? ??? ??????? ?? ???????????? ?? ???? ??? ?? ???? ?? ????? ?? ?? ????? ?? ???? ?? ?? ?? ?? ???? ?? ??? ??????? ??????????? ?? ??????? ? ???? ?? ? ?? ??? ???",REF,crime
"??????? ?? ????? ??? ???? ?? ??? ?????? ‘????????’ ?? ???? ???? ????, ?????? ?? ????? ????…","????? ?????? ?? ??????? ?? ????? ????? ??? ???? ?? ?? ?????? ???? ??????  ?? ???? ?? ????? ?? ??? ??, ?????? ?? ?? ???????? ?? ??? ???? ??? ???? ????? ?????? ?? ??? ???? ?? ???? ???? ?? ??  ????? ??? ??? ??? ?????? ?? ???? ???????? ?? ??? ???? ?? ??? ?????? ??? ??? ?? ?? ??? ?????? ?????? ?? ????? ???? ‘????????’ ???? ????? ?????? ?? ??? ???? ?? ???? ??- ??? ?????? ???????? ?? ??? ???? ?? ???? ?? ????? ??? ?????? ???????? ????? ?? ????? ??? ???? ?? ??? ?? ???????? ?????? ?? ????? ??? ??? ????, ?? ???? ?? ???? ???? ?????? ?? ???-??? ????????????? ????? ? ??? ?????? ???? ????—???? ??? ???, ??? ??? ??????? ????? ?? ?????? ?? ????? ?? ??? ??, ?? ???? ????? ???????? ???? ?? ?? ?? ????? ??? ????? ?? ???? ????? ???? ?????? ??????????????? ???????? ?? ??? ???? ?? ??… ?????? ?? ?????? ??? ???? ?????  ?????? ?? ???????? ?? ?????? ???? ???? ????, ?????? ??? ????? ?????? ??  ?????-????? ?????? ????‘?? ??’?? ??????? ???? ?? ?? ?????  ??? ????? ?? ?????? 28 ??? 2026 ?? ????? ???? ??? ??? ?????? ??? ????? ??? ?? ?????? ????? ?? ???? ??????? ?????? ???? ?? ??? ???? ??? ???? ???? ????? ?? ????? ?? ?????? , ???? ??? ?? ??? ???????? ?? ???? ??? ?????? ????? ??? ???? ?? ??? ?? ???????? ??? ???? ?? ??? ?? ?????? ????, ????? ??????? ?????? ??? ????? ????? ?????? ???? ?? ????? ?? ????? ??? ?????? ?? ???? ?? ?????? ???? ?? ???? ?? ?????? ???? ??????? ?? ??? ???? ??? ???? ???? ???? ?? ????‘?????? ????’ ?? ??????? ???? ?? ?? ????? ?????? ???? ?  29 ??? 2026 ?? ????? ??? ??  ?????? ??? 2 ???? 8 ????? ?? ?? ??????? ?? ???? ???? ?? ?? ?????? ???? ?? ?????? ?? ??? ???????? ?? ???? ???? ???? ??? ??? ?? ???? ???? ??? ????? ????? ?? ????? ???? ???? ??? ?? ???? ?????? ??? ???? ?? ????? ?? ??? ?????? ???????? ?? ?????? ???? ????? ??? ?? ?????? ??? ??????? ?????? ???? ?????? ??????? ?? ??????? ???? 30 ??? 2026 ?? ????? ???? ??? ?? ???? ????? ????? ??? ???? ????? ???? ?? ???? ???? ??? ?? ???? ??? ?? ???????? ??? ?????? ???????? ?? ???? ??? ???? ???? ???? ??? ????? ???? ???? ?? ????????? ?? ?????? ??? ?",REF,crime
"????? ?? ?? ?????????? ??? ?????? ????? ????, ?????? ????? ??  ??  …","?????? 2025 ???, ?????????? ??? ?? ?? ?? ??? ????? ??????? ?? ????? ?? ????? ??????? ??? ???? ?????? ?? ?? ?????? ????? ?? ??? ???  ?????? ??? ???? ????? ???? ??? ?? ???? ?? ???????? ??? ??? ???????? ?? ???? ????? ???? ??? ?? ?? ??? ??? ?? ???? ????? ?? ???? ???? ??????? ??? ?? ???? ????? ?????? ?? ???? ???? ?? ???? ???? ??? ???? ???????? ?????? ?? ??? ???? ???? ?? ??? ?? ?? ????? ?? ?? ??????? ?? ?????????? ??? ????? ???? ???? ???? ???? ????? ????? ?????? ?? ??? ???? ?? ???? ??- ????? ?? ?? ??? ?????????? ??? ????, ????? ??????? ?? ??? ???? ???? #bangladesh #save #hindu #bajrangdal ?????????????? ???????? ?? ??? ???? ?? ??… ?????? ?? ??????? ??? ???? ???? ?? ????? ?????? ??? ??????? ?? ????? ?? ???? ???? ????? ??? ? ??? ???, ???? ???? ????? ?????? ???? ??? ??? ??? ??? ?? ???? ???   ????? ???? ?? ??? ??? ??? ?? ?????  ??????? ?? ??? ?????? ???? ??? ???? ???? ????? ?????? ?? ???????? ?? ?????? ???? ???? ????, ?????? ???  ????? ?????? ?? ??? ????  6 ??????? 2025 ?? ChotaNews App ?? ??X ?????????? ?? ????? ??? ??? ?????? ????? ?????? ?? ??? ??, ?? ???? ???????????? ?? ??????, ???????? ??? ????? ?? ??? ??? ?????? ??????? ?? ????? ??? ???? ????? ?? ??? ???? ????? ?? ???? ?? ????? ?? ??? ????? ?? ??, ?????? DCP ?????? ?????? ???? ?? ??? ???? ?? ??? ???? ?? ????? ????? ????? ??, ???????? ??? ?? ??? ?? ??, ?? ??? ????? ?? ??????????????? ?? ????-???? ???? ?? ?????? ?? ??????? ??? ???? ?? ??? ??? ????? ?????????? ?????????? ?????.. ???? ????????? ??? ?????? ????????????? ???????? ?????? ???????? ????????? ???? ????????? ????? ?????? ???? ?????? ??????????? ?????? ????????? ???????? ??? ????????? ??????   ?????? ???? ??????????? ??????.. ???????? ???????????????????…pic.twitter.com/HrCOZ0vXiq ?????? ??? ??? ???? ????? ??????? ???? ??? ?? ?? ???? ?? ???? ?????  5 ??????? 2025 ??  ??????? ?? ??????? ?? ????? ?????? ???? ???? ??? ???? ?????? ?? ??? ?????? ??? ???? ??, ‘ ‘??? ????? ??????? ????? ???? ??? ????? ?????? ??? ??????? ??? ????? ?????? ?? ??? ????? ???????? ??? ?? ?????",REF,crime
????????? ??? ???????? ?? ?????? ???????? ??? ?????? ??????? ?? ?? ??? ???????? ?? ??? ?? ??????,"????? ?????? ???????? ??? ?????? ??????? ?? ?? ??? ???????? ?? ???? ?? ????? ?? ????????? ??? ???????? ?? ????? ?? ??? ????? ???????? ?? ??? ???????? ??? ?????? ??????? ?? ?????????? ?????????? ??? ???? ?????? ?? ??? ??? ?? ???????? ?????? ???? ??? ?? ??? ???? ??? ?? ???? ???? ?????? ?? ?? ?????? ????? ?? ??? ?? ????? ?? ????? ?? ????? ?? ??? ?? ???? ???? ?? ??? ??? ??? ????? ??? ??? ???? ??? ?? ?????? ?? ???? ???? ??? ???? ???? ?? ??? ?? ?? ???????? ??? ?????? ??????? ?? ??? ????? ????? ?? ?? ??? ??? ???? ?????? ?? ????? ?????? ?? ?????? ??? ???? ??? ?? ?? “???????? ?? ??? ????????? ?? ??? ??? ??? ?? ????? ?? ?? ??? ????” ???????????? ????????????? ???? ???????? ?? ??? ???? ?? ??… ???? ?? ??????? ???? ????? ?????? ?? ???? ??????? ??? ?????? ???? ?? ?????? ???? ???? ???? ?? ??, ?????? ?? ???? ?? ?????? ?????? ?? 7 ????? ?? ?????? ????? ?? ?????? ?? ?????? ??? ???? ??? ?? ?? ?? ?????? ??????? ?? ????????? ??? ???? ???? ?? ????? ?? ??????? ?? ?? ???? ???????? ??? ????? ?? ??? ?? ??? ?? ????? ???????? ??? ??? ?? ??? ?? ????? ??? ??? ??? ?? ????? ?????? ?? ?????? ?????? ?? ???? ???? ??, ????? ????? ????? ???? ??? ?? ?????? ?? ?? ?? ??? ?? ??? ???? ??? ??, ????? ?????? ??? ???? ??????? ??? ???? ??? ?? ?????? ??????? ?????????? ???? ???????? ?????? ?????? ?? ???? ???? ??? ???? ????? ???? ?? ???? ?? ?? ?? ????? ?????? ???? ??????????? ???? ???????? ?????? ??? ?? ????? ???? ??? ??? ?? ?????? ?? 7 ????? 2023 ?? ?? ?????? ?? ??? ????? ???? ??? ?? – “???? ?? ??? ?? ????? ?? ??? ?? ???? ???????? ??? ?? ??? ???” ??? ???? ????? ?????? ??? ??? ??? ?????? ?? ???? ????? ?? ?????, ???? ?? ???? ??? ???? ??? ?? ????? ????????? ?? ???????? ??? ?? ???? ??? ?? ??? ??? ???? ?? ?? ????? ?? ????? ?????? ??? ??? ??? ??????? ?? ??????? ??? ???? ??, ????? ?? ?????? ?? ???? ?? ?? ????? ?????? ????????? ?? ?? ???? ???????? ?? ??? ?? ?????? ?? ????? ????? ??????? ??????????? 7 ????? 2023 ?? ????? ?? ??? ?? ???? ?? ??? ????? ???????? ?? ??? ?? ????? ???? ??? ??? ????????? ??? ???? ??? ??? ?????????",REF,crime
"????? ??? ????? ?? ?? ?? ??????? ???????? ?? ????? ?? ????? ?????? ?????, ?????? ??? ?? ?????????? ?? ???? ???","?????????? ?? ??????? ?? ???? ?? ??????, ????? ??? CRPF ?? ????? ?? ?????? ???? ?? ?????? ?????? ????? ??? ???????? ????? ?? ??? ?????? ????? ?? ???? ??? ????? ??? ?? ????? ??? ???? ?? ??? ?????? ?? ??? ?? ??? ?? ???? ??? ??? ????? ?? ?????????? ??? ?? ?????? ????? ??? ???? ??? ????-??????? ?? ??? ?? ??? ??? ??? ?????? ?? ?????? ??? ??????? ?? ?? ?????? ????? ???? ?? ??? ??, ?????? ??????????? ?? ??? ??? ???? ???? ??? ?????????? ?? ????? ?? ?????? ??? ?????? ??? ??? ?????? ?? ????? ????? ?? ?????? ??? ?? ???? ???? ?? ??? ?? ?? ?? ?????? ????? ?? ????? ?? ???? ?????????? ?? ?????? ?? ??? CRPF ?? ?????? ?? ??? ???????? ?? ??? ?????? ?? ?? ?????? ?? ?????? ?? ??? ???? ???? ?? ??? ??… ????? ??? CRPF ?? ?????? ?? ????? ??? ??? ????? ?? ???? ?????? ?????? ?? ??? ?? ?? ?????? ???? ???? ????? ????? ???? ????? ??? ????? ??? ???? ????? ????? ??? ?????? ?????? ????????????? ????? ???????? ?? ??? ???? ?? ??… ???? ???? ?? ?????? ??? ????? ?????? ?? ????????? ?? ???? ?????? ???? ????? ?????? ??? ????News21 ????????? ?????? ??? ?? ???? ????? ?????? ????? ???? ??? ????, ???? 11 ????? 2026 ?? ????? ???? ??? ??? ?????? ?? ??? ???? ?????? ?? ??????, ?? ???? ?????????? ?? ??????? ???? ?? ??, ???? ?????? ???? ?? ????? ?? ????? ??? ???????? ?? ??? ????? ?? ???? ?? ???? ?? ???????? ?? ??? ???? ??????? ?? ??? ?? ??? ??? ???? ?? ???? ?????????? ?? ?????? ???????Probash Times?? ?????? ??? ?? ?? ??? ?????? 12 ????? 2026 ?? ????? ???? ??? ????? ????? ?? ??? ???? ?????? ?? ??????, ??????? ???? ??? ?????? ???? ?? ????? ?? ??? ????? ?? ???? ?? ???? ?? ??? ????? ???????? ?? ????? ???? ?? ??????????????? ?? ??? ????? ?? ??? ??? ?? ????? ???? ?????? ??? ?? ????????? ??? ?? ?? ?? 20 ????? ???? ?? ?? ??? ??????????? ?????? ???????DBC News TV?? ???????? ?????? ??? ?? ?? ???? ???? ?????? ????, ???? 11 ????? 2026 ?? ????? ???? ??? ??? ??? ???? ?? ?? ?????? ??????? ??? ?????? ???? ?? ????? ?? ??? ????? ?? ???? ?? ??? ??????????????? ?? ????-???? ???? ?? ??? ??????????? ???? ?????? ??? ?? ????????? ?? ??? ",REF,crime
"CJP ????? ???????? ?? ??? ?? ????? ??? ?????? 11 ??? ??????, JNU ?? ‘??? ?? ??’ ?????? ?? ?? ???????","????-???? ?? CJP ???????? ?? ????? ???? ???? ??? ??????, ??? ??? JNU ?? 2014 ‘??? ?? ??’ ?????? ?? ??? ????????? ????????? ??? ??? ?????? ?? ??? ???? ??? ????? ?? ???? ??? ?? ??????? ?? ????-???? ?? ?????? ???? ?????? (CJP) ?? ????? ???????? ?????? ???? ??? ?????????? ???????? ?????? ?????? ????????? ?????? ?? ?????? ??????? ?? ???? ?? ??? ???? ???? CJP ?? ???????? ?????? ????? ?? ??????? ??? ?? ??? ?? ?????? ?? ? ???? ??? ?? ???-??? ??????? ?? ????? ??????? ?? ?? ???? ???????? ??? ??? ??? ??? ?? ?????? ??? ???? ?????? ?? ?? ?????? ???? ?? ????? ?? ??? ??, ?????? ??? ????? ?? ???????? ???? ? ??? ??? ?? ??? ??? ?? ????? ?? ????? ???? ??? ???? ????? ???? ???? ????? ??? ???? ???? ?? ??? ?? ?? ?? ?????? ??? ?????? ????????? ?? ??? ?????? ?? ??? ????? ?? ?????? ???? ??… ???2??????????????????????????????????????????????????????????????….??????????..??????. ?????? ????????????? ????? ?????????????????????… ???? ???? ?? ?????? ??? ????? ?????? ?? ??????? ?? ?????? ???? ???? ????? ?????? ??? ???? ?? ?????? ????????????? ???????? 12 ????? 2020 ??? ????? ???? ??? ????? ???? ??? ???? ?????? ?? ??????, ?????? ?? ?????? ??? ?????? ??? ?? ???????? “??? ??? ??” ?? ????? ??? ??? ??? ???? 12 ?????, 2014 ?? ????????? ?????? ????? ?????? ????? ?????? ?? ??????, ?? JNU (???????? ????? ?????????????) ?? ?? ?? ‘??? ?? ??’ ?????? ?? ?????? ??? ??? ??? ???? ??????? ?? ??? ?? ??????????? ??????? ?? ???? ?????? ???? ???? ??, ?????? ?????? ?? ?????? ?? ‘??? ?? ??’ ?? ?? ????? ??? ??? ??? ?? ?????? ??? ???? ??? ??? ?? ‘??? ?? ??’??? ?? ?? ?????? ??? ?? ?? 9 ?????, 2014 ?? ?? ????? ???? ?? ??? ?? ????? ??? ??? ??? ???????? ??? ??? ?? ????? ?????? ??? ???? ? ??? ???? ????? ?? ?????? ??????, ?? ???????? ?????? (JNU) ?? ???? ???? ?? ??? ??? ??? ????? ?????? ?? ?????? ??? ???? ??? ?????? ??????? ???????? ???? ??? 12 ????? 2014 ?? ???????????????? ??????? ????? ?? ??, ?? ???????? ???????, ???????? ?? ?????? ???? ?? ????? ??? ?????? ???? ??? ?? ?? ???? ???????? ?? ????? ???? ??? ??? ??????? ??? ?????",REF,crime
"????? ?? ?? ?????????? ??? ?????? ????? ????, ?????? ????? ??  ??  …","?????? 2025 ???? ?? ?????? ????? ?????????? ??? ???? ?????? 2025 ?? ???? ?? ??  6 ???????? ?? ????? ?? ??????? ?? ????? ???? ?? ???? ??? ??? ??? ???? ?????? ?? ?? ?????? ????? ?? ??? ??, ?????? ???? ????? ???? ??? ?? ??? ?? ???? ?? ???????? ??? ??? ???????? ?? ???? ????? ???? ??? ?? ?? ??? ??? ?? ???? ????? ?? ???? ???? ??????? ??? ?? ???? ????? ?????? ?? ???? ???? ?? ???? ???? ??? ???? ???????? ?????? ?? ??? ???? ???? ?? ??? ?? ?? ????? ?? ?? ??????? ?? ?????????? ??? ????? ???? ???? ???? ???? ????? ???? ?? ?????? ?? ??? ???? ??- ????? ?? ?? ??? ?????????? ??? ????, ????? ??????? ?? ??? ???? ???? #bangladesh #save #hindu #bajrangdal ?????????????? ???????? ?? ??? ???? ?? ??… ?????? ?? ?????? ??? ???? ???? ?? ????? ?????? ??? ??????? ?? ????? ?? ???? ???? ????? ??? ? ??? ???, ???? ???? ????? ?????? ???? ??? ??? ??? ??? ?? ???? ???   ????? ???? ?? ??? ??? ??? ?? ?????  ??????? ?? ??? ?????? ???? ??? ???? ???? ???? ??? ?? ???? ????? ?????? ?? ???????? ?? ?????? ???? ???? ????, ?????? ???  ????? ?????? ?? ??? ????  6 ??????? 2025 ?? ChotaNews App ?? ??X ??????? ????? ?? ????? ??? ??? ?????? ????? ?????? ?? ??? ??, ?? ???? ???????????? ?? ??????, ???????? ??? ????? ?? ??? ??? ?????? ??????? ?? ????? ??? ???? ????? ?? ??? ???? ????? ?? ???? ?? ????? ?? ??? ????? ?? ??, ?????? DCP ?????? ?????? ???? ?? ??? ???? ?? ??? ???? ?? ????? ????? ????? ??, ???????? ??? ?? ??? ?? ??, ?? ??? ????? ?? ??????????????? ?? ????-???? ???? ?? ?????? ?? ??????? ??? ???? ?? ??? ??? ????? ?????????? ?????????? ?????.. ???? ????????? ??? ?????? ????????????? ???????? ?????? ???????? ????????? ???? ????????? ????? ?????? ???? ?????? ??????????? ?????? ????????? ???????? ??? ????????? ??????   ?????? ???? ??????????? ??????.. ???????? ???????????????????…pic.twitter.com/HrCOZ0vXiq ?????? ??? ??? ???? ????? ??????? ???? ??? ?? ?? ???? ?? ???? ?????  5 ??????? 2025 ??  ??????? ?? ??????? ?? ????? ?????? ???? ???? ??? ???? ?????? ?? ??? ?????? ??? ???? ??, ‘ ‘??? ????? ??????? ????? ???? ??? ?????",REF,crime
2021 ?? ?????? ??? ?????? ?? ?????? ?? ???????? ??? ?????? ????? ?? ?? ??? ???????? ?? ??? ?? ??????,"????? ?????? 2021 ?? ?????? ??? ?????? ?? ????? ??? ????? ?? ??? ???????? ??? ?????? ??????? ?? ??? ??????? ?? ?? ??? ??,???????? ??????? ???? ?? ???? ??????? ?? ??? ?????? ?? ???? ????? ?? ?? ??? ??? ??? ??? ???? ?????? ?? ??? ???? ???? ???? ?? ?????? ???? ???? ?? ????? ?? ??? ??? ?? ?????? ??? ?? ?? ?????????? ?? ?? ???? ?? ?????? ?? ????? ??? ???? ?? ???? ??? ????? ?? ?? ?????? ?? ???????? ????? ?? ????? ???? ?????? ?? ???? ???? ??? ???? ???? ?? ??? ?? ?? ?? ?????? ???????? ?? ??????? ?? ?? ???? ?????? ??????? ?? ???????? ???? ?? ??? ??? ???? ?????? ?? ????? ????? ?? ?????? ??? ???? ??? ?? ?? “???????? ??????? ????????? ??? ?????? ?? ???? ?? ??? ?? ?????” ?????? ????????????? ???? ???????? ?? ??? ???? ?? ??… ???? ?? ??????? ???? ?????? ?? ??????? ?????? ???? ?? ?????? ?? ??, ????? ?????? ?? ???? 24 ?????? 2021 ?? ??????????? ??????? ??? ????? ??????? ?? ?????? ?? ????? ??????? ?????? ?? ???? ????? ?? ????? ?? ??, ???? ???-?? ?????? ?? ?????? ?? ????? ??? ???????? ?? ??? ?? ?????? ?? ????-???? ??????? ?? ???? ?? ????? ?????? ?? ??? ????? ???????? ?? ??? ???? ????? ????? ???? ?? ??? ???????? ?? ????? ?? ????? ????? ?? ??? ????? ?? ???? ?? ?????? ????? ??? ????? ????? ???, ???? ?? ???? ?? ?????? ?? ???? ?? ????? ??? ?? ??? ???? ?? ??????? ???? (24) ?? ??? ??? ???? ?????? ??? ???????? ??????? ??? ???? ??? ?? ?? ??????? ?????? ?? ???? ????? ??? ????? ?? ????? ?? ????? ???? ?? 24 ?????? ?? ??????? ?? ???? ??? ?? ???-??? ?? ????? ?? ?? ?? ?? ???? ????? ????? ??? ?? ???? ?? ???? ? ???????? ?? ????? ???? ?? ??? ???????? ?? ?? ???? ??? ??? ???? ????? ????? ?? ????? ?? ?? ????? ?? ???????? ?? ???? ??? ??? ?????? ???????? ??????, ???????? ??? ?? ?? ??? ????, ????? ?? ???? ??? ?????? ??? ????? ?? ?? ???? ?? ???? ?? ?????? ?? ?? ????? ?? ??? ?? ?????? ??? ?? ???? ????? ??????? ???? ??, ????? ????? ??? ??? ???? ???? ???? ??? ??????? ?? ?? ????? ?????? ??? ???? ????? ?? ?? ????? ?? ??? ????? ??? ??????? ?? ???????, ???? ?? ???? ???? ?? ????? ?? ?????? ?????? ?? ??? ??? ?? ??? ??",REF,crime
"?????? ?? ???????? ???? ?? ?? ??????, ??? ????? ??? ????? ?? ??????? ?? ?? ?????? ??????","????? ?? ??? ?????????? ?? ??????? ?? ????? ?????? ??????? ?? ???? ?? ,??? ????? ?? ??? ?????? ????? ??? ?? ??? ?????? ???? ?? ??? ??????? ?? ?? ?????? ???? ???? ?? ??? ??, ?? ???? ????? ?? ???? ???? ??? ????? ?????? ??? ?? ????? ?? ???? ?? ?????? ???? ???? ??? ???? ??? ?????? ??? ??? ???? ?? ???? ?? ?? ????? ???? ??? ??? ?? ????? ?? ?????? ????????? ???? ???? ???? ???? ?? ??? ?? ?? ?? ????? ?? ?? ???? ???? ?? ??????? ???? ??? ???? ????? ?? ????? ???? ?? ?????? ?????? ?????? ?? ?????????? ?? ?? ????? ?? ??? ???? ?????? ???? ??? ?????? ??? ????? ?????? ?? ?????? ?? ?? ?????? ?? ??? ???? ???? ?? ??? ??… ?? ???????? ????? ?? ???? ??? ??? ???? ???? ????? ??? ???? ???????? ?????????? ?? ????? ???? ?? ???? ??? ???? ?? ??? ?? ??????? ????? ?????? ????????????? ????? ???????? ?? ??? ???? ?? ??… ???? ???? ?? ?????? ??? ????? ?????? ?? ??-??????? ???? ???? ???? ?? ???? ?????? ???? ????? ?????? ??? ???? ???? ?????? ????????????? ???????? ????? ???? 27 ????? 2026 ?? ???? ???? ??? ??? ?????? ?? ??? ??? ?? ?????? ?? ??????, ?????? ??? ????? ?? ????? ?????? ????? ????? ?? ?? ???? ?? ?? ????? ???? ??? ?? ?????? ?? ??? ??????????? ?? ??? ??? ?? ????? ?????????? ?? ????????? ????, ?? ?? ??????? ?? ??? ??? ????? ?? ??? ???? ?? ?????? ?? ???? ??? ????? ??? ???? ???? ?????? 28 ????? 2026 ??????????????? ?? ?? ?????? ??? ?? ????? ???? ??? ????? ????? ????? ??? ?? ?? ????? ?? ????? ?????? ?????????? ????? ??? ????????? ?? ??? ?????? ??????? ?? ??????? ?? ??? ?? ????? ?? ????, ?? ???? ?????? ?? ??????? ?? ?? ??????? ?? ??? ???? ??????? ?? ??? ?? ??? ??? ???? ?? ???? ????????? ???????HYPEFRESH?? ??? ?? ?????? ?? ??????? ??????? ????? ???? 27 ????? 2026 ?? ???????? ???? ??? ??? ????? ????? ?????? ?? ????????? ?? ???? ?? ???? ??? ??????? ?? ??????, “??? ????? ?? ????? ?????? ????? ????? ?? ?? ?????? ????? ??? ??, ???? ???? ?????? ?? ??????? ???? ??? ????? ??? ????? ?? ?? ????? ??????? ?? ????? ?? ???? ?? ?????? ?????? ?????? ??? ??? ??? ??? ?????????? ?? ????? ?? ????? ?????? ????????? ????? ",REF,crime
???? ??? ?????? ???? ????? ?? ??? ?? ????? ?? ??????? ???? ??  ???? ??? ??…,"???????? ????? ?? ??? ?? ??? ????? ?????? ?? ??????? ?? ?????? ???? ???????? ????? ?? ???????? ???? ??? ?? ????? ?? ?????? ???? ?????? ?? ?? ?????? ????? ?? ??? ??? ????? ????? ?? ?????? ??? ?????? ???? ?? ??????? ?? ???? ?? ???? ??? ?????? ?? ??? ???? ???? ?? ??? ?? ?? ????? ?????? ?? ??????? ??? ?????? ???? ????? ?? ??? ?? ????? ???? ??????? ??? ????? ?????? ?? ??? ???? ?? ???? ??- ????? ????? ?? ??????? ????? ????? ??? ,??????? ??? ?????? ???? ??? ??? ?? ????? ???????? ,????? ????? ?? ???????? ?? ?????? ??? ??????? ????? ?? ????? ?????? ?? ????? ???? ?? ???, ??????? ?? ????? ?????? ?? ??? ??? ????? ??? ?? ??? .? ?????????????? ???????? ?? ??? ???? ?? ??… ?????? ?? ?????? ??? ???? ????? ?????? ?? ???????? ?? ?????? ???? ???? ????? ?????? ???  ????? ?????? ?? ??? ?????????? 31 ?????? 2025 ?? ??????? ????? ???????? ??? ?? ???????, ???????? ????? ?? ??? ?? ????? ???????? ???????? ?? ????? ?????? ?? ????? ???? ?? ??????? ?? ???????? ???? ??? ????? ???? ????? ?????? ?? ??? ??????? ????? ?? ??? ??? ?????? ????? ?? ??? ??? ??? ?? ?????? ???? ?? ???????? ?? ?????? ??? ????? ?? ???? ???? 16 ?????? ??????? ????? ?? ??? ???????? ???? ?? ???? ??? ?????? ????? 30 ?????? ?? ???? ????? ?? ????? ?????? ?? ????? ???? ??? ???? ??? ??? ??????? ?? ?? ?? ?? ????? ?? ?????? ????? ??????? ??? ?? ??? ????? ????? ?? ???????? ???? ??? ???? ?? ?? ???? ???????? ?? ?????? ??? ??????? ????? ?? ????? ?????? ?? ????? ??? ???? ??? #NewsAlert: ?????? ????? ??????? ??? ?? ??? ????? ????? ?? ????? ?? ?????? ????? ????? ?? ???????? ?? ?????? ??? ??????? ????? ?? ????? ?????? ?? ????? ???? ?? ???#Rajasthan#Dholpur#Vrindavan#Burqapic.twitter.com/Y4FpzdHGes ?????? ??? ????????? ???????? ??????? ????? ??? ??? ?????? ???? ????? ??????? ?? ????? ?? ????? ??? ?? ???????? ???????? ?? ????? ?????? ??? ?? ????? ??????? ??? ????? ?? ?????? ??????, ????? ?? ?????? ???? ???????? ?? ???? ??? ???? ?? ???????? ???? ?? ???? ??? ????? ????? ??????????, ?????? ???? ?? ????? ?? ??????? ???? ??????? ???????? ?? ????? ?? ",REF,crime
2021 ??? ??????? ?? ?????? ?? ???????? ??? ?????? ??????? ?? ???? ?? ??? ?? ?????? ?? ??? ???,"????? ?????? ???????? ?? ???? ????? 2021 ?? ??????? ?? ?? ???? ???? ????? ?? ???? ?? ???????? ???? ?? ???? ???? ??? ??? ???? ?????? ?? ?? ?????? ?? ???? ???? ?????? ?? ???? ???? ??? ???? ???? ?? ??? ?? ?? ?? ?????? ???????? ?? ?? ???? ?? ?????? ????? ?? ????????? ?? ????? ????? ?? ?? ??? ??? ????? ?? ??? ?? ?????? ??? ?? 4 ?????????? ?? ????? ?? ????? ?? ????????? ?? ????? ?????? ???????? ?? ???? ???? ??? ??? ???? ??,  ????????? ?? ?????? ?? ??? ??? ?? ?????? ???????? ?? ??? ???? ??? ???? ?? ???? ??? ????? ??? ?????? ??? ?????? ????? ?? ??? ???? ??? ?????? ?? ?????? ??? ???? ??? ?? ?? “?????? ?????? ?? ???????? ??? ?????? ?? ??? ??? ?? ????? ?? ??? ?? ??? ?? ????? ????? ?? ????? ?? ????? ??? ?? ???? ???” ?????? ???????????? ???? ???????? ?? ??? ???? ?? ??… ???? ?? ??????? ???? ????? ?????? ?? ???? ??????? ??? ?????? ???? ?? ?????? ???? ???? ???? ?? ??, ????? ?????? ?? ???????????? ?? ?????? ???? ??????? ????? ?? ??? ?? ????? 8 ????? 2021 ?? ?? ?????? ?? ???? ???? ??? ???? ??? ?? ?? ?????? ??? ???????? ???? ???? ?? ???? ??? ???? ?? ??? ???? ??? ??? ?? ??? ?? ?? ?? ???? ??????? ?? ???????? ???? ?? ??? ???????? ?????? ???????? ????? ???? ?? ???????? ???? ?? ??????? ????? ??? ??? ?????? ????????? ?? ????? ????? ?? ?? ???? ??????? ??? ?? ????? ??? ?? ?? ???? ??? ??????? ???? ?? ?? ???????????? ?? ????? ????? ???? ?? ??? ??? ?? ???? ??? ??? ?????? ??? ???????????? ???????? ??? ?? ?????? ???? ??? ???? ????? ???? ?? ??????? ?? ?????? ???? ?? ???????? ??? ????????? ????? ?? ?? ?? ??, ????? ????? ??? ?? ?? ??????? ??? “??????? ????” ?? ?????? ???? ?? ??? , ????? ???? ?? ???? ?????? ?? ????? ?? ????? ???? ???? ??????? ?? ?????? ????? ????? ?? ???????? ?? ???? ??? ?? ?? ????? ???? ??? ????? ??? ???? ????? ?? ???? ?? ??? ??? ???? ??? ??? ????? ??? ????? ????????? ?? ??????? ????????? ?? ??.?? ??????????? ?????? ???? ???????? ???? ????? ?? “?????? ??? ??? ??? ?????? ?? ??? ???? ??? ?? ?? ???? ??? ???? ????-???? ?????? ??? ???? ????? ???? ??? ?? ??? ??? ??????? ?? ????? ??????? ??",REF,crime
"???? ??? ????? ??? ???????? ?? ??? ????? ????? ??, ???? ?? ?????? ?? ?????? ?????? ???? ?? ??????","?? ???? ?? ?????? ?? ??????, ???? ?? ??? ????? ??? ???????? ?? ???? ???? ?? ??? ??? ???? ???? ?? ??? ??? ????? ?? ?????? ??? ???? ???? ?????? ?? ???????? ?? ??? ???? ?? ????? ?? ????? ???????? ?? ?????? ?? ???? ??? ?? ???? ??? ??? ??? ???? ?????? ?? ?? ?????? ????? ?? ??? ??, ?????? ?? ???????? ?? ??? ?????????? ?? ???-??? ????? ? ??????? ?? ????? ????? ??? ?????? ??? ??? ???? ???? ?? ??? ?? ?? ????? ??? ????? ???????? ?? ?????? ???? ?? ????? ??? ??????? ?????? ?? ??????? ???? ?? ??? ????? ??? ?? ????? ??????? ???? ?? ??? ??? ??? ?? ??? ?????? ??? ?? ??????? ??? “???? ??? ?????” ???? ??? ???? ? ??? ??? ??? ?? ????? ?? ?????? ?? ??? ?? ?????? ???? ??… ??????????????????????/??,??????????????? ?????? ????????????? ????? ?????????????????????… ???? ???? ?? ?????? ??? ????? ?????? ?? ????? ?????? ?? ???? ???? ???? ??? ?? ??? ????? ?? ???? ?????? ??? ??? ??? ???? ??? ??? ????? ?? ??? ???? ?? ?????? ?? ???? ?????? ?? ????? ???? ?? ?????? ???? ??? ????? ???? ?????? ?? ??????? ??????? ??? ???? ???? ?? ???? ????? ?????? ??? ????Jitendra Mohan Pintu Raj??? ?? ?? ?????? ????? ?? ??? ??  25 ??? ?? ????? ???? ??? ?? ?????? ????, ???? ???? ???? ??? ??? ?? ????? ?? ?????? ?? ????? ??? ??? ???????? ??????? ?? ????? ?????? ?? ???? ???? ?? ?? ??? ?????? ?? ?????? ????? ??? ?? ??? ??? ???? ?? ???? ???? ?? ????????? ?????? ?? ??? ?? ????? ??? ?? ???? ?????? ???? ???? ?? ?? ????? ?? ?? ????????? ??? ????? ???? ??? ??????? ????? ?????? ?? ?????? ???? ?????? ??? ????? ???? ?? ?? ??? ?? ????? ???? ‘?? ??’ ?? ??????? ?? ??? ???????? ?????? ????? ?? ??? ???? ???? ??? ??? ??? ?????? ???? ?? ?? ?? ?? ?????? ?? ?? ????? ??? ???? ????? ?????? ?? ?????? ??????? ??????? ??? ?? ???????? ???? ????? ?? 26 ??? 2026 ?? ???? ????? ????? ????, ?????? ?? ?????? ???? ??? ?? ?? ???? ??? ????? ????????? ?? ?? ?????? ??? ???? ???? ????, ????? ?? ????? ?? ?????? ?? ?????? ??? ????? ?????? ?? ??? ???? ?? ??????? ?? ????? ?????? ?? ?? ?? ??? #????_???????? ????? ??? ?? ??? ??????/???? ( ???? ??? ????? ????????? ",REF,crime
"????? ??? ???????? ?? ??? ?? ???? ???? ????????,  ????????? ?? ?????? ?????? ?????….","????? ??? ???????? ??????? ?? ???? ???? ?? ???? ?????? ?? ???? ?? ???? ????-???????? ???? ???  ???????, ??? ??? ?? ???????? ????? ?? ??? ??? ?? ??? ???????? ?? ??? ?? ?? ?????? ?????  ???? ?? ??? ??? ?? ?????? ??? ????? ?? ?????? ?? ????????? ???? ??? ???? ?? ???? ??? ?????? ?? ??? ???? ???? ?? ??? ?? ?? ????? ??? ???????? ?? ??? ?? ???????? ????? ????? ?????? ?? ??? ???? ?? ???? ??- ????? ?? ???? ??? ?? ????? ??? ?? ????? ???? ????, ??? ??? ??? ???? ???? ?????, AC ??? ????? ???? ????? ????? ??? 2 ??? ???? 1,000 ?? ?????? ???????? ???????? ????, ???? ?? ???? ?? ????? ???????? ?? ??? ??? ?????? ?20,000 ??????? ???? ?? 8 ???? ?? ????? ?? ???? ?? ??? ?? ??????? ??????? ?? ???? ??? ?????? ??? ???? ???? ?? ?? ????? ?????? ?? ??? ??? ?11,000-?13,000 ?? ???? ??? ?????? ???? ????? ??? ????? ??? ?? ?? ??? ???? ?? ????? ????? ?????? ?? ??? ?? ????? ?? ????? ???? ???? ?? ??????? ??? ?????????????? ???????? ?? ??? ???? ?? ??… ?????? ?? ?????? ??? ???? ?????  ?????? ?? ???????? ?? ?????? ???? ???? ????, ?????? ??? ????? ??????  ????????????? ?? ????? ?????? ???? ?? 1 ??????? 2020 ?? ?? ??????  ????? ???? ??? ??? ???? ???? ??? ?? ?? ?????? ??? ?? ???? ??? ????? ???? ??? ????, “? ?????? ? ???????? ?? ???? ???? ??? ?? ???????? ??? ???? ????? ?????? ???? ?? ???? ??? ?????? ??????? ?????? ???? ?? ?? ??????? ??? ???????? ?? ?????…..??????????” ???? ??????? ?? ??? ???? ??? ???? ???? ???? ?? ????? ?????? ???????????? ???????? ???????? ?????? ??? ?? ????? ???? ??  ?? ?????? 1 ??????? 2020 ?? ????? ???? ??? ??? ?? ?????? ?? ?? ????? ?????? ????? ?? ?????? ???????? ?? ???? ????? ??? ?? ?????? ???? 2020 ?? ??, ?? ??? ?? ???? ??? ????? ??????? ?? ????? ?????? ?? ??? ???????? ???? ??? ???? ?????? ?? ???? ?? ???? ???????? ?? ????????… ?????? ?? ????? ????? ???, ???? 10,000 ?? ???? ??????? ?? ???? ??????? ???, ????????? ?? ?? ?? ??? ???? ??? ?? ??? ? ??? ?? ?? ??? ?? ???? ???? ????? ????? ?? ????? ??? ??? ???? ???? ??? ?? ?? ??????? ????????? ??? ??? ???? ?? ??????? ?????? ???????? ?? ?????? ??",REF,crime
"???? ????? ?? ?? ?????? ???-??????? ??????, ?????????? ??? ????? ???? ???? ????? ??? ?? ??????? ?? ???? ?? ?????…","18 ?????? 2025 ?? ???????? ????? ??? ??????? ??????? ?? ??? ???????? ?? ??????? ?? ??? ?? ??????????? ????? ????, ???? ????? ??? ?? ?????? ?? ???-????? ??? ???? ??? ?? ???? ?? ?? ?? ????? ?? ??? ???? ???? ????? ?? RAB ?????????? ?? ??? ??? ??? ?? ??????? ?? ???? ?? ?????? ???? ???? ??? ???? ???? ???? ??? ?? ???? ?????? ?? ?? ?????? ????? ?? ??? ??, ?????? ??? ??????????? ????????? ?? ???? ?? ???? ?? ?????? ?????? ??? ????? ?? ??? ????  ?? ?????? ?? ???? ???? ??? ???? ???? ?? ??? ?? ?? ?? ???? ??? ?? ????? ???? ?? ?????? ??? ???? ??? ????? ?? ?????? ???????????? ?? ????? ?? ???? ??? ????? ?????? ?? ??? ???? ?? ???? ??- ???? ????? ??? ?? ?????? ?????? ????? ??? ????????? ??? ?? ???? ???? ??? ??? ??? –“????? ???? ?? ????? ???? ????, ???? ???? ?? ???”???? ??????, ????? ?? ??????? ??? ?????? ???? ?? ????? ?? ???? ???????? ??? ?? ???, ?? ???? ?????? ?? ??????? ?????? ?? ??????? ?? ????? ????,?? ?????? ??????, ????? ?? ???????? ?? ???????????? ?? ???? ????? ??????? ?? ??:• ???? ???? ?? ????? ?? ??? ??? ????• ???? ????? ?? ????? ???? ?????????? ?? ?? ???? ??? ???? ?? ?????, ????? ?? ????? ?????? ?????????????? ???????? ?? ??? ???? ?? ??… ?????? ?? ?????? ??? ???? ????? ?????? ?? ???????? ?? ?????? ???? ???? ????, ?????? ???  ????? ?????? ?? ??? ???? YouTube ????@dhakatoday_news?? ?????  ???? ??? ?????  “????? ?? ????? ?? ??? ????? ???????? ???? ???” ????? ???? ?? ?????? ??? ??? ???? ??? ??? ?? ????? ???? ‘?????’ ??? ???? ????? ???? ??? ??? ?? ?????? 18 ????? ?? ?????? ???? ??? ??? ?? ?????? ?? ????? ????? ????? ???, ?? ????? ????? ?????? ?? ???? ?? ???? ???? ??? ????? ???? ??? ???? ?? ?? ??? ??? ?? ?? ???? ?? ?? ??-???? ???? ??? ??, ????? ???? ?????? ??????? ???? ?? ???? ?? “???? 2022–23” ???? ??? ??? ???? ??-???? ?? ??? ??? ???? ?? ????? ???? ????? ?? ??????? ???? ?? ?? ?? ???? ?? ?? ??????? ?? ???? ??? ???? ?? ??? ?? ?? ?????? ????  ????? ?? ??? 22 ?????? 2025 ?? ?? ???? ????? ???, ????????????? ????? ???? ?? ????? ?????? ?? ????? ???? ??? ??? ?? ??? ??? ???? ?? ??? ???? ",REF,crime
"???? ??????? ??? ??? ?? ????? ?? ????? ????? ???? ?? ???? ?????,  ?????? U.P. ??? ??????? ????? ?? ????? ??? ?? ?? ?????  ?? ??..","???????? ?? ??????????? ????? ??? 13 ??? ?? ????? ?? ???? ????? ?? ??????? ?? ???? ?? ???? ?????? ??? ??? ??? ???????? ????? ?? ??????, ?? ?? 21 ???????? ?? ????????? ???? ?? ???? ?? ?? ????? ?? ???? ???? ??? ?? ?????? ???, ???? ?????? ?? ?? ?????? ???? ???? ?? ??? ?? , ?????? ????? ?? ???? ??? ????? ??? ????? ?? ??? ????? ?? ??? ??? ???? ???? ?? ??? ?? ?? ?? ?????? ???????? ?? ??????????? ??? 13 ??? ?? ????? ?? ??? ???? ??? ?? ??? ???? ?? ???????? ?? ??, ??????? ????? ????? ?? ??? ????? ?????? ?? ??? ???? ?? ???? ??- ??????????? ??????? ???????? ?????: 32 ????? ????????, ?? ?????… ?????????????? ???????? ?? ??? ???? ?? ??… ?????? ?? ?????? ??? ???? ?????  ?????? ?? ???????? ?? ?????? ???? ???? ????, ?????? ??? ???? ????? ?????? ??  ?????-????? ?????? 27 ??? 2026 ?? ??? ?? ?????????????????? ??? ????? ?????? ??? ???? ?? “?????, ????? ???????” ???? ??????? ?? ??? ???? ??? ???? ???? ?? ????? ?? ????? ‘Glorixmedia Glorixmedia’ ??? ?? ?????? ???????? ?? ????? ????? ?? 11 ????? 2026 ?? ???? ???? ??? ??? ??? ?? ???????, ?????? ????? ?????? ?? ?????? ?? ??????-?????? ????? ?? ??, ???? ??????? ?? ????? ?? ????? ‘??????? ??????’ ?? ?? ???????? ??????? ????? ?????? ??? ?????? ??? ??? ????? ?? ??????? ?????? ?? ??-???? ???? ??? ?? ???? ?? ???? ??? ?? ?????? ??? ??? ?? ???? ?????? ???? ?? ???, ????Google Maps?? “Prem Medical Store, Main Road, Chandaus, Aligarh” ?? ???????? ???? ?????????? ???? ????? ???? ??? ??????? ?? ??????? ????? ?? ????? ?????? ??? ???, ????? ?? ?????? ??? ?? ????? ???? ?????? ?? ?????? ??? ?? ??? ???? ??? ??? ??? ?????? ?? ???? ?? ?????? ???????  ?????, ?????? ?????? ?? ?????? ??? ??????? ??????? ????? ??? ?? ????????? ?? ??????, ????? 26 ??? 2026 ?? ?????? ??? ??, ?????? ???-??? ??????? ?? ???????????? ?? ?????? ?????? ?? ???????? ???? ?? ???? ????? ???? ??????? ?????????? ?? ?????? ??? ???? ??????? ????????? ?? ??? ?? ????????? ?????????? ??? ?? ?????? ???? ???? 30 ????? 2023 ?? ??YouTube?????? ?? ????, ?????? ??? ?? ????? ????? ?? ??? ??? ?????? ?? ????",REF,crime
?????? ?? ?????? ?? ???????? ??? ????? ??????? ?? ???? ?? ??? ?? ?????? ?? ??? ??|,"????? ?????? ???????? ?? ???? ????? ?????? ?? ?? ???? ???? ????? ?? ???? ?? ???? ?? ????? ??? ??| ???????? ??? ?????? ??????? ?? ??? ??????? ?? ?? ??? ??,???????? ??????? ???? ?? ???? ??????? ?? ??? ?????? ?? ???? ????? ?? ?? ??? ??? ??? ??? ???? ?????? ?? ??? ???? ???? ???? ?? ?????? ???? ???? ?? ????? ?? ??? ??? ?? ?????? ??? ?? ?? ?????????? ?? ?? ???? ?? ???? ???? ?? ???? ???? ??? ??? ???? ?? ????? ??? ???? ??? ?? ?????? ????? ??? ?????? ??? ??? ?? ?????? ?? ??? ???? ???? ?? ??? ?? ?? ?? ????? ???????? ?? ?? ???? ????? ???? ??? ??? ???? ?? ???? ?? ??????? ?? ????????? ????? ?? ?? ??? ???? ?????? ?? ????? ????? ?? ?????? ??? ???? ??? ?? ?? “???????? ??? ????? ??????? ?? ?????? ?? ??? ???????? ????, ?????? ???? ?????? ?? ??? ???? ????? ????? ?? ?????? ? ?????? ??????” ?????? ???????????? ???? ???????? ?? ??? ???? ?? ??…. ???? ?? ??????? ???? ????? ?????? ?? ???? ????? ??? ?????? ???? ?? ?????? ???? ???? ???? ?? ??, ????? ?????? ?? ???? 21 ????? 2023 ??????? ???????????? ???????? ??? ????? ?? ??????? ?? ?????? ?????? ??? ??? ??? ????? ???????? ?? ?????? ?? ?? ???? ????????? ?? ?????? ???? ?? ????? ?? ?? ??? ??? ?????? ????????? ????? ?? ??????? ????? ??? ?? ????? ?? ???? ?? ??? ????? ??? ?? ???? ????? ? ????? ????? ?? ???? ?????? ????? (55) ?? ???? ??? ?? ????? ?? ??? ?? ????? ????? ?? ?????? ?? ??? ???? ????? ?? ???? ???? ???? ?? ????? ?? ????? ?? ????? ?????? ?????? ?? ???? ?? ??? ???? ???? ????????? ??? ??? ?? ?? ??? ????? ???? ?? ????? ????? ????? ??? ????? ?? ??? ?? ?? ???? ????? ?? ???? ?? ????? ??? ?? ????? ????? ?? ????? ??? ?? ???????? ?? ???? ?? ????? ?? ??? ???? ???? ???? ?? ??? ?? ???? ?????? ????? ??? ??? ??? ?????? ??? ???????? ??????? ?? ?????? ?????? ??? ?????????? ?? ??????? ?? ??? ????? ????? ?? ???????? ?????? ????? ?? ?????? ?? ?????? ???? ?? ???? ?? ???? ?????? ?? ??????? ?? ????????????? ???????? ???? ?? ????? ?? ??? ??? ???? ?? ????? ?? ??????? ?????? ???? ?????? ?? ?? ????? ???? ????? ???? ??? ?? ?? “????? ???? ???? ?? ??? ??? ?????? ???? ??",REF,crime
"?????? ??? ??????? ????? ?? ???? ?? ?????? ?????, ??????????? ?????? ???? ???? ?? ??? ??? ?????….","???? ?????? ?? ?? ????? ?? ???? ???? ?????? ????? ?? ???? ???? ?? ??? ??, ?????? ?? ??? ?-?????? ??? ?? ??? ?? ????? ?? ??? ?????? ???? ???? ???? ???? ?? ??? ?? ?? ?? ?????? ????? ?????? ?? ?????? ?? ?? ?? ????? ?? ??????? ????? ?? ??? ?????? ?? ?? ??? ??? ????? ?????? ?? ??? ???? ?? ???? ??- ??? ???? ??? ?????? ????? ?? ?????? ????? ????????????? ?? ??? ??? ?? ?? ???? ???? ?? ????? ?? ???? ?????? ??? ??? ?? ???? ?????? ?? ????? ??? ?????? ?? ??? ??? ???? ????? ??  ??? ????? ?? ?? ??? ???? ?? ?? ?? ?? ?? ??? ??? ???? ???? ?? ??????? ????? ?? ???? ???  ?? ??? ?? ?? ??? ?? ?? ?????? ??? ??? ??? ??? ??  ???? ????? ??? ??  ??? ???? ?????? ?? ??? ?? ?????????????? ???????? ?? ??? ???? ?? ??… ?????? ?? ?????? ??? ???? ????? ?????? ?? ???????? ?? ?????? ???? ???? ????, ?????? ??? ????? ??????  ????‘@muklesurbhaijaan2.0‘ ??? ?? ?? ??????? ???? ?? ????? ???? ???? ?? 9 ??? 2026 ?? ????? ???? ??? ?? ?????? ????? ?????? ?? ??????? ??????? ??? ?????? ??? ??? ???? ?? ??????? ???? ?? ?? ???? ??? ????? ???? ??? ?? ???? ?? ????? ?? ???? ?? ????? ??? ???? ??? ?? ????? ?? ?? ???? ????? ??? ?? ??? ?????? ??????????? ??? ?? ?????? ??????? ?? ????? ?? ???? ?? ???, ????? ???????? ?????? ?? ???? ?????? ??? ??? ????? ??? ???? ??: “???? ???? ?? ??? ?????? ??????? ?? ???? ??, ??????? ?? ????? ??? ???? ??? ??????????? ?? ??????? ?? ????? ??? ?? ???? ?????? ?????? ??????? ?? ??? ?????? ???? ??; ????? ???? ? ??????” ?? ?????????? ?? ?? ??? ???? ?? ?? ????? ?????? ??? ????? ?? ???? ??????????? ?? ?? ????? ???? ??? ???? ??????? ????? ?? ??? ??? ???? ?? ??? ??? ???? ??? ?? ??? ?? ??????????? ???? ?????? ?? ???? ????? ??, ????? ???? ?? ???? ??? ????? ???? ?? ?????? ??? ??? ???? ???????? ?? ???????? ???? ?? ??? ????? ?? ????? ?? ?? ???? ??? ??? ???? ??? ??? ??? ???? ??? ??? ???????, ???? ??? ??? ???? ???? ?? ?????? ???? ???? ??? ???????? ??? ???? ???? ????? ??????? ??? ?? ???? ?? ????, ?? ?????? ??? ???? ?????? ????? ??? ????? ????????– ????-???? ?? ??? ???? ???? ??, ????? ?????? ???? ???? ???? ?? ??",REF,crime
"13 ?????? ??????? ????? ?? ??? ???????? ????? ?? ????????? ?? ???? ?? ?? ??????, ????? ????? ?? ????? ????…","???????? ?? ??????????? ??? 13 ??? ?? ??????? ?? ??? ??? ??? ?? ???? ?? ?????? ??? ???? ?????? ?? ?? ?????? ???? ?? ????? ?? ??? ?????????? ????????? ??? ????? ?? ??? ??? ????? ?????? ?????? ?? ?? ??? ????  ????????? ?? ????? ?? ??? ?? ??? ???? ???? ???? ?? ??? ?? ?? ?? ??????????? ??? ??? ?? ????? ??, ????? ??? ????? ?? ??? ??????? ????? ????? ?????? ?? ??? ???? ?? ???? ??- ???? ??? ?? 13 ??? ?? “???????” ?? ??? ??????? ?? ??? ???? ???? ?????? ?? ??????? ?? ??? ???? ?? ???? ?? ??????? ??? ????? ??? ??? ??? ?? ??? ????? ??????????..?? 13 ??? ?? ????? ?????? ???? ?? ??? ?????? ?????? ?? ?????? ???? ??? 50 ????? ??? ?? ???? ?? ????? ?? ??? ???? ??….???? ?? 5 ??? ?? 32 ??? ?? ????? ?? ????? ???? ??? ??? ????? ?? ??? ???? ????? ?? ????? 13 ??? ?? ??????? ?? 32 ???? ?? ????? ???? ????….?? 5 ????? ??? ???? ???? ?? ???? ????? ?? ?? ??? ????!! ?????????????? ???????? ?? ??? ???? ?? ??… ?????? ?? ?????? ??? ???? ?????  ?????? ?? ???????? ?? ?????? ???? ???? ????, ?????? ??? ???? ????? ?????? ?? ??? ???? ??? ?????? 18 ????? 2026 ?? ????????’?? ??‘ ?? ??????? ??? ????? ???? ?? ??? ?? ?? ?????? ??? ?? ?? ???? ??? ?? ???? ?????? ???? ?? ?? ?????????? ?? ??? ????? ???? ?? ??? ??????? ??? ????? ??? ?? ?? 15-20 ????????? ????? ?? ?????????? ?? ???? ????, ??????? ?? ?????? ???????? ?? ???? ????? ????? ?? ??????, ????? ??? ????? ?? 18 ???????? ?? ????????? ????? ???? ??????? ?? ??? ???? ??? ???? ???? ???? ?? ????   ‘????????‘ ?? ?? ??????? ????? ??????? ?? ???????, ?? ?????? ?????? ?? ???? ????? ?? ???, ???? ????? ?? ?????? ?????? ?? ?????? ???? ??? ?? ?????????? ?? ???? ???? ?? ???? ??? ????????? 18 ????? ?? ???? ????? ?????? ??? ??? ?? ?????? ????? ?? ??? ?? ????? ???? ????? ?? ??? ????????? ???? ????-???? ???? ?? ???? ?????? ?? ???? ??? ?? ????? ?? ????????? ???? ??? ??? ????? ?? ???????? ?? ???? ????? ????? ?? ?????? ??? ????? ???????? 23 ????? ?? ??????? ?? ???????, ?? ????? ????, ????? ????? ???? ??????? ?? ??? ????? ???? ?? ????? ???????? ?? ????? ???? ?? ??  ???? ???? ??? ???",REF,crime
"???? ?????? ????????? ??? ???? ???? ?? ???? ??? ?????? ????, ???? ?????? ???????? ????? ?? ?????? ??????","??? ?????? ???????? ????? ??? ???? ???? ?? ????? ???? ??????, ????? ?? ?????? ?????? ?? ??? ?? ????? ????? ?? ?????? ???? ??? 17 ??? 2026 ?? ??? ??? ???? ?????? ???????? ?? ???? ???? ??? ??? ??? ??? ??? ??????? ?? ????? ?????? ?? ??????????? ???? ????????? ?? ?? ?????? ???? ?? ??? ??, ?????? ?? ???? ??? ?? “????? ?? ???? ????? ??? ??? ??? ????? ???? ?? ???? ?? ???? ????? ???? ???? ?? ????? ??? ?? ??? ???? ?? ????? ??? ?? ?????? ?? ???? ????? ?? ?????????? ??, ?? ????? ?? ??? ?? ???? ?????? ??????? ?? ?? ?? ?? ?? ???? ????? ???? ??????? ???? ???? ????????? ??? ??? ?? ???? ?? ?? ??? ?? ?? ???? ??? ???? ??? ????, ?? ???? ??? ???? ?????? ?? ??? ????”? ?????? ???? ???? ???? ??????? ?? ???? ?? ?? ???? ???? ?? ???? ?????? ?? ???????? ?? ???? ??? ?? ???? ?????? ???? ??? ????? ?? ?????? ???? ???? ??? ?????? ???? ??… ??????????????????????????????????????????????????????????????????????????????????????????????????????????????????,,??????????????????????????,??????????????????????????????????????????????????????????????????????????????????????????????????????????????????? ?????? ????????????? ????? ?????????????????????… ???? ????? ?????? ?? ???????? ?????? ?? ???? ????? ??? ???? ??? ?????? ??? ???? ??????????? ???? ????????? ?? ??? ????????? ????????? ?? ??????? ???? ?? ?? ????? ?????? ?? ??? ??? ????? ???? ?? ?????? ?? 4 ????? 2026 ?? ????? ???? ??? ??? ???? ?????? ???? ?? ?? ?? ??? ?????? ???????? ?? ???? ?? ?????? ??? ?????? ??????? ?????? ?? 3 ????? 2026 ?? ????? ?? ?? ?????? ??????? ??? ????? ?????? ?? ???? ?? ???? ??? ??? ???? ?? ?? ???? ???? ?? 3 ?????? ?? ???? ??? ?????? ?????? ????????? ??? ????????? ?? ???????? ?? ???? ????? ?? ???? ??? ?? ??? ??,“???? ??? ??? ??????? ???? ??? ?? ????? ?? ???? ????? ??? ??? ??? ????? ???? ?? ???? ?? ???? ????? ???? ???? ?? ????? ??? ?? ??? ???? ?? ????? ??? ?? ?????? ?? ???? ????? ?? ?????????? ??, ?? ????? ?? ??? ?? ???? ?????? ??????? ?? ?? ?? ?? ?? ???? ????? ???? ??????? ???”? ??? ?? ??? ??? ???? ????????????????? ???????? ?????",REF,crime
"?? ????? ??????? ?? ??????????? ??? ??? ?? ????? ??? ??????? ?? ????? ???? ?? ???? ?????, ?????????? ?? ???????? ?????? ?????…","???????? ?? ??????????? ????? ??? 13 ??? ?? ????? ?? ???? ????? ?? ??????? ?? ???? ?? ???? ?????? ??? ??? ??? ???????? ????? ?? ??????, ?? ?? 18 ???????? ?? ????????? ???? ?? ???? ?? ?  ?? ??? ?? ???????  ???? ?????? ?? ?? ?????? ???? ???? ?? ??? ??? ?????? ?????????? ?? ??????? ?? ?????? ?? ????? ?? ????? ??? ??? ??? ??? ?? ?? ???? ?? ?????? ??? ??? ?????? ?? ???? ?? ???? ???? ?? ??? ?? ?? ????? ???? ??????? ??? ??? ?? ????? ??? ??????? ?? ?? ??? ???? ?? ?????? ??? ??? ????? ?????? ?? ??? ???? ?? ???? ??- ??? ?? ???? ???? ??? ??????? ??, ????? ?? ???? ??? ?? ????? ?? ???? ??????? ?? ??? ???? ?? ???? ??? ??? ???? ?? ,?? ?? ????? ?? ?? ???? ?? ???? ???? 5 ??? ?? 32 ???????? ?? ???? ,,, ?????????????? ???????? ?? ??? ???? ?? ??… ?????? ?? ?????? ??? ???? ?????  ?????? ?? ???????? ?? ?????? ???? ???? ????? ?????? ??? ???? ??? 2026 ??? ??? ???????? ??????????????? ???? ??????, ?? ???? 10 ??? 2026 ?? ??? ?????????? ?? ???? ????? ?? ?????? ???? ????? ?? ???????? ??? ??? ??? ??? ???? ???????? ?? ????? ?? ???? ?? ????? ?? ??? ??? ?????? ????? ????? ???? ??? ??? ??? ?? ???????? ???, ?????? ?? ?????? ????? ??? ?? ???? ?? ???? ????? ????? ?? ?????? ?? ?????? ??????? ??? ????? (DCP) ???? ????? ????? ??? ?? ??? ???? ?? ??????, ?????? ?? ???? ??? ???? ?? ???????? ?? ?????? ??? ????? ?? ??? ???????????? ?? ???? ?? ???? ??? ???? ??????? ?? ??? ???? ??? ???? ???? ???? ?? ???? ????????? ??????? ?????   11 ??? 2026 ?? ????????  ??????? ?? ??????, ?????? ?????????? ?? ?????? ????? ?? ???????? ??? ??????? ?? ??? ?????,   ?? ?????? ?? ??? ??? ?????? ?? ???? ?? ????? ?? ??? ????? ?? ??? ??? ?? ????? ????? ?? ????? ????? ?? ??? ?? ???? ??????? ???? ?? ??? ??? ??? ?? ???? ?? ???? ?? ??, ????? ??? ?? ???? ?? ???? ??? ????? ????????? ?? ?????? ?? ???????? ???? ??? ??????????? ??? 13 ??? ?? ?? ??????? ????? ?? ??? ???? ????????…… ???????? ?? ??????????? ??? 13 ??? ?? ?? ??????? ????? ?? ??? ???? ???????? ?? ????????? ????? ????? ??? ??? ????? ????????? ?? ??????, ??????? ???? ?? ????? ?? ?????",REF,crime
??? ?? ????????? ??? ????? ??? ???????? ?? ?????? ???? ??? ???? ????????? ?? ??? ?? ?????? ??? ????? ?,"?? ?????? ?? ????? ?????? ??? ???? ?????????? ?? ??? ?? ??? ????? ???? ??? ?? ?????? 2016 ??? ?? ??????? ???? ??? ???? ??????????????? ????? ?????? ??????? ????? ?? ??? ????? ?????? ??? ????? ?? ???????? ?? ??? ???? ?????? ?? ???????? ?? ?? ?????? ?? ???? ???? ??? ???? ???? ?? ??? ?? ?? ????? ?????? ??? ???? ????????? ?? ??? ?? ??? ???????? ?? ????? ??? ??? ??? ?? ? ???? ?? ?? ??? ??????? ?? ????? ?? ???? ????????? ?? ??? ?? ???? ??? ??? ???? ???? ????????? ?? ??? ?? ???????? ?? ???? ?????? ????? ?????? ????? ?? ????? ???????? ?? ???????? ?? ??????? ? ???? ????????? ?? ?????? ??? ??? ??????? ??? ??? ?? ????? ???? ??????????????? ???? ?? ? ?? ????? ?? ??????????? ??? ??? ?????? ?????? ?????? ???? ?? ???? ?? “???????? ???? ?? ???? ???? ‘??? ?? ???’ ?? ????????” ??????? ?? ???????? ????? ???? ????????? ?? ??????? ?? ????? ?? ????? ?? ????? ??? ?? ?????? ???? ??? ?? ? ???? ?? ?????????? ?? ??????? ???????? ?? ??????? ?? ???? ?????????? ?? ???????? ??? ???? ??? ?????? ???, “???????” ?? ???? ????? ?? ??? ???????? ????? ???, ????? ?? ???? (???? ?????????) ?? ??? ?? “??????? ??????????? ?? ??? ??????? ?? ?? ???????? ?? ????? ?? ??? ?? ???? ??????? ???” ????? ????? ?? ?????? ??? ???? ??? ?? ?? “??????? ???? ???????? Up ??? ??????? ?? ???? ?? ?????? ???? !” ?????? ????????????? ???? ???????? ?? ??? ???? ?? ??… ???? ?? ??????? ???? ?? ?????? ?? ???? ?? ??????? ??? ?????? ???????? ?? ?????? ???? ???? ???? ?? ?? ? ?????? ??? ???? ?? ?????? TCH ?? ??????? ???? ?? ???? ? ?? ?????? ?? 14 ????? 2017 ?? ????? ???? ??? ?? ? ?? ?????? ?? ?????? ?? ?????? ?? ?????? ??? ?? ?? ???? ?? ?? ?? ?? ???????? ?? ?? ?????????? ?? (Technology show) ??? ????? ??? ???? ??? ?? ? ??? ?????? ?? ??????? 2016 ??? ????? ???? ??? ?? ???? ?? ???? ?? ?? “?????????? (fotonlovol ) ????? ???? ???????” ??? ?????? ??2017??? ????? ?? ?? ?????? ??????? ???? ?? ???? ?? ?? ?? ???? ?? ?? ????????? ??? ???? ???? ????? ?? ?????? ?? ? ???? ?? ?? ????????? ?? ????? ??? ?????? ?? ???? ??? ??? ?? ???? ??????????? ??????, ??",REF,crime
???? ??? ????? ?? ?? ???????? ?? ?????? ??? ?????? ?? ???????? ?? ?????  ?????….,"17 ??? 2026 ?? ????? ?? ?????? ????? ??? ????? ??????? ??? ??? ???? ?????? ???? ?? ?? ?? ??? ??? ??? ??? ???? ?? ????? ???? ??? ?? ??? ?? ???? ?? ??????? ??? ? ?? ?? ?????? ?? ?????? ?? ???? ????? ?? ????? ?? ?????? ??????? ?? ???? ?? ??? ???? ?? ?? ??? ??? ??? ???????? ?????? ??? ?? ????? ?? ??????? ????? ????? ??? ??? ?? ??? ??? ?????? ?? ???????? ?? ????? ?? ?????? ???? ?????? ?? ??? ????? ?? ??? ??? ????? ??? ????????? ?? ??????? ?? ???-??? ?????? ??? ?? ???? ??? ??? ? ??? ????  ?????? ?? ??? ???? ???? ?? ??? ?? ?? ?? ??? ?????? ???????? ?? ???? ?????? ??? ????? ?????? ?? ??? ???? ?? ???? ??- ?????? ??? ??? ????? ?? ??? ?? ?? ?? ??? ???? ???? ???? ?? ??? ???? ???? ?? ???? ?? ????? ???? ???? ??? ?? ???????? ???? ?? ???????? ???” ?? ?????? ?? ?????? ?????????? ?????? ?????? ?? ????? ?? ??? ????” “???? ??? ?????? ?????????! ?????????????? ???????? ?? ??? ???? ?? ??… ?????? ?? ?????? ??? ???? ?????  ?????? ?? ???????? ?? ?????? ???? ???? ????, ?????? ??? ????? ??????  ??? ??? ????????? ?? ?????  ???? ??? 21 ??? ?? ????? ???? ??? ??? ????? ?? ?????? ?? ???????, ?? ?????? ???? ?? ????????? ???? ?? ??? ?? ????? ?? ?? ?????????? ??????? ?????? ??? ????? ?? ??? ?? ????? ??? ???????? ?? ??? ???? ?? ????? ????? ?? ??????????????? ?? ??? ???? ?? ?? ??? ???? ??????? ?? ??? ???? ??? ???? ???? ???? ??‘?????? ?????? ??????’ ?? ?? ????? ????? ????? ????? ???? ?? ?? ????? ?????? ??? ????????????? ?????? ?? ??? ???? ??? ??? ???? ???? ?? ???? ??? ???? ???? ?? ??? ??? ?????? ??? ?? ???? ????? ?? ?? ????????? ?? ??????? ?????? ??? ????? ?? ??? ?? ???? ??? ?????-???????? ?? ?????, ????? ?? ???-??? ????? ???? ?? ????? ????? ?? ?????? ??? ?????? ??? ?? ???? ???? ????? ??? ??? ????? ?? ?? ?????????? ????? ??? ?? ?? ???????? ?? ????? ??? ?????? ?? ???? ??? ???? ???? ??? ???? ??? ??? ???? ?????? ????? ?? ???? ??????? ?? ???? ??, ???? ???? ?? ??????? ???????? ???? ????? ???? ??? ???? ?? ????? ?????? ??  ??????????? ?????????????? ?? ????????? ??? ??? ????????? ??? ?? ????? ?????? ?? ??? ???",REF,crime
??????? ??? ?????? ????? ?? ?????? ???? ??? ??? ???? ???? ????????? ???? ????? ????? ?? ????? ?????…,"???? ?????? ?? ?? ?????? ????? ?? ??? ??, ?????? ?? ?????? ?? ???? ?? ????? ??? ???? ????? ?? ??? ??? ? ??? ?? ?? ????  ????? ?? ????? ???? ??? ????? ????????? ???? ??? ?? ???? ?? ?????? ??  ??????? ?? ??? ??? ?? ????? ?????? ?? ??? ???? ???? ?? ??? ?? ?? ???? ?? ???? ???? ????????? ?? ??? ?? ?? ????? ?? ???? ?????? ?? ??? ????? ???? ??? ?? ???? ??? ????? ????? ????? ?????? ?? ??? ???? ?? ???? ??- ??? ?? ???? ???? ??? ??? ?? ??? ?? ??? ?? ?? ?? ???? ???? ??? ???? ?? ??? ????????? ??? ????? ???? ??? ?? ???? ?? ?????????????? ???????? ?? ??? ???? ?? ??… ?????? ?? ?????? ??? ???? ????? ?????? ?? ???????? ?? ?????? ???? ???? ????  ?????? ??? ????? ?????? ?? ??? ????‘City Big News’???? ??????? ???? ?? ????? 10 ?????? ?? ????? ??? ?? ??  ?????? ???????  ?? ?????? ?????? ????? ?? ?? ???? ?? ??????? ?? ?????????? ?????? ????? ??? ???? ?????? ?? ???? ??????? ?? ??????? ???? ???? ??, ????? ??? ??? ???? ?? ????? ?? ????? ???? ??? ???? ????? ???? ??????? ?? ??? ???? ??? ???? ???? ???? ?? ????? ?????? ??  ??? ????????,????, ???????????? ????????  ?? ???????, ?? ???? ????? ?? ???? ??? ???? ?? ???  15 ????? ?? ????? ?? ??????? ???? ??? ?????????? ?????? ?????? ??? ?? ??????? ?? ?????? ??? ??? ????? ?????? ?? ????? ??? ????????? ??????????? ?? ??? ???? ?????? ?? ??????? ?? ???? ????? ???? ???? ???? ??????? ??? ????? ??? ?? ???? ?????? ???? ??? ?? ???????? ?????? ?? ?????? ?? ??? ??? ????? ?????? ??????????? ?? ???? ???? ?? ????? ?????? ????? ???? ????? ??????? ?????? ?? ??????? ???? ??? ?? ?? ????? ???? ?? ??? ?????? ????? ???? ??? ????? ??? ?????? ???? ?? ??? ???? ???? ????? ?? ????? ?????? ???? ???  ???? ??? ????  ????? ?????? ??? ??? ??? ”???? ??????? ???‘ ???? ????? ?? ?? ??? ??? ?? ??? ?? ???????????  ???? ?? ???? ??? ?? ??? ?? ?? ?????? ??????? ?? ?? ??? ????????-????-???? ?? ??? ???? ???? ??, ??????? ?? ????? ??? ?? ?????? ?? ???? ??? ????? ?? ???? ?? ?? ???? ?? ???? ????? ?????? ????? ?? ???? ????? ????? ???? ?? ???? ???? ?? ??? ??? Title:??????? ??? ?????? ????? ?? ?????? ",REF,crime
?????? ??? ???????? ?? ???????? ?? ????? ??????? ????? ?? ?????? ??????????? ???? ?? ????? ?????…,"???????? ?? ???? ??????? ??? 13 ?????? ????? ?? ??? ??? ????? ??? ???????? ?? ???, ????? ?????? ??? ??????? ?? ????? ???? ????? ?? ????? ?? ?? ?????? ???? ?????? ??  ???? ?? ????? ?? ??? ????????? ?? ??? ???? ???? ?? ??? ?? ?? ???????? ????? ?? ???? ??????? ??????? ???????? ????? ?? ???????? ?? ????????? ??? ?? ???? ????? ????? ?????? ?? ??? ???? ??? ??- ???????? ?? ??????????? ?? ??? ???? ???? ???? ??????..13 ??? ?? ?? ????? ????? ?? ???? ?? 5 ????? ?? ?????? ??? ???? ????? ???, ???? ??????? ?? ???? ??? ??????? ?? ???? ???? ??? ?? ???? ?? ?????? ????? ?? ???????? ???? ??? ????? ?? SIT ?? ?? ?? 14 ???????? ?? ???????? ?? ???? ??? ??????? ?? ???????? ???? ??? ???????? ?? ?????? ??? 3 ?????? ?? ??????? ?? ??????? ?? ???? ??? ?????? ????? ?? ???? ???? ??? ????? ?? ???? ?? ???? ??? ?? ????? ?????????????? ???????? ?? ??? ???? ?? ??… ?????? ?? ?????? ??? ???? ?????  ?????? ?? ???????? ?? ?????? ???? ???? ????, ?????? ??? ????? ?????? ??  ?????-????? ?????? ???????? ??????????? 20 ?????? 2026 ?? ?? ?? ?? ?????? ????? ?? ???? ? ???? ?? ??? ?? ?? ?????? ??? ?? ?? ???? ??? ?? ????? ??? ???? ?? ?????? ?? ????? ???? ??? 17 ?????? ??????? ?? ??? ???? ??? ?? ???-??? ???????? ?? ???????? ?? ????? ??? ???????? ??? ?? ?? ???????? ?? ????? ????? ???????? ?? ????? ??? ??? ????  ??????? ?? ??? ???? ??? ???? ???? ???? ??  ???? ???? ?? ????? ????? ???????‘deshgujarat’ ?? ???????? ??????? ?? ????? 18 ?????? 2026 ?? ???????? ??????? ?? ??????, ?????? ?? ????? ???? ?? ????? ???? ??? ????? ?? ?? ??????? ????? ????? ?? ??? ???? ??? ?? ??? ??? ?? ???-??? ??? ???? ?? ???????? ???? ?? ???? ??? ?? ????? ?? ???????? ???? ??, ???? ?? ????? ???? ??? POCSO ???? ?? ??? ????? ???? ?? ???????? ?? ???????? ???? ??? ??? ????? ?? ???? ??? ???? ?? ?? ????? ????? ????? ???? ?? ???? ?? ??? ???? ??????? ?? “????? ?? ???” ??? ?????? ??? ??? ???? ??????? ?? ????????? ???????? ?? ?????? ??????? ??? ?? ??? ???????? ???? ???? ?? ????? ???? ???? ?? ??????? ?? ??? ????? ??????? ?? ???????? ?? ????? ???????????? ?? ?",REF,crime
???? ??? ?????? ????? ??? ??? ????? ?? ?????? ???? ???????? ?? ???? ???? ?? ??? ?????; ????? ??,"???? ????? ?????? ???? ?? ?? ??????? ?? ????? ????? ?? ?? ?????? ?? ?? ?? ????? ??? ??? ?? ??????????? ??? ???? ??? ???? ???? ??? ?? ????? ?? ?????? ??? ????? ?????? ????? ???? ?? ?????? ???? ????? ???? ?? ?????? ?? ?? ??????????? ??? ???? ?? ??? ??? ???? ???? ?? ??? ?? ?? ????? ????? ?? ?????? ???? ???? ???? ?? ????? ?? ???? ????? ??????? ????? ?? ???? ???? ?? ??? ????? ????? ?? ??? ????? ?? ?????? ??? ???? ?? –‘#??????? ????? ????? ?? ??????? ???? ?? ??? ?? ???? ?????????????????? ????? ?? ??? ?????’ (???????: ?????? ??? ????? ??? ?????? ???? ???? ????? ??) ?????? ????? ???????? ?? ??? ???? ?? ??… ?????? ?? ???? ??? ?????? ???? ???? ?? 13 ????? ?? ????????????? ???????? ??? ????? ??????? ?? ?????? ?? ????? ???? ???? ?? ?????? ????? ?? ??????? ???? ?? ??? ????? ?? ??? ????? ???? ?????? ?? ?????? ????? ??? ???????? ??? ????? ?? ??????? ?? ??????? ????? ????? ????? ?? ??? ?? ??????? ?? ?????? ?? ??? ??? ????? ????? 12 ????? ?? ????? ?? ?? ??? ??? ??????? ?? ???? ???? ???????? ????? ?? ?????? ??? ?? ???? ??? ??? ???? ???? ????? ???? ??? ???? ??????? ?? ?????? ????? ?? ???? ?? ????? ??? ?? ??? ?????? ?? ????? ??? ??? ??, ????? ????? ?? ??? ?? ????? ??? ????? ????? ?? ??? ?????? ??????? ?? ??????, ????? ?? ???? ???? ????? ?? ?????? ????? ???? ????????? ???? ?? ?? ????? ??? ?????? ????? ????? ?? ??????? ?????? ????? ?? ????? ????? ?? ??? ??? ?? ????? ????????? ???? ??????? ??? ????? ?? ??????? ?????? ????? ?? ?????? ??? ?? ??? ?? ????? ??? ?????? ?? ??? ?? ?? ???? ???? ???? ????? ??? ??????? ???? ??????? ?? ???? ???? ??? ??????? ?? ?? ?? ???????? ????? ?? ?????? ?? ????? ??? ?? ???  ????? ?? ????? ?? ?? ????? ????? ????? ?? ?? ??? ??????? ??? ????? ????? ??? ??? ??????? ????? ?? ??? ???????? ???? ?????? ???? ?? ????? ??????? ??? ???? ???????? ?? ????????????? ?? ??? ???? ??? ?? ??? ????? ????????? ?? ???? ????? ??????? (???????) ??? ???? ?? ?????? ????? ???????? ????? ?? ??????? ???? ???????? ???? ?? ??? ?????? ??? “?? ????? ?? ?????? ????? ??? ????? ???? ??? ??? ????? ?",REF,crime
"????? ?????? ?? ‘??????-2’ ????? ?? ???? ?? ??? ????, ?? ????????? ??? ??? ?????? ?????? ?? ?????? ???","?????????? NGO ?????? ???????? ?? ?????? ?? ?????? ‘??????-2’ ?? ?????? ??????? ?? ?????? ??? ????? ?? ?????? ?? ????? ????? ??????-2 ?? ??????? ????? ?? ??? ??? ????????? ?????? ?? ?? ???????? ??? ??? ?? ????? ??? ????????? ??? ????? ?? ?????? ????? ???? ??? ????? ?? ????? ????? ?? ??, ????? ?????? ????? ???? ?? ?????? ??? ??? ?? ?????? ??? ???? ?????? ?? ?? ?????? ????? ???? ?? ??? ??,?????? ????????? ?? ??? ????????????? ?? ???? ?????? ???? ?? ???? ?? ????? ??? ???? ?? ???? ??? ??? ?????????? ?? ???? ?? ????? ???? ??? ?????? ???? ??? ?? ??? ?????? ???? ?? ??? ???? ???? ???? ???? ?? ??? ?? ?? ??????-2 ????? ?? ??? ????????? ??? ?????? ??????? ?? ???? ?? ????? ?? ??????? ????? ?????? ????? ?? ??? ??? ?????? ?? ?????? ?? ????? ???? ??? ?????? ???? ??? ??… ?????? 2 ?? ????????? ??? ???? ?????????. ????????? ?? ?????? ????? ??? ?????????? ?????? Raw ??????? ?? ??????? ?? ?????? ??? ???? ?? ???? 7 ??????? ?? ??? ???? ???, ???? ?? ??? ?? ???????? ?? ????? ??????? ???? ??? ?? ?? ????? ?????? ?? ?????? ????????????? ????? ???????? ?? ??? ???? ?? ??… ???? ???? ?? ?????? ??? ????? ?????? ?? ??????? ?? ?????? ???? ???? ????? ?????? ??? ???? ???? ??????????????? ?? ?? ????????? ???????? ??? ?????? ??????? ?? ?????? ?????? ?? ????? ???? ?? ?????? ?? 25 ?????? 2025 ?? ????? ???? ??? ??? ???? ??? ?????? ?????? ?? 25 ?????? 2025 ?? ????? ??? ?? ???? ?????? ?? ????? ????? ????? ??? ?? ?? ????? ?? ??? ???????? ?? ??????? ??? ?? ??? ??????? ?? ????? ??? ??? ?? ???????????? ?? ???? ?? ???? ?? ???? ??, ???? ????? ?????? ??? ?? ???? ??? ?????? ??? ?? ?? ?????? ????? ?? ??? ????? ? ???? ??? ???? ?? ?????? ?????? ?? ?? ??? ???? ?? ?? ??? ??? ?? ?????????? ?? ???????????? ??? ???? ??????, ????? ?????? ??? ????? ?? ??? ??? ??? ???? ?? ??? ????? ???? ????? ??? ?? ?? ??????? ?? ???????????? ?? ??????? ???????????? ???? ??????? ?? ??????? ???????? ????? ???, ?? ??? ?? ?? ?? ????? ?? ????? ????? ?? ??? ????????? ??? ???? ???? ???????? ????????? ?? ????????? ??????? ?? ???? ???? ????? ?? ??? ??",REF,crime
"???? ???? ???????? ????? ??? ????? ????? ?? ?????? ???????????, ??? ?????? ????? ?? ?????? ??????","??? ?????? ???????? ????? ?? ?????? ????? ?? ??? ?? ????? ????? ?? ?????? ??????? ?????? ?? ?????? ???? ??? 17 ??? 2026 ?? ??? ??? ???? ?????? ???????? ?? ???? ??????? ?? ?? ?????? ????? ????? ?? ??? ???? ??? ?? ?????? ???  ????? ?? ????? ???? ????? ????? ?? ?????? ????? ?? ??? ??, ?????? ?? ?????? ?? ????? ?? ???? ??? ??‘??????????? ?? ?????, ??? ??? ????? ????? ?? ??? ????? ??? ???? ???? ?? ??? ??? ?????, ?? ???? ??? ?????? ??? ??? ???? ??? ?? ????? ??? ??? ?? ?? ????? ? ????? ???? ?? ?? ??? ???? ?? ?? ?? ??? ???? ??, ?? ???? ????? ?? ??? ??, ?? ????? ?? ???? ???‘??????? ?? ?????? ?? ???? ???? ??? ???? ?? ??? ??? ?? ????? ???? ????? ????? ?? ??? ?????? ???????? ????? ??? ????? ?? ?????? ???? ??? ????? ?? ??????? ????? ?? ???? ????? ???? ????? ?????? ?? ??? ????? ?? ?????? ???? ??… ???????????????????????????????????????????????? ?????? ????????????? ????? ?????????????????????… ????? ???? ?? ?????? ??? ????? ?????? ?? ????????? ?? ?????? ???? ????? ?????? ??? ???? 17 ?????? 2023 ????????? ???? ????? ?? ????? ???? ??? ?????? ????? ?? ?????? ??? ????? ????? ???? ?????? ????? ???? ???? ???? ????? ?? ??? ???? ?????? ?? ??????, ????? ????? ?? ?? ???? ????????? ??? ???? ???? ?? ???? ??? ???? ?? ????? ?????? ??? ??? ????? ?? ???? ??? ?? ???????? ???? ?? ???? ????????? ????? ?? ???? ???? ??? ??? ?? ??? ?? ?? ????? ?? ???? ??????? ?? ???? ????? ???? ????? ??? ?????? ??? ???? 2 ???? 46 ????? ?? ????? ??? ????????? ?? ??? ?? ???? ?? ‘???? ????’ ?? ???? ???? ???? ??, ????? ???? ??? ????? ????? ??? ????? ???? ???, ?? ????? ?????? ??? ??? #WATCH| Police should have taken care of their security. UP government should think about the law and order in the state. The Court is there to provide justice, killing the criminals is never a solution: Bihar CM Nitish Kumar on the killing of Atiq Ahmed & Ashraf in Prayagrajpic.twitter.com/ssHncBxRYM ???? ??? ???? 17 ?????? 2023 ???????? ??????? ???? ?? ?? ??? ?????? ????? ???? ??? ????, ?????? ?? ???? ???? ? ???? ?? ????? ???????? ??? ??? ??",REF,crime
"??????? ????? ????? ?? ?? ????? ?? ??? ???????? ????? ??? ???? ?? ??? ??????????? ????,???? ??? ??…","???? ?????? ?? ?? ?????? ????? ?? ??? ??, ?????? ?? ??????? ???? ?? ?? ????? ????? ?? ??? ?????? ?????? ??? ?????? ??? ??? ?????? ?? ????? ?????? ?? ???????? ?? ????? ?? ??? ??? ??? ?? ???? ???? ?? ??? ?? ?? ????? ????? ?? ?? ??????? ?? ???? 11 ?????? ????? ?? ??? ???????? ?? ????? ??? ????? ?????? ?? ??? ???? ?? ???? ??- ????? ?????? ?? ???????? ?? ?? ????? ??? ??? ????? ???????? ?? ??????? ???? ??????? ??? 11 ?????? ????? ?? ??? ???????? ?? ????? ?? ????? ????? ??? ??? ????? ????? ?? ????? ?? ??? ???????? ?? ?? ???? ???? ??? ????? ???? ?? ???? ???????? ?? ????? ??? ????? ????? ??????? ????? ?? ??? ??,???????? ????? ?? ???? ?? ??????? ???? ????? ?? ????? ????? ???? ?? ???? ??? ??? ?? ????? ?? ????? ???? ??? ??? ?????????????? ???????? ?? ??? ???? ?? ??… ?????? ?? ?????? ??? ???? ????? ?????? ?? ???????? ?? ?????? ???? ???? ????  ?????? ??? ????? ?????? ?? ??? ?????????? ????? ???? ?? ????? ?????? ?? ???????????? ????? ??? 9 ?????? 2025 ?? ???????? ?? ??? ?? ?????? ???????? ??? ?? ??????? ?????? 11 ??? ?? ????? ?? ???????? ?? ?????? ????? ???? ????? ?? ??? ????? ?? ????? ?? ?????? ?????? ???? ??? ????? ?? ?????? ???? ??? ????? ???? ?? ????? ?? ???? ???? ??? ??????? ????? ??? ?????? ?? ?? ?? ???? ??? ?? ???? ?? ??? ???? ???? ??????? ?? ??? ???? ??? ???? ???? ???? ?? ????? ?????? ?? ??? ????????? ???????? ??????? ??  ????? 10 ?????? ?? ??? ??? ?? ??????, ???????? ??? 70 ??? ?? ?????? ???? ?? ??????? ?? ???????? ?? ???? ??? ??? ??? ?? ??? ??????? ?? ?????? ??? ????? ?? ????????? ?? ???? ?????? ???? ??? ????? ?? ??????? ?? ????? ????? ?? ????? ????? ?? ?????? ??? ??? ??? ????? ????? ????? ?? ???????? ???????? ??? ??? ???? ????? ???? ????? ?????? ?? ???????????? ????? ???????? ??? ?? ?????? ????? ?????? ??? ??? ??? ????? ?? ??? ????? ???? ??? ?? ??????? ????? ???????? ???? ????? ???? ?? ????? ?? ????? ??????? ?? ??? ?? ??? ???? ?? ?? ????? ???? ?? ????? ?? ????? ????? ?? ??? ??? ?? ???? ????????? ???? ???? ? ????? ????? ???? ?? ????? ????? ??? ???? ???? ?? ???? ??? ???? ",REF,crime
??? ???? ????? ???? ?? ??????? ?? ?????????? ?? ????? ???? ?????? ???? ? ???? ?? ??…,"??? ???? ????? ???? ?? ????? ????????? ?? ???? ?????? ???? ??? ????? ?? ??? ?????? ?? ???? ???? ??? ?? ?? ???? ????? ????? ?????? ??? ?????? ?? ???? ?? ??? ????? ?????? ??? ???? ??? ?? ????? ???? ???? ?? ???? ?????? ?? ?? ?????? ???? ?? ????? ???? ?? ??? ??? ?????? ???? ???? ??? ?? ?? ???????? ?????? ?? ?? ???? ?? ???? ??? ????? ?? ?????????? ?? ????? ??? ???????? ?? ????  ?? ?????? ??? ??? ???? ?? ???? ?? ?? ??? ???? ?????? ????? ??? ??? ??, ?? “????? ?? ????? ??? ????? ?? ????? ?? ?????? ???? ?????? ?????’…??? ?? ?? ?? ?? ???? ??? ?? ??? ???????? ?????? ?? ????? ???? ??, ?? ?? ???????? ?? ????? ?? ??? ?? ??? ???? ??????? ??? ??? ?? ?????? ?? ??? ?? ???? ???? ?? ??? ?? ?? ??? ?? ????? ?????? ?? ?????????? ???? ?? ???? ???????? ??? ?? ???????? ?????? ?? ????????? ?? ??? ???? ???? ???? ????? ?? ?????? ??? ???? ??? ?? ?? “???????? ?????? ?? ??? ???? ???? ??????? ?? ??????? ??? ??, ???????? ????? ??? ?? ??? ????? ?? ???????, ????? ?? ?????? ??? ??????, ?? ???? ??? ???? ?????? ?????? ?????|??????? ???? *?????????? ???? ???????? ?? ??? ????????? ?? ??? ?? ?? ?? ????? ????? ??? ??? ???*????? ?? ?????? ?? ?????_? ?? ????? ?? ??? ?????? ????? ?????? ????? ????, ?? ??? ?? ?????? ?? ?? ??????? ????? ???? ???????? ??? ??? ???? ??? ??? ?????????? ?? ?????? ?????pic.twitter.com/ZdM7yqd4YH ??????? ???? ???????? ?? ??? ???? ?? ??… ???? ???? ?? ?????? ???? ???? ???? ???? ??, ????? ??? ??? ?????? ??? ?????????? ????? ?????? ?? ????? ????, ?????? ???? ??? ?? ?? ????? ?????? ?????? ?? ?? ??? ???? ?? ??? ????? ???? ??? ???? ????? ?? ?????? ???? ????? ??? ???? ?????? ?? ????? ????????? ?????? ?? ?????? ??? ???? ?????? *?????? ?? ???? ?? ???????? ??????* ?? ?????? ??? ???? ??? ????? ?? ?????? ??????? ????? ??? ??, ??????????? ????????? ?? ?? ??? ??? ???? ???? ?? ??? ?????? ??? ????? ????????? ?? ??? ???? ????? ???? ??????? ???? ?????? ?????? ????, ???????? ????? ?????? ?? ?????? ???? ??? ??? ?? ?? ?????? ???? ???? ??? ??? ?? ????? ???? ?? ???? ?? ??? ??????? ?? ????-??????? ??? ???? ??? ",REF,crime
???? ??? ????? ?? ????? ??????? ?? ???? ??? ????? ??????????? ???? ?????…,"????? ??? ????? ???? ????? ??????? ?? ?????? ????? ??????????? ???? ?? ???? ?? ??? ?? ???? ???? ?????? ?? ?? ????? ?? ???? ???? ?????? ??????????? ???? ?? ???? ???? ?? ??? ??? ????? ?????? ??? ????? ?? ??? ?? ?? ?? ???? ??? ?? ????? ?? ?? ?? ????? ??? ????? ???? ??? ??? ??? ???? ???? ?? ??? ?? ?????? ??? ??? ??? ????? ?? ??????? ?? ????? ??? ????? ?? ?? ?? ?? ????? ?? ?? ??? ?? ?????? ?????? ?? ????? ?? ??? ??? ????? ?? ?????? ??? ???? ??… ?????????????????????…??????????????????????????????????????????????????????????????????????.?????????????????????????????????????????????????????????????.????,?????????????? ?????? ????????????? ????? ????????????????????? ???? ????? ?????? ?? ?????? ??? ????????? ?? ?????? ???? ???? ????? ?????? ??? ??????????? ???????? ??????????? ????? ?? ?? ?????? ??????? ????? ?? ??????? ??? ?? ????? ?????? ?? ??? ???? ???? ??? ?? ????? ????? ??? ?? ?? ?????? ??? ?????? ?? ?? ??????? ??, ?? ???? ?? ????? ?? ?? ???????? ?? ?????? ?? ??? ??? ?? ??? ??, ?? ???? ??? ????? ??? ?????? ?? ??????? ?? ????? ???? ??? ??? ???? ?? ??? ???????? ????? ?????? ?? ??? ?? ??????? ??? ???? ??????? ?? ?? ??? ?? ???????? ????? ??? ????, ????? ???? ????? ????? ?? ??? ?? ??????? ?? ?????? ????????? ?? ????? ???? ??? ??? ??? 22 ????? 2025 ???????? ??? ???????? ??? ??????? ??? ????? ?????? ?? ?? ??????? ??? ?? ???????? ???? ??? ??? ??????? ??? ???? ??? ?? ??, ????? ?????? ?? ?????? ??? ????? ?? ????? ??????? ???????? ?? ???????? ???? ??? ???? ????? ??? ????? ?? ?? ?? ????? ??? ?????? ??? ?? ?? ????? ?? ???? ??? ???? ?? ?? ?????? ???? ?????? ?? ????? ???? ?? ??? ?? ???????? ??? ??? ????? ???? ?? ????? ???? ????? ?? ????????? ?? ?????? ??? ????? ??? ?????? ?? ????? ???? ?? ???? ??? ?? ?? ???? ???? ??? ?? ???? ?? ????? ??? ?????? ??? ??? ??? ???? ?? ???? ?? ??????? ?????? ?????????????18?? ??????? ???? ?? ?? ????? 22 ?????, 2025 ?? ??????????? ?? ??????? ?? ?????? , ????? ?????? ?? ?????? ???? ?? ????? ????? ??? ?? ????? ??????? ?? ????? ??? ?????? ??? ?? ?? ????? ????",REF,crime
"???? ??? ??? ???? ?? ??????? ?? ???? ???? ???? ???? ?? ???????? ?????, ?????????? ?? ???? ??? ???? ?? ?????…","???? ?????? ?? ?? ?????? ????? ?? ???? ???? ?? ??? ??, ?????? ???? ???? ??? ?? ?? ???? ??? ??? ??????? ?? ???? ??? ??? ??? ???? ?? ???? ???? ?? ??? ???? ???? ?? ???????? ??? ???? ????? ?????? 3 ???? 46 ?????? ?? ??, ?????? ??? ?? ???? ?? ??????? ????? ??? ?? ?? ?? ?????? ??? ?? ????? ???? ??? ?????? ??? ??? ??? ?? ????? ?? ???? ????? ?? ????? ???? ??? ?? ??? ??? ??? ???? ??? ?????? ???? ??? ?? ????? ???? ???? ???????????????????????????????????,??????????????????????????????????????????????????????????????????? ?????????????? ???????? ?? ??? ???? ?? ??… ?????? ?? ?????? ??? ???? ?????  ?????? ?? ???????? ?? ?????? ???? ???? ????, ?????? ??? ????? ?????? ??  ?????-????? ?????? ???? ‘North Bangla News’ ??? ?? ?????? ??? ?? ????? ??????? ???? ??? ????? ??????? ?? ??????, ?????? ?????????? ?? ??????? ?? ????? ??? ??? ?? ???? ?? ??, ?? ?? ????? ?? ???? ??? ???? ??? ?? ???????? ??? ????? ???? ??? ??????? ????? ?? ??? ????? ?? ????? ?? ????? ???? ??????? ?? ??? ???? ??? ???? ???? ???? ?? ??????????????? ??????  ?? ??????? ????? ?? ????????? ?? ?????? ???? ?? ?? ?? ????????? ???? ?? ???? ???, ????? ?????????? ?? ??????? ????? ?? ????? ??????? ??? ??? ?? ???? ?? ???? ???? ???? ?? ?????? ??????? ????????29 ??? 2026 ?? ????? ?????? ?? ?????????? ????? ??????? ?? ?????? ?????? ????? ???? ??? ?? ?? ????? ?? ???? ??? ???? ??? ?? ???????? ?? ????? ?? ??? ???? ??? ??????? ????? ?? ???? ?? ???? ?? ??? ????? ?? ???? ??? ?? ??? ??, ???????? ??? ?? ??? ?????? ?? ??? ???? ?? ??? ??????? ??????? ?? ??? ????????????? ??????? ?? ?????? 29 ??? 2026 ?? ????? ?????? ?? ?????????? ????? ??????? ?? ?????? ?????? ????? ???? ??? ?? ?? ????? ?? ???? ??? ???? ??? ?? ???????? ?? ????? ?? ??? ?????  ????? ????? ?? ????? ????? ?? ????? ???? ?? ?????? ??? ?? ????? ???? ???? ?? ????? ?? ??????? ??????????? ????? ???????‘ajker patrika’?? ?? ?????  29 ??? 2026 ?? ????????  ??????? ?? ??????, ???? ?????????? ?? ??????? ?? ????? ???? ?? ?????????? ????? ???? ?? ??? ???? ??????? ?? ??? ???? ??? ?? ?? ????? ?",REF,crime
???? ?? ?? ?????? ??????? ??? ????? ?? ???? ??? ?? ??????? ?? ???????? ????? ??? ?????? ?????? ????? ?? ?????? ????? ???,"??? ????? ??? ??? ???? ?? ??? ?? ???????? ????? ??? ?????? ?????? ????? ?? ?????? ?????? ?? ????? ??????? ????? ??? ????? ?? ???????? ?? ?????? ??? ??? ???? ?? ????? ?????? ??? ??? ??????? ????? ?????? ????? ?? SIT ?????? ????? ?? ???? ???? ??? ??? ?? ???????? ?? ?? ??? ??? ??? ?? ?????? ??? ???? ?????? ?? ?? ?????? ????? ?? ??? ??, ?????? ?? ???????? ????? ??? ????? ??? ??? ?????? ??? ? ??? ??? ?? ??? ???? ?? ???? ???? ??? ???? ?????? ???? ???? ??? ???? ???? ?? ??? ?? ?? ?? ??? ????? ??? ??? ???? ?? ?????? ??? ????? ?? ?????? ???? ???? ??? ?????? ???? ??… ???????????????????????????????????????,???????????????????????????????????? ?????? ????????????? ????? ?????????????????????… ???? ???? ?? ?????? ??? ?????? ?? ????? ???? ??? ???? ???? ?? ???? ????? ?????? ??? ????Tv9 Kannada?? ??????? ???? ?? ????? ?????? ????? ???? ?? ?? ?????? ?? 27 ?????? 2024 ?? ???? ???? ??? ??? ???? ??? ???? ?????? ?? ??????, ?????? ??? ?????? ????? ?? ???? ?? ???? ?? ????? ??? ??? ?? ????????? ???????? ??????????? ?????? ?? 1 ??????? 2024 ?? ????? ???? ??? ????, ?????? ????? ????? ?? ?? ???? ?? ???? ??? ???? ????? ??????? ?? ??????, ?????? ???????? ?? ??? ?????? ?????? ????? ?? ??, ?????? ????? ?? ?? ??????? ?? ??? ?? ????? ????? ??? ?????? ??? ??? ???? ??? ?????????? ?????? 30 ?????? 2024 ?? ?? ??????? ????, ?????? ????? ?????? ?? ????? ????? ???? ???? ???? ??????, ?? ????? ???????? ?? ?????? ?????? ????? ?? ??, ???? ??? ???? ?? ????? ?? ????? ???? ???? ??? ???? ?? ?? ?????? ????? ?? ??? ??????? ??? ?????????? ?? ????? ?? ????? ??? ?? ????? ????? ?? ???? ?? ????? 2024 ??? ?? ?????? ?? ???? ?? ?? ??? ‘?????? ????’?? 27 ?????? 2024 ?? ??????? ?? ???????, ???? ?????? ?? ??? ?????? ?????? ????? ??? ??? ?? ???? ?? ?? ???????? ????? ???? ????? ???, ?????? ??? ??? ??? ?? ?? ??? ?? ???? ????? ???? ?? ?????????, ???? ???? ?? ???? ?? ????? ?? ???? ????? ?? ?? ?? ???? ??????? ???? ?? ?????????? ???? ?? ?????? ?? ???? ?? ?????? ???? ??? ??? ?? ???? ????? ???? ????? ?? ????? ?? ????? ?????? ???????? ",REF,crime
"????? ?? ???????? ?? ?????? ??? ??? ???? ?? ??????, ????? ?? ???? ???? ????? ??? ??????????? ???? ?? ?????…","???? ???? ?? ????? ?? ???? ???? ???? ??????? ???? ?? ?? ? ?? ???? ????? ?? ??, ?????? ?? ????? ????? ??????? ?? ???? ????? ?? ???? ???? ?????? ????? ??? ??? ????? ????? ?? ??? ?? ?? ?? ???? ???? ?? ???? ?? ??? ???? ??, ??? ?? ???? ??? ??? ????? ??? ???? ??? ?????? ?? ?? ?? ?? ???? ?? ???? ??? ??? ??? ??? ???? ??? ??????? ?? ????? ?????? ?? ????? ?????? ???, ?? ????? ???? ???? ?? ?? ?? ???? ?? ???? ??? ?? ?????? ???? ???? ??? ???? ???? ??? ?? ?? ???? ?????? ????? ?? ??, ???? ?? ?? ??????? ???? ?? ????? ???? ???? ?? ???? ????? ?? ????? ?? ?????? ?? ??? ????? ??… ?????????????????????????????????????????????????????????????????????????????????????????????????,??????????????????????????????????????????????????????????????????????????????????????????? ?????? ????????????? ????? ?????????????????????… ???? ???? ?? ?????? ??? ?????? ?? ???? ???? ?? ???? ????? ?????? ???? ??????????? ??????? ????, ??? ??? ??, ???????? ?? ?????? ?? ????? ?????? ??? ?? ???? ?? ???? ?????? ?? ???? ?????? ?? ?? ????? ?? ???? ?? ???? ??? 11 ????? 2025 ?? ???? ???? 9:40 ??? ???? ?????? ???? ?? ???? ?? ???? ????? ?? ??? ???? ??? ??, ??? ???? ?????? ?????? ?? ?? ?? ???? ????? ????? ?? ???? ??? ?? ????? ?? ??? ?? ?? ??? ????, ????? ????? ??? ???? ?? ?? ???? ??? ?? ?????? ?? ????? ??????? ??? ???? ?? ??? ??? ???? ????? ?? ????? ???? ???? ?? ?????? ????? ?? ?????? ?? ???? ?? ??? ???? ?? ???? ???? ?? ??? ????????? ???????? ??????? ???? ?? ???? ??????? ?????? ????? ????? ????? ?? ????? ???????? ????? ?? ?? ??? ???? ???? ?????? ????? ?? ??????, ????? ????? ?? ????? ?? ??, ???? ????? ?????? ??? ???? ???? ??????? ?????? ????, ???? ????? ??????? ??? ?? ??? ?????? ??? ?? ???? ?????? ?????? ?? ????? ?? ???? ??? ???? ??? ????? ?????? ?? ??????? ??? ???? ?? ??? ??? ?????? ????? ?? ??? ???? ?? ???? ??? ??????????? ????????????? ????? ?? ?? ????? ???? ???? ???? ???? ??????? ???? ???? ?????? ?? ???? ???? ?????????? ?? ?????? ????? ?????? ???? ?? ????? ?? ????? ?? ???? ???? ???????? ??? ??? ?? ??? ????? ?? ????? ??",REF,crime
"???? ??????? ??????? ???? ??? ‘??’ ????? ???? ?? ??? ?? ?????, ???? ????? ??","???? ?????? ?? ???? ??????? ???? ??????? ???? ??? ???? ?? ???????? ????? ?? ??? ??? | ???? ???? ?? ??? ?? ?? ?? ‘??? ??’ ?? ?? ???? ??? ????? ?? ??????? ?? ???? ??? | ??? ?????????? ????? ???? ?????????????? ??????,?? ?????? ?????? ???????????? ????? ??? ?? ?? ??? ???? ?? ??? ?? ??? ???????? ?? ??? ?????? ????? ???? ???? ??? ??? ??? ???… ??????! ????? ?? ???? ???????! ????? ??? ?????? ???, ????? ??? ??? ?? ?? ?????? ??! ????? ?? ???????? ???? ?? ??? ?? ??? ???? ?? ??????? ??? ?? ??? ???? ?? ?????? ???? ?? ??? ??? ???? ?????? ??? ??? ?? ??????? ?? ??? ??? ?? ??? ?? ???? ??? ??????|??????|??????? ???????? ?? ??? ???? ?? ??… ???? ?? ?????? ??? ???? ???? ???? ?? ??? ????? ?? ???? ???? ??? ????? ??????? ?? ????? ?? ?????? ??? ??? ???? ‘??? ??’ ?? ???? ??? ???????? ??????? ???? ?? ?? ? ????? ???? ??? ??? ???????? ????? ?? ????? ???? ???? ?? ????? ???? ?? ?????? ???? ??? ??? ?????? ???? ???? ???? ?? ??? ??? ?? ????? ?????? ??? ?????? ??? ??? ?????????-?????? ??????? ?? ?????? ?? ??? ?????? ?? | ??????? ?? ?? ?? ??????? ?? ??????, ?? ????? ??? ?? ?????? ?? ??????? ????? ???? ??? ?? | ??? ?? ???? ??? ??? ??? ?? ?? ?????? ?? ??? ‘??????? ????? ??? ???’ ?? | ???? ??????? ?? ?????? ??????? ????? ‘??? ????? ???????????’ ?????? ?? ???? ?? | ????? ?? ???????? ??????? ?? ??????, ?? ???? ??????? ???? ????? ???? ?? ?????? ????? ??? ??, ?????? ??????? ?????? ??? ????? ?? ????? ???? ?? | ??? ?? ????? ???? ???? ????, ???????? ?? ????? ????????? ???? ????? ?? ???? ?? ???? ???? ?? ??? ?? | ????? ?? ???? ?????????? ???????????? ????????, ????? ?? ???? ???????? ??????? ?? ?????? ???? ?? | ???? ?????? ???? ?? ?? ?? ?? ??????? ????? ?? ??? ??, ??? ???????? ????? ???? | ???? ??? ???? ?????? ????? ??? ???? ???? ??? ?? ?? ??? ?? ???? ??????? ???????? ????? ?? ???? ?? ?? | 15 ??? ?? ???????? ????? ?? ???? ?????? ?? ?? ???? ?? ???? ???? ??? ?? ?????? ???? ?? ????? ?? ?? ?? ??? ??? ????? ?? ??????? ???? ???? ?? ?? ?? | #_?????#UPPolice#BulandshahrPolicepic.twitter.com/tbT6kmAdqa ???????? ?????? ?? ",REF,crime
Karnataka: ?????? ?????? ????? ??? ?????? ????? ???? ?????? ??? ???? ?????,"Byline- ?????? ?? ????????? ?????? ????? ????? ?? ????????? ?? ?????? ????? ??????? (????) ?? ????? ????????? ?? ?????? ???? ??? ??? ?? ????? ??? ???? ?? ?????? ???? ???? ??? ??????? ??? ??????? ???????? ?? ????? ????? ?? ?????? ?????? ?? ??? ??? ????? ????? ?? ???? ??????? ?? ????? ?? ????? ????? ??? ????? ?? ???? ?? ???? ?????? ??? ?? ?????? ????? ??? ?? ??? ??????? ?? ??? ?? ???? ???? ?????? ?? ?????? ?? ????? ???? ?? ?????? ?? ???? ???? ???? ?? ??? ?? ?? ?? ??????? ?? ????? ??? ?????? ???? ???? ?? ???? ???? ??????? Was the tricolour replaced with a saffron flag in Shivamogga college, as alleged by Karnataka Cong chief DK Shivakumar? He takes my questions on this and the Karnataka campus hijab face-off live:pic.twitter.com/cwlssLoI3X ??????? ???? #KarnatakaHijabRow@INCKarnatakapresident@DKShivakumarhas tweeted saying replacing National flag with Saffron flag at#Shimogais a breakdown of law and order.And the college should be closed for a week.pic.twitter.com/0Rr3RL4cyn ??????? ???? The situation in some Karnataka educational institutions has gone so out of hand that in one case the National flag was replaced by a saffron flag. I think the affected institutions should be closed for a week to restore law and order. Teaching can continue online. ???????? ?? ??? ???? ?? ??… ?? ?????? ?? ???? ??? ???? ??????? ???? ?? ??? ????? ????????? ?? ?????? ?? ????????? ?????? ????? ????? ???????????????? ???? ?? ?????? ????? ?? ?? ??? ???????? ?? ????? ??? ???????? ????? ?? ?? ?? ????? ???? ???? ?????? ?? ??? ??? ?? ??? ??? ?? ?? ??? ?? ?????? ???? ???? ??? ?? ??? ???? ??? ??????? ????????? ???? ????? ?? ?????? ?? ??? ????? ?? ??? ????????? ???? ????? ???? ??? ???????? ????? ????????? ?? ??? ???? ???? ?????? ?? ???? ?? ?? ?????? ?? ???? ?? ??? ????? ??? ????? ?? ?? ???? ?? ?????? ???? ??? ??? ????? ????????? ?? ?????? ?? ????? ??????? ??.??. ??????? ?????? ?? ?????? ??? ???????? ????? ?? ????????? ???? ?? ???? ????? ?? ???? ???? ??? ??? ???? ???? ?????? ?? ??? ??????????????? ?",REF,crime
"??? ?? ?? ?????? ???????? ?? ?????  ?? ???? ??????? ????? ?? ?????? ?????, ???? ?????….","????? ?? ??????? ???? ?? ‘??? ?????? ??????’ ????? ?? ??? ???? ??????? ?? ????? ??? ?????? ?????? ‘??? ??’ ?? ???? ??????? ????? ?? ??????? ?????? ???? ?? ?? ???  ?????? ?? ????? ??? ???? ????? ????? ?? ??? ?? ?? ????????? ?? ?????? ??? ??? ?? ?????? ??? ???? ??????  ?? ??? ?? ?? ?? ?????? ???? ?? ???? ???? ?? ??? ??, ?????? ??? ?? ?? ???? ???? ?? ???????? ???? ?? ??? ???? ?????? ?? ???? ?? ???? ???? ?? ??? ?? ?? ??? ?? ?? ?? ???????? ??? ?? ??????? ?? ???? ?? ??? ?? ??? ????? ??? ?? ?? ?????? ?? ???? ???? ???? ??? ?? ???? ???? ???? ?? ???? ?? ???? ???? ??? ???? ?? ???? ??? ????? ?????? ?? ??? ???? ?? ???? ??- ?????? ????? ?? ???? ???? ??? ????? ?? ?? ,??? ?? ???? ?? ?? ???  ????? ??? ?? ??? ?? ???? ??? ??? ???…. ?????????????? ???????? ?? ??? ???? ?? ??… ?????? ?? ?????? ??? ???? ?????  ?????? ?? ???????? ?? ?????? ???? ???? ????, ?????? ??? ????‘????? ?????’??????? ???? ?? 4 ????? 2024 ?? ??? ?? ?? ?? ?????? ????? ???? ??? ?????  ???? ?? ??? ?? ?? ?????? ??? ?? ?? ???? ??? ??? ?? ????? ?????? ??  ???????? ????? ???? ??? ??? ???? ??? ??? ??? ?? ???? 17 ???? ?? ???????? ?? ???????? ???? ??? ?? ???? ???? ?? ????? ???? ??? ??? ??? ?? ?????? ????- ??????? ???? ?? ?????? ?? ?????????? ??? ??? ????? ??? ?????? ?????? ?? ??? ???? ?? ???? ????? ??? ????? ???? ?? ??? ??????? ??? ??? ????? ?? ???????? ?? ???? ?? ??? ? ???? ??????? ??? ?????? ??, ????? ?????? ????????? ?? ??? ????? ???????????? ?? ???? ?? ???? ???? ??? ???? ????? ?? ????? ??? ????? ????? ?????? ?? ?????? ???? ???? ???? ??? ????? ?? ???????? ???? ??, ???? ???? ??? ???? ??? ????????? ???? ??? ????? ?? ?????????? ????? ??? ?? ????? ?? ??? ????? ????????? ?? ??? ???? ??? ?? ??? ? ??? ???????????? ??? ????????– ????-???? ?? ??? ???? ???? ?? , ????? 2024 ?? ???????? ?? ?? ?????? ?? ??? ?? ?? ??????? ???? ????? ????? ???? ??? ??? ???? ???? ??????? ????? ?? ??? ????? ???? ??? Title:??? ?? ?? ?????? ???????? ?? ?????  ?? ???? ??????? ????? ?? ?????? ?????, ???? ?????…. Fact Check By:Sarita Samal Result:Misleading",REF,crime
"?????????? ??? ????? ????? ?? ???? ???? ??????? ?? ??? ??????????? ???? ?????, ???? ?? ????? ?? ???????? ?? ??????…","????? ?????? ?? ??? ???? ?? ??? ?? ??? ??????????? ????, ????? ???????? ?? ???? ?? ??? ???? ?? ???? ??? ??????? ?? ??? ??????????? ????? ?? ???? ?? ??? ??????? ??????? ?? ?? ?????? ????? ???? ?? ??? ??, ?????? ????? ?? ??? ?? ?? ?? ????? ?? ???? ??? ?? ????? ???? ??? ????????????? ?? ????? ??? ?? ??   ?????????? ??? ??-????? ????? ?? ??? ??? ????? ?? ??? ????? ???? ???? ?????? ???? ??? ???? ??? ???? ?????? ?? ???? ???? ??? ?? ???? ???? ?? ??? ?? ??, ?? ?????????? ?? ?????? ?? ???? ?? ?? ?????? ????? ?? ???????? ???? ??????? ?? ??? ???????? ?? ?????? ?? ??? ???? ?? ??? ??… ???????????????????????????????????????????????????????????????????????????????…?????????????????– “???????…”??????????????????…?????????????????????????????????????,?????????????…?????????????????????????????,??????????????????????????????????????????????????????????????????????????? ?????? ????????????? ????? ?????????????????????… ???? ???? ?? ?????? ??? ????? ?????? ?? ??-??????? ?? ???? ?? ?????? ???? ???? ?? ????? ???? ????? ?????? ??? ???? ?? ?????? ?????????? ??????? ????? ?????? ?????? ??? ?? 18 ????? 2025 ?? ????? ???? ??? ????? ?????? ?? ??? ?? ?? ??????? ?? ??????, ?? ?????????? ?? ??? ??????? ?? ?????? ?? ???? ?? ????? ?? ?? ????? ?? ???????? ???? ??? ???? 18 ????? 2025 ?? ????????????? ??????????? ?? ??????? ?? ???? ???? ?? ???? ??? ?? ??????? ????? ?? ??????? ??? ????? ?????? ?? ????? ????? ????? ??? ???? ??? ??? ????? ??? ?? ?? ??????????? ??? ????? ?????? ?? ??? ????? ????? ?? ????? ?? ??? ????? ??? ??? ???? ????? ???? ??????? ????? ?? ??? ???? ??? ???? ?????? ????? ???? ?? ??? ??? ????? ?????? ?? ??? ????? ????? ?? ????? ?? ??????? ?? ?? ?? ?? 6 ????? 2025 ?? ???? ?? ?? ????? ?????? ?????? (??????) ?? ???????? ?? ????? ????? ?? ????? ??? ???? ??? ????? ??? ??? ?? ?????? ?????? ?? ??? ???? ?? ????? ?? ??? ??, ????? ???????? ????? ?? ??? ???? ??? ?????? ??????????? ??????????? ?? ??? ?? ?? ???? ?? ???? ??????? ???? ?? ?? ??,??????????? ????? ??? ????? ?????? ?????? (??????) ?????? ?",REF,crime
???? ???????? ???? ???? ?? ??? ???? ??? ?????? ???? ?? ????? ??? ???????????? ?????? ‘??????’? ???? ???? ?????…,"???? ?????? ?? ?? ?????? ???? ?? ???? ???? ?? ??? ?? ?? ???? ????? ??? ???????????? ?????? ?????? ?? ???????? ?? ???? ????? ???? ?? ???, ????? ???? ??? ??? ????? ?? ?????? ???? ??? ??? ??? ?????? ?? ??? ???? ???? ?? ??? ?? ?? ???????? ???? ???? ?? ???? ???? ??? ???????????? ?????? ?????? ?? ?????? ???? ?? ??? ????? ???? ????? ????? ?????? ?? ??? ???? ?? ???? ??-    ????? ???? ?? ?? ??? ?? ?? ?? ?????? ?? ???? ??????? ?? ???? ??! ???? ???? (????? ??????): ??????????? ?? ???? ?? ???????? ?? ???????? ?? ??????? ?? ‘???????’ ??? ?? ?? ?????? ?????? ?? ??? ???? ??? ?? ???? ???? ?? ??????? ????? ??? ??? ??? ???? ????? ?? ????? ????? ?? ??????? ?? ????????, ???? ???? ?? ???? ???? ????? ??? ?? ????? ?????? ???? ?? ?? ??? ?? ???? ?? ??? ??????? ???? ??? ????? ?? ??? ???? ?? ?? ?? ?? ?? ?? ?????? ?? ???? ?? ???? ?? ???? ??? ???? ?? ??? ?? ??? ?? ????? ?? ???? ??????? ???? ?? ?????? ???? ??? ??? ??? ??? ?????? ?? ?????? ????? ?? ???? ????? ??, ?? ?? ????-???? ?? ?????? ??? ?? ??? ?????????? ?? ???? ???? ??? ?? ?? ?????? ?? ???? ???? ???? ?? ?? ??????? ?? ??????? ??? ??, ????? ?? ???? ????? ?????? ??, ????? ???????? ?? ???? ???? ???????? ?? ????? ???? ??? ???? ?? ????? ?????? ?????? ???? ??? ???????? ???? ??? ???? . ?????????????? ???????? ?? ??? ???? ?? ??… ?????? ?? ?????? ??? ???? ?????  ?????? ?? ???????? ?? ?????? ???? ???? ????, ?????? ??? ????? ?????? ??  ?????-????? ?????? ????????? ?????????? ??????????? ???? ?? ?????? ?? ????, ???? 16 ????? 2025 ?? ????? ???? ??? ??? ???? ???? ???? ?? ???? ??????????? ???? ‘sahildeshwal7500’?? ?????? ?? ????? ???? ??? ?? ?????? ????? ??? 25 ??? 2026 ?? ????? ???? ??? ??? ????? ????? ??? ????? ?????? ?? ?????????? ?? ???? ?? ???? ??? ?????? ??? ?? ??  ??????? ?? ??????, ?????? ?? ???? ?? ??? ???? ?? ????? ????? ?? ??? ??, ?? ???? ?? ????? ???? ?? ???? ???? ?? ?? ?? ???? ??? ‘????? ??????’ ??? ?????? ??? ????? ?? ??? ?? ?? ?? ?? ??? ?? ?? ????? ?? ???? ?????? ????? ????? ?? ???? ??? ????? ???-????? ?? ??? ???? ??? ?????? ?? ????? ????????",REF,crime
?????????? ??? ??????? ?? ??? ???? ???? ‘?? ?????’ ?? ?????? ????; ????? ??,"??? ?????? ??????? ?????? ?????? ?? ???? ?? ???? ???? ???? ?? ??????? ???? ?? ?? ?????? ???? ?? ????? ?? ??? ??? ?????????? ??? ??? ?? ???? ?? ???? ??????????? ???? ?? ??? ???? ???? ?? ??? ??? ???? ?????? ?? ??? ??? ????? ???? ?? ??????? ??? ?? ???? ?? ??? ?? ?? ???? ????? ?? ‘?? ?????’ ??? ?????? ?? ????? ?? ?? ??? ???? ?? ???? ?? ???? ?? ????? ????? ????????? ?? ?? ???? ?? ???? ?? ?? ???? ?? ?? ???? ???? ??? ?????? ??? ????? ?? ??? ????? ???? ??????? ???? ??? ????? ???? ???? ??? ?????? ??? ?? ????? ???? ?? ?? ????? ?? ????? ?? ??? ?? ???? ????? ??? ?????? ??? ??? ??? ????? ?? ?? ???? ??? ?????? ?? ????? ???? ??? ????? ?? ??? ?? ????? ?? ??? ????? ?? ???? ???? ?? ????? ???? ???? ????? ??? ???, ?? ??????? ???? ?? ????? ?? ???? ???? ?? ?? ????? ?? ????? ???? ???? ??? ???? ??? ???? ????? ?? ????? ???? ??? ?? ?????? ?? ??? ??? ???? ???? ??? ??? ??? ?? ??,“?????????? ?? ????: ????? ?? ????? ?? ?? ????? ??? ?????? ?? ????? ??? ????? ???? ?? ???? ?? ??? ????? ?? ????? ??? ???? ??? ???????” Facebook|Archive ???????? ?? ??? ???? ?? ??… ?????? ?? ?????? ?? ??? ??? ?? ?? ???? 22 ????? ?? ?????????? ?? ?????? ??? ??? ??? ??? ?????? ??????????? ????? ??????? ?? ??????, ????? ?? ????? ????? ?????? ?? ??? ??? ??? ??? ?? 18 ??? ?? ??????? ????? ?? ????? ??? ????? ????? 16 ??? ?? ?? ?? ????? ????? ?? ?????? ??? ????? ?? ???????, ????? ???? ???? ??? ????? ??? ????? ?? ???? ??????? ????? ??? ????? ???? ??? ?? ????? ?? ???? ?? ??? ??? 22 ????? ?? ????? ????? ?? ?? ??? ??? ?? ??? ????? ?? ????? ??????? ??? ????? ??? ????? ???? ?????? ???? ?? ???? ??????? ????? ?? ????? ?? ??? ????. ??????? ????? ?? ?? ?????? ?? ????? ????????????? ?? ????? ????? ?? ???? ??? ???? ?? ????? ?? ???????? ??? ????? ????? ?? ????? ?? ?????? ??? ?? ???? ??? ?????? ?? ????? ??????? ????? ???? ?? ????? ?? ????? ????? ?? ??? ????? ?????? ??? ????? ?? ???? ?????? ?? ???? ?? ????? ?? ?????? ?? ??, ????? ??? ??? ?????? ??? ??? ???? ?????? ?? ????? ?? ?????? ???? ???? ????? ?? ????? POCSO ???? ?? ???? ????? ?????? ??",REF,crime
"??? ?????? ???????? ?? ??? ????? ???? ?? ???????? ?? ??? ?? ????? ?????? ?????, ?????? ??? ???? ?? ???? ?? ?? ???????","???????? ?? ?????? ?? ???? ?? ?????? ??????, ??? ?????? ????? ?? ????? ??? ??? ???? ???? ?? ??? ??? ????? ?? ?????? ??? 17 ??? ?? ??? ???? ?????? ???????? ????? ??? ???? ?????? ????? ?? ???? ?? ???? ?? ??? ???? ??? ?? ?????? ??? ???? ?????? ?? ?? ?????? ????? ?? ??? ??, ?????? ???? ??? ?? ???? ?????? ??? ?? ??? ????? ?? ?? ????? ?????? ???? ??????? ?? ??? ???? ????? ?????? ??? ?? ??????? ?? ??, ?????? ???? ?? “???? ?????? ???????? ?? ????? ????? ???? ?? ????? ?? ???? ?????, ??? ?????”? ?? ?????? ???? ???? ??? ???? ???? ?? ??? ?? ?? ????? ???? ?? ????? ?? ??? ?????? ???????? ?? ??? ????? ?? ????? ?????? ??? ???? ??? ????? ?? ?????? ?? ??? ?????? ???? ??… ?????????????????????????????????????????????????????????????????!#india #bihar #bjp ?????? ????????????? ????? ?????????????????????… ???? ???? ?? ?????? ??? ????? ?????? ??????? ???? ?????? ???? ???? ????? ?????? ??? ???? ???? ??????,??????? ?????? ?? ??????????? ?????? ?? 16 ????? 2025 ?? ??????? ????? ?????? ?? ??? ???? ?????? ???,  ?????, ???? ???? ?????? ????? ??? ??? ?? ?????? ?? “????? ?? ????” ????? ??? ??? ??? ?????? ?? ???? 16 ????? 2025 ??????????? ??? ?? ?? ?????? ????, ?????? ????? ?????? ???? ????? ????? ???? ??? ???? ?? ??????udaipurcityoflakes??? ?? ?? ?? ??????????? ?????? ?? 5 ????? ?? ????? ???? ??? ????? ???? ?? ??? ???????? ?? ?????? ?? ????? ???? ??? ????? ?? ???? ?? ?? ????? ??? ??? ?????? ?? ??? ?????? ??? ???? ??? ??, ‘?????? (??????, ????????) ?? ????? ???? — ????? ?? ????, ????? ?? ?????? ?? ???? ????? ????? ??? ?? ?????? ??? ???? ?? ???? 16 ????? 2025 ?? ????????? ???????? ????? ???? ??? ???? ???? ???? ???? ?? ????? ?????? ??????? ????? ????? ??? ??? ????? ????? ?????? ?? ???? ??? ?? ??? ???? 16 ????? 2025 ?? ????????????? ?? ????????? ???????? ??????? ?? ??????, ????? ???? ??? ?? ???? 15 ????? 2025 ?? ??? ?? ???? ?? ??, ??????  ??? ?? ????? ?? ????, ????? ????? ?? ????-????? ?? ??????? ???? ??? ??? ??? ??? ???? ????? ?????? ?? ?????? ?? ?? ???? ?????? ?? ???udaipurcityoflakes?? ?????? ??",REF,crime
????? ?????? ??? ??? ?? ??????? ???? ?? ??? ???? ???? ????? ?????? ??????? ??…,"???? ?????? ?? ?? ???? ?? ????? ?? ??? ???? ?? ?????? ????? ?? ????? ?? ??? ??? ?????? ??? ?? ???? ??? ?? ????? ?? IPS ????? ??? ??? ?? ?? ???? ????? ????? ????? ?? ??????? ???? ?? ???? ?? ??? ??? ?? ?????? ?? ???? ?? ???? ???? ?? ??? ?? ??  ???? ??? ????? ?? ?????? ??????? ???? ???????? ??? ?? ????? ????? ??? ???? ?????? ??? ?? ???????? ?? ?????? ?? ??????? ???? ?? ??? ???, ?? ?????? ?? ??? ???? ?? ??? ?? ???? ??????? ?? ??? ???? ?????? ???????? ????? ?? ????? ??? ???? ??? ?????? ?? ???? ????? ?? ???? ????? ?? ????? ???? ??? ???? ???? ?? ??? ??? ????? ?????? ?? ??? ???? ?? ???? ??-  ?????? ??? ??????? ???? ???? ??? ???? IPS ?? ????? ?? ???? ??? ??? ??, ?? CM ???? ?? ???? ?? !????? ?? ?? IPS ???? ???????? ??? ?? ???? ?????? ??…?????? ?? ????? ????? ?? ????? ??? ??…????? ?? ????? ?? ???? “??? ????? ?? IPS ??????? ???” ??? ???? ??? ? ?? ????? ????? ?????????????? ???????? ?? ??? ???? ?? ??… ?????? ?? ?????? ??? ???? ?????  ?????? ?? ???????? ?? ?????? ???? ???? ????? ?????? ??? ????? ?????? ???? ???? ????????????????  16 ??? 2026 ?? ???????? ??????? ?? ??????, ?????? ??? ??? ? ??? ???? ???? ????, ????? ?? ??? ?????? ??????? ??? ?????, ???? ??? ?? ???? ?? ??? ?? ????? ?? 40 ????? ?? ?? ?? ????? ???? ?? ?? ???? ???? ??? ??? ???????? ?? ???? ?????? ?? ?? ??? ?? ????? ?? ?????? ??????? ????? ??? ?? ???????? ?? ??? ???? ???? ???? ?? ????? ?? ??? ?? ?? ?????? ??? ?? ??????? ???? ?? ??? ???? ???? ?? ?? ?? ?? ?? ?? ???? ???? ?????????? ?? ?? ????? ??? ???? ?? ????? ?? ?? ?????? ??????? ????? ???? ????? ????  ???????, ???? ?? ?????? ?????? ??? ???? ??? ???? ????? ?? ?????? 40 ????? ?? ?? ???? ?? ???? ? ???? ?? ??? ??? ?????? ?? ????? ???? ???? ?? ????? ?? ???? ????? ???????? ??? ????? ??????? ??  ????? 16 ??? 2026 ?? ????????  ??????? ?? ???????, ?????? ??????? ?? ??? ??????? ?????? ?? ????? ?? ?????? ?????? ?? ??? ??? ??? ????? ????? ?? ????? ???? ?? ?? ??????? ??? ?? ?????? ??????? ????? ?? ??????? ?????????? ?? ????? ?? ??? ?? ?? ?? ?? ???? ??? ??? ??? ????? ????? ?? ????? ",REF,crime
?? ????? ?? ?????? ?? ?????? ?????? ??? ????? ?? ??? ???????? ?? ???? ???? ?? ?????..,"???? ?????? ?? ??  ?????? ???? ?? ????? ?? ??? ??, ?????? ???? ?? ???? ?? ?? ????? ???????? ??? ???? ??? ?? ?? ????? ??? ??? ?? ??? ??? ?????? ?? ??? ???? ???? ?? ??? ?? ??  ?????? ??? ?? ?????? ?? ????? ?? ????? ?? ??? ???????? ???? ?? ??? ??? ???????? ??? ???? ????? ????? ?????? ?? ??? ???? ?? ???? ??- 6 ?????? ?? ????? ?? ????? ?? ????? ???? ?? ?? ???????? ??? ????? ?????????????? ???????? ?? ??? ???? ?? ??… ?????? ?? ?????? ??? ???? ????? ?????  ?? ??? ??????? ?? ?????? ???? ???? ????? ?????? ??? ????? ?????? ????   ?????????????????? ?? ???? ?? ??? ????? ?????? ??? ????? ??? ?? ?? ?? ?????? “?????” ???? ?? ????? ?? ?????? ?? ??? ?????? ??? ?? ????? ?? ????? ???? ??? ?? ????? ?? ????????? ??? ??????? ?? ???? ??? ????? ?? ??? ???? ?? ???????? ?? ????? ?? ???????? ??? ????? ?? ??? ??, ???? ?? ?? ????????? ????????? ??? ?? ?? ?? ??????? ???? ??? ?? ?? ??????-?? ??? ?? ?? ??? ??? ???? ??????? ?? ??? ???? ??? ??? ????????????? ????, ?????? ?????? ??? ????? ?????? ??? ??? ? ??? ????? ?? ???? ?? ???? ??? ??????? ?? ??????? ??  ????? (Lujeg) ????? ?? ????? ??? ?? 2025 ??? ??????? ?? ?? ?????? ?? ????? ?? ?????? ?? ????? ?????? ?? ???? ???? ??? ???? ???? ?????? ?? ????? “?????” ?? ?????? ?? ????? ?? ???????????? ? ??? ?? ?? ?????? ???, ????? ????? ??? ???? ??? ??? ????? ????????? ?? ???? ???? ????? ?? ????? ???? ??? ????? ?? ??? ??? ???? ??? ???? ?? ?? ?? ????? ???? ????? ?? ?????? ?? ???, ???? ???????? ???? ?? ????? https://www.instagram.com/reel/DJqMWG5utq_/?utm_source=ig_web_copy_link ????????-????-???? ?? ???? ???? ?? , ???????? ??? ???? ????? ??  ????? ?????? ???? ???? ???? ?? ????, ?????  ?? ????? ?? ?????? ?? ??? ?????? ??? ?? ?????? ?????? ????? ????? ?? ??? ???????? ???? ?? ??? ??? ???????? ??? ?????? ?? ???? ????? ??? Title:?? ????? ?? ?????? ?? ?????? ?????? ??? ????? ?? ??? ???????? ?? ???? ???? ?? ?????.. Result:False",REF,crime
?????? ?? ???? ????? ?? ???? ?? ???? ?? ???? ?? ???????? ?????? ?????…,"????? ?? ??? ?? ?????? ??????? ???????? ?? ??????? ?? ???? ?? ???????? ??? ???? ?????? ? ???? ?? ?????? ???????? ?? ??? ??????? ???? ??? ???? ?? ?????? ?? ??????? ????? ?? ?????? ?? ?????? ??? ???? ?????? ?? ?? ?????? ????? ???? ?? ??? ??, ?????? ????? ?? ??? ?? ?? ?? ???? ????? ???? ?? ???? ?? ?? ???? ?? ?????? ?? ???? ?? ??? ??? ??? ?? ????????? ?? ????????? ??? ?? ?????? ???? ?????? ??? ???? ?? ???? ??? ?? ?????? ?? ???? ???? ??? ???? ???? ?? ??? ?? ?? ?? ?????? ?????? ?? ??, ???? ???? ?? ??? ?? ?? ???????? ?? ???? ?? ???? ???? ?????? ?? ??? ?????? ???? ??? ??… ??? ?? ?????? ?????? ??????? ?? ??? ???? ??????? ???? ??? ????? ?? ???? ?? ??? ?????…??????? ?? ???? ?? ???????? ?????? ?? ?????? ?? ?? ?????? ?? ????? ???? ?? ??????? ??? ???? ??? ???? ?? ??? ?? ?????? ?? ???? ?? ???? ???? ?????? ?? ??? ?? ?????? ?? ?? ???? ???? ??….Khamenei ?? ????? ?? ??? ???? ?????? ?? ??? ??? ?? ???? ??????? ?? ???? ?? ??? ??, ???? ???? ?? ?????????? ?? ??? ?? ?? ????….??? ?? ?????? ????? ?? ???? ?? ??? ??? ?????? ????????????? ????? ???????? ?? ??? ???? ?? ??… ???? ???? ?? ?????? ??? ????? ?????? ?? ??-??????? ?? ?????? ???? ???? ????? ?????? ??? ????Global Governance News??? ?? ??????? ?? 28 ????? 2025 ?? ???????? ?? ??????? ????, ?????? ?????? ?? ?????-????? ?????? ???? ?? ???? ??? ????? ??? ?? ?? ?? ???? ??????? ???????? ?? ?? ?????? ?? ??, ????? ??????? ???? ??? ????? ???????? ?? ?? ?? ?? ??? ??? ???? ??? ???? ?? ????? ?? ?? ????????? ????? ????? 27 ????? 2025 ?? ??? ???????? ?????? ????????? ?? ??????, ??????? ???????? ????????? ????? 737 MAX 8?????? ?? ?? ?? ??? ??, ??? ???? ???? ????? ??????? ???? ??? ?? ?? ???? ???? ??? ?? ???? ?? ???? ???? ????? ?? ????? ????????? ???????? ?? ?????? ???? ???????????? ????? ??? ???? 173 ????????? ?? ?? ???? ??????? ?? ???????? ???????? ?????? ???????? ????? ???? ??? ??? ????? ?? ?????? ?? ?????? ??? ?? ??, ???? ????? ?? ??? ??????? ??? ????? ????? ??? ??? ???? ????? ?????? ??????????????? ?? ?????? ???????? ?????? ?? ???? ?? ??? ???? ?? ?? ??",REF,crime
??? ?? ?? ?????? ?? ?????? ?????? ??? ?????? ?????? ????? ?? ??????? ?????,"?????? 2024 ??? ???????? ???????? ?? ????? ????? ?? ?????? ??? ??? ?? ?? ?????? ?????? ??? ?????? ??? ?????? ?????? ???????? ?? ?????? ???? ??? ???? ??? ?? ?? ???? ????? ?????? ??????? ??? ??? ???????? ?? ??? ?? ?? ?????? ?????? ?? ??? ??? ????? ?? ???? ???? ?? ??????? ?? ???????? ???? ??? ?? ???? ??? ?? ?? ????? ?? ?????? ???? ?? ?? ??? ??? ?????? ?? ?????? ??? ???? ?????? ?? ?? ?????? ????? ?? ??? ??, ?????? ????? ?? ??? ?? ?? ?????? ??? ???? ???? ??? ??? ??? ??? ?? ?????? ?? ?????? ??????? ???? ?? ?????? ???? ???? ?? ??? ?? ?? ???? ???? ?? ??? ?? ?? ????? ?? ?????? ???????? ?? ???? ??? ????? ?? ?????? ??? ???? ??? ?? ??… ???????????????????????????????????????????????????????????????????????????????????????????????”???????????????????????????????????????????? ?????? ????????????? ????? ?????????????????????… ???? ???? ?? ?????? ??? ????? ?????? ?? ??????? ??????? ???? ???? ?????? ???? ???? ????? ?????? ??? ????Viral Khan Sir??? ?? ?? ??????? ???? ?? ????? ?????? ?? ??? ???? ??? ?????? ????? ???? ?? 6 ?????? 2024 ?? ?????? ????? ???? ??? ????? ??? ?? ?? ?? BPSC ?? 70??? ??????? ??????????? ??????? ??? ???????????? ?? ????? ?? ????? ?? ??? ?????? ???????? ??? ????? ???? ?? ???? ??? ?? ?? ???? ?? ????????? ???? ??? ?? ???? ??? ??? ??? ???? ?? ????? ????????? ??????? ?? 7 ?????? 2024 ?? ?? ??????? ????? ???? ??????, ????? ??? ?????? 2024 ??? ???????? ?? ????? ???????? ?? ????? ??? ?? ?? ?????? ??? ???? ??? ?? ?? ???????? ?? ??????? ??? ???????????? ?? ???? ??????????? ?? ?????? ?? ??? ??? ??????? ?? ???? ??? ??? ?? ???? ??? ???? ????? ?? ???? ???? ??? ??? ??? ???? ???? ???????????? ???????? ??????? ????, ?????? ????? ??? ?? ?? BPSC ?? 70??? ??????? ??????????? ??????? ??? ???????????? ?? ?????? ?? ???? ??????? ?? ???????? ???? ??? ????? ??? ?? ?? ????? ??? ??? ????? ??? ?? ????? ?? ????? ?????? ??? ????? ??? ??? ????? ????? ???? ?? ???? ??? ??? ?????? ??? ??? ????? ??? ?????????? ????? ??????? ?? ?? ??????? ????, ?????? ????? ?????? ?? ?????????? ?? ???? ???? ??? ???",REF,crime
"????????? ??? ????? ?? ???? ??? ????? ?? ?????????? ?? ?????? ???? ??,???? ?????….","????????? ?? ????? ???? ??? 29 ??? ?? ??? ????? ?? ????? ??? ????? ?? ?? ?? 85 ???????? ?? ???????? ?? ???? ??? ??? ?????? ??? ???? ?????? ?? ?? ?????? ????? ?? ??? ???, ?????? ????? ?? ??? ?? ??  ?????????? ??? ??????? ?????? ?? ???? ?? ?? ??? ???? ???? ?????? ??? ?????? ?? ??? ?? ??? ?? ???????? ???? ??? ?? ?? ??? ??? ?? ?? ?? ???? ?? ??? ???? ?? ?????? ???? ???? ??? ???? ???? ?? ??? ??? ?? ???? ????? ?? ???? ???? ???? ????? ???? ???? ?? ???????? ?? ????? ?? ?? ??? ???? ??? ????? ?????? ?? ??? ???? ?? ???? ??- ????????? ??? ????????? ???? ?? ?????? ??? ???? ???? ????? ?? ??? ??? ??..???? ?????? ?? ???? ????? ??? ??? ??? ??! ?????????????? ???????? ?? ??? ???? ?? ??… ?????? ?? ?????? ??? ???? ????? ?????? ?? ??? ???????? ?? ?????? ???? ???? ????? ?????? ??? ????? ?????? ???? 5 ??? ?????? ??????? ????? ?????? ??? ??????????? ?? ????? ??? ??? ??? ??? ???? ?? ?? ??????????? ??? ??????? ???? ???? ??? ??????? ?? ????? ?? ???? ??? ???????? ????, ?? ????? ?????????? ?? ??? ?? ?? ???????? ?? ??????? ?? ???? ?? ??? ??? ?? ??????????? ???????? ?????? ?????? ????? ????? ?? ??????? ????, 4 ????? ????????!?? ?????????? ?? ??? ?? ???????? ?? ????? ?? ?5 ????? ?????? ?????????? ??? ?? ??????? ?? ????? ?? ???? ????#RangdariGang#SriganganagarPolice#BreakingNews#GangstersCaught#DIGGauravYadavpic.twitter.com/nqgzJs0C0Z ???? ??? ???? ??????? ????? ??  ??X ????????? ?????? ?? ????? ?? ????? ????? ?? ?? ????? ???? ?? ?? ??? ????? ????? ??? ?????? ??? ??? ??? ????? ????? ????? ?? ? ??????? ??? ????? ??? ?? ??????????? ?? ?? ?????????? ???????? ?? ?????????? ?? ??? ?? ??? ?? ????? ?? ???? ???? ??????? ?????? ???? ??? ?????? ??????? ?? ????? ?? ?? ????????? ????? ?? ??? ???? ????? ???????? ????? ???????? ?? ???? ??? ????? ?? ?????? ?? ??? ?? ????? ?? ?? ??? ????????? ?? ???????, ???????? ?? ????? ?? ????? ?? ?? ??????? ?? ????? ??? ??? ????? ?? ??????? ?? ?????? ?? ??? ??? ?????? ??? ?? ??????, ???????? ?? ????? ?? ???? ???? ??? ?? ????? ???? ??, ?? ????? ?? ??? ?? ?????? ???? ??? ???? ????? p",REF,crime
?????? ?? ?? ??? ???? ?? ?????? ?? ???????????? ??? ????? ?? ?????? ???????? ?? ?????  ?????…..,"??? ?????? ?? ????? ???? ????? ?? ?? ?????? ???? ?? ????? ?? ??? ??? ?????? ??? ???? ?? ???? ?? ?? ??? ?????????? ??? ?????? ?? ????? ?? ????? ?? ??? ???? ?????? ?? ???? ?? ???? ???? ?? ??? ?? ??  ????? ?????? ?? ???????????? ??? ????? ???? ????? ?? ???????? ?? ??? ???????? ???? ?? ?? ?????? ?????? ?????? ???? ??, ????? ?????? ????? ?? ????? ?????? ????? ?? ???? ????? ?? ??? ???????? ?? ?????? ?? ????? ????? ?? ??? ????? ?????? ?? ??? ???? ?? ???? ??- ?????? ?? ??????????? ?? ?? ?? ???? ?? ??? ??? ?? ???? ??? ?? ????? ???? ??? ?? ????? ??? ??? ??..?????? ??? ?? ??? ??????????? ??? ?? ??? ?????? ????? ?????? ???? ????? ?? ?? ???? ???? ??  ???????????? ??? ?? ??? ????? ???? ????? ??? ???? ???? ???????? ?? ?????? ?? ????? ??? ?? ?? ???????? ?? ????? ???? ??,??? ????? ????? ?? ????? ?? ???????? ?? ?????? ???? ?? ??? 3 ?????? ?? ??????? ?? ????? ??? ?????? ???? ????? ?? ??? ???? ?? ?????????????? ???????? ?? ??? ???? ?? ??… ?????? ?? ?????? ??? ???? ?????  ?????? ?? ???????? ?? ?????? ???? ???? ????, ?????? ??? ????? ??????  ????????? ???????? ????? ??????????? ????? ??? ???? ?????? ?? ???????? ???? ?? ???? ? ?????? ?? 27 ?? 2025 ?? ???? ???? ??? ???  ???? ?? ??? ?? ?? ????? ?????? ??? ?? ?? ???? ??? ????? ??????? ?? ???????, ????? ??? ???? ??????, ????? ????? ?? ???????? ?? ???? ?????? ?? ????????? ????? ????? ?? ?????? ??? ??? ??? The@ncbn-led government in Andhra Pradesh is openly violating the Indian Constitution by allowing police to exercise unchecked power. Rather than upholding the rule of law, the state is being run under a harsh “Red Book Constitution” that disregards the rights and protections…pic.twitter.com/zqvwxWXolJ ???? ??????? ??  ??? ???? ??? ?????? ?? ????? ???? ???? ?? ????? ?? ????? ???????‘????????’?? ??????? ?? 28 ?? 2025 ?? ???????? ?? ??? ???? ??? ????? ????? ?????? ?? ?????? ?? ???? ?? ???? ??? ??????? ?? ??????, ?????? ????? ?????? ?? ?????? ?? ??? ?????, ??????, ??????? ?? ????? ??? ?? ??? ???? ?? ??????? ??? ????? ?? ??? ??? ???? ???, ???????",REF,crime
???? ????? ?? ?? ?? ????? ?? ?? ??? ?? ?????; ????? ?? ?????? “?? ?????” ?? ??? ???? ?? ??? ?????,"???-?-????? ????? ?? ????? ????????? ?? ????? ?? ????? ?? ??? ‘?? ?????’ ?? ??? ????? ????? ????? ?? ????? ??? ??? ?? ?? ?????? ?? ?? ? ???? ??? ?? ???? ???????? ?? ????? ?? ??? ???? ????? ?? ?????? ????? ????? ?? ??? ??? ?? ?????? ?? ???? ??? ???? ???? ?? ??? ?? ?? ?? ???????? ???? ?? ?????? ?? ???? ?? ?????? ????? ?? ??? ???? ?? ??? ??? ???? ???? ??? ???? ????? ?? ??? ??? ?? ???? ??? ????? ?? ??? ?? ?????? ?? ????? ?? ??? ?? ???? ???? ?? ??? ??? ???? ?????? ?? ????? ?? ??? ????? ?? ?????? ??? ???? ??? ?? ??“?? ???????? ???? ?? ?????? ?? ??????? ???? ?? ??? ??#??_?????? ???? ?? ??????? ???? ?? ???????? ?? ??????? ???? ?? ???????? ??? ??? ?? ????? ?? ?? ?”(??????) ????? ???????????? ??????????? ????? ???????? ?? ??? ???? ?? ??… ?????? ?? ?????? ?? ???? ?? ?????? ?? ???? ?? ?????? ?? ???? ???????? ??????? ???????? ??? ??? ????? ?? ??????? ???? ?? ???????? ?? ??? ?? ?????? ?? ????? ???? ?????? ?? ????? ?? ?? ???? ???? ??? ?? ???? ???? ?? ????? ??? ??? ???? ?? ???? ????? ?? ???? ?? ????? ??? ?? ????? ?? ????? ?? ??? ?? ???? 15 ??????? 2021 ?? ?? ???-?-????? ????? ?? ??? ???? ??? ??? ?? ????? ?? ?? ????? ?? ????? ????? ??? ?????? ???? ?? ??? “???? ???????? ?????” ???? ?? ?????? ?????? ?? ??? ?? ?????? ????? ?? ????? ???-????? ?? ??? ???? ???? ?? ??? ???? ?? ??? ?? ??? ?? ? ????? ????????? ?? ???-?-????? ????? ???? ??????? ???? ?????? ?? ??? ??? ???????? ????? ?? ????? ?????? ??? ??? ??? ????? ??? “?? ?????” ?? ??? ?? ??????????? ???? ???? ?? ? ?? ?????? ?? ??? ????? ?? ???? ?????? ?? ?????? ?? ??? ?? ? “???, ????? ?? ???????? ????? ?? ?? ?????? ?? ?? ?? ????? ?? ????? ????? ??? ?? ??, ?? ???? ???? ?? ?? ???? ??? ??? ???? ?? ???????? ???? ?? ??? ?? ??? ??? ?? ???? ?? ???? ???????? ???????? ?? ?? ?? ???? ???? ???? ??? ?? ???? ???? ???? ?? ?? ?? ????? ?? ???? ??? ?? ????? ????? ?? ????? ???? ?? ?? ?? ???? ????? ?? ??,” ?????? ?? ?????? ????????: ?????? ?? ???? ?? ?????? ???? ??????? ?????? ?? ???? ??? ??? ?? ???? ????????? ?? ? ???? ?????? ?? ????? ?? ??? ?????? ?? ??? ???",REF,crime
?????? ????? ?? ?????? ?? ?????? ???? ???? ????? ?????…,"???? ?????? ?? ?? ?????? ????? ?? ??? ?? ?????? ????? ??? ?????? ?? ????? ?? ????? ???? ???? ? ??? ???  ?????? ?? ??? ???? ???? ?? ??? ??  ??  ???? ?????? ?? ??? ???? ?? ??? ??????? ?? ??????????? ?? ???? ??? ?? ?????? ????? ?? ??? ???? ????? ????? ?????? ?? ??? ???? ?? ???? ??- ?? ??? ???? ?????? ?? ??? ?? ??????????? ?? ??????? ?? ???? ??? ?? ?? ??? ???? ????? ?? ?????? ??? ???? ????. ?????????????? ???????? ?? ??? ???? ?? ??… ?????? ?? ?????? ??? ???? ????? ?????? ?? ??? ??????? ?? ?????? ???? ???? ????? ?????? ??? ????? ?????? ????Kannada Pichhar” ??? ?? ??????????? ??? ?? ????? ???? ??  ????? ?????? 15 ?????? ?? ????? ???? ??? ??? ???? ?????? ?? ??? ???? ?? ?? ?? “????? ???? 2” ??? ?? ????? ?? ?????? ?? ?????? ??? ???? ??????? ?? ??? ???? ??? ???? ???? ???? ?? ???? ?? ??????@KannadaPichhar??-????? ???? ?? ??????? ?? ??????? ?? ???????, ?? ?????? ???? “????? ???? 2” ?? ?????? ?? ?????? ???https://www.youtube.com/watch?v=v9ajeRRQta4 ??  ????? ?? ?????? ?? ???? ????‘????? 18’?? ??????? ?? 16 ?????? ?? ??? ?? ??????? ????? ???? ???????, ????? ?? ?????? ???????? ??? ??? ??? ‘????? ???? 2’ ?????? ????? ‘????? ????’ ?? ???? ????? ??? ????? ?? ???????? ?? ???? ??? ????????? ?? ???? ??? ?? ????? ?????????? ??? ???? ?? ??? ???? ?? ?????? ?? ?????? ??? ????????-????-???? ?? ???? ???? ?? ,??????????? ?? ??????? ?? ?????? ???? ???? ?????? ?? ????? ?? ????? ?????? ??? ?????? ?? ???? ????? ??? ?? ?????? ????? ?? ?????? ?? ?????? ??, ? ?? ???? ??? ???? ??? Title:?????? ????? ?? ?????? ?? ?????? ???? ???? ????? ?????… Result:False",REF,crime
"????? ?? ????? ?? ????? ?????? ?????? ????? ????? ?? ???? ?? ????, ????? ??","?????? ????? ?? ????? ????????? ?? ????? ?? ?? ???? ????? ??? ???? ???? ?????? ???? ??? ???? ???? ?? ? ?? ???? ???? ????? ?? ???? ?? ? ???? ?????? ?? ?? ?????? ?????? ?? ?????? ????? ???? ?? ??? ?? ?????? ?? ??? ?? ? ?? ?????? ??? ?? ???? ?? ???? ????? ?? ?????? ?? ????? ??? ???? ?? ???? ??? ????? ????? ????? ?? ??? ??? ?? ? ?? ?????? ?? ??? ???? ???? ?? ??? ?? ?? ?????? ??? ??? ??? ??????? ????? ?? ?????? ?? ?????? ????? ?? ?????? ???? ???? ?????? ??, ?? ?????? ?? ???? ??????? ?? ???????? ???? ??? ???? ? ??? ?? ? ???? ?????? ?? ????? ?? ??? ????? ?? ?????? ??? ???? ??? ?? ??“?? ?? whatsapp ?? ????? ?? ???? ??? ????? ??? ?? ?? ????? ???? ?????, ?? ?????? ???? ????? ?? ????? ?? DPS SCHOOL Rajbag ?? ???? ???? ???? ?????? ?? ???? ???? ???? ??? ?? ?? ???? ?? ????? ????? ??? ?? ??? ? ?????? ????? ???? ?? ???? ????? ????? ?? ?? ????????? ???? ?? ???? ??? ? ?” (??????) ????? ???????????? ???? ???????? ?? ??? ???? ?? ??… ???? ?? ?????? ???? ?? ?????? ?? ?????? ?? ??????? ??? ?? ??? ?? ???? ????????? ??? ???? ?? ???????? ?? ?????? ???? ???? ????? ????? ?????? ?? ???? ????? ???? ?????? ????????? ???????? ??? ???? ? ?? ??? ?? ?????? ????? ?? ??? ?????? ?????? ?? ?? ? ?? ?????? ?????? ?? ?? ????????? ?? ?? ???? ?? ?????? ?? ?????? ?? ????? ??? ??? ??? ??? ?? ???? ?? ??? ????? ??????? ????? ?? ? ??? ?? ??? ?? ?? ?? ?????? ?? ???? ?? ????? ?? ??????? ???? ??? ?? ?????? ????? ???? ?? ????? ?? ?? ?????? ???? ?? ?? ???????? ?????? ?? ??????????? ???? ?? ????? ?? ???????? ?? ???? ?? ? ??????? ??? ????? ????? ????????? ?? ??? ?? ????? ?? ??????? ????? ??? ?? ? ????? ?? ????? ????? ?? ???????? ???? ??? ?? ? ????? ??????????? ?? ?????? ?? ????? ??? ?????? ????? ?? ???????? ?? ?????? ????? ????????? ??????? ????? ????????? ?? ???? ????? ?? ?? ????? ???? ?? ??????? ?????? ????? ??? ? ?? ???? ?? ???? ??? ??? ????? ???? “?????? ??? ??? ??? ??????? ? ?? ?????? ????? ?? ?????? ?? ?? ? ?? ????? ????? ??? ??? ??? ???? ??? ??? ????? ????? ????? ??? ???? ???? ?????? ??? ?? ??? ?????? ???? ??,” ??",REF,crime
????? ?? ??????? ?? ????? ??? ‘?? ??????’ ???????? ?? ?????? ??????? ?????? ?? ?????? ?????? ???? ?? ?????…,"?? ?????? ????? ???? ?? ???? ??????? ?????? ?? ??????? ???????? ?? ???? ??, ???? ????? ??? ?? ????? ??????? ?????? ?? ????? ??? ?? ??? ?????? ?? ??? ????? ??? ??? ??? ????? ??? ?? ??? ??????? ????? ????? ?? ?????? ????? ??????? ?? ???? ?? ????? ???? ??? ?????? ??? ?? ????????, ?????? ?????? ?? ???????? ?? ????????? ???? ??? ?????? ?? ????? ???????? ?? ??? ????? ?? ???? ??? ?? ?????? ??? ?? ??? – ??? ?????? ?? ?? ????? ?? ?????? ?? ?????? ???? ?????? ?? ??? ????? ?? ??? ??, ?????? ?????? ?? ???? ?? ???? ???? ?? ????? ?? ??? ??? ???? ???? ?? ??? ?? ?? ??????? ?????? ?? ????? ??? ?? ??? ????? ?????? ????? ???? ?? ????? ???????? ???? ??? ??? ?????? ?? ?????? ?? ??? ?????? ?? ??? ??… ????????????????????????????????????????????????????????????????????????????????????????????????????????????????????????????????????????????????????????????????????????????????????????????????????? ?????? ????????????? ????? ?????????????????????… ???? ???? ?? ?????? ??? ?? ???? ?? ????? ?????? ??? ?? ???-??? ????? ???  ????? ???? ????? ?? ?? -?? ?? ??? ???? ???? ????? ???? ????? ?????? ?? ???? ????? ?? ??-??????? ?? ???? ???? ?? ???? ???? ????? ?????? ??? ???? ???? ????????????????360??? ?? ?? ??????????? ?????? ?? 10 ????? 2026 ?? ????? ???? ??? ????? ????? ????? ??? ?? ?? ??????????????? ?? ????? ????? ??????? ?? ?????? ?? ????? ????? ???? ?? ??? ??? ??????? ?? ?????? ?? ?????? ?? ????? ???????? ????, ?? ???? ???? “?? ??????” ?????? ?? ?????? ?? ????? ??? ???? ??????? ??? ???????? ??? ??? https://www.instagram.com/reels/DTVFXFxDKG- ??? ???? ???? ??????blockclubchi??? ?? ??????????? ?????? ?? 19 ??????? 2025 ?? ????? ???? ??? ????? ?? ?????? ?? ??? ?????? ??? ???? ??? ?? “?? ?????? ????? ???????? ?????? ??????? ?? ????? ?? ?? ??? ??? ???” ??? ?? ?? ??????‘thetrid.ent’??? ?? ??????????? ?????? ?? ????? ???? ??? ??? ???? 19 ??????? 2025 ?? ????? ???? ??? ??? ????? ??????? ?? ??????, “18 ??????? 2025 ?? ??????? ?? ??? 50 ??????? ??? ????? ??? ?????????? ?????? ????? ?? ??????? ?? ????? ‘?? ??",REF,crime
???? ??? ???????? ?? ????? ????? ?? ????? ???? ?? ???? ?? ????? ?????? ??? ??? ????? ?? ?????? ?? ??…,"???? ?????? ?? ?? ??????? ?? ????? ?? ????? ???? ?? ?? ?????? ???? ?? ????? ?? ??? ??? ????? ?????? 48 ?????? ?? ??, ?????? ???????????? ?? ??????? ??? ?? ???? ?? ????? ?? ?????? ???? ???  ??? ???? ???? ?? ????? ????? ???? ?? ???? ?? ?? ?? ???? ?????? ???? ???????? ?????? ?? ??? ???? ???? ?? ??? ?? ??  ???? ??? ????? ????? ?? ???? ????? ???????? ?? ????? ????? ?? ?????? ?? ??? ??? ????? ?????? ?? ??? ???? ?? ???? ??- ????? ?????? ???? ?? ???, ????? ???????? ???? ?? 700 ?? ?????? ????? ???????? ?? ???????? ???? ??, ?? ???? ?? ??????? ????? ????? ?? ????? ?????? ??? ?????? ???? ???? ????? ?? ??? ?? ?? ?? ‘????? ?????’ ??? ?? ?????? ????? ?? ????? ?????? ?? ??? ??? ?????????????? ???????? ?? ??? ???? ?? ??… ?????? ?? ?????? ??? ???? ????? ?????? ?? ??? ???????? ?? ?????? ???? ???? ????? ?????? ??? ????? ?????? ????  ?????? ???????  ????? ?????? ?? 29 ??? ?? ????? ???? ??? ??? ???? ????? ?? ????? ??? ?? ?????? ?? ???? ?? ????? ?? ?????? ?? ????? ??? The video has nothing to do with the hanging of the Mossad spy traitor, but the video is a movie scene.https://t.co/cUFTduxSkFpic.twitter.com/DahUx3FkjV ???? ???? ???? ?? ????Alireza Donyadide?? ??? ?? ??? ??????? ?????? ????? 16 ?????? 2024 ?? ????? ?? ?????? ??? ????? ?????? ???? ????? ????? ???  ?????? ?? ??? ????? ????? ??? ???? ??? ??, “????? ?? ?????? ???? ?? ???????? ?? ?????”? ???? ?????? ?? ??????????? ????? ?? ???? ???? ?? ????? ???? ?? ?????? ?? ??? ?? ?? ??????? ??????? ??? ?? ????? ?? ?? ???? ?? ??? ??????? ??? ?? ?? ???? ???? ?? ??????? ???? ??? ???? ?? ?????? ?? ??? ?? ?? ?? ?????? ?????? ??? ???? ??? ???? ?? ?????? 17 ????? 2025 ?? ????????????? ???????? ????? ???? ??? ????? ?? ?????? ?? ??? ????? ??????? ?????? ??? ??? “?? ???” ???? ?? ????? ?? ?????? ?? ????? ??? ??? ????????-????-???? ?? ???? ???? ?? , ???? ??? ???????? ?? ????? ????? ?? ????? ???? ?? ???? ?? ????? ?? ??? ?? ??????, ??? ??? ?? ????? ?? ?????? ?? ????? ??? Title:???? ??? ???????? ?? ????? ????? ?? ????? ???? ?? ???? ?? ????? ?????? ??? ??? ",REF,crime
???? ?? ?????? ??? ????? ?? ???????? ?? ????????? ?? ?????? ?????? ????????? ?? ?????? ????????? ?? ?????? ??????,"????????? ?? ?????? ????????? ?? ????, ????? ?????? ??? ????? ????? ??? ???????? ?? ????????? ?? ?? ??????? ????? ?????? ?? ????????? ??????? ????? ????? ??? 28 ?? 2026 ?? ?? ???? ????? ????? ???? ?? ???? ??????? ?? ??? ??? ??? ?? ???? ?? 17 ?????? ????? ?????? ????? ?? ???? ?? ??????? ???? ?? ????, ????? ??? ???? ?? ????? ??????? ??? ?????? ?? ??? ?? ??? ?????? ?? ????? ???? ???? ??? ????? ????? ??? ?? ????? ?? ? ???? ?? ??????? ??? ??? ??????? ?????, ?? ????????? ??? ????? ????? ???????? ?? ????????? ?? ?????? ?? ???? ??? ????? ??? ?????? ?? ?????? ??? ?? ?????? ????? ?? ??? ??, ?????? ????? ??? ???????? ??? ?????? ?? ??????? ?? ?????? ?? ?? ??? ??? ??? ?? ???? ????? ?? ???? ?? ??? ??? ??? ????? ?? ??? ???? ???? ?? ??? ?? ?? ????? ?? ?????? ????????? ?? ????? ???????? ?? ???? ?? ??????? ?? ?????? ????? ??????? ????? ?????? ?? ??? ?????? ???? ??? ??… ?????????????????????????????????????????????????????????????????????????????,?????????????????????????????????????????????????????????????????????????????????,?????????????????????????????????????????????????????????????????????????????????????????????????????????????????????????????????????????????????????????????????????????????????????????????????????????????????????????????????????????????????????????????????????????????????????????????????????????????????????????????,????????????????????,?????????|??????????? ?????? ????????????? ????? ?????????????????????… ???? ???? ?? ?????? ??? ????? ?????? ?? ?????? ???? ???? ?????? ???? ?? ???? ????? ?????? ??? ????apnamandsaur_official??? ?? ??????????? ?????? ?? ????? ?????? ????? ?? ????? ???? ?? ?????? ?? 8 ?????? 2026 ?? ???? ???? ??? ??? ???? ?????? ??? ???? ??? ?? ‘???? ????????? ??? ???? ??????’? ??? ????????? ?? ??? ???? ????????? ?? ??????? ???? ?? ????? ?????? ????? ???? ?? ?????? ?? 8 ?????? 2026 ?? ????? ???? ??? ??? ????? ??? ?? ?? ?????? ?? ??? ??????? ????? ?? ???? ????? ????? ???? ???? ?? ???????? ?? ???????? ???? ?? ???? ????? ??????? ???????? ?? ?????? ??",REF,crime
1975 ??????? ????? ?? ???????? ??? ?? ????? ?????? ?? ?????? ??????? ?????? ????? ?? ?????? ?????? ???? ?? ?????…,"?? ?????? 1999 ?? ???? ????? 1975 ??? ??????? ?? ?????? ?? ???????? ????? ???? ?? ????? ?? ??? ??? ??? ?? ??? ??????? ????? ????? ?????? ??? ?????? ? ???? ????? ????? ??????? ?? ???? ?? ????? ????? ?????? ?? ????????, ?????? ?? ???????? ?? ????????? ???? ??? ??? ????? ?????? ??? ???? ?????? ?? ?? ????? ???? ????? ?? ??? ???? ??? ???? ??? ?? ????? ????? ???? ?? ??? ??, ?????? ?? ?????? ??? ??? ??? ?????? ??? ?? ???? ????-???? ?????? ?? ???-??? ?????? ??? ???? ??? ??? ? ??? ??? ??? ???? ???? ??? ???? ???? ?? ??? ?? ?? ?? 1999 ?? ?????? ????? ?? ????? ?????? ??? ?? ????? ???? ????? ???? ???? ????? ??????? ?? ??? ???? ??? ??, ?? ???? ?? ????? ?? ???? 300 ???? ??? ???????? ????? ?? ?? ?????? ?? ???? ???? ?? ??? ??… ????????1999????????????????????????????????????????????!?????????????????????????????“???????????????????????????$300????????!” ?????? ????????????? ????? ?????????????????????… ???? ???? ?? ?????? ??? ????? ?????? ?? ???? ?????? ???? ?? ???? ????? ?????? ??? ??????????? ?? ????? ?????? ????????????? ?? ?? ?????? 2014 ??? ????? ?? ??? ????? ???? ????? ??? ?? ?? 1975 ??? ???? ??????? ?? ????? ?? ?????, ?????????? ??????? ????? ?? ????? ??????? ?? ???? ???? ?? ????? ?????? ?? ???????? ???? ?????? ?? ??????? ?? ???? ????? ?? ???? ?? ?????? ????????? ??? ???? ??? ??? ????? ?????? 4 ??????, 1975 ?? ??? ??? ?? ????? 3,000 ?? ??????? ???? ?????? ?? ?????? ??? ??? ???? ??????? ?? ??? ?? ??? ??? ???? ?? ??????????? ?? ?? ?????? ????????? ?? ?? ?????? ??????? ????,?????? ????? ?????? ????? ??? ???? ??????? ??? ????? ??? ??  3 ?????? 1975 ??, ?? ??????? ????? ?????? ???? ???? ??, ?? ??????? ?????????? ??????? ????? ?? ????? ?? ?? ??? ???? ???????? ?????? ?? ????? ?????? ?? ???? ????? ?? ?????? ???? ?????? ?? ????? ?? “?????? ?????????” ??? ???? ??? ??? ??????? ?? ???? ???? ?? ??????? ?? ?????? ?? ??????? ????? ???? ??, ????????? ?????? ????? ??? ???? ????-???? ?? ?? ???? ??, ?? ??????? ???? ???? ??? ??, ?? ?? ????? ?? ????? ??????? ??????? ?? ???????? ??????? ?? ????? ?",REF,crime
"???? ???? ???? ?? ????? ?? ??? ????? ?? ????? ?? ?? ????? ?????? ??????, ?????? ?? ?????? ?????? ????? ?? ??? ??????","?????? ???? ?????? ?????? ?? ?????? ???? ???? ?? ??? ?? ???????? ??????? ?? ????? ?????? ???? ?? ?? ??????? ??? ??? ?? ??? ???? ?? ????? ????????? ?????? ????????? ?? ??? ?? ???? ?? ??? ???? ?????? ?? ???? ??? ?????? ???? ?????? ?????? ?? ?????? ?? ?????? ????? ?? ??? ??? ????? ??? ????? ?? ???? ?? ????? ?????? ?????? ?? ????? ???? ??? ?????? ??? ??? ?????? ???? ???? ??? ???? ???? ?? ??? ?? ?? ?????? ???? ?????? ?? ????? ??? ?? ?????? ?? ????? ?????? ?????? ?? ????? ?? ??? ???? ????? ??? ?????? ???? ??? ??… Cockroach??????????????????–?????VIP????,???????????? ?????? ????????????? ????? ?????????????????????… ???? ???? ?? ?????? ??? ????? ?????? ?? ??????? ???? ??? ?????? ???? ???? ????? ?????? ??? ???? ??? ?????? ????????????? ?????? ????, ????  22 ????? 2026 ?? ???????? ???? ??? ??? ???? ??? ?????? ??? ???? ??? ??,”????? ??? ?????????? ?? ????? ?? ????? ?? ????? ?????” ??? ?????? ?? ?? ????????????? ??????????? 22 ????? 2026 ?? ???? ???? ??? ????? ??? ?? ??, ?? ????? ????? ?? ?????? ?? ?????????? ?? ???? ??? ?? ?????? ???? ?? ?????????????????? ?? ???? ?????? ?? 21 ????? 2026 ?? ????? ???? ??? ?????? ????, ?????? ????? ????? ?? ??? ???? ????  ????? ??? ???? ?????? ?? ??????, ????? ??? ????????? ?? ??????? ???? ???? ???? ?? ???? ?? ?????? ????? ?? ?? ????? ??? ??????? ????? ?? ????? ?? ????? ????? ????? ??? ????????? ?? ??????? ‘???? ???? ????’ ?? ???? ?? ?????, ???????? ?? ??? ???? ?????, ??????? ???? ?? ????? ?? ???? ?????#Mathurapic.twitter.com/hL5W3aW9cb ??? ??? ???? ??????? ?????? ??????? ??????? ?? ??????, ????? ?? ???????? ??? 21 ????? ?? ???? ???? ???? ???? ????????? ?? ??? ?? ??? ??????-???? ????? ????? ?? ???? ?????? ??? ?? ?? ????? ?? ????? ???? ??? ??, ?????? ?? ?????????? ???? ??? ??? ???? ???? ?? 21 ????? 2026 ?? ????? ??? ????????? ?????? ??????? ??? ????? ?? ???? ?? ??? ???? ???? ????? ????? ?? ?????? ????? ????? ?? ????????? ?? ??? ?? ????? ????? ?? ???????? ?? ???? ?? ????? ????? ???? ???? ?? ?? ????????? ????? ?? ?? ?? ?? ????? ??? ?? ??? ?? ?? ?",REF,crime
????????? ?? ?????? ????? ????????? ?? ????? ??? ?? ????? ?? ???? ?? ?? ????? ??????….,"????? ?????? ?? ????????? ??? ??? ?????? ????? ????????? ?? ????? ???????? ?? ?????? ?? ?????? ???? ?????? ?? ???? ?? ????? ?? ??? ??? ?????? ??? ??? ?? ?????? ??? ??? ??? ?? ?? ?? ?????? ?? ?????? ???? ??? ? ??? ????  ?????? ?? ???? ???? ??? ???? ???? ?? ??? ?? ?? ????????? ?? ?????? ????? ????????? ?? ????? ??? ?? ????? ?? ?????? ?? ? ????? ??? ?? ????? ??????? ??? ??? ??? ???? ?? ??? ???? ????? ?? ??? ???? ?? ???? ???? ??? ?? ???? ?????? ?? ?? ???? ?? ????? ?? ????? ????? ?????? ?? ??? ???? ?? ???? ??- ??? ?? ??? ???? ?? ???? ???? ????? ????? ?? !! ?????????????? ???????? ?? ??? ???? ?? ??… ?????? ?? ?????? ??? ???? ?????  ?????? ?? ???????? ?? ?????? ???? ???? ????, ?????? ??? ???? ????? ??????  ?? ???? ????? ????????????? ??? ????? ???? ?? ?????? ?? ?????????? ?? ?? ???? ?? ??????? ????? ??? ??? ?? ????? ????NT UpBharat???? ?????? ??? ?? 5 ?? ?? ????? ?? ?? ?? ?????? ??????? ????? ??????? ?? ?????? ??, ?????????? ??? ???????? ?? ???! 4 ?????? ?? ??? ?? ??????? ?? ????????, ?????? ?? ?? ???? ?? ???? ?????? ?????? ??? ?????? ????? ??? ?? ?? ?? ????? ???? ?? ?????????? ?? ???????? ?????? ?? ??, ???? ??? ?????? ?? ???? ??? ?? ????? ????? ???? ?? ??? ????? ???? ???? ?? ??? ??? ??? ??? ????? ??????? ??? ?? ??? ?? ???? ???? ?? ????? ?? ????? ???? ??????? ?? ?? ???? ?? ??? ?? ???? ?? ?? ??????? ?????? ?? ?? ?????? ????? ?? ????? ?? ???? ??? ???? ??????? ?? ??? ???? ??? ???? ???? ???? ?? ???? ????? ???????? ??????? ?? 6 ?? ?? ???????? ?? ??????? ????, ?????? ????? ?????? ???? ????? ????? ??? ??????? ?? ???????, ???? ??? ??? ????? ???? ???? ?? ??????? ?? ???? ?????? ?? ???? ???? ??????? ?? ??? ?? ??? ???? ???? ??? ???? ?????? ?? ???? ????? ?? ??? ?? ?? ??? ???? ?? ?? ?? ?? ????? ?? ??? ????? ??????? ????? ?? ??? ?????? ?? ??????? ???? ?? ?? ?? ?????? ?? ?????? ?? ????? ?? ????? ???? ????? ???? ?? ?? ????? ?????? ????????? ?? ???? ?? ???? ?? ?? ?? ???? ?? ??????? ??? ???? ??? ??? ?? ????? ?? ??????? ??? ?????? ??????? ?? ?????? 4 ?? ?? ????, ????? ?? ??? ??? ?? ??????? ??",REF,crime
???? ?? ?????? ????? ?????? ??? ??????? ??? ???????? ?? ????????? ???? ????? ?? ???,"????? ?????? ?? ?????? ??? ?????? (????? ??????) ?? ????? ??????? ?????? ?????? ???? ?? ?? ?? ????? ????? ?????? ?? ??? ?? | ???? ?????? ?? ?? ??????? ??? ???????? ?? ????????? ???? ???? ?? ?? ?????? ???? ???? ?? ?????? ??? ???? ???? ?? ??? ?? ?? ?? ???? ????? ?????? ?? ?????? ?? ?? | ???? ?????? ??? ????? ?? ?? ??????? ??? ???????? ?? ???? ?????? ???? ???? ??????? ?? ???????? ?? ??? ??????? ??? ?? ??? ?? ?? ???? ?? ??? ??? ?? ??? ?? | ????? ?? ??? ?????? ????? ??? ?? ??????? ??? ?? ???? ?? ???? ??? ?? ??? ????? ??, ???????????? ??? ?? ?? ??????? ????? ?? ???? ?? ???? ??? ????? ?? ??? ??, ??? ?? ??? ??? ??? ???? ???? ???????? ?? ?? ???? ??? ???? ?? | ???? ?? ???, ?? ????? ???? ????? ?? ????? ?????? ????? ?? ?? ???? ??? ??? ???? ??????? ??????? ??? ???????? ?? ???????? ????? ?? ???? ???? ???? ?? ? ???? ???? ?? ????? ????? ??? ???? ?? ??? ???? ?? | ???? ?????? ?? ????? ????? ?? ?????? ??? ???? ??? ?? ?? “??????? ????? ???? ???????? ?? ?? ?? ?? ??????? ???? ??? ??? ??? ?? ?? ??????? ?? ??? ?? ????? ?????? ?? ?????? ?? ???? ???? ??? ??? ?? |” ??????? ????? ???? ???????? ?? ?? ?? ?? ??????? ???? ??? ??? ??? ?? ?? ??????? ?? ??? ?? ????? ?????? ?? ?????? ?? ???? ???? ??? ??? ??.@Uppoliceplzzz check ??? ????? ?????? ???@CMOfficeUP@A_suryavanshi_@AyushChitransh_@mrajan_live@vaibhavnews@SamacharplusNpic.twitter.com/cmKvxAXN5h ???????? ?? ??? ???? ?? ??… ???? ?? ??????? ???? ????? ?? ??? ?????? ?? ?????? ??? ?? ?????? ?? ???? ????????? ??? ?????? ? ???? ?? ?????? ???? ???? ???? ?? ??,  ????? ?????? ?? ???? ?? ?????? 2 ??????? ???? ?????? ???????????? ???????? ???? ??? ???? | ?? ??? ?? ?????? ?? ???? ???? ??? ?? ??? ??????? ?? ??, ???? ?? ???????? 3 ???? ??? ?? ???????? ?? 1 ?????? ??? ?????? ?? ?? ???????? ?? ???? ?? ???? ?? | ?? ????? ?? ???? ??? ????? ?????? ?? 3 ????? ?? ?????????? ?? ???? ?? | ??? ????? ?? ?????? ????????, ?????????? ????? ???? ?? ?????? ?? ??????, ??? ????? ?? ???? ?? ??? ????? ?????? ?? ?????? ??? ???????? ?? ????? ?? ????? ?? ???? ??? ?? ??????? ????, ",REF,crime
???? ?? ??????????? ??? ?????? ?? ????? ?? ?? ?????? ?????? ?????? ????? ?????? ???? ?? ?????…,"?? ?????? ???? ??? ?????? ???????? ?? ???????? ???? ??? ????? 2024 ?? ?? ????? ?? ??????? ??????? ?? ?? ?????? ????? ?? ??? ?? ???? ???? ??? ?? ??? ????? ?????? ?????????? ?? ??? ???? ???? ?? ??? ??? ?????? ??? ?? ??? ?? ?? ????? ?? ????? ?? ??? ??? ?? ????? ??? ?? ???? ?? ????? ??? ?????? ??? ??? ???? ?????? ??? ??? ???? ??????? ?? ????? ??? ?????? ??? ??? ?? ?????? ???? ???? ??? ???? ???? ?? ??? ?? ?? ?? ?????? ???? ??? ????? ?????? ?????????? ?? ???????? ??? ????? ?????? ?? ?? ?????? ?? ??? ???? ???? ?? ??? ??… ????(???????)???????????????????????????????????????????????????????????????? ?????? ????????????? ????? ?????????????????????… ???? ???? ?? ?????? ??? ????? ?????? ?? ??????? ?? ???? ????? ?????? ??? ?????????? ?? ???????? ??????? ?? 4 ????? 2024 ?? ??? ??????? ??? ????? ?????? ?? ?? ????? ???? ???? ??? ????? ????? ????? ??? ?? ?? ?????? ?? ???????? ???? ??????????? ??? ?? ?????? ?? ????? ? ????? ?? ??? ?? ??????????? ?? ??????? ??? ?? ???? ??, ????? ??? ?????? ?? ????? ??? ?? ??? ????? ??? ????? ?? ???? ?? ?????? ???? ?????? ?? ????? ?? ??? ??? ???? ??? ???????? ???? ??? ?????? ?? ??????? ?? ?? ?? ?????? ?? ????? ??? ???? ????? 4 ????? 2024 ?? ??? ?? ??????, ?????? ?? ???????? ???? ??????????? ?? ????? ??? ?????? ????? ??? ?? ?????? ?? ???? ??? ?? ??????? ???????? ?????? ????? ? ????? ?? ?????? ??? ???? ?? ???, ????? ??? ???? ????? ???? ??? ???? ?????? ????????????? ??? ????? ?? ??? ????? ???? ??? ???? ?? ??????????? ????????? ?? ????? ?? ????? ?????? ?? 3 ????? 2024 ?? ???? ???? ??? ???? ?? ?? ????? ???? ??? ???? ??????, ???? ?? ?????? ????? ????? ??? ?????? ??????????? ??? ?? ?????? ?? ???? ??? ?? ????? ?? ???? ??????? ????? ?????? ?????? ??? ???? ?? ????? ??? ???? ????? ?????? ????? ??? ???????? ????? ?? ?????? ?? ??????, ??????? ????? ??? ???? ?? ???? ?? ????? ?? ??? ??, ????? ????? ???? ????? ????? ?? ?? ?????? ??? ???? ????? ????? In Iran, a student harassed by her university’s morality police over her “improper” hijab didn’t back down. She turned ",REF,crime
????? 2026 ??? ??????????? ???? ?? ???????? ?? ?????? ???? ?? ??? ?? ???? ???? ?? ??? ???,"???? ???? ?? ????????? ?? ?? ?????? ?????????? ?? ??, ?????? ????? ?? ????? ?????? ????? ??? ???? ?????? ?? ?????? ?? ??????? ?? ????? ?????? ???? ???????? ?? ?? ??? ??? ????? ??? ??????? ??????????? ?????????? ?? ????? ???? ?? ??? ?? ?????? ?????? ??? ???? ?? ???? ????? ?? ????????? ??? ?? ?? ??? ??? ?????? ?? ?????? ??? ???? ?????? ?? ?? ?????? ????? ???? ?? ??? ??,?????? ????? ?? ??? ?? ?? ???? ?? ????? ??? ?????? ?????? ?? ???? ?? ?????? ??? ???? ??? ??? ??????? ?????? ?????? ?? ???? ???? ??? ???? ???? ?? ??? ?? ??, ????? ??? ?????? ?? ?????? ?? ???? ??? ???? ?? ????? ?? ??? ?? ???????? ?? ???? ????? ????? ?? ????? ?? ?????? ??? ???? ??… ????????????????????????????????????????????,?????????????????????????????????????????? ?????? ????????????? ????? ?????????????????????… ???? ???? ?? ?????? ??? ????? ?????? ?? ????????? ?? ?????? ???? ????? ?????? ??? ???????? ??????? ?? ???? ????? ?? 21 ????? 2026 ?? ????? ???? ??? ?? ?????? ????? ???? ??? ???? ?????? ?? ??????, ?????????? ?????? ??????? ?? ?????? ???? ????? ????? ???? ????? ?? ???? ?? ???????? ?? ????? ?? ??????! ???????? ??????? ???? ??? ???? ??????? ?????? ?????????#??????????? ????? ???? ""???? ?????""pic.twitter.com/YBzy22u1MT ??? ???? ?? ??????????? ????? ??????? ?? ?????? ??????? ?????? 22 ????? 2026 ?? ???? ?????? ???? ???? ??? ????? ????? ??? ?? ?? ?????????? ?? ??????? ???? ????? ???? ?? ?????? ?? ???????? ?? ????? ?????????? ??? ?? ??? ?????????? ??? ??? ??? ?????? ???? ?? ???? ?? ?? ??????????? ?????? ??????Cumilla24 tv?? ?????? ??? ?? ?? ???? ?????? ????, ???? 22 ????? ?? ????? ???? ??? ??? ??? ???? ?? ?? ?????????? ??? ?????? ??????? ?? ?? ???? ????? ?? ???? ???? ??? ????? ??? ??? ???? ????? ?????????? ????????????????????????? ????? ?? ???? ?????? ??? ???? ???? ??? ????? ???? ??????, ????? ??????? ???? ??? ?? ??????? ???? ?? ???? ????? ?? ??????????? ???? ?? ???? ?? ??? ???????? ???? ??? ????? ?????? ???? ?? ?? ?????????? ?? ?????? ?? ????? ?? ????? ???????? ???? ??? ???? ?? ??? ??? ?????? ????? ",REF,crime
???? ?? ???? ????? ?? ????? ?? ??? ??? ?????? ?????? ?? ???? ??????????? ???? ?? ?????….,"????? ?? ???? ?? ?????? ?????? ?? ????? ?? ?? ?????? ???? ?????? ?? ???? ????? ?? ??? ??? ?????? ?? ??????????? ???? ?? ???? ???? ??? ???? ???? ?? ??? ?? ?? ????? ?? ????? ???? ??????? ??????? ??? ????? ?????? ?? ??? ???? ?? ???? ??- ?? ????, ????? ??? ?? ???? ??, ??? ??? ?? ?????? ?? ??? ?? ??? ??????? ???? ?? ????? ?????? ?????? ?? ??? ???? ? ?????????????? ???????? ?? ??? ???? ?? ??… ?????? ?? ?????? ??? ???? ????? ?????? ?? ??? ??????? ?? ?????? ???? ???? ????? ?????? ??? ????? ?????? ?????????? ?? ?????? ?? ???? ?? ????? ???? ?? ?????? ?? 17 ?????? 2017 ?? ????? ???? ??? ??? ???? ?? ??? ?? ?? ?????? ??? ?? ???? ??? ??? ?? ?????? ???? ?????????? ?? ????? ???? ?? ????? ??? ?? ???? 25 ???????? ??? ????? ???? ?? ??? ???? ?? ???? ?? ????? ??? ?? ???? ?? ?????? ???? ?????? ?? ???? ????? ?? ????  ???? ??? ?? ????? ?? ?????????? ?? ??????? ????? ?? ??? ?? ????? ????? ???? ??? ????? ?? ???????? ?? ????? ???? ?? ????? ????? ??? ?????? ??? ???? ??????? ?? ??? ???? ??? ???? ???? ???? ?? ???? ????? ???? ?? ???? ??? ??????? ??????  21 ?????? 2017 ?? ???????? ??????? ?? ??????, ?? ?????? ?????????? ?? ????? ???? ?? ????? ????? ?? ???  ??? ????? ??? ?? ?? 23 ??? ?? ???? ?? ???? ?? ??????? ??????? ?? ?? ????? ?? ???? ???? ???  ?? ?????, ????? ?? ?? ??? ??? ??? ??? ??? ??? ?? ????? ?? ???? ???? ?? ???? ??? ?? ??? ?? ???? ?? ?? ????? ?????? ?? ????? ??? ?? ?????? ??? ???? ?? ???? ????? ?? ???? ?? ????? ??? ????? ?? ??? ??? ????? ?????? ?? ???????? ??????? ??????,???? ???????? ?????? ??? ??? ??? ???? ?? ?? ????? ?? ????? ???? ???? ??? ????? ?? ??? ????????-????-???? ?? ??? ???? ???? ?? , ??? ???  ?????? ???? ?? ??? ?? ????? ??? ??????????? ??? ?? ?? ???? ???? ?? ???  ??? ???? 2017 ?? ?? ?? ?????????? ?? ????? ??? ??? ????? ??? ?? ???? ?? ?? ????? ?? ??? ???? ??? ?? ??? ?? ???? ??????? ??  ????? ?? ???????? ?? ???? ??? ?? ??? ?? ???? ???? ??? Title:???? ?? ???? ????? ?? ????? ?? ??? ??? ?????? ?????? ?? ???? ??????????? ???? ?? ?????…. Result:False",REF,crime
????? ?? ????????? ??? ???? ?? ????? ?? ?? ??? ????? ?? ?????? ?? ?????? ??????? ?? ????????? ?? ?????? ???? ?? ??????,"????? ??? ??????? ?? ????? ???? ?? ???? ???? ??? ???, ?????? ??? ??? ??? ?????? ??? ??? ????? ??? ??? ?? ????? ??? ?????? ????? ????? ?? ??? ?? ????? ?? ??????? ?? ???? ?? ?? ???????? ???? ?? ?? ??? ????? ??? ????? ??? ???? ??? ????????? ?????????? ?? ??? ?? ???? ?? ?????? ??? ????? ? ???? ??? ????? ?? ???????? ? ???? ?? ?????? ??????? ??? ?? ???? ???? ??????? ?? ??? ?? ??????? ?? ?? ?? ?????? ?? ?????? ???? ?? ???? ?? ??????? ???? ???? ????? ?? ????? ???? ?????? ???????? ??? ??? ??? ?????? ??? ?????? ?? ?????? ??? ??????? ?? ?? ?????? ????? ??? ??, ?????? ??? ????? ?? ???? ??????? ????????? ?? ????? ?? ?????? ?????? ? ???? ??? ????? ??????? ???? ??? ??? ??? ???? ???? ?? ??? ?? ?? ????? ?? ?? ?????? ????? ??? ???????? ?? ??? ???? ????? ?? ??? ????? ?? ??????? ?? ????? ??? ?? ?????? ????? ?? ????? ?? ???? ???? ?????? ?? ?????? ?? ?? ?????? ?? ??? ???? ???? ?? ??? ??… ????????????????????????????????????????..???????????????????????????????????????????????????????????????????????…????????????????????????????????????????????????????????????..???????????????????????????????????? ?????? ????????????? ????? ?????????????????????… ???? ???? ?? ?????? ??? ????? ?????? ?? ????? ???? ???? ?????? ???? ?? ???? ????? ?????? ??? ????The Siasat Daily?? ???? ?????? ?? ????? ?????? ????? ???? ?????? ?? 3 ????? 2025 ?? ???? ???? ??? ??? ????? ??? ????? ??? ?? ?? ?????? ????? ?? ????????? ??? ????????,1 ????? ?? ???? ?????????? ?? ??? ???????? ?? ?? ?? ??? ??????? ????? ??????????? ?? ?? ???? ?? ?????? ?? ???????????? ?? ???? ?? ????? ?????????? ?? ????? ????? ???? ???? ??? ?? ?? ????? ?? ????????? ???? https://twitter.com/TheSiasatDaily/status/1951998107497213996?s=20 ??? ?????????? ?????? ??????? ???? ?? 2 ????? 2025 ?? ???????? ?? ?? ??? ??????? ?? ??????, ????????? ??? ??? ??? ????? ???? ??????? ?? ??????? ???? ????? ?? ??? ??? ?? ???? ?? ??? ???? ??? ???? ??? ??? ????? ???? ???? ?? ??????? ?? ???? ??? ?? ???????? ?? ??? ?? ????? ??? ?? ???? ?? ????? ???? ????? ?? ???? ????, ?????",REF,crime
???????? ?????? ????? ?????? ?? ?????? ?????? ??? ?? ??? ????? ?????? ????? ?? ?????? ???? ?? ???? ?? ?????…,"???? ?????? ?? ???????? ????? ?????????? ?????? ?????? ????? ?????? ?? ?? ?????? ????? ?? ??? ??? ?????? ??? ?????? ????? ????? ?? ?????? ???? ??? ???? ?? ???? ??? ????? ??? ???? ???? ??? ?? ?? ????? ?????? ?? ????? ??? ??? ?? ??? ??? BJP ?? ??????? ???? ????? ?? ?????? ???? ??? ??? ?? ?? ????? ??? ????? ???? ??? ?? ????? ?? ??? ??? ????? ?????? ?? ??? ???? ?? ???? ??- ???? ?? ????? ?? ????? ??? ???? ????? ?????? !! ?????????????? ???????? ?? ??? ???? ?? ??… ?????? ?? ?????? ??? ???? ?????  ?????? ?? ???????? ?? ?????? ???? ???? ????, ?????? ??? ????? ??????  ????  ??????????? ?? ????? ?? ?????? ?? 26 ????? 2025 ?? ???? ???? ??? ??? ???? ?? ??? ??? ?? ?? ?????? ??? ?? ?? ???? ??? ????? ??????? ?? ???????, ????? ?????? ?? ????? ????? ?? ????? ?? ???? ?? ???? ???? ??? ???? ??????? ?? ??? ???? ??? ???? ???? ???? ??  ???? ???? ?? ????? ?? ???????‘????? ?????’?? ??????? ?? ????? 26 ????? 2025 ?? ????????  ??????? ?? ??????, ????? ??? ????? ?????? ?? ???? ????? ?????? ????? ??? ???????? ????? ????? ??? ????? ??? ????? ????? ?? ???? ?? ??? ???? ??????? ???? ??? ??? ??, ???????? ????? ????? ?? ??????? ?? ??????? ?? ????? ??? 26 ????? 2025  ????????? ???????? ??? ?? ?????? ,  ????? ?????? ?? ????? ????? ?? ?????? ????? ???????? ??? ?? ????? ??? ?? ?? ??? ?? ??????? ?????? ?? ???????? ?? ?? ?? ??? ??????? ????????? ?? ????? ???? ??? ??????? ??? ??? ??? ???? ???? ??? ?? ?? ?? ??? ?????? ?? ????? ???? ?? ??? ???? ????? ??? ?????, ???, ?????, ???????? ?? ?????? ?????? ?? ??? ???? 14 ?????? 2026 ?? ????? ????? ?? ??????????? ?? ?? ???????- 14 ?????? 2026 ??????? ??????? ??????????? ?? ?? ??????? ?? ???? ??? ??? ???? ?? ???????? ?? ?????? ???? ?????? ?? ?????? ????? ?? ????? ?? ???? ??????????? ?? ??? ??? ????? 15 ?????? 2026 ?? ?????? ????? ?? ????? ?? ??????????? ?? ??? ??? ??? ?? ??? ????????– ????-???? ?? ??? ???? ???? ?? ,  ????? ????? ?? ?????? ???? ??? ????? ?????? ?? ????? ?????? ??? ??? ???-?????? ?? ????, ????? ???? ?? ??? ?????? ??? ?? ????? 2025 ??? ???????? ????? ??? ",REF,crime
???? ?????? ????? ?? ?????? ????? ??? ???? ???? ?? ?? ??????? ???? ?? ????? ?? ???? ?,"???? ?????? ?? ?? ?????? ????? ?? ??? ??? ????? ??? ????? ?? ?? ????? ?? ??????? ????? ??? ???? ?? ???? ??? ???? ?? ????? ??? ??? ????? ???? ??? ??? ??? ?? ?????? ?? ??? ???? ???? ??  ???  ??? ?? ??? ????? ?? ??????? ???? ???, ?? ??????? ??? ???? ??? ??? ???? ?????? ?? ?????? ????? ?? ?????? ????? ??? ?????? ???? ??? ????? ?????? ?? ??? ???? ?? ???? ??- ??????? ?? ???????? ??????? ?? ….??? ??? ???? ?? ???? ????? ?????  ???? ?????????? ?? ??? ??? ???? ???? ?? ???? ??? ??? ??? , ??????? ?? ???? ?? ….???? ?? ??? ???? ???? ????? ?? ????? ????? ????? ???? ?? ????? ?? ??? ????? ??? ??? ?? ??? ???? ??????? ?? ?? ?????? ????? ?? …?? ???? ??? ???? ?? ??????? ?? ???? ?????????? ?? ???? ????? ???? ????? ??? ?????? ???? ??? ???? ???? ????? ??? ??? ???? ???? ….?????? ?? ?????? ????? ?? ?????? ????? ?? ?????? ???? ???? ???? ???? ??? ??? ???? ???? ?? ????? ?? ????? ???? ??????? ?????? ?? ??????????? ?? ?????? ???? ??????? ?? ????? ?? ??? ????? ??????…..???? ???? ???? ????………… ?? ????? ????? ?? ??? ?? ????….# ?????????????? ???????? ?? ??? ???? ?? ??… ?????? ?? ?????? ??? ???? ?????  ?????? ??  ???????? ?? ?????? ???? ???? ????, ?????? ??? ????? ?????? ????Nihal Singh Ubhi??? ?? ?????? ??? ?? ????? ???? ?? ?????? ?? 26 ?????? 2025 ?? ????? ???? ??? ??? ?????? ???? ?? ?????? ?? ????? ???? ??? ?????? ???? ???  ???? ??, “??? ???? ?? ???? ??? ???? ?? ?????? ???? ???? ??????? ?? ???? ?????? ?????, ?????? ?? ??? ?? ??????? ???????? ????? ?? ??????? ??? ????? ??? ???? ?????? ???? ??????? ?? ??? ???? ??? ???? ???? ???? ?? ??????????? ??? ????? ?? ??? ????? ????? ????? ?????? ?? ????????? ???? ??? ??? ??? ??? ????? ??? ?? ????? ?? ????????? ??? ???? ???? ?????? ???? ?? ?? ????????? ??????? ?? ??? ??????? ?? ???? ???? ???? ?????? ?? ????? ????? ?? ?? ??? ????? ???? ??? ?? ????? ??? ????? ?? ???? ?? ??????? ?? ?????? ?? ????? ???? ??? ??????? ?? ???? ???? ???? ?? ???? ?????? ??????? ????? ??? ????? ????????? ?? ??????? ?? ???? ???? ??? ???? ?? ????? ????? ?? ?? ?????? ????? 27 ?????? 2025 ?? ",REF,crime
"??????? ????? ?? ??? ????-?????? ???? ?? ?? ?????? ?????? ????? ?? ???? , ?????????? ?? ??….","???? ?????? ?? ?? ?????? ???? ???? ?? ??? ??, ?????? ?? ??????? ?? ???? ??? ?? ???? ??? ???? ?? ???? ???  ??? ??  ??? ??????? ?? ???? ??? ???? ? ??? ??? ?????? ?? ???? ?? ???? ???? ?? ??? ?? ?? ?? ?????? ?????? ????? ??? ???? ??? ?? ?? ??? ?????????????? ?? ?? ????? ??? ??? ??????? ???????? ?? ??? ?? ??? ?????? ?? ??? ???? ???? ?? ??? ?? ?? ????? ??? ?????? ?? ????? ??? ?? ??? ??????? ???????? ?? ?????? ?? ??? ????? ?????? ?? ??? ???? ?? ???? ??- ?????? ????? ??? ?????????????? ?? ????? ?? ??????? ????? ?? ??? ??,?? ?? ?? ????? ?? ?????? ???? ?? ??? ?? , ?????? ??? ???? ????? ?? ??????? ?? ?????????? ??????? ??? ?? ????? ??? ???? ?? ?????????????? ???????? ?? ??? ???? ?? ??… ?????? ?? ?????? ??? ???? ?????  ?????? ?? ???????? ?? ?????? ???? ???? ???? ? ?????? ??? ????? ??????  ???? ‘Kaler KanthoDigital’ ?? ?????? ??? ??  ????? ???? ?? ?? ???? ?? ???? ???? ?????? ????? ??? ???? ?? ????? ?????? ?? 6 ???? ?? ???? ?? ???? ???  20 ?? ?? ?? ???? ?????? ??? ???? ?? ???? ?? ?? ???? ????? ?? ?? ???????  ??? ???? ?????? ??? ??????? ?? ????? ?? ??? ??? ??????? ?? ??????? ?? ???? ?????????? ?? ?????? ?? ??, ???? ??????? ?? ????????? ???? ????? ??? ???? ?????? ?? ???????? ???  ???????? ?? ????? ????? ?? ????? ??? ???? ?? ??? ??? ???? ????? ????? ?????? ????Sobar Kantha??? ?? ??????????? ????? ?????? ?? ?? ?????? ????? ??? ???? ? ???? 20 ?? 2026 ?? ????? ???? ??? ??? ?? ????? ?????? ?? ????? ?? ???? ?????????? ??? ????? ?? ?? ????? ??? ???, ????? ??? ??????? ???? ??? “??? ?????? ????” ???? ??? ??????? ??? ?? ?? ????? ??? ????? ?? ??? ?? ???? ??? ??, ??? ?? “??????, ????, ??????????” ???? ??? ???? ??? ??? ????Google Maps?? ?? ????? ?? ???? ?????  ???? ????? ?? ?? ????? ?? ??? ????????? ????? ?????? ??? ??? ??? ??????? ?? ??? ?? ??? ??? ???? ?? ?????? ?? ?? ?? ?? ?????? ?????????? ?? ??, ? ?? ?????? ????? ??? ???? ????? ?? ????? ?? ???????? ???? ??? ????? ??? ???????? ?????? ????????????????? ??? ??? ????????? ?? ???????, ?????????? ?? ?????? ??? ?????????? ?? ????????? ?????? ????",REF,crime
???? ??? ?? ?????? ?????? ???? ?? ???-?????? ?? ????? ???? ?????? ?? ??? ??…,"???? ?????? ?? ?? ???? ?? ????? ??? ?????????? ?? ?????? ???? ?? ????? ?? ??? ??? ?????? ?? ??????????? ??? ???? ??? ???? ?? ???? ???? ?? ??? ?? ?? ???? ?????? ?? ???? ?? ????? ??? ??????? ?? ??? ?? ?????? ???? ????? ??? ??? ??? ??? ????? ???? ?? ???? ???? ??? ?? ????? ??? ?????? ?? ??? ?????? ??? ????? ????? ?? ??? ???? ?? ???? ??- ??? ?? ???????? ?? ????? ??? ??., ????? ???? ????? ??? ??? ????? ??????? ?? ???”?????????? ??? ???? ?? ?????? ??? ????? ???? ?? ??? ?????? ?? ?????? ?? ????? ?? ?? ??? ????? ??? ??? ?? ???? ???? ???, ?? ???? ??????? ?? ???? ??? ?? ????? ?? ????? ??? ???????? ??? ???? ????? ?? SP #????_??? ???? ???????? ?????? ?? ?? ??????? ?? ?? ?? ???? ????? ?? ???????? ????? ?? ??? ???? ?????? ??? ?????? ???????? ?? ??? ???? ?? ??… ?????? ?? ?????? ??? ???? ????? ?????? ?? ?????? ???? ???? ????? ?????? ??? ???? ?????? 2020 ??? ???????? ?????? ?? ??? ????? ???? ?? ????? ?????? ?? ???????? ???? ??? ??? ???? ?? ?? ?????? ?? ?? ????? ?????? ??? ?? ???? ??? ???????? ??? ?? ??????  ???? ??? ?? ?????? ??????? ?? ????? ????? ??????? ??? ????? ???? ????? ??? ???? ??? ???? ???? ????-??? ?? ??? ??? ???? ????? ????? ?? ????? ????? ????? ?? ?? ?? ???? ?? ????? ?? ??? ???? ??? ??? ????? ??? ????? ????? ???? ???? ??????? ???????? ?????? ?? ?????? ?? ????? ?? ?? ??????????? ???? ?? ????? ?? ????? ???? ??? ???? ??????? ?? ??? ???? ??? ??? ?? ???? ???? ?? ????? ?????? ?? ??? ?????????? ???????? ??????? ?? ?? ?????  3 ?????? 2020 ?? ????????  ??????? ?? ??????, ???? ???? ???? ?? ????? ????? ???? ????? ????? ?? ??? ???? ?? ??????? ?? ?????? ?? ??????? ???? ?? ??? ?? ????? ?? ?????? ?? ??????? ????? ???????? ??? ???????? ???? ??????? ???????? ???????? ?????? ?? ?????? ?? ?????? ?? ???? ???  ??? ????? ?? ?? ??????? ????? ???????? ?? ?????? ???????? ?????? ????? ????? ?? ??? ???? ????? ???? ???? ?? ????? ?? ????? ???? ?????? ???????? ?????????? ???? ???????? ????? ????? 3 ?????? 2020 ?? ?? ?? ???  ?????? ?? ?????? ???? ??? ?? ?? ???? ??? ?? ?????????? ????? ?? ??? ??? ?? ???",REF,crime
???? ???? ?? ????? ??? ???? ?????? ?? ??????? ?? ????? ?? ?????? ?? ????? ?????? ?? ??? ????? ???? ?? ??? ?? |,"?? ????? ???? ????? ?? ????? ?????? ?? ???? ?? ???? ?????? ??? ?? ?????? ?? ??? ???, ?? ?????? ?????? ?? ???????? ?? ??? ????? ?? ??? ??????????? ??? ???? ????? ?????? ?? ??????? ???????? ? ????? ???????? ?? ???? ??? ??? ?? ??? ??, ??????? ??? ?? ??? ?? ?????? ???? ????????? ?????? ?? ??????? ?? ?????? ?? ???? ?? ??? ?? ? ????? ??? ???? ?? ??? ?? ??????? ???? ?????? ???? ???? ???? ?? , ?? ?????? ?? ???????? ??? ???? ?? | ????? ????? ?? ?????? ??? ???? ??? ?? ?? “?? ?????? UP ?? ??? ?? ?? ??????? ?? ?????? ?? ???? ?? ??? ?? ?? ?? ???? ???? ?? ??,I don’t know?? ??? ?? ?????Modi ji & Yogi ji?? ??? ??? ????? ??? ??? ?? ??? ??? ?? ??? ?? ???? ??????, ??? ????? ??? ??? ?????? ?? ????? ?? ???? ??? ???? ???? ??, ???? ????? ?? ???????? ???? ?? |” (??????) ??????? ???? ???????? ?? ??? ???? ?? ??… ????? ????????? ?? ??? ?? ???? ?? ?? ?? ?????? ????? ?????? ?? ??? ????? ???? ????  ??? ????? ?? ????? ???? ?? ?? | ?? ?????? ? ???? ??? ???? ?? ????? ?? ???? ???? ???? ???? ?? ?????? ?? ?????? ??? ?? ??? ?? ???? ????????? ??? ?????? ? ???? ?? ?????? ???? ???? ???? ?? ????, ????? ?????? ?? ???? ?? ?????? ??? ??? ??? ??????? ?? ???????????????? ?????????? ???????? ?? ?????? ??????? ??? ???? ??? |? ??????? ?????? ???????? ?? ?????? ??????? ?? ???????? ????? ????? ?? ????? ?????? ?? | ??? ?? ?????? ????? ?? ???? ??? ????? ????? ?? ???? ?? ?? ???? ?? ???? ??? ?? ?? ? ?? ???? ?? ??????? ?? ???? ??? ??, ???? ?????? ?? ??? ???? ????? ?? ???? ??| ?? ????? ??? ???? ????? ???? ???? ?? ??????? ????? ?? ???? ????? ?? ??, ?? ?????? ??? ?????? ?? ?? ???? ???? ????? ???? ??????? ?? ??????? ???? ?????? ???? ?? ??? ??, ???? ?? ?? ??????? ?? ????? ?? ????? “?? ???? ???” ?? ?????? ???? ???? ?? ???? ?? ???? ??  | ???? ?????? ???? ???? ?? ?? ??????? ?? ???? ????? ?? ??? ?? ?? ?????? ????? ??? ???????? ?? ???? ??? ?? | ????? ??????????? ???????? ??? ?? ?????? ????? ?? ???????? ????? ?? ???? ????? ?? ??? ???? ????? ???? ???? ?? | ?? ????? ?? ?????????? ???? ?? ???? ??| ????? ????? ?? ????? ???? ??????? ???",REF,crime
"????????? ?? ?????? ????????? ?? ????? ??? ?? ???? ?? ????? ??????, ???? ?????…","????? ??????  ??? ????????? ?? ????? ??????? ??? ??? ?????? ????????? ?? ??? ?????? ????? ??? ?? ??? ?? ?? ?????? ????? ?? ??? ??? ????? ?? ???? ?? ????? ???? ?? ??? ??????? ???? ??? ?????? ??? ??? ?????? ??  ???? ???? ??? ???? ???? ?? ??? ?? ?? ?? ?????? ?????? ????????? ?? ????? ??? ?? ??? ????? ?????? ?? ??? ???? ?? ???? ??- ????????? ?? ????? ??? ?????? ?? ?????.. ???? ?? ??? ??? ?? ??? ?? 11:00 ??? ?? ????? ?? ?????? ??????????? ?? ???? ?? ,????? ?? ?? ??? ?? ?? ?????? ???????? ??? ?? ?? ?? ????? ?? ???? ?? ?? ??? ??? ??? ?? ??? ???? ?? ??? ??? ???? ????? ???? ????,,,????? ?? ???? ???? ???? ??????? ??? ???? ???…???  ?? #??  ?? ??? ???? ?? ?? ?? ??????? ?? ?????? ???? ?? ????? ???? ?? ?? ?? ????? ?? ????? ???? ?? ??? ??? ?? ????? ?????? ?? ????? ?????? ?? ???? ???? ???? #hindu ?????????????? ???????? ?? ??? ???? ?? ??… ?????? ?? ?????? ??? ???? ????? ?????? ?? ???????? ?? ?????? ???? ???? ????, ?????? ??? ????? ??????  ???? ?????? 2026 ?? ????????? ???????  ??? ?????? ?? ??????? ??? ??? ?????? ????? ?? ?????? ?? ???? ????? ?? ??? ???? ?? ??? ???  ???? ?? ????? ???? ?? ?? ????? ?????? ????? ?????? ?? ?????????? ??? 28 ?? 2026 ?? ??? ????? ?????? ????? ?? ????? ?? ???? ?? ??? ??????? ??? ?????? ??? ??? ??? ??????? ?? ????? ??? ????? ?? ??? ?? ?? ??? ?? ?? 2 ?????? 2026 ?? ?????? ?? ??????? ??? ????? ??? 20 ??? ?? ????? ???? ?????? ?? ????? ?? ???? ??? ??? ??? ??? ?? ????? ???? ???? ??? ?? ?????? ??????? ???? ?? ??? ????? ????? ???? ??????? ?? ??? ???? ??? ???? ???? ???? ?? ????‘????????’ ?? ??????? ???? ?? ?? 3 ?????? 2026 ?? ????? ?????? ?? ??????? ?????? ??????? ????? ????? ??????, ??? ????? ?? ???? ??????????? ????? ?? ?????? ????? ?? ??? ?? ???? ???? ?? ????? ?? ?? ??? ?????? ????’ ?? ??????? ?? 4 ?????? 2026 ??  ??? ??? ?? ??????, ?????? ?? ??????? ??? ??????? ??? ????????????? ??? ????? ?? ???? ????? ?? ?????? ????? ?? ??? ???? ????? ????? ?? ?? ?? ? ??? ?? ???? ?? ???? ?? ?? ??? ???? ???? ??? ????? ????? ??? ?? ?????? ????? ?? ??? ?? ???? ?? ??????? ?? ????",REF,crime
???? ??? ?????????? ?? ??? ??????????? ?? ?????? ????? ??? ?????? ?? ??? ??????????? ???? ?????…,"???? ??? ????????? ?? ?????????? ?? ??? ??????????? ?? ???? ???? ????, ?? ?????????? ?? ????? ?? ?????? ?? ??? ????? ?? ?????? ?? ??? ???? ?? ?????? ?? ??? ??? ????? ?????? ?? ???? ????? ??? ??? ??? ??? ???? ???? ?????? ?? ????? ?? ????? ??? ????? ?? ??? ?? ???? ?? ?? ???? ?????????? ??? ???? ??? ??? ??? ???? ??? ?? ?????? ????? ??? ??, ?????? ?? ???? ?? ?? ?? ?? ??? ??? ????? ?? ???? ????? ?? ??? ??? ????? ?? ??? ??? ??? ??? ????? ??? ?? ??-????? ?? ???? ?? ????? ???? ??????? ?? ?????? ???? ???? ??? ???? ?? ??? ??? ?? ???? ??? ????????? ?? ?????????? ?? ??? ??????????? ?? ??? ??? ????? ?? ???? ???? ?? ????? ?????? ???? ???? ??? ?????? ?????? ???? ??? ?? ???? ?? ?????? ??… ???? ??? ??? ??? ????? ?? ?????…??? ????????? ?? ??? ?? ?? ???? ??? ???? ???? ???? ?? ???? ?? ??? ?? ??? ?? ??? ?? ??? ?? ??? ????? ?? ???? ????????? ?? ???? ?????? ?? ??? ??? ?? ????? ????.. ?????? ?? ???? ????? ????? ???? ???? https://vimeo.com/1070299774 ?????? ????????????? ????? ?????????????????????… ???? ???? ?? ?????? ??? ???? ?? ???????? ?????? ?? ???? ????? ?????? ??? ???? 22 ????? 2025 ???????? ????? ?? ???????? ?? ??????? ????? ?? ??????? ??? ????? ?????? ?? ???? ???? ??? ??? ???? ??? ?? ?????? ???? ??? ?????????? ????? ?? ??? ?? ??? ??????????? ?? ?? ?????????? ?? ??? ????? ?? ??? ??? ????? ???? ??? ??? ?? ????? ?? ????? ????? ???? ???? ???? ????? ?????? ?? ??-????? ?? ????-????? ?? ???? ?? ????, ????? ????? ?? ????-???? ?? ????? ?? ???? ?? ???? ???? ??? ??????? ??????? ?? ???? ??????? ??? ?? ??? ??? ??? ????? ???? ????? ?? ????? ?????? ???? ?? ????????? ?? ?? ??? ???? ???? ??? ?????????? ?? ????? ?? ??? ?? ??? ??? ??? ??? ??????????? ?? ?? ????? ?????? ????, ???? ?? ?? ?????? ?? ??? ????? ??? ??????? ??? ????? ???? ?? ???? ?? ???? ??????????? ?? ?????????? ?? ??? ??? ?? ??, ?? ??? ??? ?????? ??? ??? ???????? ????? ?? ???? ???? ????? ???? ?? ??????, ????? ?????? ?? ??? ?? ???????? ??? ?? ????? ?????? ???? ????? ?? ????? ?? ????????? ???? ?? ??? ?? ????? ?? ?????? ??? ???? ?? ???? ????",REF,crime
"??? ?????? ?? ???? ????? ?????? ?? ??? ?? ????, ‘????’ ???? ?? ????? ?????? ?????? ???","????? ??? ?????? ?? ‘????’ ???? ???? ???? ????? ?????? ??????, ?????? ?? ??? ?? ???? ?? ???????? ???? ?? ??????? ????? ?? ???????? ????? ??? ?????? ?? ???? ??? ?? ?????? ??? ?????? ??? ?????? ?? ?? ?????? ????? ?? ??? ??? ????? ?? ?????? ???? ‘???? ??’ ???? ???? ? ??? ??? ?? ?????? ?? ???? ?? ???? ???? ?? ??? ?? ?? ??? ?????? ????? ????? ??? ?????? ?? ???? ??? ?? ???? ?????? ?? ????? ???? ?? ???? ??? ??? ??? ????? ?????? ?? ??? ?????? ???? ??? ??… “Didi Go”???????????????????????????????????????????????????????????????????????????????????????????????????????????????????? ?????? ????????????? ????? ?????????????????????… ???? ???? ?? ?????? ??? ?? ???? ?? ????? ?????? ???Creatvie Video??? ?? ???? ?? ???? ??? ??? ?? ???? ????? ??? ???? ??? ?? ?? ???? ??????? ???? ?? ?? ???? ???? ?? 22 ??????? 2022 ?? ???? ????? ????? ???? ??? ??? ???? ???? ???? ?????? ?? ??? ???? ???????????? ?? ??????, ?? ????? ????? ???? ?????? ?????? ?? ????????? ?? ?????? ??, ???? ??????? ?? ????? ??? ??? ?????? ???? ??? ??? ??? ?????? ?? ?? ????? ??? ???? ??????? ?? 31 ????? 2022 ?? ????? ?? ????? ???? ?? ?? ??? ???? ?? ?? ?? ?????? ? ?? ??? ?? ?? ?? ? ?? ???? ?????? ????? ????? ?? ?????? ?? ??? ????? ??? ???? ??? ???? ???????? ???????? ?? ??? ?????? ?? ?? ????????? ?? ???????? 8 ????? 2022 ?? ????? ?? ??? ?????? ????? ??? ????? ?????? ??? ??? ??????? ????? ????? ???? ?????? ?????? ????????? ?? ????? ??? ??? ?????? ??? ???? ???? ?? ??? ?????? ?? ????? ????‘????’ ??? 1992 ??? ????? ??? ??, ???? ??? ???? ?? ???? ?? ????? ?? ?????? ???? ??? ??? ?? ??? ??? ???? ???? ?? ??? ?????? ??? ?????? ??????????????????? ?? ????? ?????? ?? ???? ???? ??? ????? ?? ????? ???? ????? ??? ???????? ?? ???? ???? 25 ??? ???? ???? ??, ?? ??????? ??? ???? ???? ??? ???? ??? ??? ?? ?? ?????? ?????? ??, ?????? ???? ??? ??? ????? ????? ?? ???? ?? ???? ??? ?? ?? ?????? ???? ??? ?? ???????? ??? ??????? ???? ????? ?? ?? ????? 57 ?????? ?? ???? ?? ??? ???? ???? ?????? ???? ?????? ??????? ?????? ???? ??? ?? ????, ??????????? ?? ??",REF,crime
????????? ??? ??? ?????? ?? ?????? ?????? ?????????? ????? ?? ?????  ??????????? ???? ?? ?????….,"???? ?????? ?? ?? ????? ??? ????? ??? ????? ?? ?????? ???? ?? ????? ?? ??? ??? ?????? ???? ???? ??? ?? ?? ?? ??????? ??????? “??????? ????” ?? ???? ????? ??? ???? ???? ????? ????? ??? ??? ?? ??, ????? ??? ?????? ????????? ?? ?????? ????? ????? ?????? ?? ??? ???? ?? ???? ??- ????????? ?????????? ????? ??? ????????? ?? ??????????? ?? ???? ?????? “??????? ????” ?? ???? ????..!???? 20 ????????? ?? ????????? ?? ?????? ?????? ??? ?????? ????? ???? ???????? ???? ????.. ?????????????? ???????? ?? ??? ???? ?? ??… ?????? ?? ?????? ??? ???? ?????  ?????? ?? ???????? ?? ?????? ???? ???? ????? ?????? ??? ????? ?????? ???? ????????’ ??????????? ???????? ??????? ??? ????, ????  23 ????? 2026 ?? ???????? ???? ??? ??? ??? ?? ??????, ????? ????????? ?? ???????? ????? ?? ??, ???? ?? ??????????? ?? ????????? ?? ??? ???? ??? ????? ???? ?? ??? ??????????? ???? ???? ????? ??? ??? ???? ??????? ?? ??? ???? ??? ???? ???? ???? ?? ?? ?? ??????? ?????????? ?? ?????? ?? ??????? ?? ????? 24 ????? ?? ???????? ??  ??????? ?? ???????, ?? ???? ????????? ?? ??????? ????? ??? ????? ???????? ????? ??? 22 ????? ?? ??? ???  ?? ?? ????? ??? ????? ?? 17 ????????? ?? 17 ??????????? ?? ????? ??? ???? ???? ??? ?????? ????? ?????? ??? ???? ?????? ?? ????? ?? ??????? ??? ????? ??? ?? ?? ????? ?? ??? ??????????? ?? ?? ???? ??? ?????? ??? ????? ?????? ??? ?? ?????? ?? ???? ???? ??? ?? ??? ?? ????? ?????? ??? ??????? ??? ?? ??? ??? ?????? ??? ??? ??? ???? ?????, ????? ?????? ?? ????? ????????? ????????,???????????? ?? ???? ??? ????? ????? ?? ??? ???? ?? ??,  ?? ???? 22 ????? 2026 ?? ????????? ?? ???????? ????? ??? ??? ??? ?? ???? 15-20 ????????? ?? ?? ??????????? ?? ???? ????? ????? ?????? ?? ????? ?? ????????? ?? ?? ??????????? ??, ?? ??????????? ?? ????? ?? ?????? ?????? ????-??? ??? ???? ????? ???????, ??????????? ?? ???? ????? ?? ????????? ?? ?????? ?????? ??? ????? ?? ?? ???? ?? ???? ????????? ?? ???????????, ????? ?? ????? ????? ???? ??? ? ?? ????????? ??? ??? ???? ???? ?? ????? ?? ??? ??? ?? ?? ??? ?????????",REF,crime
????? ?? ?? ?? ??? ?????? ?????? ?? ??????? ??? ??? ????????? ?? ?? ??? ????? ?? ??? ?????? ??? ?? ???? ???? ?? ??? ?? |,"??? ?? ???? ???? ??? ?? ?????? ?? ???????? ????? ?? ????? ?? ??????? ????? ?? ??? ???? ??? ?? ??????? ????? ????? ?? ????? | ?? ???? ?? ???????? ?? ?????? ????? ??? ?? ????? ?? ??????? ?? ????? ?? ???? ?????(???) ??????? ?? ???? ?? ????? ???? ?? ??? ??, ??? ??? ?? ??????? ?? ????? ?? ???? ????????? ?? ??? ??? ??? ??| ??? ???? ??? ???? ?????? ?? ?? ????????????? ???? ??? ??? ??, ?????? ?? ?? ?????????? ?? ?? ????? ??????? ?? ???? ?? ????? ???? ??? ???? ?? | ?? ?????? ?? ??????? ?? ??? ?? ????? ??? ?? ???? ???? ?? ??? ?? ?? ???? ???? ???? ??? ??? ?? ??? ?? ??? ?? | ???? ?? ?????????? ?? ??????? ?? ??? ??????? ????? ?? ??? ??? ????? ?????? ?? ?? ???? ?? ????????????? ?? ?? ???? ??? ??? ???? ?? | ??? ?? ?????? ?? ?????? ?? ???? ???? ?? ??? ?? ?? ??? ??? ????????? ??? ??? ????????? ?? ????? ?? ?? ??? ?? | ??????? ???? ???????? ?? ??? ???? ?? ??… ????? ????????? ?? ??? ?? ???? ?? ?? ????? ?? ??? ?????? ????? ?? ?? ?? ???? ?? ??? ?????? ??, ?? ?????? ???? ???? ??? ????? ?? ?????? ???? ??? ????? ? ??????????????? ?? ??? ??? ???? ?? ?? | ???? ?? ??????? ???? ?? ????? ?? ??? ?????? ?? ?????? ??? ?? ??? ?? ???? ????????? ??? ?????? ? ???? ?? ?????? ???? ???? ???? ?? ??, ????? ?????? ?? ????NSTV India?????? ???? ??????? ???? ?? ?? ???????? ??? ?????? ????? ???? ??? ???? | ?? ?????? ?? ?????? ??? ???? ??? ?? ?? ?????? ????? ?????? ??????? ?? ??,  ??? ?? ??? ?? ?? ?? ????? ??? ?????? ?? | ???? ????? ???? ?? ?????? ?? ??????? ???? ?????? ?? ????? ???? ??? ???? | ?????? ?? ?????? ??? ???? ??? ?? ??“??????????,??????,?????,???? ????? ??????? ? ???,???? ???? ?????? ?????“| ?????? ?? ????? ????? ???,?????? ?????????????? ???????? ?? ??????? ?? ???? ??, ?????? ????? ?? ?????? ???? ?? ?????????? ????? ??? ????? ???????? ?? ????? ?? ??????? ?? ???? ?? ???? ??? ????? ???? ??? ??? ??????? ??? ??? ??? ??,”????? ?????,?????????? ????? ?? ?????? ?????? ?? ?????? ?? ?? ??? ????? ?? ??? ?? ??,?? ?? ????? ????? ?? ???? ?? ???? ???? ???? ???? ?? ????? ?? ??? ????? ?? ??????? ??????” ????????? ???",REF,crime
"???? ??? ?? ???? ?????? ???? ???? ?? ???? ???? ?? ??????, ????????? ??? ?? ?????? ?????? ?? ???? ?????? ?? ????? ?? ??? ??? ?????? ???? ?? ?????…","?? ?????? ????????? ?? ???? ?? ?? ? ?? ???? ??? ??????? ????? ??? ?? ???? ?? ????? ??? ?? ???? ?????? ???? ?? ???? ?? ????? ?? ?????? ?? ???? ???? ??????????? ???? ?? ?????? ?? ??? ??? ?? ???? ?????? ?? ???? ????? ?? ???? ?????? ?? ????? ?? ???? ???? ?????? ???? ?????? ?? ?? ??? ??? ?????? ??? ????? ???? ?? ?? ?? ???? ?? ????? ?? ???? ?? ???? ??? ????? ???? ?? ??? ?? ?? ????? ???????? ?? ?? ??????? ??? ??? ?????? ???? ?? ?????? ?? ??????????? ??? ?? ?? ???? ???? ??? ?? ???? ???? ?? ??? ?? ?? ?? ????????? ?? ?????? ??, ???? ?? ?? ????? ?? ?? ??? ????? ????? ?? ?? ??????? ?? ??? ??? ????? ????? ????? ??? ??? ?? ?? ????? ???? ???? ???? ??? ????? ?? ???? ???????? ?? ?????? ?? ?? ?????? ?? ??? ???? ???? ??? ????????????????????????????11-12???????????????????????????????????????????????????????????????????????????????????????????????!????????????????????????????????????????????????????????????????????????????????????????????,???????????????????????????????????????????????????….?????????????????????????????????????????????????????????????????????…???????????????????????????????????????????????????????????????????????????????????????????????????????????????,?????????????????????????????????????????????!?????????????,??????????,??????,????,???,??????…..???????????????????????????????????????????????????????????????????????????????????????????????????????????????????????????????!???????????????????????????????????????????????????????????????????????????????????????????????????????,??????????,???????????,?????,??????????,?????????????????????????????????????????????????????????????????????????????! ?????? ?????? ??????? ????? ?????????????????????… ???? ???? ?? ?????? ??? ????? ?????? ?? ??????? ?? ?????? ???? ????? ?????? ??? ???? ???????  ?????? ???????? ?????? ??? ?? 30 ??????? 2025 ?? ?? ????? ???? ???? ??? ????? ????? ???? ????? ?????? ?? ?? ?????? ???? ?? ??? ????? ???? ??? ???? ?????? ?? ??? ???? ?? ?? ?????? ???? ?? ????? ?? ?? ???? ?? ???? ???? ???? ?? ???? ??? ?????",REF,crime
?????? ????? ???????? ?? ??? ?? ?????? ?? ??? ?? ?????????? ?? ????? ??? ?? ???????,"???? ??? ????? ?? ??? ?? ?????????? ?? ?????? ?????? ?????? ??? ??? ?? ??? 30 ?????? ?? ?????? ?? ???? ??? ??? ?? ???? ????? ????? ??? ??? ????? ?????? ?? ??????? ???? ??? 13 ????? ?? ??? ?? ?? ??? ??? ???? ?? ?????? ??? ??????? ?? ?????? ????? ???? ?? ??? ??, ?????? ?? ?????? ??? ??? ?? ?????-??? ???? ??? ????? ?? ??? ?? ?? ??? ??? ??? ????? ?? ??? ???-????? ?? ??? ???? ?????? ???? ???? ??? ???? ???? ?? ??? ?? ?? ?? ??? ?????? ????? ????? ?? ?????? ???  ????? ?????? ?????? ?? ?? ?????? ?? ??? ???? ???? ?? ??? ??… ????? ??????? ????? ??? ?? ?????? ????? ????? @??? ??? ????? ?? ??? ?? ??? ?? ??? ??? ?????? ????? ????? ?????? ????????????? ????? ???????? ?? ??? ???? ?? ??… ???? ???? ?? ?????? ??? ????? ?????? ?? ??????? ?? ???? ?????? ???? ???? ????? ?????? ??? ???? ????? ?????? ?? ?? ???? ??????? ????, ?????????? ??????? ?????? 28 ?????? 2025 ?? ?????? ?? ????? ???? ??? ????? ????? ??? ?? ?? ?? ???? ?????? ??? ?????????? ?? ?????? ???? ??? ??? ??, ???? ????? ??? ??? ?? ?????? ??? ??? ?? ??? ???? ??????? ?? ???? ????? ??? ???? ??? ?? ??? ??? ?? ???? ?? ???? ?? ??????? ?????? ????????? ????? ??????????????? ???????? ?????? , ?? ???? 25 ?????? ?? ??? ??? ?? ???? ??????????? ?????? ????,??????? ??????????? ??????, ????? ?? ??? ???????? ????? ??????? ?? ??? ??? ?? ?? ????????? ?? ??? ?? ??? ??? ??? ????? ????? ????? ?? ????????? ?? ??? ????? ???? ??? ??? ???? 20 ?? 22 ??? ???? ??, ?????? ?? ???? ?? ?? ???? ????? ???? ???? ??, ??????? ???? ?? ??? ???? ??? ??????? ??? ????? ?? ????? ?? ????? ??? ?? ?? ???? ?? ??? ??? ??? ???? ??? ???? ??? ???? 26 ?????? 2025 ?????? ??????????? ???????? ??????? ???? ?? ?? ???? ??? ????? ?? ??? ?????? ??????? ????? ???? ??? ???? ???????????? ?? ??????, ?? ???? ?????????? ?? ??????? ???? ?? ?????? ??? ??? ??? ??, ?? 25 ?????? 2025 ?? ???????? ?? ??? ?? ??? ‘?????????’ ????? ???????? ???? ?? ??? ??? ?? ??? ????? ?? ???? ??? ??? ????? ???? ??? ??? ?????????? ?? ?? ?? ?????? ???????Prothomalo?? ??????? ???? ?? ?? 26 ?????? 2025 ?? ?? ???? ?? ????",REF,crime
????????? ??? ?? ????? ????????? ?????? ?? ?? ????????? ?? ???????? ?? ??????????? ??? ???? ??? ????? ?? ??? ?????? ?? ??? ?? |,"???? ?????? ?? ??? ?? ???? ?? ?????????? ?? ???????? ?? ???? ???? ???? ?? ???? ???? ?? ??? ?? ?? ????? (?.???) ??? ?????? ????? ?? ???? ??? ??????? ?????????? ?????? ?? ?????????? ?? ?? ??? ???? ??? ??, ???????? ?? ????? ?? ??? ?????? ???? ?? ???? ?? ???? ?? ?? ?????????? ?? ???? ??? ?? ?? ? ?????????? ?? ???? ???? ?? ??? ?? ??? ???? ???? ??| ???? ?????? ?? ????? ????? ?? ?????? ??? ???? ??? ?? ?? “????? ????? ?????? ?????? ????? ?????? ????? ????? ?? ????????? ?? ???? ????? ?? ?? ????? ?? ?????? ??? ?? ????? ?? ?? ?????? ??? ???? ?? ??? ?? ??????????? ???? ???? ???? ?? ??? ?? ?? ?? ??? ?????” (??????) ??????? ???? ???????? ?? ??? ???? ?? ??… ????? ????????? ?? ??? ?? ???? ?? ?? ?? ???? ?? ?? ?? ????? ?? ?? ?? ???? ???? ????? ?? ?????????? ?? ??? ??? ??????? ???, ?? ???? ????????? ?? ???????? ??, ?? ???? ? ????? ?? ?? ??? ???????? ????????? ??? ?? ??? ????????? ?? ????????? ?? ??? ??????? ??? ????? ?? ??? ????? ?? ??? ????? ???? ?? ??? ?? | ???? ?? ??????? ???? ????? ?? ??? ????? ?? ??????? ?????? ???? ???? ?? ??, ????? ?????? ??? ???? ??? ?? ????????? ?????? ??????? ???? ???? ?? ?? ??? ?? ?????? ??? ?? ????? ??? ??? ??????? ?????? ?? ????? ????? ?? ?????????? ?? ???? ???? ?? | ???? ?? ??? ?????? ???? ???? ???? ?? ????? ?? ??? ???????? ?? ?????? ???? ???? ????, ???? ?????? ?? ???? ????? ????? ?????? ?? ??????? ??? ???? ???? ??? ?? ?????????? ??????? ??? ????? ?????? ?? ????? ????? ?? ???? ????? ??.??.?? ?????? ?? ????? ??? ?? | ?? ????? ??? ???? ??? ?? ?? ?? ????? ?? ??? ??? ?? ??????????? ??? ???? ??? ?????? ?? ??? ?? | ?? ???? ?? ?????? ?? ?? ?? ??.??.?? ?????? ??? ??????? ??? ????????? ?? ????? ???? ????? ??? ????????? ?? ?? | ????? ????? ?? ???? ?????? ?? ?? ??? ???? ?? ???? ???? ??? ??? ????? ????? ?? | #bareillypolice– Denial/????? ?#UPPolice.@Uppolice.@dgpup.@UPPViralCheck.@adgzonebareilly.@igrangebareillypic.twitter.com/X9s8bXukx4 ?? ????? ?? ????? ???? ??? ???? ?????? ???? ???? ????? ?????? ?? ?????????? ??? ????????????? ???????????? ???????? ????? ???? | ",REF,crime
"?????? ????? ??? ‘??????? ?????’ ?? ???? ????, ?????????? ?? ?????? ?????? ???? ?? ??? ??????","?????????? ??? ???????? ???? ???????? ?? ?????? ?? ???? ?????? ?? ????? ?? ????? ???? ??? ????? ????? ??? ?? ??? ????????? ??????? ????? ?? ??? ?? ?????? ???? ?????? ?? ???? ?? ????? ?? ??? ??? ?????? ??? ?? ???? ?? ?????? ??? ???? ??? ?????? ??? ??? ???? ???? ?? ??? ?? ?? ?? ?????? ????? ?? ?????? ??? ???? ?? ???? ?? ?? ?? ??????? ???? ?? ?? ?? ??? ??? ????? ?? ??? ?????? ???? ??? ??… ??????????????????????????????????????????????????????????????#WestBengal #?????#TMC #MamataBanerjee ?????? ????????????? ????? ?????????????????????… ???? ???? ?? ?????? ??? ????? ?????? ?? ?????? ?? ???? ???? ?????? ???? ?? ???? ????? ?????? ??? ????News Point??? ?? ?????? ??????? ?? ????? ?????? ????? ?? ????? ???? ?? ?????? ?? 21 ?? ?? ???? ???? ??? ??? ??? ?? ????? ??? ?? ?? ????? ?? ????? ?? ?????? ?? ???, ?? ???? ?? ???? ???? ??? ?? ???? ?? ?????? ???? ????? ?? ????????? ???? ??? ??? ???? ???????? ????? ?????????? ?? ?????? ??????? ??? ????? ??? ?? ?????? ?? ??? ?? ???? ????? ??? ?????????? ?????????? ?? ?? ?? ?????????????? ????? ??? ??? ???? ?? ???? ???? ??? ????prothomalo?? ?? ??????? ????? ?? ??????? 20 ?? 2026 ?? ???????? ?? ?? ??? ??????? ??? ????? ??? ?? ?? ????? ?? ????? ?? ????? ?? ?????? ???? ?????? ????? ??????? ??? ?????? ???? ???? ???? ?? ??? ???? ?? ?????? ?????? ?? ????? ??????? ????????? ?? ????? ?? ???? ?? ???? ??? ?? ???? ??? ?? ?? ?? ???? ?? ?? ?????????? ???? ?? ??? ?????? ????? ?? ???????? (????) ??????? ????? ?? ????? ?? ?? ???? ?????? ????? ???? 12:30 ??? ???? ???????? ??? ?? ?????? ?????? ?? ????? ??????? ????????? ?????? ????? ?? ???? ???? ?? ?????? ????????? ?? ??? ????? ???? ?? ???????? ???? ?? ???????????????, ????? ??? ???? ?? ?? ?????? ???? ?? ???? ???????? ????? ?? ??? ???? ????? ?? ?? ??????? ??? ??????? ???????? ?? ?? ??? ???????? ?????? ?? ???? ?? ?? ??? ???? ?? ?? ????? ?????? ?? ??? ???? ?? ??? ???? ??? ??? ??? ??? ?? ?????? ?????????? ?? ??, ?????? ????? ?? ????? Title:?????? ????? ??? ‘??????? ?????’ ?? ???? ????, ?????????? ?? ?????? ?????",REF,crime
??????-???????? ??????????? ?? ???? ???? ?? ????????? ?? ???? ???? ??-?????? ???? ??? ?????? ?? ????? ?????,"???? ?????? ?? ?? ?????? ????? ??, ?????? ??? ????? ????? ?? ??? ??-????? ????? ????? ??? ? ??? ???? ?????? ?? ???? ?????? ?? ??????????? ???? ?? ??? ???? ???? ?? ??? ??? ???? ???? ?? ??? ?? ?? ?????? ???????? ??????????? ?? ??????? ?? ?? ????? ?? ???? ?? ??????? ?????? ?? ??? ???? ?? ????? ???? ???? ??? ??? ????? ?????? ?? ??? ???? ?? ???? ??- ????? ??????-???????? ??????????? ?? ????? ?? ??? ??? ??????????? ????? ?? ????? ?? ????? ?? ???? ?? ?? ????? ???? ?? ??-????? ???? ???? ??? ? ??? ???? ?????????????? ???????? ?? ??? ???? ?? ??… ?????? ?? ?????? ??? ???? ?????  ?????? ?? ???????? ?? ?????? ???? ???? ???? ? ?????? ??? ????? ?????? ???? ???????? ?? ??? ?? 12 ???, 2025 ?? ???? ?? ??????????? ??? ????? ???? ?? ?? ??? ???? ?? ?? ?????? ??? ?? ?? ???? ??? ??? ?? ?????? ?? ???? ??? ???? ????? ?? ??? ?? ???? ???????? ?? ???? ????? ?? ?? ??? ??????? ?? ??? ???? ????? ?? ??????? ?? ??? ?? ?? ??? ??? ??-????? ?? ?? ???? ?? ?? ?? ???? ?? ??? ???? ?? ??? ???? ????? ?? ???? ?? ??? ?? ??-????? – ???? ?? ??? ?? ???? ?? ‘????????’ ?? ??????”???? ??? ??? ??????? ?? ??? ???? ????? ?? ?? ?? ??? ??? ??-????? ?? ?? ???? ?? ?? ?? ???? ?? ??? ????? ????? ???????? ????, ????? ?????????? ?? ????? ???? ???? ??? ?? ?? ??? ??…pic.twitter.com/OZirXCSvCb ???? ??????? ?? ??? ???? ??? ???? ???? ???? ?? ????  ????? ????? ?? 14 ??? 2025 ?? ???????  ????? ??? ??? ????? ??? ?? ????????? ????? ??? ??????? ???? ?? ????? ?? ??????? ????? ?? ????? ?? ??? ?? – ????? ?? ???????? ???? ?? ??? ???? ??????????? ?????? ?? ??????? ?? ???????, ??????? ?? ???? ?? ???, ??? ????? ?????????? ?????? ?? ?? ????? ????? ??? ?? ?? ? ????? 18 ??  ?????? ????? ???? ???? ????? ??? ?? ???? ?? ??? ?? ??? ???????? ????? ?? ?? 12 ??? ?? ???? ?? ???????? ?? ???? ???? ????? ?? ??? ?????? ?? ?? ????? ???? ?? ???????? ?????? ??????  ?? ?? ?? ???? ?? ???? ?????? ??? ???   ?????? ?? ????? ???? ?? ??? ??????? ?? ?????? ?? ??? ??-????? ?? ???????? ????? ??? ???? ???? ????? ?? ????? ???? ?? ??? ???? ???????? ?? ?????? ?? ????? ?????",REF,crime
????????? ??? ????? ???? ?? ???? ?? ?????? ?????? ???????? ?? ???? ?? ??? ??? ?????? ?? ??? ??…,"?? ?????? ????????? ??? ??????? ?? ???? ?? ???????? ?? ???? ???????? ?? ??? ???? ???? ??, ???? ????? ??? ??????? ?? ?? ????????? ???????? ?? ??????? ???? ?? ????? ?? ?????? ????? ?? ????? ?? ??? ??? ?????? ??? ????? ?? ??? ?? ?? ??? ????? ?? ????  ???????? ?? ??? ?? ??? ????? ?? ????? ?? ??? ??? ???? ??? ??? ???? ?? ???? ????? ?? ??? ???? ?? ?????? ???? ???? ??? ?????? ???? ?? ??? ??? ?? ?????? ???????? ?? ?? ???? ?? ‘?? ?? ?? ????’ ???? ????? ??? ???? ??????? ?? ???? ??? ???????? ??? ??? ?? ????? ?? ???? ???? ??? ?????? ??? ???? ??? ?? ??…. ????????????????,?????????????????????????????????????????????????????????????????????????????????????l????????????????????????????????????????????????,???????,????????????????????????????????????????????????????????????????? ?????? ????????????? ????? ?????????????????????… ???? ???? ?? ?????? ??? ?????? ?? ????? ???? ???? ???? ?? ???? ????? ?????? ??? ???? ??? ??? ?? ?? ?????? ????????? ?? ???????? ??? ????? 2022 ??? ??? ?? ???? ?? ??? ???? ???? ?????? ????????? ??? ???? ????? ?????? ???? ?????? ?? ????? ???? 23 ????? 2022 ?? ???? ??????????? ??????? ?? ??????, ????????? ?? ???? ?????? ?? ???????? ??? ??? ???? ????? ??? ?? ?? ????? ???? ???????? ?? ????? ?? ??????? ???? ?? ???? ??? ??? ???? ?? ???? ?? ??? ?? ?? ?? ???? ???? ?? ????? ?? ??? ??? ????? ?? ????? ???? ?? ???? ????? ?? ????? ?? ??? ??? ???????? ?? ????? ??????? ?? ??????? ????????? ???? ?????-?-?????? ????????? (??????) ?? 19 ????? ?? ??? ???? ??????? ?? ???? ?? ???? ????? ???????? ?? ???? ???? ?? ????? ?? ????? 21 ????? ?? ????? ???????? ???? ??? ???? ??????? ??? ?? ????? ??????? ?? ????? ?? ?? ????? ??? ?? ?? ??????? ?????? ?? ??? ????????? ???? ?? ???? ???? ???????? ?? ?????? ????? ??? ??? ?????? ???? ?? ???? 22 ????? 2022 ????????? ???????? ??????? ????? ????? ????? ?? ????? ?? ????? ??? ?? ?? ?? ??????? ?????? ?? ??? ???? ????? ?? ???? ???? ???????? ?? ??????? ???? ??? ??? ???? ??? ?? ????? ?? ????? ?? ???? ???? ????? ?? ??????? ?? ????? ????? ???? ???? ???? ??",REF,crime
????? ??? ???? ?????????????? ?? ????? ????? ???????? ?? ???? ?? ?? ??????….,"???? ?????? ?? ?? ?????? ???? ???? ?? ??? ??, ?????? ????? ????????? ???? ??? ??? ???? ?? ???? ???? ?? ????? ????? ?? ???????? ???? ?? ????? ?? ????? ?? ??? ???? ????? ?????? ?? ??? ???? ???? ?? ??? ?? ??  ?????  ??? ??????? ?? ????? ?? ?? ?????????????? ?? ????? ???? ?? ???? ??? ????? ?????? ?? ??? ???? ?? ???? ??- ????? ?? ???-?????: “?? ????? ???, ?? ???? ?????!” ????????? ?? ???? ?? ???? ?????????????? ?? ???? ??????! ????? ????? ?? ?????? ????? ?? ???? ??—??????? ?? ‘?????’ ???? ????? ?? ??? ????? ??? ??? ??? ??? ????? ?????????? ?? ??????? ?? ??? ???? ?? ???? ??? ???? ???? ?? ?? ????? ?? ??? ???? ?????? ???? ??? ????? ??? ?????! ?????????????? ???????? ?? ??? ???? ?? ??… ?????? ?? ?????? ??? ???? ?????  ?????? ?? ???????? ?? ?????? ???? ???? ????, ?????? ??? ????? ?????? ???? ????????  ????? ???? ?? ?????? ?? ?????????? ?? ???? ?? ???? ????? ??? ???? ???? ??? ??? ?????? ?? ??? ??? ?? ?????? ??? ???? ??, “????? ?? ?? ??? ???? ?????? ?? ??? ?? ??? ??? ??? ??? ???? ??????? ?? ??? ???? ??? ???? ???? ???? ?? ?????? ?? ??? ????  ?????????? ?? ?? ????? ???????? ?? ?????Maasranga News?? ???????  ???? ?? ???????  ??????? ?? ???????? ?? ????? ?? ??? ????? ?? ???? ?? ??????? ???? ????? ???? ?? ?  ????? ????? ?? ?? ????? ?? ?? ???? ?? ??? ?? ? ??? ??? ???? ????? ?????? ??? ??? ? ??? ?? ????? ???? ?? ??? ?? ?????????? ????? ???? ??? ????? ??? ????????????????? ?? ????? ??? ??? ?? ????? ??? ??? ????? ??? ?????????? ?? ???? ????? ?? ????????? ??? ??????? ???? ??? ???? ???????? ???????? ???? ???? ??, ??????????? ????? ???????Bd24report?? ???????? ?????? ??? ?? 17 ????? 2026 ?? ??? ?? ????? ??? ?? ???? ?????? ????? ??? ?? ???? ??????? ??? ??? ????? ???????? ?????????????  ??? ?? ?????? ?? ?????????? ?? ???? ??? ??????? ??????? ?? ?? ??? ???????? ?? ????? ??? ??? ????????-????-???? ?? ??? ???? ???? ??,  ????? ?????? ?????????? ?? ?? ?? ???? ????? ?? ??? ????? ???? ??? Title:????? ??? ???? ?????????????? ?? ????? ????? ???????? ?? ???? ?? ?? ??????…. Fact Check By:Sarita Samal R",REF,crime
???? ??? ??????????? ? ?????? ?????? ?????? ???????? ?? ????? ?????? ???? ?? ?????…,"???? ????? ?? ?????? ???? ???? ?? ????? ?????? ?????? ? ??????????? ??? ??? ?? ???? ???? ??? ?? ??? ?????? ?????????? ?? ??? ????? ???? ??? ???? ??? ????? ?????? ? ?????? ?????? ?? ????? ?????? ???????? ?? ?????? ???? ?????? ?? ?? ?????? ????? ???? ?? ??? ??? ????? ?? ??????? ?? ?????? ?? ??? ??? ???? ?? ??? ?? ??? ?????? ????? ??? ????? ???? ??? ?? ?????? ???? ???? ??? ???? ???? ?? ??? ?? ?? ???? ??? ?? ??????? ?? ?? ?????? ????? ?? ??? ??? ????? ?? ?????? ?? ?? ?????? ?? ??? ???? ???? ??… ???? ?? ???? ?? #?????? #???????? ?? #????? ???? ?? ?? ?????? ????????????? ????? ?????????????????????… ???? ???? ?? ?????? ??? ????? ?????? ?? ??????? ?? ???? ????? ?????? ??? ???? 19 ?????? 2021 ??DW ???????? ??????? ?? ???????? ?? ??????? ????, ?????? ????? ?????? ?? ????? ????? ????? ???? ???? ???? ??????? ?? ??????, ???? ?? ???? ????? ?????? ?? ????? ?? ?? ????? ??? ?? ?? ?????? ????? ?? ???? ???? ?? ????? ???? ??????? ?? ?????? ????? ?? ?????? ?? ???? ?? ?? ??? ???? ?????? ??? ?? ????? ?? ??? ????? ???? ????? ?? ?? ???????? ????? ?????? ?? ????? ?????? ????? ????? ?? ??????, ?????? ??? ??????? ??????? ??? ??? ??? ???? ?????? ?? ?? ??????? ???????? ?? ????? ??? ?? ??? ???? ??? ???? ???? ?? ??? ??????? ???? ???? ??? ???? ??? ??????????????? ????????? ??????? ?? ?? 19 ?????? 2021 ?? ???????? ??????? ????? ??????? ??? ?? ????? ?????? ???? ????? ????? ???? ???? ?? ??????? ??? ?? ?????? ????? ????? ?? ?????? ?? ??? ????? ??? ????? ????-????? ?? ???????? ???? ?? ??????? ?? ??? ???? ???? ?? ?? ????????? ???????????? ?? ??????? ???????? ??????? ????? ?? ??????? ??? ????? ??? ?? ?? ?? ?????? ?????? ?? ???????? ????? ??? ??? ???? ??? ?? ?? ?? ????? ??? ??? ?? ????? ?? ???????? ???? ??? ??? ?????? ??? ??? ??? ????? ??? ????-????? ??? ?? ?????? ??? ???? ?? ???? ????? ????? ????????????? ???? ?????? ?? 19 ?????? 2021 ?? ????? ???? ??? ?? ?????? ????? ????? ????? ????-????? ?? ???? ????? ??? ??? ?? ?????? ??? ?????? ????? ?? ??????? ?? ?? ???? ?? ???? ???? ??? ??? ??  ??????? ????????????",REF,crime
????????? ??? ?????? ???? ????? ?? ??-?????????? ?? ?????? CJP ?? ?????? ?????? ???? ?? ??????,"?????? ???? ????? ?? ?????????? ?? ?????? ?????? ???? ?????? ?? ???????? ????, ????? ???? ????? ?????? ??????? ?? ?? ?????????? ?? ??? ?? ???? ??????? ????? ?? ?????? ???? ?? ???? ???? ?? ??? ??? ???? ???? ?? ??? ?? ?? ??????? ????? ?? ????? ????????? ?????? ????????? ?? ??????? ?? ??? ??? ?????? ?????? ????? ?????? ???? ?????? ?? ??????? ?? ????????? ??? 30,000 ?? ?????? ???? ?? ????? ?? ????? ??? ????? ??? ??? ?? ??? ???? ?? ????? ????????? ????????? ?? ?? ?????? ?????? ?? ????? ?? ??????? ?? ??, ?????? ???????? ???? ??? ?? ?????? ???????? ?? ??? ??? ????????? ?? ???? ???? ???? ??? ???????? ?????? ?? ????? “??????” ?? ?? ??? ??????? ?????? ?? ??? ??? ?????? ???? ?? ???? ?? ??????? ????? ????????? ???? ?????????? ?? ??? ???? ?? ??? ?????? ?????? ?? ?????? ?? ?????? ???? ???? ?? ??? ??? ????? ?? ????? ?????? ?? ??? ?????? ???? ??… 30??????????????????????????????????“????????????????”??????–???????????????????????????????????????????????30,000?????????????????????????????????????????????????????????????,???????????????????? ?????? ????????????? ????? ?????????????????????… ???? ???? ?? ?????? ??? ????? ?????? ?? ????? ???? ?????? ???? ???? ????? ?????? ??? ??????????24?? ??? ?? 26 ?????, 2026 ?? ?? ??????????? ????? ????, ?????? ??? ????? ????? ?? ???? ?? ???? ??? ????? ??? ????? ??? ?? ?? ?????? ??? ????????? ??? ????? ?? ??? ?? ?? ?????? ?? ????? ???? ??? ??, ?? ??-?????????? ?????? ????? ?? ???? ??? ?? 25,000 ????? ?? ?????? ???? ??? ????? ??? ??? ??? ????? ??? ?? ?? ?????? ???? ?? ????? ???? ?? ????? ?????? ????? ?? ???? ??? ?? ????????? ???????? ???? ?? ????? ?? ????? ?? ????? ??? ?????? ?? ???? ???? 50,000 ????? ?? ???? ?? ??? ?? ????? SI ?? 25 ???? ??? ???? ?????? ?? ACB ?? ???? ????? ???? ???? ??? ??? ?????????? ???????? 26 ?????, 2026 ?? ?? ?? ??????? ?? ????? ????? ???? ???? ????? ????? ??? ???, ????? ?? ?????? ??? ?? ?? ????? ????????? ??? ????? ?? ?? ???????? ?????? ?? ?? ??? ???? ?????NewsX World?? ??? ?? 26 ????? 2026 ?? ?????? ????? ???? ??? ???? ??? ?",REF,crime
"????? ??? BJP ?? ???? ??? ????? ???? ?? ?????? ?? ????? ?? ???? ???, ????? ?????? ?????? ….","?????? ????? ??? 23 ?????? ?? ???? ??? ?? ????? ??? ?? ????? ??? ?? ????? 29 ?????? ?? ??????? ???? ??? ?? ?????? ??? ??? ????? ?? ????????? ???? ??? ????? ?? ?? ?????? ???? ?? ????? ???? ??? ??? ???? ???? ?? ??? ?? ??  ????? ???  ?????? ?? ?? ????? ????? ?? ???? ??? ?? ??? ??, ??? ????? ????? ?? ?????? ?????? ?? ????? ??? ??, ?? ?? ??????????? ?????????? ???? ?? ???? ????, ????? ?????? ?? ‘?? ?? ??’ ????? ????? ?????? ?? ??? ???? ?? ???? ??- ???? ?????? ?? ?????? ????? ????? ?? ??? ??????? ?? ??????? ?????? ??????? ?? ?? ???? ??—?? ???? ??? ?? ???? ?????? ?? ?? BJP ?? ???? ??? ?? ??? ??—???? ??? ???? ??? ?? ?? ?? ?????????? ?? ?????????? ???? ?? ???? ???? ???? ?? ???? ?? ??????, ?? ??????? ?? ‘?? ?? ??’ ???? ????; ???? ???? ?? ?? ?? ???? ??? ?? ??? ???? ???? ??? ?? ???, ???? ????? ?? ?? ???? ?? ???, ??????? ???? ?? ???? ????? ?????? ??? ?? “TMC ?? ?????? ????? ???? ???? ??”! ?????? ????? ??? ??? ??? ??? ?? ?? ?????????????? ???????? ?? ??? ???? ?? ??… ?????? ?? ?????? ??? ???? ?????  ?????? ?? ???????? ?? ?????? ???? ???? ????? ?????? ??? ????? ?????? ?? ????? ???? 2020 ?? ???????? ????????? ?????? ???? ?????? , ?????? ??? ????? 2020 ??? ?????? ????? ?? ????? ?????? ????? ???????? ?????? ??????? ?? ?? ???? ?? ?????????? ???? ?? ??? ????? ???? ?? ???? ?? ??????? ??? ??? ??? ?? ????? ??? ??, ?? ???? ??? ???? ??? ???? ????? ??? ?? ?? ?? ????? ?? ???? ??? ?? ?? ??? ?????? ?? ??? ?? ????? ?? ???? ?? ??? ?????? ???? ???????? ??? ?? ?????? ???? ?? ??? ??? ?? ???? ???? ?? ?? ????? ?????? ??? ?? ???? ??? ???? ??????? ?? ??? ???? ??? ??? ???? ???? ?? ?????????? ?? ?????? ????’ ?? ???????? ???? ????? ?? ?? ????? ????? ???? ?????? ?? ????? ??? ???? ???? ??? ??? ??? ??, ?? ?????? ??? ???? ???? ?? ??? ?? ???? ?? ????? ??? ???????? ?????? ????? ?? ???? ????? ??? ??? ?? ???? ???? ?? ???? ???? ?? ?????? ?? ????? ?? ????? ?????? ??? ??? ??? ?? ?? ????? ??? ?????????? ?????? ?????? ???? ???? ??? ??? ??? ????????? ??? ??????? ???? ??, ????? ??? ????? ???? ?? ???? #DelhiRiots2020: Bleed",REF,crime
?????? ??? ?? ??????? ????? ?? ??? ???????? ?? ??????  ????? ??????????? ???? ?? ?????…,"?? ???? ?? ???? ???? ?? ?????? ?????? ????? ??  ??????  ???? ?????? ?? ???? ?? ????? ?? ??? ??? ?????? ??? ????? ?? ??? ?? ?? ??? ???? ??? ?? ???? ???-??? ?????? ???? ?? ????? ?? ???? ?????? ?? ?? ???? ?? ?? ?? ?????? ?? ???? ???? ????????? ????? ?????? ?? ?????????? ??? ???? ???? ???? ?? ??? ?? ?? ?????? ??? ?? ?????? ???? ?? ?? ??????? ????? ?? ??? ???????? ??, ????? ??? ????? ?? ??? ??? ??????? ????? ?????? ?? ??? ???? ?? ???? ??- ??????? ???? ???? ?? ????? ??????? ??? ?????? ???? DNA ??? ???, ???? ?? ??? ?? ???? ??? ?? ?? ??? ?? ???? ?? ???? ???? ??! ?????????????? ???????? ?? ??? ???? ?? ??… ?????? ?? ?????? ??? ???? ????? ?????? ?? ??? ???????? ?? ?????? ???? ???? ????? ?????? ??? ????? ?????? ?? ??? ????????? ???????? ??????? ?? ???? ?   26 ????? 2025 ?? ???????? ?? ??? ?? ??????   ?? ????? ?????? ?? ??????? ?? ??, ???? ????? ?? ???????? ?? ??? ???? ?? ????? ????? ??? ????? ?????? ?????? ????? ????? ?? ????? ?? ????? ??? ?? ????? ?? ???? ?? ??? ????? ??? ????? ?????? ??? ?? ????? ?? ??? ??? ??? ??????? ?? ?? ?? ????? ??? ?????? ?? ???? ?? ?? ????? ?? ????? ???????? ?? ?????? ???? ??????? ?? ??? ???? ??? ??? ???? ???? ?? ????????? ???????? ??????? ????? ?????? ????? ???? ?? ??? ????? ?? ????? ??? ??? ????????? ??????? ??????? ??? ???? ??????? ???? ??? ?? ????? ??  ?? ????? ????? ???? ???? ?????? ?? ???? ???? ?? ???? ?????? ??? ????? ?? ??? ?????? ??? ???? ?? ?? ????? ???? ????? ?? ?? ??????? ?? ??? ???? ??? ???? ?? ???? ???? ?? ????? ?? ????, ????? ??? ?????? ?? ???? ???? ??? ?? ????? ???????? ??? ????? ??????????? ??????? ???? ??? ???? ??, “?????? ?????? 25.02.2025 ?? ??, ??????? ????? ?? ?????? ??????? ???? ???? ?????? ??? ??? ??? ??????? ?? ??? ????? ????? ???0 ?????? ????? ??0 ???? ?????? ????? ??? ??, ????? ?? ??????? ?? ??? ?? ?? ????? ?????? ????? ??? ?? ????? ?? ?????? ?????? ??????? ???? ??, ????? ?? ??? ??? ????? ?? ???? ?? ?? ??? ??? ??????? ?? ????? ??????? ??, ???? ??? ?????? ????????? ?? ??????” ?????? ?????? 25.02.2025 ?? ??, ??????? ????? ?? ??",REF,crime
?????? ????? ???? ?? ??? ?????? ????? ?? 11 ????? ????????? ?? ???????? ?????,?????? ?? ?????? ?????? ????? ?? ?????? ????? ???? ?? ??? 11 ????? ????? ????????? ?? ???????? ?????,SUP,
?????? ??? ?????? ????? ???? ?? ????? ?? ????? ?????? ???????? ??? ???,????? ?? 130 ??????? ???? ????? ?? 101 ?????? ?????? ?? ??????? ?? ??? ?? ????? ????????? ?? ???????? ?????,SUP,crime
????????? ????? ?? ????? ??? ???? ???? ??????????? ????? ?? ???? ???????? ?? ???????? ?????,"????? ?? ???? ???????? ?? ???????? ?? 318 ?????? ???, ????????, ???? ?? ???? ????? ???",SUP,crime
?????? ????? ?? 44 ??? ????? ?? ????? ???-??? ????? ??? ????? ????? ?? ???????? ?????,????? ?? ????? ????? ?? ???????? ?? ???? ??? ?? ??? ?????? ?? ??? ????? ??? ????? ????? ????,SUP,crime
????????? ??? ????????? ?? ???? ????? ??? ???? ???? ????? ?? ?? ????? ?? ????? ????,????? ?? ????? ???? ???? ???????? ?? ?? ??? ?????? ?? ???????? ?????,SUP,crime
??????? ??? ?????? ???????? ?? ????? ?? ????? ??? ???? ????? ???????? ??? ???,??????? ????? ?? ?????? ???????? ???????? ???? ?? ????? ?? ????? ??? ???? ???????? ?? ???????? ?????,SUP,crime
????? ??? ??????? ????? ?? ????? ??? ?? ????? ????? ?? ?? ????? ???????? ??? ???,???? ????? ?? ????? ????? ?? ???? ????? ??? ???? ???? ????? ?? ?? ??????? ?? ???????? ?????,SUP,crime
??????? ????? ?? ???????? ???? ?? ?? ????? ????????? ?? ???????? ?????,????? ?? ?? ???????? ?? ???????? ?? ?? ?????? ?? ??? ??? ????? ????? ????,SUP,crime
??? ??? ????? ?? ????? ??? ?? ????? ??? ?????? ????? ?? ??? ???? ?? ???????? ?????,?????? ????? ?? ????????? ????? ?? ?????? ?? ??? ???? ?? ???????? ?????,SUP,crime
???????? ??? ??????? ???????? ?? ????? ??? ??? ???????? ?? ???????? ???? ????,????? ?? 16 ?????? ?????? ?? ??????? ???????? ?? ????? ??? ??? ???????? ?? ???????? ?????,SUP,crime
?????? ?? ????????????? ????? ??? ????? ??? ????? ????? ???? ?????? ?? ???????? ?????,?????? ?? ?????? ?????? ?? ??????? ???????? ?? ??? ???? ???? ????????????? ????? ???????? ????? ?? ????? ????? ???? ???????? ?????? ?? ???????? ?????,SUP,crime
????? ????? ?? ????? ????? ?? ???? ??? ?? ??? ?????? ?? ???????? ?????,"????? ?? ????? ???????? ?? ??? ?? ?????? ???, ??? ????? ?? ???? ???????????? ????? ???? ????",SUP,crime
????????? ????? ?? ?????? ?????? ?? ???? ????? ??? ???? ???? ????? ?? ???? ???????? ?? ???????? ?????,??? ?? ?????? ???? ?? ????? ?? ???? ?????? ???? ????? ??? ???? ???? ??????????? ????? ?? ???? ???????? ?? ???????? ???? ????,SUP,crime
???????? ????? ???? ????? ?? ?? ????? ???????? ?? ???????? ?????,????? ?? ????? ????? ??? ?? ???? ????? ??? ?? ???????? ?? ???? ??? ?? ??? ?????? ?? ??? ??? ????? ????? ????,SUP,crime
?????? ????? ?? ????????????? ????? ????? ?? ??? ???????? ?? ???????? ?????,????? ??? ?? ?????? ????? ?? ??????? ??? ?? ??? ???????? ?? ???????? ???? ??? ???? ??? ???? ??? 448 ????? ???????? ?? ????? ??? ???,SUP,crime
?????? ????? ?? ?????? 5.0 ?????? ?? ????? 916 ????? ?? ???????? ?????,?????? ?? ?????? 48 ???? ?? ?????? ??? ?????? ????? ?? 916 ????? ?? ???????? ?????,SUP,crime
???? ????? ?? ?????? ????? ????? ?? ??? ??? ????? ?? ???????? ?????,?????? ????? ????? ?? ????? 11 ??????? ??? ???????? ???? ??? ??? ????? ?? ???????? ???? ????,SUP,crime
???? ????? ????? ?? ???? ?????? ??? ?? ????? ??? ?? ????? ?? ???????? ?????,????? ?? ????? ?????? ?? ???? ???? ????? ????? ?? 1.88 ??? ????? ?? ????? ??? ?? ???? ??? ???????? ?????,SUP,crime
?????? ????? ?? ??????????? ????? ??? ????? ????? ?? ???????? ?? ?? ????? ?? ???????? ?????,????? ?? ?? ???????? ?? ???????? ???? ?? ????? ????????? ?? ????? ????? ?? ??????? ??? ????? ?????? ????? ???,SUP,crime
????? ??? ???????? ?? ????? ????? ???? ?? ????? ????? ?? ????? ??? ??? ?? ???? ???,?????? ??? ????? ??? ?? ?? ???????? ???????? ??? ?? ?? ????? ??? ?? ????? ????? ?? ????? ??? ??? ?? ???? ???,SUP,crime
????? ?????? ????? ?? ?????? ???-???? ?? ??? 773 ????? ????????? ?? ???????? ?????,?????? ?? ?????? ??? ????? ?? ???? ?? ?????? ??? ????? ?? 773 ????? ????????? ?? ???????? ?????,SUP,crime
???????? ????? ?? ???? ??????? ???? ????? ??? ???? ???? ?? ????? ?? ???????? ?????,"????? ?? ????? ?? ??? ?? 4.04 ??? ????? ???, ?????? ???, ??? ????? ?? ???? ????? ????? ?????",SUP,crime
???????? ?? ????????? ??????? ?? ??? ????? ????????? ?? ???????? ???? ????,????? ?? ??? ???????? ?? ???????? ?? ??? ?????? ??? ?? ?? ??? ????? ????? ????,SUP,crime
??????? ????? ?? ????? ????? ?? ????? ??? ???? ????? ???? ?? ???????? ?????,???? ??? ????? ?? ???? ?? ????? ?? ???? ???? ?? ????? ????? ??? ?? ???? ?????? ?? ?????? ?? ??? ???? ?? ??? ???,SUP,crime
?????? ????? ?? ??? ?????? ?? ????? ???? ????? ??? ???? ???? ?? ???????? ?? ???????? ?????,"????? ?? ????? ???????? ?? ??? ?? ????, ?????? ??? ?? 800 ?? ???? ?????? ?? ????? ????? ???",SUP,crime
??????? ????? ?? ???????? ?? ????? ???? ??? ?? ??????? ?? ??? ???????? ?????,?????? ?? ?????? ????? ?? ??? ?? ???? ????? ?? ?????? ?? ????? ????,SUP,crime
??????? ????? ?? ???? ????? ????????? ??? ?? ???????? ?? ???????? ?????,????? ?? ????? ?? ????? ??? ???? ?? ???? ?? ???????? ?? ?????? ?? ???? ????? ????,SUP,crime
????? ??? ????? ???? ?? ????? ?????? ??? 130 ????? ?? ????? ????,"????? ?? ?? ?????? ??? ???????? ?? 130 ????? ?? ?????? ??? ???? ??? ??????, ?????? ?? ?????? ????? ????",SUP,crime
?????? ????? ?? 50 ???? ????? ?? ????? ???????? ?? ????? ?? ???????? ?????,?????? ?? ?????? ????? ?? 50 ???? ????? ?? ????? ????? ?? ???????? ?????,SUP,crime
?????? ????????? ??? ?????? ????? ??? ?? ?? 23 ???????? ?? ???????? ???? ?? ???? ???,?????? ?? ?????? ?? ?? ????? ?? ????????? ?? ??? ??? ???????? ???????? ?? ?????? 23 ?? ???,SUP,crime
?????? ????? ?? 15 ??? ?? ???? ????? ????? ?? ?? ????? ????? ?? ????? ?? ??? ?? ????? ??? ???????? ?????,?????? ?????? ??? 2011 ??? ??? ?????-??? ?? ???? ??? ???? 10 ???? ????? ?? ????? ????? ????? ?? ???????? ????? ???????? ?? ??? ?? ????? ????,SUP,crime
?????? ?? ??????? ????? ??? ?? ??????? ????? ??? ?? ???????? ????? ?? ??? ?? ??????? ????? ?? ?? ???????? ?? ???????? ?????,??????? ????? ???? ??????? ??? ??? ????? ?? ????? ??? ???????? ???????? ?? ?????? ????????? ?? ???? ?? ???? ????? ?? ???? ????? ???? ?? ???????? ?? ????? ????,SUP,crime
?????? ?? ?????? ??? ??? ?? ??? ??????? ?? ???? ????? ????? ?? ????? ??? ???? ???? ??? ?? ????? ????? ???? ??? ???????? ?? ???????? ???? ????,"???? ??? ????? ??? ?? ???????? ?? ???? ???? ??? ???? ???? ?? ??? ??? ??????? ?? ????? ?? ????? ???? ??, ?????? ?? ??????? ?? ????? ???",SUP,crime
?????? ?? ??????? ??????? ??? ?? 20 ?????? ???? ?? ???? ????? ????? ?? ????? ??? ????? ?? 18 ???? ?? ???? ??? ???????? ?? ???????? ?? ?????,"????? ????? ??? ???? ???? ????? ?? ????? ??? ????? ???????, ??? ??? ?? ??? ???? ??? ???????? ?? ?????? ?? ???? ?? ????? ????",SUP,crime
??????? ?????? ??? ????? 150 ????? ?? ????? ??? ?? ???? ?? ????? ?? ????? ??? ????? ?? ??? ???????? ?? ???????? ?????,???????? ????? ??????? ?? ??????? ????? ?? ?????? ?? ???? ?? ????? ?? ??? ?? ????? ??? ??? ????????? ?? ????? ?? ?????? ???????? ?? ?????,SUP,crime
?????? ????? ?? ????? ??? ?? ?????? ?????? ?? ???? ?? ?????? ?????? ?? 42 ??? ????? ?? ???? ?? ??? ???? ???? ??? ???????? ?? ???????? ?????,"????? ???????? ?????? ???? ?? ?????? ???? ??? ???????? ?? ???? ????? ??? ???? ????? ?? ??? ????? ????, ?? ????? ????? ?? ??? ?? ???? ?? ????? ?? ????? ???",SUP,crime
???? ????? ?????? ??? ?? 26.2 ??? ????? ?? ?????? ????? ???????? ????? ??? ???? ???????? ?? ???????? ?????,???? ??? ??? ??? ?? ???????? ??? ???????? ???? ???? ????? ?? 149 ????? ???????? ?? 6.53 ????? ????? ?? ???? ?? ??????? ?????? ?? ????? ??? ???,SUP,crime
???????? ?????? ?? 25 ??? ????? ?? ????? ??? ?? ????? ??? ??????????? ?? ?????? ?????-?????????? ???? ??????? ?? ???????? ?????,"?????? ?????? ???? ???? ?? ?????? ????? ?????? ???? ???? ????? ?? ???? ????, ????? ????? ?? ??? ????? ????? ????????? ?? ?????? ????? ???",SUP,crime
????? ?? ?????? ???? ??? ????? ?? ?????? ?????? ?? ?? ???? ??? ???? ???? ????? ?? 9 ??????? ?? ???????? ?????,??????? ?? ?? ????? ?? ???????? ?? ????? ????? ??? ?? ?? ????? ??? ?? ??????? ??????? ?? ????? ?? ?????? ????? ?????? ??? ???? ???,SUP,crime
??????? ????????? ?? ????? ?????? ????? ?? ????? ???? ????? ?? ???? ??? ???? ???? ??????????? ????? ?? ???? ???????? ?? ???????? ?????,"???????? ?? ??? ?? 43 ????? ?????, 15 ???????? ??????, ??? ????? ?? 12 ??? ????? ???? ???? ????????? ??????? ????? ????",SUP,crime
???? ?????? ??? ???????? ???????? ?? ??????? ?? ?????? ???? 2024 ??? ???? ??? ???? ?????????? ??? 1.77 ??? ?? ???? ????? ?? ?????? ????,"??????? ?? ??????? 2024 ??? ??? ?? ??? ???? 4.87 ??? ???? ?????????? ???? ?? ???, ?????? 1,77,175 ????? ?? ??? ?? ?? 4,71,441 ??? ???? ????",SUP,crime
"???? ?????? ???????? ?? ??????? ?? ?????? ???? ??????, ?????? ?? ??????? ?????? ??????? ?? ???? ???? ??? ?? ??? ???? 80 ????? ?? ??? ?? ??? ???","'??? ??????????? ?? ??????-2024' ??????? ??? ??? ??? ?? ?? ???? ??? ?????? ?? ???????? ?? ????, ????? ????? ?????? ?? ??? ?????? ?? ???? ?????? ??? ?????????? ?? ??? ?? ??? ????",SUP,crime
???????? ???? ?????? ???????? ?? ??????? ?? ?????? ???? 2014 ?? 2023 ?? ??? ???? ??? ???? ?????????? ??? ???? 15.3 ??? ????? ?? ?????? ????,"?? ?????? ??????? ???? ??????????? ?????? ?? ??? ???????? ?? ?? ???? ??, ???? ?? ????? ??? ??? ?????? ?? ?????? ?????? ?? ?? ?????? ??? ???",SUP,crime
?????? ????? ?? ?? ????? ?? ???????? ?? ????? ?-?????? ???? ????? ?? ????? ??????? ?? ??? ???????? ?????,????? ????? ??????? ?????? ???? ?? ?????? ????? ?? ????? ?? ???????? ???? ?? ???? ?? ??????? ???? ???? ??? ???? ????? ?????? ?? ????? ???? ???,SUP,crime
???????? ?? ?????? ???? ??????? ??? ??????? ???????? ?? ????? ??? ????? ?? ??? ???????? ?? ???????? ?? ???????? ??? ??? ?????,????? ??????? ????? ??.??. ?? ??????? ?? ?????? ???????? ???? ??? ????? ???????? ?? ???????? ?? ??????? ???????? ??? ???? ??? ???? ????,SUP,crime
???? ???? ?? ???? ??????? ??? ????? ????? ?? ??? ?? ????? ?? ??? ??????? ???????? ????? ?? ????? ????? ??? ???? ????? ????? ?? ????? ?? ???????? ?????,"?????? ?? ?????? ???? ?? ???? ?? ????? ?? ????? ?? ????? ?? ?? ???? ??? ???????? ??? ?? ?? ???? ?? ????, ???? ????? ????? ?? ???? ???? ???",SUP,crime
???????? ????? ?? ???????? ?? 44 ???? ??????? ???? ?? 290 ?????????? ?????? ?? ??? ?? ????? ??? ????? ????? ?????? ?? ???? ??? ???????? ?????,"????? ?????????? ?????? ????? ?? ??????? ??? ??? ?? ????? ?? ??????? ?? ??? ???????? ??, ?????? ????? ?? ?????? ?? ??? ????? ?? ???????? ?? ????? ????",SUP,crime
?????? ??? ????-????? ???? ?? ?????? ?? ?????? ????? ?? ??????? ??? ?? 31 ???? ????? ?? ???? ?? ??? ?? ????? ?? ???????? ?????,???? ????? ?? ???? 3.5 ???????? ???? ????? ??????? ?? ????? ??????? ??????? ?? ????? ??????? ??? ?? ???????? ?? ??? ???? ???? ?? ????? ??? ????? ???? ????? ???,SUP,crime
"?????? ????? ?? ??? ?? ????? ?????? ??? ???????????? ???, ?????, ?????? ?? ??????? ???? ??????? ????? ?? ???? ?????? ????? ?? ???? ??????? ?? ???????? ?????","????? ?? ???????? ?? ????? ?? 1.180 ????????? ???????????? ???, 10.530 ????????? ?????, 396.33 ????? ?????? ?? 9.76 ????? ??????? ???? ?????",SUP,crime
????? ???? ??? ????? ?? ????? ?????? ?? ????? ???????? ???? ??? ????????? ?? ????? ???? ??????? ??? ???????? ?? 7 ??????? ?? ???????? ?????,???????? ?? ????? ????? ?? ???????? ?? ????? ????? ????? ?? ???? ?????? ?? ????? ????? ???? ????,SUP,crime
?????? ??? ??????????? ?? ???? ??? ????? ??? ?????? ?? ???? ?? ????? ?? 10 ??? ????? ?? ?????? ?????? ???? ????? ?? 10 ???????? ?? ????? ?? ?? ??? ?? ???? ???????? ?????,????????? ???? ??????? ??????? ????? ???? ?? ?????? ????? ????? ?? ????? ?? ????? ????? ?????? ?? ?????? ???? ?? ????? ?? ????? ??? ???? ??? ???? ????,SUP,crime
????? ?? ?????? ???? ??? ????????? ???? ??????? ?? ????? ???? ????? ????? ?? ????? ?? 24 ???? ?? ???? ????? ????? ?? ???? ???????? ?? ???????? ?????,"???????? ?? ????? ????? ?? ???? ??? ???????? ?? ?????????? ???? ?? ?? ?????? ??? ?? ???? ???, ???? ?? ????? ?? ????????? ?? ??? ???????? ???? ???",SUP,crime
???? ??? ?? ?????? ???????? ?? ????? ?? ?????? ?????? ?? ????? ??? ???? ????????? ?? ??? ???????? ?? ???????? ?????,"???????? ???????? ??? ?? ?? ?? ????? ??? ??? ???? ?? ??? ??????? ?????? ??? ??? ???? ???, ???? ????? ?? ?????? ?? ??? ????? ?????? ?? ???? ????",SUP,crime
?????? ?? ???????? ??? ?? ????? ???????? ??? ???? ?? ???? ?? 8 ????? ?? ??? ?? ?? ?? 15 ?? ???? ??? ???? ????,"????????? ????? ?? ?????? ?????????? ???????? ??? ?? ???? ?? ??? ??? ?? ?????? ?? ???? ????? ??? ????-???? ?? ??, ?? ?????? ?? ???? ? ????? ??????? ??? ????? ????? ????",SUP,crime
????? ?????? ?? ?????? ??? ?? ????? ???????? ??? ???? ?? ???? ?? ?? ????? ?? ????? ???? ??? ?? ?? ???? ?? ???? ???? ????,"???? ?? ?????? ?? ???????? ????? ??? ???? ?? ????, ????? ???? ????? ???????? ??? ???? ???? ???? ???? ??? ?? ?? ????? ?? ???? ?? ?? ??? ?? ???",SUP,crime
????????? ?? ???????? ????? ???? ???? ????? ??? ???? ???? ?? ????? ?? ??? ??? ????? ??? 6 ??????????? ?? ??? ?? ?? ?? 29 ??? ???? ????,"??????????? ?????? ???? ???? ?? ?? ????? ?? ??? ?????? ????, ???? ?? ??????? ?? ????? ?? ????? ????? ?? ???????? ??? ???? ???? ?? ????? ?? ??? ??????????? ??? ???????? ?? ?? ???",SUP,crime
????? ?? ???? ??? ??? ??????? ?? ?????? ?? ????? ??? ????? ??? ?? ????? ?? ??? ?? ?? ?? ?? ?? ?? 100 ??? ???? ????,"??????? ????? ?? ??? ???? ?? ??? ????? ??? ???? ??? ????? ????-???? ???? ?? ?? ????? ???, ????? ??????? ??????????? ?????? ?? ???",SUP,crime
????? ?????? ?? ?????????? ??? ?????????? ?????? ????? ??? ??? ????? ??? 9 ??????????? ?? ??? ?? ???,"????? ?? ???? ????? ?? ????? ???? ?? ??????? ?? ??? ???????? ?? ????? ???? ???? ?? ??? ???? ?? ?????? ????? ?? ??? ???? ??? ????, ????? ????? ?? ???",SUP,crime
?????? ????? ?? ????? ??????? ??? ????? ??????? ??? ????? ?? ????? ?? ??? ??? ???? ???? ?? ??? ???????? ???? ??? ?? ???? ??? ?? ???? ????? ? ???? ?? ???? ????? ????,"????? ?? ????? ????? ?? ????? ?? ??? ?? ???? 315 ??? ?? ?????, ????? ?????? ?? ???? ?????? ????, ???? ???? ??? ???? ??? ?? ???? ????",SUP,crime
"????? ?????? ?? ??? ??? ????? ??????? ??? ?? ????? ????? ???? ???? ???? ??? ??? ???? ???? ?? ???? ???? ???????? ???, ????? ??? ?? ???? ????? ?? ???? ?? ???? ????? ????","????? ??? ????? ?? ??? ?? ?? ???? 315 ??? ?????, ????? ? ???? ??????, ???? ?? ??????????, ???? ?? ?? ?????? ??? ??? 4,500 ????? ??? ????? ??? ???",SUP,crime
"????? ?????? ?? ??? ???? ??? ????? ?? ??????? ???? ????? ?? ??????? ??????? ??? ?? ??????? ?? ???????? ???? ???, ????? ??? ?? ???? ????? ?? ???? ????? ????","????? ?? ???????? ?? ????? ?? ?? ???? ????? (315 ???), ????? ? ???? ??????, 3500 ????? ??? ?? ?? ???? ???? ?? ????????? ?????????? ????? ???",SUP,crime
?????????? ?? ????? ??????? ??? ????? ?? ?? ?????? ??? ?????? ?? ????? ?? ????? ??????? ??? ??? ??? ???? ???? ?? ??? ???????? ???? ????,"???????? ????? ?? ??? ?? 12 ??? ?? ???? ?????, ????? ? ???? ??????, ???? ???? ????? ?? ?????????? ?? ????? ??? ???????? ????? ????? ????",SUP,crime
????? ?? ???????? ???? ??? ?????? ????-????? ???? ?? ?????? ?? ?? ??????? ????? ?? ???? ?????? ?? ????? ?? ?? ????? ?? ???????? ?????,"????? ???? ?????? ????? ??? ????? ?? ???? ?? ?????? ?????? ?? ???? ?? ????? ?? ????? ?????? ??, ?????? ??? ??? ?? ????? ??????? ?? ????-??????? ????? ?? ?? ??? ???",SUP,crime
????-????? ???? ?? ????? ???? ?? ?????? ??? ????? ?? ?????? ?? ??? ???? ?? ??? ?? ??? ?? ??? 8 ??????? ?????? ?? ????? 2 ??????? ?? ???????? ?????,???? ??? ????? ??? ?? ???????? ??????? ?? ?????? ?? ??????? ?? ?????? ?? ????? ???? ????-??????? ??? ???? ?? ??? ???? ??? ???? ??? ?? ??? ????? ???,SUP,crime
????? ?? ???????? ??? ??????? ????? ?????? ?? ?????? ????????? ?? ??? ????? ?? ???? ?????? ???????? ?? 21 ??????? ?????? ?? ????? ?? ????? ?? ???????? ?????,"????? 5 ?? 13 ???? ?? ???? ?? ???? ???? ?? ?? ?????? ?? ??????? ?? ?? ??? ??, ???? ????? ?? ?????? ????????? ?? ??????? ?? ???? ???? ????",SUP,crime
???????? ?? ???????? ???? ??? ????? ?? ??????????? ??? ?????? ????? ?? ???????? ???? ??? 10 ??????? ???????? ?? ????? ???? ???????? ?? ???????? ?????,???? ?? ?? ?? ????? ??????? ???????? ?? ????-?????? ?? ?????? ???????????? ?? ??? ????? ?? ?? ????? ?????????? ?? ?????? ????? ?????? ?? ????? ???? ???,SUP,crime
"???????? ?? ???????? ??? ????? ??????? ????? ?? '????? ????, ?????? ?? ???' ?????? ?? ??? ????????? ????? ??? ?? ???? ????? ?????, ??? ?? ????? ?? ????? ???? ????","????? ?? ???????? ?????, ??????? ??????? ??? ?? ????? ?? ????? ???? ?????? ???? ?? ??? ????? ????? ?????????? ???? ???",SUP,crime
"???? ?????? ?? ????? ??? ????? ??????? ????? ?? ??????? ?? ?????? ?? ?? ????? ???????? ?? 12.21 ??? ????? ????? ?? 2,165 ???? ??????? ?? ???? ?????",?????? ??? ?? ??????? ????? ?????? ??? ????? ?????????? ?? ??????? ??? ?? ??? ???????????? ?? ???????? ?? ?? 31 ????? ???????? ?? ????? ???? ?? ??? ?????,SUP,crime
???? ?????? ?? ??????? ???? ??? ?????? ???????? ?? ?????? ??????? ??? ????? ??????? ????? ?? ??????? ????? ???????? ?? ??????? ?? ???????????? ?? ??????? ???????? ???,??????? ???? ??? ??????? ?? ?????????? ??? ????? ??????? ??????? ?? ??????? ??? ????? ????? ???????? ?? ??????? ????? ???????? ?????? ??????,SUP,crime
"????????? ?? ?????? ??? ??????? ?? ???? ????? ??????? ????? ?? ?????? ????? ?? ??? ???, ???, ???? ?? ???? ?? ???? ?????? ????? ?? ?? ????? ?????????? ?????","??? ?? ?????? ??? ????? ?? ?????? ?? ???? ?? ????? ???? 25 ???? ????, 60 ???? ????, 150 ???? ??? ?? 40 ???? ????? ?? ???? ??, ?????? ?? ??? ??? ?????? ?? ????? ??? ???",SUP,crime
