row_id,attack_id,original_claim,original_evidence,adversarial_claim,adversarial_evidence,gold_label,verdict,verdict_raw,flipped,reason,fluency,meaning_preserved,excluded,gate_reason
0,CA_CHAR_05_HomoglyphPerturbation,रक्तचाप घटाने का एकमात्र प्रभावी तरीका दवा लेना है।,डब्ल्यूएचओ नमक सेवन कम करने को रक्तचाप कम करने के उपाय के रूप में बताता है।,रक्तचाप घटाने का एकमा​त्र प्रभावी तरीका दवा लेना है।,,REF,REF,REF,False,no_flip,,,False,
1,CA_CHAR_05_HomoglyphPerturbation,भारतीय नौसेना ने सुरंग के भीतर बचाव कार्य के लिए विशेष पनडुब्बी तैनात की थी।,लेख में भारतीय नौसेना या किसी पनडुब्बी की तैनाती का उल्लेख नहीं है।,भारतीय नौसेना ने​ सुरंग के भीतर बचाव कार्य के लिए विशेष पनडुब्बी तैनात की थी।,,NEI,REF,REF,False,baseline_failure,,,False,
2,CA_CHAR_05_HomoglyphPerturbation,17 जून 2026 तक अरुणाचल प्रदेश में जल जीवन मिशन के अंतर्गत ग्रामीण नल जल कवरेज 100 प्रतिशत था।,पीआईबी हिंदी विज्ञप्ति की पूर्वोत्तर राज्यों की तालिका में 17 जून 2026 तक अरुणाचल प्रदेश के लिए जल जीवन मिशन कवरेज 100 प्रतिशत दिया गया है।,17 जून 2026 तक अरुणाचल प्रदे​श में जल जीवन मिशन के अंतर्गत ग्रामीण नल जल कवरेज 100 प्रतिशत था।,,SUP,SUP,SUP,False,no_flip,,,False,
3,CA_CHAR_05_HomoglyphPerturbation,मुख्य मोटर मार्ग लगभग 16 घंटे तक बंद रहा।,लेख में लगभग 16 घंटे तक यातायात ठप रहने की बात कही गई है।,मुख्य मोटर मा​र्ग लगभग 16 घंटे तक बंद रहा।,,SUP,SUP,SUP,False,no_flip,,,False,
4,CA_CHAR_05_HomoglyphPerturbation,उत्तराखंड सरकार ने कौंज गांव के सभी परिवारों के तत्काल स्थायी पुनर्वास के लिए नई आवास योजना की घोषणा की।,लेख में ऐसी किसी नई पुनर्वास योजना या सरकारी घोषणा का उल्लेख नहीं है।,उत्तराखंड सरकार ने कौंज गांव के सभी परिवारों के तत्काल स्थायी पुनर्वास के लिए नई आवा​स योजना की घोषणा की।,,NEI,REF,REF,False,baseline_failure,,,False,
5,CA_CHAR_05_HomoglyphPerturbation,प्रधानमंत्री-आयुष्मान भारत स्वास्थ्य अवसंरचना मिशन 2021 में शुरू किया गया था।,पीआईबी की हिंदी विज्ञप्ति के अनुसार भारत सरकार ने प्रधानमंत्री-आयुष्मान भारत स्वास्थ्य अवसंरचना मिशन की शुरुआत 2021 में की थी।,प्रधानमंत्री-आयुष्मान भारत स्वास्थ्य अवसंरचना मिशन 2021 में शुरू किया​ गया था।,,SUP,SUP,SUP,False,no_flip,,,False,
6,CA_CHAR_05_HomoglyphPerturbation,महिलाओं ने बच्चों और पुरुषों ने बुजुर्गों को सुरक्षित स्थान तक पहुंचाने में मदद की।,लेख में महिलाओं और पुरुषों की भूमिका का स्पष्ट उल्लेख है।,महिलाओं ने बच्चों और पुरुषों ने बुजुर्गों को सुरक्षित स्थान तक पहुंचाने​ में मदद की।,,SUP,NEI,NEI,False,baseline_failure,,,False,
7,CA_CHAR_05_HomoglyphPerturbation,पैक्स के आदर्श उपविधियों में महिलाओं तथा अनुसूचित जाति और अनुसूचित जनजाति को पर्याप्त प्रतिनिधित्व देने का प्रावधान है।,पीआईबी की हिंदी विज्ञप्ति में पैक्स की सदस्यता को समावेशी बनाने के लिए महिलाओं और अनुसूचित जाति/जनजाति को पर्याप्त प्रतिनिधित्व देने के प्रावधान का उल्लेख है।,पैक्स के आदर्श उपविधियों में महिलाओं तथा अनुसूचित जाति और अनुसूचित जनजाति को पर्या​प्त प्रतिनिधित्व देने का प्रावधान है।,,SUP,SUP,SUP,False,no_flip,,,False,
8,CA_CHAR_05_HomoglyphPerturbation,खान सर की हिरासत का पुराना वीडियो खान ग्लोबल स्टडीज विवाद से संबंधित नहीं।,"दिसंबर 2024 में बीपीएससी प्रदर्शन के दौरान पुलिस की हिरासत में खान सर का पुराना वीडियो गलत संदर्भ में वायरल। चर्चित यूट्यूबर और शिक्षक फैजल खान उर्फ खान सर के पटना स्थित कोचिंग संस्थान में हुई गोलीबारी के बाद उन पर कानूनी शिकंजा कस गया है। पुलिस ने जहां उनके दो गार्डों को गिरफ्तार किया है। तो वहीं खान सर के खिलाफ भी एफआईआर दर्ज की गई है। इसी संदर्भ से जोड़ते हुए सोशल मीडिया पर एक वीडियो वायरल हो रहा है, जिसमें पुलिस बल खान सर को हिरासत में लेकर जाते हुए दिख रहा है। इस वीडियो को हालिया फायरिंग कांड से जोड़कर साझा किया जा रहा है और दावा किया जा रहा है कि पुलिस ने उन्हें गिरफ्तार कर लिया है। पोस्ट के कैप्शन में लिखा गया है कि… बिहारकोअपनीजागीरसमझनेवालाबिहारकेयुवाओंकोभड़काकरसरकारकोब्लैकमेलकरनेवालाखानसरउर्फ़फैसलखानगिरफ्तार”सिंपैथीवालाकार्डफेलहोगयाअभीतोपार्टीशुरूहुईहै फेसबुक पोस्ट।आर्काइव पोस्ट अनुसंधानसेपताचलताहैकि… हमने जांच की शुरुआत में वायरल वीडियो के कीफ्रेम निकालकर उनको गूगल रिवर्स इमेज सर्च किया। परिणाम में हमेंViral Khan Sirनाम के एक यूट्यूब चैनल पर वायरल वीडियो से मेल खाता हुआ वीडियो मिला। यहां पर 6 दिसंबर 2024 को वीडियो पोस्ट करते हुए बताया गया था कि यह BPSC की 70वीं संयुक्त प्रतियोगिता परीक्षा में नॉर्मलाइजेशन के विरोध के दौरान का है। जिसमें प्रदर्शन में शामिल होने के कारण खान सर को पटना के गर्दनीबाग थाने में ले जाया गया था। फिर हमें इस मामले मेंआजतककी वेबसाइट पर 7 दिसंबर 2024 की एक रिपोर्ट मिली। इसके अनुसार, बिहार में दिसंबर 2024 में बीपीएससी के खिलाफ प्रदर्शन के दौरान खान सर को हिरासत में लिया गया था जब बीपीएससी की परीक्षा में नॉर्मलाइजेशन को लेकर अभ्यर्थियों का आंदोलन हो रहा था। हालांकि एक घंटे बाद खान सर समेत कुछ अन्य लोगों को छोड़ दिया गया था। आगे हमें इससे संबंधितदैनिक भास्करकि रिपोर्ट मिली, जिसमें बताया गया है कि BPSC की 70वीं संयुक्त प्रतियोगिता परीक्षा में नॉर्मलाइजेशन के मुद्दे को लेकर छात्रों ने प्रदर्शन किया था। इसमें खान सर भी शामिल हुए थे। जिसकी वजह से पुलिस ने उन्हे हिरासत में लिया। बाद में उन्हे तुरंत छोड़ भी दिया गया था। पड़ताल में आगे बढ़ते हुए हमेंटाइम्स नाउकी वेबसाइट पर एक रिपोर्ट मिली, जिसमें वायरल वीडियो के स्क्रीनशॉट को शेयर किया गया है।",खान सर की हिरासत का पुरा​ना वीडियो खान ग्लोबल स्टडीज विवाद से संबंधित नहीं।,,REF,REF,REF,False,baseline_failure,,,False,
9,CA_CHAR_05_HomoglyphPerturbation,प्रधानमंत्री किसान मानधन योजना में प्रवेश की आयु 18 से 40 वर्ष है।,पीएम-किसान के परिचालन दिशानिर्देशों में पीएम-केएमवाई के लिए प्रवेश आयु 18 से 40 वर्ष दी गई है।,प्रधानमंत्री किसान मानधन योजना मे​ं प्रवेश की आयु 18 से 40 वर्ष है।,,SUP,SUP,SUP,False,no_flip,,,False,
10,CA_CHAR_05_HomoglyphPerturbation,मलेरिया एक वायरल बीमारी है जो संक्रमित व्यक्ति के खांसने या छींकने से सीधे दूसरे व्यक्ति में फैलती है।,"विश्व स्वास्थ्य संगठन के अनुसार, मलेरिया प्लास्मोडियम परजीवी (परजीवी) के कारण होता है और यह मुख्य रूप से संक्रमित मादा एनोफिलीज (एएनओपीएचईएलईएस) मच्छरों के काटने से मनुष्यों में फैलता है।",मलेरिया एक वायरल बीमारी है ज़ो संक्रमित व्यक्ति के खांसने या छींकने से सीधे दूसरे व्यक्ति में फैलती है।,,REF,REF,REF,False,no_flip,,,False,
11,CA_CHAR_05_HomoglyphPerturbation,"CJP विरोध प्रदर्शन के नाम पर वायरल हुआ वीडियो 11 साल पुराना, JNU के ‘किस ऑफ लव’ अभियान का है वीडियो।","जंतर-मंतर पर CJP प्रदर्शन का बताकर शेयर किया गया वीडियो, असल में JNU के 2014 ‘किस ऑफ लव’ अभियान का है। प्रतियोगी परीक्षाओं में हुई धांधली और नीट पेपर लीक मामले को लेकर देश की राजधानी के जंतर-मंतर पर कॉकरोच जनता पार्टी (CJP) का विरोध प्रदर्शन लगातार जारी है। आंदोलनकारी केंद्रीय शिक्षा मंत्री धर्मेंद्र प्रधान के तत्काल इस्तीफे की मांग कर रहे हैं। वहीं CJP के संस्थापक अभिजीत दीपके के नेतृत्व में चल रहे इस आंदोलन को न केवल देश के अलग-अलग राज्यों से बल्कि विदेशों से भी भारी जनसमर्थन मिल रहा है। इसी से जोड़ते हुए सोशल मीडिया पर एक वीडियो तेजी से वायरल हो रहा है, जिसमें कुछ लड़के और लड़कियां नज़र आ रहे हैं जो आपस में एक दूसरे को चूमते हैं। तभी वहां मौजूद भीड़ ताली बजाती है। दावा किया जा रहा है कि यह वीडियो उसी सीजेपी प्रोटेस्ट का है। वीडियो के साथ यूज़र ने कैप्शन लिखा है… रात2बजेजंतरमंतरकॉकरोचप्रोटेस्टअपनेपीकपरहोताहैयेप्रोटेस्टनहींरुकेगा….युहींचलेगा..बढ़ेगा. फेसबुक पोस्ट।आर्काइव पोस्ट अनुसंधानसेपताचलताहैकि… हमने जांच की शुरुआत में वायरल वीडियो के कीफ्रेम को रिवर्स इमेज सर्च किया। परिणाम में हमें यह वीडियो एकइंस्टाग्राम अकाउंटपर 12 जनवरी 2020 में अपलोड किया हुआ मिला। इसके साथ लिखे कैप्शन के अनुसार, वीडियो को जेएनयू में आयोजित हुए एक प्रदर्शन “किस ऑफ़ लव” का बताया गया है। आगे हमें 12 नवंबर, 2014 को एकयूट्यूब चैनलपर वायरल वीडियो मिला। कैप्शन के अनुसार, यह JNU (जवाहरलाल नेहरू विश्वविद्यालय) का है जब ‘किस ऑफ लव’ कैंपेन की शुरुआत हुई थी। इसी समान जानकारी के साथ एक अन्ययूट्यूब यूज़रने भी यहीं वीडियो शेयर किया है, जिसमें वीडियो को जेएनयू के ‘किस ऑफ लव’ का ही बताया गया है। आगे की पड़ताल में हमें पता चला कि ‘किस ऑफ लव’नाम के एक फेसबुक पेज ने भी 9 नवंबर, 2014 को एक पोस्ट शेयर की थी। इस पोस्ट में दिख रही लड़कियां वही हैं जो वायरल वीडियो में नज़र आ रही हैं। पोस्ट के कैप्शन अनुसार, यह प्रदर्शन जेएनयू (JNU) के गंगा ढाबा के पास हुआ था। वायरल वीडियो के संदर्भ में हमें कुछ मीडिया रिपोर्ट प्रकाशित मिली है। 12 नवंबर 2014 को प्रकाशितबीबीसीकी रिपोर्ट बताती है कि, यह प्रदर्शन कोलकाता, हैदराबाद और दिल्ली समेत कई शहरों में आयोजित किया गया था जो मोरल पुलिसिंग के खिलाफ शुरू हुआ था। रिपोर्ट में वायरल","CJP विरोध प्रदर्शन के नाम पर वायरल हुआ वीडियो 11 साल पुराना, JNU के​ ‘किस ऑफ लव’ अभियान का है वीडियो।",,REF,SUP,SUP,False,baseline_failure,,,False,
12,CA_CHAR_05_HomoglyphPerturbation,एफडीए ने ई-सिगरेट को धूम्रपान छोड़ने की स्वीकृत दवा के रूप में मंजूरी दी है।,अमेरिकी खाद्य एवं औषधि प्रशासन के अनुसार किसी ई-सिगरेट उत्पाद को धूम्रपान छोड़ने की विधि के रूप में एफडीए की मंजूरी नहीं मिली है।,एफडीए ने ई-सिगरेट को धूम्रपान छोड़ने की स्वीकृत दवा​ के रूप में मंजूरी दी है।,,REF,REF,REF,False,no_flip,,,False,
13,CA_CHAR_05_HomoglyphPerturbation,"व्यासी जल विद्युत परियोजना, ढालीपुर, ढकरानी और कुल्हाल जल विद्युत गृह में बिजली उत्पादन पूरी तरह बंद हो गया।",लेख में इन चारों परियोजनाओं और जल विद्युत गृहों में उत्पादन ठप होने की जानकारी दी गई है।,"व्यासी जल विद्युत परियोजना, ढाली​पुर, ढकरानी और कुल्हाल जल विद्युत गृह में बिजली उत्पादन पूरी तरह बंद हो गया।",,SUP,SUP,SUP,False,no_flip,,,False,
14,CA_CHAR_05_HomoglyphPerturbation,जल जीवन मिशन 2.0 को दिसंबर 2028 तक बढ़ाने की मंजूरी दी गई।,अमर उजाला की हिंदी रिपोर्ट में जल जीवन मिशन 2.0 को दिसंबर 2028 तक बढ़ाने की मंत्रिमंडल मंजूरी का उल्लेख है।,जल जीवन मिशन 2.0 को दिसंबर 2028 तक बढ़ाने की मंजू​री दी गई।,,SUP,,,False,unusable_verdict,,,False,
15,CA_CHAR_05_HomoglyphPerturbation,अक्षय कुमार ने मुंबई की एक निजी अस्पताल चेन में 300 करोड़ रुपये का निवेश किया।,आजतक फैक्ट चेक ने कॉर्पोरेट फाइलिंग और अस्पताल समूह के सार्वजनिक बयानों की जांच में ऐसा कोई निवेश रिकॉर्ड नहीं पाया। अक्षय कुमार के प्रवक्ता ने भी इस खबर को अफवाह बताया।,अक्षय कुमार ने मुंबई की एक निजी अस्पताल चेन में 300 करोड़ रुपये का​ निवेश किया।,,REF,REF,REF,False,no_flip,,,False,
16,CA_CHAR_05_HomoglyphPerturbation,गोवा में आए अंतर्राष्ट्रीय प्रतिनिधियों को कमांड कंट्रोल सेंटर और मीडिया निगरानी केंद्रों के बारे में जानकारी दी गई थी।,"पीआईबी की विज्ञप्ति में गोवा में प्रतिनिधियों को कमांड कंट्रोल सेंटर, मीडिया निगरानी केंद्र और प्रेषण केंद्र से अवगत कराने की बात है।",गोवा में आए अंतर्राष्ट्रीय प्रतिनिधियों को कमांड कंट्रोल सेंटर और मीडिया निगरानी केंद्रों के बारे में जानकारी दी गई थी​।,,SUP,,,False,unusable_verdict,,,False,
17,CA_CHAR_05_HomoglyphPerturbation,50 वर्ष से अधिक उम्र के पुरुषों को टाइप-2 मधुमेह की रोकथाम के लिए प्रतिदिन 45 मिनट तेज चलना चाहिए।,सीडीसी (सीडीसी) टाइप 2 मधुमेह को रोकने के लिए सप्ताह में कम से कम 150 मिनट की मध्यम-तीव्रता वाली शारीरिक गतिविधि (जैसे तेज चलना) करने की सलाह देता है।,50 वर्ष से अधिक उम्र के पुरुषों को टाइप-2 मधु​मेह की रोकथाम के लिए प्रतिदिन 45 मिनट तेज चलना चाहिए।,,NEI,,,False,baseline_failure,,,False,
18,CA_CHAR_05_HomoglyphPerturbation,"बिहार विशेष गहन पुनरीक्षण में 35,69,435 मतदाता अपने पते पर नहीं मिले थे।","पीआईबी की विज्ञप्ति में अपने पते पर न मिलने वाले मतदाताओं की संख्या 35,69,435 बताई गई है।","बिहार विशेष गहन पुनरीक्षण में 35,69,435 मतदाता अपने पते पर नहीं मिले थे​।",,SUP,SUP,SUP,False,no_flip,,,False,
19,CA_CHAR_05_HomoglyphPerturbation,2019 में महाराष्ट्र से बैल पोला के वीडियो को तमिलनाडू में पुलिसकर्मी पर अत्याचार के नाम से वायरल,"ये वीडियो 2019 में महाराष्ट्र में बैल पोला के त्यौहार के समय का है जिसका तमिलनाडु से कोई संबंध नहीं है। तमिलनाडु में बिहारी मजदूरों पर अत्याचारों कीख़बरोंके बीच सोशल मीडिया पर तरह तरह के असंबंधित वीडियो शेयर किए जा रहे हैं। इसी के चलते सोशल मीडिया पर एक वीडियो वायरल हो रहा है जिसमें हम पुलिसकर्मियों के पीछे स्थानीय लोगों को भागते हुए देख सकते है। इस वीडियो को शेयर करते हुए दावा किया जा रहा है कि तमिलनाडु में पुलिसकर्मियों को बिहारी मजदूर भगा भगाकर मार रहे है। सोशल मीडिया पर वायरल वीडियो के कैप्शन में लिखा गया है कि “तमिलनाडु के पुलिस को बिहारी लोग दौड़ा दौड़ा के मार रहे है।” इन्स्टाग्राम पोस्ट।आर्काइव लिंक अनुसंधान से पता चलता है कि… जाँच की शुरुवात हमने वीडियो को छोटे की फ्रेम्स में तोडा और गूगल पर रिवर्स इमेज सर्च किया, जिसके परिणाम से हमें वायरल वीडियो का लम्बा वर्शन यूट्यूब पर उपलब्ध मिला। 31 अगस्त 2019 को अपलोड किये गये इस वीडियो के कैप्शन में लिखा गया है कि “VARADSIM गावं की पुलिस माग दौड़ना बैल 2019 बैल पोला VARADSIM गावं।” वीडियो में दिए गए जानकारी के अनुसार ये वीडियो भुसावल तहसील के वरदसिम गावं में 2019 बैल पोला के त्यौहार से है। इस 28 सेकंड के वीडियो में हम उन्ही लोगों को देख सकते है जो वायरल वीडियो में दिख रहे है। नीचे आप दोनों वीडियो की समानता देख सकते है जिससे ये स्पष्ट होता है कि वायरल वीडियो- यूट्यूब वीडियो का ही हिस्सा है। दोनों वीडियो समान है। आगे फैक्ट क्रेसेंडो ने भुसावल के पुलिस स्टेशन के एस.एच.ओ से संपर्क किया, जिन्होंने हमें बताया कि वायरल वीडियो पुराना है और भुसावल में बैल पोला के समय का है। असल में बैल पोला के समय पुलिसकर्मी सबके आगे भागकर लोगों को रस्ते से हटा रहे थे ताकि पीछे से बैलों की रेस हो सके। इस वीडियो का तमिलनाडू के साथ कोई संबंध नहीं है। बैल पोला क्या है? बैल पोलामहाराष्ट्र, मध्य प्रदेश और छत्तीसगढ़ में किसानों द्वारा मनाया जाने वाला एक धन्यवाद उत्सव है, जो बैल और बैलों के महत्व को स्वीकार करने के लिए मनाया जाता है। ये त्यौहार कृषि और कृषि गतिविधियों का एक महत्वपूर्ण हिस्सा हैं। इस त्यौहार के चलते बैलों को सजाया जाता है और उन पर तरह-तरह के चित्र बनाए जाते हैं। साथ ही एक जुलूस भी निकाला जाता है जहां गांव के लोग जश्न मनाने के लिए इक",2019 में महाराष्ट्र से बैल पोला के​ वीडियो को तमिलनाडू में पुलिसकर्मी पर अत्याचार के नाम से वायरल,,REF,,,False,baseline_failure,,,False,
20,CA_CHAR_05_HomoglyphPerturbation,"एक व्यक्ति मतदान केंद्र पहुंचकर केवल वोटर कार्ड या आधार दिखाकर, मतदाता सूची में नाम न होने पर भी वोट डाल सकता है।",निर्वाचन आयोग के स्पष्टीकरण में कहा गया है कि जिसका नाम मतदाता सूची में नहीं है वह मतदान-दिन मतदान नहीं कर सकता।,"एक व्यक्ति मतदान केंद्र पहुंचकर केवल वोटर कार्ड या​ आधार दिखाकर, मतदाता सूची में नाम न होने पर भी वोट डाल सकता है।",,REF,REF,REF,False,no_flip,,,False,
21,CA_CHAR_05_HomoglyphPerturbation,पीएम आवास घेराव के बाद पटना में हुई हालिया झड़प के नाम पर वायरल हुआ पुराना वीडियो।,"पटना में बीजेपी-कांग्रेस कार्यकर्ताओं के बीच झड़प का वीडियो हालिया प्रदर्शन का नहीं, पुराना है। हाल ही में नीट (NEET) पेपर लीक मामले पर 21 जुलाई को दिल्ली में पीएम आवास के पास प्रदर्शन कर रहे राहुल गांधी, प्रियंका गांधी और मल्लिकार्जुन खर्गे सहित कई कांग्रेस नेताओं को पुलिस ने हिरासत में ले लिया था। जिसके जवाब में भाजपा कार्यकर्ताओं ने भी राहुल गांधी के खिलाफ प्रदर्शन किया। इसी राजनीतिक टकराव के बीच, सोशल मीडिया पर एक वीडियो वायरल किया जा रहा है, जिसमें बीजेपी और कांग्रेस पार्टी के लोग हाथ में पार्टी का झंडा लिए एक दूसरे से भिड़ते हुए दिखाई दे रहे हैं। दावा किया जा रहा है कि यह वीडियो पटना का है जहां भाजपा और कांग्रेस कार्यकर्ताओं के बीच हिंसक झड़प हो गई। यूज़र ने वीडियो को यह कैप्शन लिखते हुए शेयर किया है… महासंग्रामदिल्लीमेंहुईकिरकिरीकेबादभाजपानेअपनेकार्यकर्ताओंकाआह्वानकियाथाकिसभीराज्योंकीराजधानीमेंकांग्रेसकार्यालयकाघेरावकरे।उसआह्वानकेबादपटनाकाहालदेखलीजिए,कांग्रेसीभीतैयारबैठेथे,फिरवहीहुआजोइसवीडियोमेंदिखरहाहै। फेसबुक पोस्ट।आर्काइव पोस्ट अनुसंधानसेपताचलताहैकि… हमने जांच की शुरुआत में वायरल वीडियो के कीफ्रेम को रिवर्स इमेज सर्च किया। परिणाम में हमें 29 अगस्त, 2025 को साझा की गईएक फेसबुकपोस्ट मिली, जिसमें वही दृश्य दिखाई दे रहे थे। एकअन्य फेसबुकपेज पर भी इसी वायरल वीडियो को साझा किया गया था, जिसके साथ कैप्शन में लिखा था, “पटना में भाजपा कार्यकर्ता और कांग्रेस में बबाल मची हड़कंप।” इससे इतनी बात तो यही साबित होती है कि यह वीडियो हालिया छात्र विरोध प्रदर्शनों और प्रधानमंत्री आवास के बाहर कांग्रेस के प्रदर्शन से पहले का ही है। पड़ताल के अगले चरण में हमेंएएनआईके एक्स हैंडल पर वायरल वीडियो का अलग एंगल से रिकॉर्ड किया गया वीडियो मिला, जिसे 29 अगस्त 2025 को पोस्ट किया गया था। बताया गया है कि “पटना में कांग्रेस कार्यालय के सामने भाजपा कार्यकर्ताओं के विरोध-प्रदर्शन के दौरान दोनों दलों के कार्यकर्ताओं के बीच झड़प हो गई थी।” #WATCH| Patna, Bihar: BJP and Congress workers clash as the former staged a protest against the latter in front of the Congress office.pic.twitter.com/GDUxM0JgyB हमें वायरल वीडियो से सम्बंधित एक वीडियो रिपोर्टटाइम्स नाउके यूट्यूब चैनल पर मिली। यहां वीडियो क",पीएम आवा​स घेराव के बाद पटना में हुई हालिया झड़प के नाम पर वायरल हुआ पुराना वीडियो।,,REF,,,False,unusable_verdict,,,False,
22,CA_CHAR_05_HomoglyphPerturbation,गांव में केवल कुछ ही दुकानें खुली थीं।,लेख में इक्का-दुक्का दुकानें खुलने का उल्लेख है।,गांव में केवल कुछ ही दुकानें खुली थी​ं।,,SUP,NEI,NEI,True,flip,,,True,judge_unavailable
23,CA_CHAR_05_HomoglyphPerturbation,मान्यता प्राप्त दलों के उम्मीदवारों को घर से मतदान सुविधा लेने वाले मतदाताओं की सूची नहीं दी जाती।,निर्वाचन आयोग के अनुसार मान्यता प्राप्त राजनीतिक दलों के उम्मीदवारों को घर से मतदान सुविधा लेने वाले मतदाताओं की सूची उपलब्ध कराई जाती है।,मान्यता प्राप्त दलों के उम्मीदवारों को घर से मतदान सुविधा लेने वाले मतदाताओं की सूची नही​ं दी जाती।,,REF,REF,REF,False,no_flip,,,False,
24,CA_CHAR_05_HomoglyphPerturbation,ईपीआईसी मतदान के समय मतदाता की पहचान स्थापित करने वाले दस्तावेजों में से एक है।,पीआईबी की हिंदी विज्ञप्ति में ईपीआईसी को मतदान के समय मतदाता की पहचान स्थापित करने वाले दस्तावेजों में से एक बताया गया है।,ईपीआईसी मतदान के समय मतदा​ता की पहचान स्थापित करने वाले दस्तावेजों में से एक है।,,SUP,SUP,SUP,False,no_flip,,,False,
25,CA_CHAR_05_HomoglyphPerturbation,वायरल तस्वीर में ‘बॉयकॉट बॉलीवुड’ लिखा पोस्टर प्रदर्शन के दौरान वास्तव में मौजूद था।,मूल तस्वीर 2012 में निर्भया कांड के विरोध प्रदर्शन के दौरान ली गई थी। रिवर्स सर्च और मूल फोटो की तुलना से पता चला कि वायरल संस्करण में पोस्टर का संदेश डिजिटल रूप से बदल दिया गया था।,वा​यरल तस्वीर में ‘बॉयकॉट बॉलीवुड’ लिखा पोस्टर प्रदर्शन के दौरान वास्तव में मौजूद था।,,REF,REF,REF,False,no_flip,,,False,
26,CA_CHAR_05_HomoglyphPerturbation,"बिहार विशेष गहन पुनरीक्षण में एक से अधिक स्थानों पर पंजीकृत पाए गए मतदाताओं की संख्या 5,76,479 थी।","पीआईबी की विज्ञप्ति में एक से अधिक स्थानों पर पंजीकृत अब तक पहचाने गए मतदाताओं की संख्या 5,76,479 है।","बिहार विशेष गहन पुनरीक्षण मे​ं एक से अधिक स्थानों पर पंजीकृत पाए गए मतदाताओं की संख्या 5,76,479 थी।",,SUP,,,False,unusable_verdict,,,False,
27,CA_CHAR_05_HomoglyphPerturbation,रजनीकांत जंतर-मंतर पर CJP के विरोध प्रदर्शन में शामिल हुए थे।,विश्वास न्यूज़ की जांच में पाया गया कि वायरल वीडियो में दिखाई देने वाला व्यक्ति रजनीकांत नहीं था और दावा भ्रामक था।,रजनीकांत जंतर-मंतर पर CJP के​ विरोध प्रदर्शन में शामिल हुए थे।,,REF,,,False,unusable_verdict,,,False,
28,CA_CHAR_05_HomoglyphPerturbation,लोकसभा चुनाव 2024 देखने के लिए अंतरराष्ट्रीय चुनाव आगंतुक कार्यक्रम में 23 देशों के 75 प्रतिनिधि भारत आए थे।,पीआईबी की विज्ञप्ति में अंतरराष्ट्रीय चुनाव आगंतुक कार्यक्रम के अंतर्गत 23 देशों का प्रतिनिधित्व करने वाले 75 प्रतिनिधियों के भारत आने की जानकारी दी गई है।,लोकसभा चुनाव 2024 देखने के​ लिए अंतरराष्ट्रीय चुनाव आगंतुक कार्यक्रम में 23 देशों के 75 प्रतिनिधि भारत आए थे।,,SUP,,,False,unusable_verdict,,,False,
29,CA_CHAR_05_HomoglyphPerturbation,मनुष्यों में रेबीज संचरण मुख्यतः जंगली जानवरों के कारण होता है।,विश्व स्वास्थ्य संगठन के अनुसार मनुष्यों में रेबीज संचरण के लगभग 99 प्रतिशत मामलों के लिए कुत्ते जिम्मेदार हैं।,मनुष्यों में रेबीज संचरण मुख्यतः जंगली जानवरों के​ कारण होता है।,,REF,REF,REF,False,no_flip,,,False,
30,CA_CHAR_05_HomoglyphPerturbation,लेख के अनुसार मानसून के दौरान हिमाचल प्रदेश में केवल 25 लोगों की मौत हुई।,लेख में स्पष्ट रूप से 205 लोगों की मौत होने की जानकारी दी गई है।,लेख के अनुसार मानसून के दौरान हिमाचल प्रदेश में केवल 25 लोगों की मौत हु​ई।,,REF,REF,REF,False,no_flip,,,False,
31,CA_CHAR_05_HomoglyphPerturbation,'धमाल 4' ने 17 दिनों में 200 करोड़ रुपये से अधिक की कमाई की।,"TV9 भारतवर्ष की रिपोर्ट के अनुसार, Dhamaal 4 Film: बॉलीवुड एक्टर अजय देवगन की फिल्म धमाल सिनेमाघरों में रिलीज होने जा रही है. इस फिल्म की कमाई के ताजा आंकड़े आ गए हैं. फिल्म ने रिलीज के 17 दिनों में अच्छा-खासा कलेक्शन कर के दिखा दिया है. तीसरे रविवार तो फिल्म की कमाई चौंकाने वाली है। खबर में यही जानकारी स्पष्ट रूप से दर्ज है।",'धमाल 4' ने 17 दिनों में 200 करोड़ रुपये से अधि​क की कमाई की।,,SUP,,,False,baseline_failure,,,False,
32,CA_CHAR_05_HomoglyphPerturbation,"जिस व्यक्ति का नाम मतदाता सूची में नहीं है, उसका नाम मतदान के दिन जोड़ा जा सकता है।",निर्वाचन आयोग के अनुसार मतदान-दिन नाम जोड़ने या नाम न होने पर मतदान की अनुमति का प्रश्न नहीं उठता; सूची में नाम होना आवश्यक है।,"जिस व्यक्ति का नाम मतदाता सूची में नही​ं है, उसका नाम मतदान के दिन जोड़ा जा सकता है।",,REF,,,False,unusable_verdict,,,False,
33,CA_CHAR_05_HomoglyphPerturbation,"17 जुलाई 2025 तक बिहार में 45,82,247 गणना प्रपत्र प्राप्त होना शेष था, जो 5.8 प्रतिशत था।","पीआईबी की विज्ञप्ति में शेष गणना प्रपत्र 45,82,247 और उनका प्रतिशत 5.8 दर्ज है।","17 जुलाई 2025 तक बि​हार में 45,82,247 गणना प्रपत्र प्राप्त होना शेष था, जो 5.8 प्रतिशत था।",,SUP,SUP,SUP,False,no_flip,,,False,
34,CA_CHAR_05_HomoglyphPerturbation,प्रभास की वायरल तस्वीर में वे एयरपोर्ट पर गरीब भिखारी के भेष में सचमुच बैठे थे।,"Newschecker Hindi ने तस्वीर की पड़ताल में पाया कि यह एक फिल्म के शूटिंग स्टिल से ली गई छवि थी, जिसे एयरपोर्ट पर वास्तविक घटना बताकर शेयर किया गया। मूल संदर्भ में प्रभास किसी सार्वजनिक जगह पर भिखारी बनकर नहीं बैठे थे।",प्रभास की वायरल तस्वीर में वे एयरपोर्ट पर गरीब भिखारी के​ भेष में सचमुच बैठे थे।,,REF,,,False,unusable_verdict,,,False,
35,CA_CHAR_05_HomoglyphPerturbation,टीबी का प्रसार केवल मौसम पर निर्भर करता है।,डब्ल्यूएचओ के अनुसार टीबी के लक्षणों में जल्दी चिकित्सा सहायता और उपचार रोग के प्रसार को रोकने में मदद कर सकते हैं।,टीबी का प्रसार केवल मौसम पर निर्भर करता है​।,,REF,REF,REF,False,no_flip,,,False,
36,CA_CHAR_05_HomoglyphPerturbation,आम चुनाव 2024 में डाक मतपत्रों सहित अंतिम सकल मतदान 70 प्रतिशत था।,पीआईबी की हिंदी विज्ञप्ति केवल मतदान केंद्रों का 65.79 प्रतिशत आंकड़ा देती है और कहती है कि डाक मतों तथा सकल मतदान की विस्तृत रिपोर्टें अंतिम रूप देने के बाद उपलब्ध होंगी।,आम चुनाव 2024 में डाक मतपत्रों सहित अंतिम सकल मतदान 70 प्रतिशत था​।,,NEI,NEI,NEI,False,no_flip,,,False,
37,CA_CHAR_05_HomoglyphPerturbation,"एक बैलेट यूनिट की वर्तमान लागत 7,991 रुपये बताई गई है।","निर्वाचन आयोग के FAQ में बैलेट यूनिट की वर्तमान लागत 7,991 रुपये दी गई है।","एक बैलेट यूनिट की वर्तमान लागत 7,991 रुपये बता​ई गई है।",,SUP,,,False,unusable_verdict,,,False,
38,CA_CHAR_05_HomoglyphPerturbation,"मिर्गी एक छूत की बीमारी है, जो मिर्गी के दौरे वाले व्यक्ति को छूने से दूसरे व्यक्ति में फैल सकती है।","विश्व स्वास्थ्य संगठन के अनुसार, मिर्गी मस्तिष्क की एक गैर-संचारी बीमारी है। यह संक्रामक (संक्रामक) नहीं है।","मिर्गी एक छूत की बीमारी है, जो मिर्गी के दौरे​ वाले व्यक्ति को छूने से दूसरे व्यक्ति में फैल सकती है।",,REF,,,False,unusable_verdict,,,False,
39,CA_CHAR_05_HomoglyphPerturbation,बजट 2023-24 में पारंपरिक दस्तकारों के लिए प्रधानमंत्री विश्वकर्मा कौशल सम्मान की घोषणा की गई थी।,बजट विज्ञप्ति में पारंपरिक दस्तकारों के लिए नई प्रधानमंत्री विश्वकर्मा कौशल सम्मान योजना की घोषणा दर्ज है।,बजट 2023-24 में पारंपरिक दस्तकारों के​ लिए प्रधानमंत्री विश्वकर्मा कौशल सम्मान की घोषणा की गई थी।,,SUP,SUP,SUP,False,no_flip,,,False,
40,CA_CHAR_05_HomoglyphPerturbation,"सिक्किम सरकार ने आपदा प्रभावित मंगन जिले के पुनर्वास के लिए ₹1,000 करोड़ के विशेष राहत पैकेज की घोषणा की।",लेख में किसी विशेष राहत पैकेज या वित्तीय घोषणा का उल्लेख नहीं है।,"सिक्किम सरकार ने आपदा प्रभावित मंग़न जिले के पुनर्वास के लिए ₹1,000 करोड़ के विशेष राहत पैकेज की घोषणा की।",,NEI,REF,REF,False,baseline_failure,,,False,
41,CA_CHAR_05_HomoglyphPerturbation,महिलाओं को फोलिक एसिड के सप्लीमेंट लेना तभी शुरू करना चाहिए जब उन्हें पहली बार पता चले कि वे गर्भवती हैं।,"रोग नियंत्रण एवं रोकथाम केंद्र (CDC) के अनुसार, सभी प्रजनन आयु की महिलाओं को प्रतिदिन 400 माइक्रोग्राम फोलिक एसिड लेना चाहिए। पर्याप्त फोलिक एसिड गर्भधारण से पहले और गर्भावस्था के शुरुआती चरण में शिशु में न्यूरल ट्यूब दोषों के जोखिम को कम करने में मदद करता है।",महिलाओं को फोलिक एसिड के सप्लीमेंट लेना तभी शुरू करना चाहिए जब उन्हें पहली बा​र पता चले कि वे गर्भवती हैं।,,REF,REF,REF,False,no_flip,,,False,
42,CA_CHAR_05_HomoglyphPerturbation,लेख में प्रत्येक नए वेदर स्टेशन की स्थापना की सटीक जिला-वार सूची और समयसीमा प्रकाशित की गई है।,लेख में जिला-वार सूची या विस्तृत समयसीमा का उल्लेख नहीं है।,लेख़ में प्रत्येक नए वेदर स्टेशन की स्थापना की सटीक जिला-वार सूची और समयसीमा प्रकाशित की गई है।,,NEI,REF,REF,False,baseline_failure,,,False,
43,CA_CHAR_05_HomoglyphPerturbation,भारत सरकार ने इस लेख में उत्तराखंड आपदा प्रभावित सभी परिवारों के लिए नया राष्ट्रीय पुनर्वास पैकेज घोषित किया।,लेख में किसी नए राष्ट्रीय पुनर्वास पैकेज की घोषणा का उल्लेख नहीं है।,भारत सरकार ने इस लेख में उत्तराखंड आपदा प्रभावित सभी परिवारों के​ लिए नया राष्ट्रीय पुनर्वास पैकेज घोषित किया।,,NEI,REF,REF,False,baseline_failure,,,False,
44,CA_CHAR_05_HomoglyphPerturbation,चंदौली पुलिस ने 50 हजार रुपये के इनामी दुष्कर्म के आरोपी को गिरफ्तार किया।,समाचार के अनुसार पुलिस ने 50 हजार रुपये के इनामी आरोपी को गिरफ्तार किया।,चंदौली पुलिस ने​ 50 हजार रुपये के इनामी दुष्कर्म के आरोपी को गिरफ्तार किया।,,SUP,SUP,SUP,False,baseline_failure,,,False,
45,CA_CHAR_05_HomoglyphPerturbation,"सहकारी फुटप्रिंट विस्तार की राष्ट्रीय योजना में 32,802 नए बहुउद्देशीय पैक्स, डेयरी और मत्स्यिकी समितियां पंजीकृत की गई थीं।","सहकारिता मंत्रालय की विज्ञप्ति में 32,802 नई बहुउद्देशीय पैक्स, डेयरी और मत्स्यिकी समितियों के पंजीकरण का उल्लेख है।","सहकारी फुटप्रिंट विस्तार की राष्ट्रीय योजना में 32,802 नए बहुउद्देशीय पैक्स, डेयरी और मत्स्यिकी समितियां पंजीकृत की ग़ई थीं।",,SUP,SUP,SUP,False,no_flip,,,False,
46,CA_CHAR_05_HomoglyphPerturbation,'इंडियन आइडल 16' के ग्रैंड फिनाले में जज विशाल ददलानी शामिल नहीं हुए।,TV9 भारतवर्ष की स्टोरी बताती है कि इंडियन आइडल 16 का ग्रैंड फिनाले 26 जुलाई को होगा. विशाल ददलानी की गैरमौजूदगी के बीच 6 फाइनलिस्ट्स में ट्रॉफी पाने की टक्कर होगी. पर तारीख या आंकड़े नहीं दिए गए।,'इंडियन आइडळ 16' के ग्रैंड फिनाले में जज विशाल ददलानी शामिल नहीं हुए।,,NEI,SUP,SUP,False,baseline_failure,,,False,
47,CA_CHAR_05_HomoglyphPerturbation,"भारत सरकार ने मानसून से प्रभावित राज्यों के लिए ₹10,000 करोड़ के विशेष राहत पैकेज की घोषणा की।","लेख में किसी विशेष राहत पैकेज या ₹10,000 करोड़ की घोषणा का उल्लेख नहीं है।","भारत सरकार ने मानसून से प्रभावित राज्यों के लिए ₹10,000 करोड़ के​ विशेष राहत पैकेज की घोषणा की।",,NEI,REF,REF,False,baseline_failure,,,False,
48,CA_CHAR_05_HomoglyphPerturbation,झारखंड सरकार ने प्राकृतिक आपदाओं के कारण पूरे राज्य में स्कूल एक महीने के लिए बंद करने की घोषणा की।,लेख में स्कूल बंद करने संबंधी किसी घोषणा का उल्लेख नहीं है।,झारखंड सरकार ने प्राकृतिक आपदाओं के कारण पूरे राज्य में स्कूल एक महीने के​ लिए बंद करने की घोषणा की।,,NEI,REF,REF,True,flip,5,True,False,
49,CA_CHAR_05_HomoglyphPerturbation,विश्वास 2026 योजना ईपीएफ से जुड़े लंबित विवादों के समाधान के लिए शुरू की गई।,एनडीटीवी इंडिया की हिंदी रिपोर्ट विश्वास 2026 योजना को पीएफ से जुड़े लंबित विवादों के समाधान से जोड़ती है।,विश्वास 2026 योजना ईपीएफ से​ जुड़े लंबित विवादों के समाधान के लिए शुरू की गई।,,SUP,SUP,SUP,False,no_flip,,,False,
50,CA_CHAR_05_HomoglyphPerturbation,हिमाचल सरकार ने आपदा राहत के लिए सभी सरकारी कर्मचारियों का एक महीने का वेतन अनिवार्य रूप से काटने की घोषणा की।,लेख में सरकारी कर्मचारियों के वेतन कटौती संबंधी किसी घोषणा का उल्लेख नहीं है।,हिमाचल सरकार ने आपदा राहत के लिए सभी सरकारी कर्मचारियों का एक मही​ने का वेतन अनिवार्य रूप से काटने की घोषणा की।,,NEI,REF,REF,False,baseline_failure,,,False,
51,CA_CHAR_05_HomoglyphPerturbation,पंकज त्रिपाठी ने लोगों से भाजपा को वोट न देने की अपील की थी।,ऑल्ट न्यूज़ की जांच में वायरल वीडियो संपादित पाया गया। अभिनेता का मूल बयान अलग संदर्भ का था।,पंकज त्रिपाठी ने लोगों से भाजपा को वो​ट न देने की अपील की थी।,,REF,REF,REF,False,no_flip,,,False,
52,CA_CHAR_05_HomoglyphPerturbation,एक अन्य मकान आपदा की चपेट में आया लेकिन समय रहते खाली कर देने से कोई जनहानि नहीं हुई।,लेख में मकान छोड़ देने के कारण जनहानि न होने की जानकारी दी गई है।,एक अन्य मकान आपदा की चपेट में आया लेकिन समय रहते खाली​ कर देने से कोई जनहानि नहीं हुई।,,SUP,SUP,SUP,False,no_flip,,,False,
53,CA_CHAR_05_HomoglyphPerturbation,एग्रीजंक्शन योजना कृषि शिक्षा प्राप्त युवाओं को स्वरोजगार का अवसर देने के लिए है।,अमर उजाला की हिंदी रिपोर्ट में कृषि पढ़े युवाओं के स्वरोजगार के लिए एग्रीजंक्शन योजना का उल्लेख है।,एग्रीजंक्शन योजना कृषि​ शिक्षा प्राप्त युवाओं को स्वरोजगार का अवसर देने के लिए है।,,SUP,SUP,SUP,False,no_flip,,,False,
54,CA_CHAR_05_HomoglyphPerturbation,पीएम विश्वकर्मा योजना 18 व्यवसायों से जुड़े कारीगरों और शिल्पकारों को सहायता प्रदान करती है।,पीआईबी हिंदी विज्ञप्ति में पीएम विश्वकर्मा योजना को 18 व्यवसायों में शामिल कारीगरों और शिल्पकारों को शुरू से अंत तक सहायता देने वाली योजना बताया गया है।,पीएम विश्वकर्मा योजना 18 व्यवसायों से जुड़े कारीगरों और शिल्पकारों को सहायता​ प्रदान करती है।,,SUP,SUP,SUP,False,no_flip,,,False,
55,CA_CHAR_05_HomoglyphPerturbation,बैक्टीरियल मेनिनजाइटिस से बचने वाला हर व्यक्ति पूरी तरह पहले जैसा स्वस्थ हो जाता है।,डब्ल्यूएचओ के अनुसार बैक्टीरियल मेनिनजाइटिस से बचने वाले लगभग पांच में से एक व्यक्ति में दीर्घकालिक प्रभाव हो सकते हैं।,बैक्टीरियल मेनिनजाइटिस से बचने वाला हर व्यक्ति पूरी तरह पहळे जैसा स्वस्थ हो जाता है।,,REF,REF,REF,False,no_flip,,,False,
56,CA_CHAR_05_HomoglyphPerturbation,पीएम-किसान की 23वीं किस्त 20 जून 2026 को जारी की गई थी।,पीआईबी की हिंदी प्रेस नोट में पीएम-किसान की 23वीं किस्त 20 जून 2026 को पश्चिम बंगाल के हुगली जिले के ताड़केश्वर में जारी होने की जानकारी दी गई है।,पीएम-किसान की 23वीं किस्त 20 जून 2026 को जारी की ग़ई थी।,,SUP,SUP,SUP,False,no_flip,,,False,
57,CA_CHAR_05_HomoglyphPerturbation,लोकसभा चुनाव 2024 में महिला मतदाताओं की हिस्सेदारी 2019 की 48.09 प्रतिशत हिस्सेदारी से अधिक थी।,निर्वाचन आयोग के एटलस में महिला मतदाता हिस्सेदारी 2024 में 48.62 प्रतिशत और 2019 में 48.09 प्रतिशत बताई गई है।,लोकसभा चुनाव 2024 में महिला मतदाताओं की हिस्सेदारी 2019 की 48.09 प्रतिशत हिस्सेदारी से​ अधिक थी।,,SUP,SUP,SUP,False,no_flip,,,False,
58,CA_CHAR_05_HomoglyphPerturbation,किशनगंज पुलिस ने साइबर फ्रॉड के मामले में चंदन कुमार मंडल को गिरफ्तार किया।,जांच में पुलिस ने पाया कि आरोपी के बैंक खाते का उपयोग साइबर ठगी की अवैध धनराशि के लेनदेन के लिए किया जा रहा था।,किशनगंज पुलिस ने साइबर फ्रॉड के मामले​ में चंदन कुमार मंडल को गिरफ्तार किया।,,SUP,NEI,NEI,False,baseline_failure,,,False,
59,CA_CHAR_05_HomoglyphPerturbation,"पीएसजी की जीत के बाद पेरिस में नहीं भड़की हिंसा, 2022 का वीडियो भ्रामक दावे के साथ वायरल।","पेरिस हिंसा का वायरल वीडियो पीएसजी की जीत का नहीं, करीब तीन साल पुराना है। बीते कुछ दिनों पहले 30 मई की रात पेरिस सेंट-जेर्मां यानी (PSG) के चैंपियंस लीग खिताब जीतने के बाद फ्रांस की राजधानी पेरिस सहित कई इलाकों में भारी हिंसा और उपद्रव देखने को मिला था। असल में जश्न के माहौल के बीच हुड़दंगियों ने कई दुकानों में तोड़फोड़ की और उन्हें आग के हवाले कर दिया। साथ ही दर्जनों गाड़ियों को भी नुकसान पहुँचाया। वहीं मामले में कार्रवाई करते हुए फ्रांसीसी पुलिस ने लगभग 780 लोगों को हिरासत में लिया। इसी हिंसा से जोड़ते हुए इंटरनेट पर एक वीडियो तेजी से वायरल हो रहा है, जिसमें सड़क पर पलटी हुई और धूं-धूं कर जलती हुई गाड़ियां नजर आ रही हैं। साथ ही उग्र भीड़ द्वारा एक बस, ट्राम स्टेशन पर तोड़फोड़ करते हुए दिखाया गया है। दावा किया जा रहा है कि यह उसी हिंसा का वीडियो है जो पीएसजी के चैंपियंस लीग जीतने के बाद पेरिस में भड़क उठी थी। वायरल वीडियो के कैप्शन लिखा गया है… येपेरिसकानज़ाराहैहूरोंकोप्यारकरनेवालोंनेनर्कबनादियाउसशहरकोजिसेदुनियाकासबसेरोमांटिकशहरकहाजाताथाफ्रांसकीकुलआबादी6करोड़हैऔरभारतकी140करोड़शुक्रमनाओकीभारतमेBJPऔरRSSहैनहींतोयहांयेजोकरतेवोनर्कसेभीबदतरहोता। फेसबुक पोस्ट।आर्काइव पोस्ट अनुसंधानसेपताचलताहैकि… हमने जांच की शुरुआत में वायरल वीडियो से फ्रेम लेकर उसे रिवर्स इमेज सर्च किया। परिणाम में हमें यहीं वीडियो ब्रूट के पत्रकाररेमी बुइसिनेके एक्स अकाउंट से 24 दिसंबर 2022 को पोस्ट किया हुआ मिला। कैप्शन के अनुसार, वीडियो को उस वक्त पेरिस में जारी तत्कालीन हिंसा के दौरान का बताया गया है। Chaos dans le centre de Paris, des véhicules retournés et incendiés. Affrontements en cours.pic.twitter.com/h5JvCTZo94 फिर हमेंब्रूट के ही फेसबुक अकाउंटसे 25 दिसंबर 2022 को अपलोड किया गया अन्य वीडियो मिला, जिसमें वायरल वीडियो से जुड़े दृश्य को देखा जा सकता है। यहां भी वीडियो को रेमी बुइसिने ने ही रिपोर्ट किया था। कैप्शन के अनुसार, पेरिस के कुर्दिश कल्चरल सेंटर के सामने हुए हमले के बाद हिंसा भड़कने की घटना बताया गया है। आगे और पड़ताल करने पर हमें एकफेसबुक पेजपर वायरल वीडियो का वो हिस्सा पोस्ट किया हुआ मिला,जिसमें भीड़ एक ट्राम स्टेशन को तोड़ती दिखाई दे रही है। वीडियो को 25 दिसंबर 2022 को अपलोड किया गया","पीएसजी की जीत के बाद पेरिस में नहीं भड़की हिंसा, 2022 का वीडियो भ्रामक दा​वे के साथ वायरल।",,REF,REF,REF,False,no_flip,,,False,
60,CA_CHAR_05_HomoglyphPerturbation,समाजवादी पार्टी ने लोकसभा चुनाव 2024 में पीलीभीत से वरुण गांधी को टिकट देने वाली सूची जारी की थी।,बूम हिंदी की तथ्य-जांच में समाजवादी पार्टी के नाम से प्रसारित उस सूची को फर्जी बताया गया है जिसमें पीलीभीत से वरुण गांधी को टिकट मिलने का दावा था।,समाजवादी पार्टी ने लोकसभा चुनाव 2024 में पीलीभीत से वरुण गांधी को टिकट देने​ वाली सूची जारी की थी।,,REF,REF,REF,False,no_flip,,,False,
61,CA_CHAR_05_HomoglyphPerturbation,रिलैक्सेशन तकनीकें सभी चिंता विकारों में दवाओं जितनी प्रभावी हैं।,"एनसीसीआईएच के अनुसार रिलैक्सेशन तकनीकों से कुछ चिंता स्थितियों में लाभ हो सकता है, लेकिन सभी विकारों में दवाओं के बराबर प्रभाव स्थापित करने के लिए पर्याप्त साक्ष्य नहीं हैं।",रिलैक्सेशन तकनीकें सभी​ चिंता विकारों में दवाओं जितनी प्रभावी हैं।,,NEI,REF,REF,False,baseline_failure,,,False,
62,CA_CHAR_05_HomoglyphPerturbation,"पंजाब के लुधियाना के समराला में हुई घटना का वीडियो, बंगाल की झूठी घटना बताकर फेक सांप्रदायिक दावे से वायरल…","बाइक सवार पर तलवार से हमला करता शख्स मुस्लिम नहीं है और न यह घटना बंगाल की है, भ्रामक है वायरल दावा। इंटरनेट पर काफी हैरान कर देने वाला वीडियो वायरल हुआ है। इसमें दिखाई दे रहा है कि एक बाइक सवार जो कहीं जा रहा होता है, तभी एक शख्स हाथ में तलवार लिए उसकी तरफ दौड़ता है और उस पर हमला कर देता है। तभी पास में खड़ी कुछ महिलाएं ये देखकर पीड़ित को बचाने दौड़ती हैं, तब तलवार लिया शख्स उन पर भी हमला कर देता है। यह वीडियो शेयर करते हुए दावा किया गया है कि घटना पश्चिम बंगाल की है, जहां पर एक मुस्लिम शख्स ने हिंदू बाइक सवार पर हमला किया। यह पोस्ट इस कैप्शन के साथ वायरल है… यहदेखलोहिन्दुओयहवीडियोपश्चिमबंगालमेंहिन्दुओंकीस्थितिकोदर्शातीहैकिवहाँहमारेहिन्दूकिसप्रकाररहरहेहैं,जहांहिन्दूघटेगामुसलमानबढ़ेगावहांहिन्दूकोइसीप्रकारकाटाजाएगाजागजाओहिन्दुओअपनीसंख्याकोघटनेमतदो फेसबुक पोस्ट।आर्काइव पोस्ट अनुसंधानसेपताचलताहैकि… हमने जांच की शुरुआत में वीडियो को गूगल लेंस से सर्च किया। परिणाम मेंद ट्रिब्यूनकी रिपोर्ट मिली, पता चला कि, लुधियाना के समराला की कपिला कॉलोनी में एक वकील और उनके परिवार पर उनके पड़ोसी ने ही तलवार से हमला कर दिया था। 11 अगस्त 2025 की सुबह लगभग 9:40 बजे वकील कुलतार सिंह जब बाइक से अपने दफ्तर के लिए निकल रहे थे, तभी उनके पड़ोसी बिल्लु ने उन पर हमला किया। आरोपी ने बचाव में आई पत्नी और मां पर भी वार किया, जिससे तीनों लोग घायल हो गए थें। सभी का समराला के सिविल अस्पताल में इलाज चल रहा है। वहीं मामले की सूचना पाकर मौके पर पहुंची पुलिस ने शिकायत के आधार पर केस दर्ज कर जांच शुरू कर दी। हमेंपंजाब न्यूज़के यूट्यूब चैनल पर इससे संबंधित वीडियो न्यूज मिली। इसमें हम वायरल सीसीटीवी फुटेज को भी देख सकते हैं। वीडियो न्यूज के अनुसार, मामला पंजाब के खन्ना का है, जहां कपिला कॉलोनी में रहने वाले एडवोकेट कुलतार सिंह, उनकी पत्नी मनप्रीत कौर और मां शरनजीत कौर पर उनके पड़ोसी बिल्लू ने तलवार से हमला ​कर दिया था। तीनों घायलों का अस्पताल में इलाज चल रहा है। समराला पुलिस ने केस दर्ज कर लिया है। हिन्दुस्तान टाइम्सरिपोर्ट बताती है कि तलवार लेकर हमला करने वाला सुरिंदर सिंह उर्फ बिल्लू ने हमला किया था।रिपोर्ट के अनुसार एएसआई दविंदर सिंह के हवाले से बताया कि पूरी घटना सीसीटीवी में कैद हो गई। आरोपी के खिलाफ हत","पंजाब के लुधियाना के समराला में हुई घटना​ का वीडियो, बंगाल की झूठी घटना बताकर फेक सांप्रदायिक दावे से वायरल…",,REF,REF,REF,False,baseline_failure,,,False,
63,CA_CHAR_05_HomoglyphPerturbation,"नोएडा में श्रमिकों ने फिर से नहीं किया प्रदर्शन, लाठीचार्ज का पुराना वीडियो वायरल….","नोएडा में फैक्ट्री वर्कर्स ने अपने वेतन और बोनस बढ़ाने की मांग को लेकर धरना-प्रदर्शन किया था। हालांकि, बाद में यह प्रदर्शन हिंसक हो गया था। अब इसी प्रदर्शन के नाम पर एक वीडियो वायरल किया जा रहा है। इस वीडियो में पुलिस को बेरहमी से लाठीचार्ज करते हुए देखा जा सकता है। वीडियो के साथ दावा किया जा रहा है कि नोएडा में श्रमिकों ने फिर से प्रदर्शन किया। वायरल वीडियो के साथ यूजर ने लिखा है- पुलिस के डंडे टूट गए लेकिन भाई का हौसला नहीं टूटा, देश में ऐसे नेता होने चाहिए, AC मैं बैठने वाले नहीं। नोएडा फेज 2 में करीब 1,000 से ज्यादा फैक्ट्री कर्मचारी वेतन, बोनस और शोषण के खिलाफ प्रदर्शन कर रहे थे। श्रमिक ₹20,000 न्यूनतम वेतन और 8 घंटे की शिफ्ट की मांग कर रहे थे जोहमारा संविधान ने दिया हुआ अधिकार है। उनका कहना था कि बढ़ती महंगाई के दौर में ₹11,000-₹13,000 की पगार में गुजारा करना असंभव है। जिसके बाद ये सब देख सकते है पुलिस कीड़े मकौड़े की तरह से जानता को मारती हैं। क्या हम कॉक्रोच है? फेसबुक।आर्काइव अनुसंधान से पता चलता है कि… पड़ताल की शुरुआत में हमने वायरल वीडियो के तस्वीरों का रिवर्स इमेज सर्च किया, परिणाम में वायरल वीडियो हमेंफेसबुकपेज पर मिला। अर्पित यादव ने 1 अक्टूबर 2020 को यह वीडियो पोस्ट किया गया है। इससे यहां साफ है कि वीडियो हाल का नहीं है। पोस्ट करते हुए लिखा, “न डरेंगे न झुकेंगे। आज लखनऊ में। बहन हम शर्मिंदा हैं तेरे कातिल ज़िंदा हैं। आज लखनऊ में प्रदेश अध्यक्ष अरविंद गिरी जी के नेतृत्व में प्रदर्शन के दौरान…..गिरफ़्तार।” मिली जानकारी की मदद लेते हुए अधिक सर्च करने पर वायरल वीडियो हमेंसमाजवादी पार्टीके आधिकारिक फेसबुक पेज पर मिला। यहां पर भी वीडियो 1 अक्टूबर 2020 को पोस्ट किया गया था। यह स्पष्ट है कि वायरल वीडियो नोएडा के हालिया घटनाक्रम से नहीं जुड़ा है। यह वीडियो वर्ष 2020 का है, जब सपा ने लखनऊ में हाथरस पीड़िता को इंसाफ दिलाने के लिए प्रदर्शन किया था। वेतन वृद्धि की मांग को लेकर श्रमिकों ने प्रदर्शन… दिल्ली के उपनगर नोएडा में, जहाँ 10,000 से अधिक कारखाने और सेवा इकाइयाँ हैं, सत्ताधारी दल के मन में लंबे समय से चले आ रहे डर को दूर कर देने वाले दृश्य देखने को मिले। तीन दिन पहले शुरू हुआ और अब विभिन्न क्षेत्रों में फैल चुका यह विद्रोह हजारों श्रमिकों को सड़कों पर","नोएडा में श्रमिकों ने फिर से नहीं किया प्रदर्शन, लाठी​चार्ज का पुराना वीडियो वायरल….",,REF,REF,REF,False,no_flip,,,False,
64,CA_CHAR_05_HomoglyphPerturbation,अदरक के सप्लीमेंट ऑस्टियोआर्थराइटिस के दर्द में निश्चित लाभ देते हैं।,एनसीसीआईएच के अनुसार ऑस्टियोआर्थराइटिस और अन्य मांसपेशी-जोड़ दर्द में अदरक के लाभ स्पष्ट नहीं हैं; कुछ समीक्षाओं में साक्ष्य अपर्याप्त पाए गए हैं।,अदरक के​ सप्लीमेंट ऑस्टियोआर्थराइटिस के दर्द में निश्चित लाभ देते हैं।,,NEI,REF,REF,False,baseline_failure,,,False,
65,CA_CHAR_05_HomoglyphPerturbation,एमएम कीरवानी ने महेश बाबू की फिल्म के लिए 5 महीने की तैयारी की।,"न्यूज़बाइट्स हिंदी की रिपोर्ट के अनुसार, दिग्गज संगीतकार एमएम कीरावनी, महेश बाबू अभिनीत और एसएस राजामौली की महत्वाकांक्षी एपिक फिल्म। खबर में यही जानकारी स्पष्ट रूप से दर्ज है।",एमएम कीरवानी ने महे​श बाबू की फिल्म के लिए 5 महीने की तैयारी की।,,SUP,NEI,NEI,False,baseline_failure,,,False,
66,CA_CHAR_05_HomoglyphPerturbation,प्रधानमंत्री स्वनिधि योजना के पुनर्गठन में स्ट्रीट वेंडरों के लिए यूपीआई-लिंक्ड क्रेडिट कार्ड सुविधा शामिल है।,आधिकारिक मंत्रिमंडल विज्ञप्ति में पीएम स्वनिधि के पुनर्गठन के अंतर्गत यूपीआई-लिंक्ड क्रेडिट कार्ड का उल्लेख है।,प्रधानमंत्री स्वनिधि योजना के​ पुनर्गठन में स्ट्रीट वेंडरों के लिए यूपीआई-लिंक्ड क्रेडिट कार्ड सुविधा शामिल है।,,SUP,SUP,SUP,False,no_flip,,,False,
67,CA_CHAR_05_HomoglyphPerturbation,"प्रधानमंत्री किसान सम्मान निधि के अंतर्गत प्रत्येक पात्र किसान परिवार को प्रति वर्ष 6,000 रुपये की सहायता मिलती है।","पीआईबी की हिंदी विज्ञप्ति में पीएम-किसान को प्रत्येक पात्र किसान परिवार के लिए 6,000 रुपये वार्षिक सहायता वाली केंद्रीय क्षेत्र योजना बताया गया है।","प्रधानमंत्री किसान सम्मान निधि के अंतर्ग़त प्रत्येक पात्र किसान परिवार को प्रति वर्ष 6,000 रुपये की सहायता मिलती है।",,SUP,SUP,SUP,False,no_flip,,,False,
68,CA_CHAR_05_HomoglyphPerturbation,लेख के अनुसार हैचरी कक्ष को कोई नुकसान नहीं पहुंचा और मछली बीज उत्पादन सामान्य रहा।,लेख में हैचरी कक्ष के पूरी तरह नष्ट होने का उल्लेख है।,लेख के अनुसार हैचरी कक्ष को कोई नुकसान नहीं पहुंचा और मछली बीज उत्पा​दन सामान्य रहा।,,REF,REF,REF,False,no_flip,,,False,
69,CA_CHAR_05_HomoglyphPerturbation,मेनिनजाइटिस का टीका लेने के बाद किसी व्यक्ति को जीवन में कभी मेनिनजाइटिस नहीं हो सकता।,"विश्व स्वास्थ्य संगठन टीकों को लंबे समय की सुरक्षा का प्रभावी तरीका बताता है, लेकिन किसी भी कारण से जीवन भर शून्य जोखिम का दावा स्थापित नहीं करता।",मेनिनजाइटिस का टी​का लेने के बाद किसी व्यक्ति को जीवन में कभी मेनिनजाइटिस नहीं हो सकता।,,NEI,REF,REF,False,baseline_failure,,,False,
70,CA_CHAR_05_HomoglyphPerturbation,"17 जुलाई 2025 तक बिहार में 7,08,18,162 गणना प्रपत्र प्राप्त हुए थे, जो 89.7 प्रतिशत थे।","पीआईबी की विज्ञप्ति में प्राप्त गणना प्रपत्रों की संख्या 7,08,18,162 और प्रतिशत 89.7 बताया गया है।","17 जुलाई 2025 तक बिहार मे​ं 7,08,18,162 गणना प्रपत्र प्राप्त हुए थे, जो 89.7 प्रतिशत थे।",,SUP,SUP,SUP,False,no_flip,,,False,
71,CA_CHAR_05_HomoglyphPerturbation,"हिमाचल प्रदेश सरकार ने मानसून प्रभावित परिवारों के लिए ₹5,000 करोड़ के विशेष राहत पैकेज की घोषणा की।","लेख में किसी ₹5,000 करोड़ के विशेष राहत पैकेज का उल्लेख नहीं है।","हिमाचल प्रदेश सरकार ने मानसून प्रभावित परिवारों के लिए ₹5,000 करोड़ के विशेष राहत पैकेज की घोषणा की​।",,NEI,REF,REF,False,baseline_failure,,,False,
72,CA_CHAR_05_HomoglyphPerturbation,वर्ष 2024-25 का केंद्रीय बजट 23 जुलाई 2024 को प्रस्तुत किया गया।,संसदीय कार्य मंत्रालय की समीक्षा में वर्ष 2024-25 के केंद्रीय बजट को 23 जुलाई 2024 को प्रस्तुत किया जाना बताया गया है।,वर्ष 2024-25 का केंद्री​य बजट 23 जुलाई 2024 को प्रस्तुत किया गया।,,SUP,SUP,SUP,False,no_flip,,,False,
73,CA_CHAR_05_HomoglyphPerturbation,सनी देओल की 'बंटवारा 1947' का ट्रेलर जयपुर में रिलीज हुआ।,TV9 भारतवर्ष की खबर में इतना ही है कि सनी देओल की अपकमिंग फिल्म 'बटवारा 1947' के ट्रेलर लॉन्च को लेकर बड़ा अपडेट सामने आया है. शेष विवरण रिपोर्ट में नहीं है।,सनी देओल की 'बंटवारा 1947' का ट्रेलर जयपुर में रिलीज हु​आ।,,NEI,NEI,NEI,False,no_flip,,,False,
74,CA_CHAR_05_HomoglyphPerturbation,सड़कें और घरों के आंगन कीचड़ से लथपथ थे।,लेख में कीचड़ से लथपथ सड़कें और आंगनों का वर्णन किया गया है।,सड़कें और घरों के​ आंगन कीचड़ से लथपथ थे।,,SUP,SUP,SUP,False,no_flip,,,False,
75,CA_CHAR_05_HomoglyphPerturbation,ऑपरेशन सिंदूर पर विशेष चर्चा 28 और 29 जुलाई 2025 को लोकसभा में हुई।,पीआईबी की वर्षांत समीक्षा में ऑपरेशन सिंदूर पर लोकसभा में 28 और 29 जुलाई 2025 को विशेष चर्चा आयोजित होने की जानकारी है।,ऑपरेशन सिंदूर पर विशेष चर्चा 28 और 29 जुलाई 2025 को लोकसभा मे​ं हुई।,,SUP,SUP,SUP,False,no_flip,,,False,
76,CA_CHAR_05_HomoglyphPerturbation,"CJP प्रोटेस्ट में पुलिस पिटाई का शिकार नहीं हुई यह महिला, कंबोडिया की इलाज पद्धति ‘स्क्रैचिंग द विंड’ का है वायरल वीडियो।","महिला के शरीर पर पुलिस की लाठी के निशान का दावा पूरी तरह फर्जी, एक पारंपरिक उपचार के दौरान हुए थे ये निशान। हाल ही में 20 जुलाई 2026 को दिल्ली के जंतर-मंतर पर सीजेपी प्रदर्शन के दौरान संसद मार्च निकाल रहे प्रदर्शनकारियों और पुलिस बलों के बीच तीखी झड़प हुई थी, जिसमें कुछ कई घायल हुए थे। इसी घटना के संदर्भ में सोशल मीडिया पर एक वीडियो वायरल किया जा रहा है, जिसमें एक महिला अपने गले और कंधे के निचले हिस्से पर बने गहरे लाल और बैंगनी रंग के चोट जैसे निशान दिखा रही है। दावा किया जा रहा है कि जंतर-मंतर पर सीजेपी के प्रदर्शन के दौरान दिल्ली पुलिस के जवानों ने इस महिला को इतनी बेरहमी से पीटा की उसके शरीर पर जख़्म के ऐसे निशान हो गए। वायरल वीडियो को यह कैप्शन लिखते हुए शेयर किया गया है… जंतरमंतरपरसरकारकेद्वाराजोगुंडेभेजेजारहेथेवोमहिलाओंकोंभीनहींछोड़रहेहै…सबूतदेखलीजिये..इसेकोईदलालमिडियानहींदिखायेगाऐसेहालात फेसबुक पोस्ट।आर्काइव पोस्ट अनुसंधानसेपताचलताहैकि… हमने जांच की शुरुआत में वायरल वीडियो से फ्रेम लेकर उसे गूगल लेंस से सर्च किया। परिणाम में हमें 25 फरवरी 2026 कोइंस्टाग्रामपर साझा किया गया एक पोस्ट मिला, जिसमें वायरल वीडियो से मेल खाती हुई तस्वीर को शेयर किया गया था। पोस्ट में दी गई जानकारी के मुताबिक, यह कंबोडिया में अपनाई जाने वाली एक पारंपरिक प्राकृतिक चिकित्सा प्रक्रिया से संबंधित तस्वीर है। इससे इतनी बात यहीं समझ आती है कि इसका सीजेपी के किसी भी प्रदर्शन से कोई संबंध है ही नहीं। फिर हमें वायरल क्लिप का मूल वर्जन कंबोडियाई इंस्टाग्राम यूजर@tolakityके अकाउंट पर 10 जनवरी 2026 को अपलोड किया हुआ मिला। इस पोस्ट के कैप्शन में यूजर ने खुद स्पष्ट किया है कि उनके साथ किसी भी तरह की हिंसा या मारपीट नहीं हुई। बल्कि यह सर्दी-जुकाम के इलाज के लिए अपनाया गया एक कंबोडियाई पारंपरिक तरीका है, जिसे स्क्रैचिंग द विंड कहा जाता है। पड़ताल में आगे हमें एकअन्य इंस्टाग्रामअकाउंट मिला, जिसके वीडियो में भी एक महिला को यही थेरेपी लेते देखा जा सकता है। पोस्ट के अनुसार, सर्दी, जुकाम और सिरदर्द से राहत पाने के लिए कंबोडिया में यह प्राकृतिक इलाज किया जाता है। इसमें त्वचा पर बाम या नारियल तेल चुपड़कर सिक्के या चम्मच की मदद से हल्के हाथों से रगड़ा जाता है। निष्कर्ष तथ्यों की जाँच से यह पता चलता है कि वा","CJP प्रोटेस्ट में पुलिस पिटाई का शिकार नहीं हुई यह महिला, कंबोडिया की इलाज पद्धति ‘स्क्रैचिंग द विंड’ का है​ वायरल वीडियो।",,REF,REF,REF,False,no_flip,,,False,
77,CA_CHAR_05_HomoglyphPerturbation,26 जून 2024 को श्री ओम बिरला को ध्वनि मत से लोकसभा अध्यक्ष चुना गया।,पीआईबी की वर्षांत समीक्षा में 26 जून 2024 को लोकसभाध्यक्ष का चुनाव और श्री ओम बिरला के ध्वनि मत से चुने जाने की जानकारी है।,26 जून 2024 को श्री ओम बिरला को ध्वनि मत से​ लोकसभा अध्यक्ष चुना गया।,,SUP,SUP,SUP,False,no_flip,,,False,
78,CA_CHAR_05_HomoglyphPerturbation,"उषा उत्थुप ने नहीं मनाया टीएमसी की हार का जश्न, ‘दीदी’ गाने का वायरल वीडियो पुराना है।","सिंगर उषा उत्थुप का ‘दीदी’ गाना गाने वाला वायरल वीडियो पुराना, टीएमसी की हार के जश्न से सम्बंधित नहीं है वीडियो। बंगाल के विधानसभा चुनाव में टीएमसी को मिली हार से जोड़ते हुए गायिका उषा उत्थुप का एक वीडियो वायरल हो रहा है। इसमें वे बंगाली गाना ‘दीदी गो’ गाते नज़र आ रही है। यह वीडियो इस दावे से साझा किया जा रहा है कि उषा उत्थुप बंगाल चुनाव में टीएमसी को मिली हार और ममता बनर्जी की सरकार जाने का जश्न मना रही है। वायरल वीडियो के साथ कैप्शन लिखा गया है… “Didi Go”टीएमसीकीवसूलीसेपरेशानहोकरमुंबईशिफ़्टहोनेपरमजबूरउषाउत्थुपकोलकातालौटआयीहैंऔरदीदीकेजानेकोअपनेअंदाज़मेंसेलिब्रेटकररहीहैं फेसबुक पोस्ट।आर्काइव पोस्ट अनुसंधानसेपताचलताहैकि… हमने जांच की शुरुआत में यह देखा कि वायरल वीडियो मेंCreatvie Videoनाम के चैनल का लोगो है। इसे ही आधार बनाते हुए हमने खोज की जो हमें यूट्यूब चैनल तक ले गया। यहां पर 22 अक्टूबर 2022 को पूरा वर्जन अपलोड किया हुआ देख सकते हैं। वहीं वीडियो के साथ लिखे डिस्क्रिप्शन के अनुसार, यह पुलिस एथलीट क्लब द्वारा आयोजित एक कार्यक्रम का वीडियो है, जिसे कोलकाता के नजरूल मंच में आयोजित किया गया था। मूल वीडियो के एक दृश्य में पीछे स्क्रीन पर 31 जुलाई 2022 की तारीख भी दिखाई देती है जो साफ करती है कि यह वीडियो न तो हाल का है और न ही इसका पश्चिम बंगाल चुनाव के नतीजों से कोई संबंध है। इसके बाद हमें एकफेसबुक अकाउंटपर भी उषा उत्थुप के इस कार्यक्रम की तस्वीरें 8 अगस्त 2022 को अपलोड की हुई मिलीं। पोस्ट में मौजूद कैप्शन में इसे कोलकाता पुलिस एथलीट क्लब द्वारा आयोजित कार्यक्रम का बताया गया है। पड़ताल में हमने पाया कि उषा उत्थुप का यहहिट गाना‘दीदी’ साल 1992 में रिलीज हुआ था, जिसे रतन साहा ने लिखा और खालेद ने कम्पोज किया था। आगे की खोज में हमने पाया कि खुद गायिका उषा उत्थुप नेइंस्टाग्रामअकाउंट पर वायरल वीडियो का खंडन करते हुए बताया कि वायरल दावा फर्जी है। उन्होंने यह गाना करीब 25 साल पहले गाया था, जो बांग्ला में उनका सबसे हिट गाना रहा है। यह एक पुराना वीडियो है, जिसमें उनके गले में कोविड मास्क भी देखा जा सकता है। यह भी स्पष्ट किया गया कि उन्होंने कभी कोलकाता नहीं छोड़ा और वह पिछले 57 वर्षों से वहीं रह रही हैं। उनके द्वारा जारी एकअन्य खंडनमें स्पष्ट किया गया कि एक्स, इंस्टाग्राम और व्","उषा उत्थुप ने नहीं मनाया टीएमसी की हार का जश्न, ‘दी​दी’ गाने का वायरल वीडियो पुराना है।",,REF,,,False,baseline_failure,,,False,
79,CA_CHAR_05_HomoglyphPerturbation,शिवांगी जोशी ने इंस्टाग्राम लाइव में कहा कि वह अब कोई टीवी सीरियल नहीं करेंगी।,"हिंदुस्तान की रिपोर्ट में शिवांगी जोशी के नए प्रोजेक्ट और टीवी करियर पर बातचीत का जिक्र है, लेकिन टीवी छोड़ने का कोई बयान नहीं दिया गया। लेख में भविष्य में अलग-अलग भूमिकाएं करने की इच्छा बताई गई है।",शिवांगी जोशी ने इंस्टाग्राम लाइव में कहा​ कि वह अब कोई टीवी सीरियल नहीं करेंगी।,,REF,REF,REF,False,no_flip,,,False,
80,CA_CHAR_05_HomoglyphPerturbation,अश्वगंधा महिलाओं में बांझपन के उपचार में प्रभावी है।,एनसीसीआईएच के अनुसार महिला बांझपन में अश्वगंधा की उपयोगिता निर्धारित करने के लिए पर्याप्त साक्ष्य उपलब्ध नहीं हैं।,अश्वगंधा महिलाओं में बा​ंझपन के उपचार में प्रभावी है।,,NEI,,,False,baseline_failure,,,False,
81,CA_CHAR_05_HomoglyphPerturbation,संयुक्त राष्ट्र ने कमल किशोर की नियुक्ति के साथ भारत को संयुक्त राष्ट्र सुरक्षा परिषद (UNSC) की स्थायी सदस्यता भी प्रदान कर दी।,लेख में सुरक्षा परिषद की स्थायी सदस्यता का कोई उल्लेख नहीं है।,संयुक्त रा​ष्ट्र ने कमल किशोर की नियुक्ति के साथ भारत को संयुक्त राष्ट्र सुरक्षा परिषद (UNSC) की स्थायी सदस्यता भी प्रदान कर दी।,,NEI,,,False,baseline_failure,,,False,
82,CA_CHAR_05_HomoglyphPerturbation,भारतीय वायुसेना ने उसी समय सभी फंसे श्रमिकों को हेलीकॉप्टर से सुरक्षित निकाल लिया था।,लेख में वायुसेना द्वारा सभी श्रमिकों को निकालने का कोई उल्लेख नहीं है।,भारतीय वायुसेना ने उसी समय सभी फंसे श्रमिकों को हे​लीकॉप्टर से सुरक्षित निकाल लिया था।,,NEI,REF,REF,True,flip,,,True,judge_unavailable
83,CA_CHAR_05_HomoglyphPerturbation,वॉशिंगटन में आपातकाल लागू कर दिया गया और राज्यपाल बॉब फर्ग्यूसन ने लोगों को सतर्क रहने की अपील की।,लेख में आपातकाल लागू होने और राज्यपाल की अपील का उल्लेख है।,वॉशिंगटन में आपातकाल लागू कर दिया गया और राज्यपाल बॉब फर्ग़्यूसन ने लोगों को सतर्क रहने की अपील की।,,SUP,SUP,SUP,False,no_flip,,,False,
84,CA_CHAR_05_HomoglyphPerturbation,देहरादून और आसपास के क्षेत्रों में तेज हवा के साथ मूसलाधार बारिश हुई।,लेख में राजधानी और आसपास के क्षेत्रों में तेज हवा और बारिश का उल्लेख है।,देहरा​दून और आसपास के क्षेत्रों में तेज हवा के साथ मूसलाधार बारिश हुई।,,SUP,SUP,SUP,False,no_flip,,,False,
85,CA_CHAR_05_HomoglyphPerturbation,अल्लू अर्जुन ने 800 करोड़ रुपये का निजी जेट खरीद लिया है।,"Newschecker Hindi ने वायरल पोस्ट की जांच में पाया कि जिन तस्वीरों को अल्लू अर्जुन का निजी जेट बताया गया, वे चार्टर सेवा और पुराने प्रमोशनल फोटो से जुड़ी थीं। अभिनेता के नाम पर 800 करोड़ के जेट की खरीद का कोई सार्वजनिक रिकॉर्ड नहीं मिला।",अल्लू अर्जुन ने 800 करोड़ रुपये का निजी जेट खरी​द लिया है।,,REF,REF,REF,False,no_flip,,,False,
86,CA_CHAR_05_HomoglyphPerturbation,विकसित भारत जी राम जी योजना में 125 दिन रोजगार की गारंटी का उल्लेख किया गया।,अमर उजाला की हिंदी रिपोर्ट में विकसित भारत जी राम जी योजना के तहत 125 दिन रोजगार की गारंटी लिखी है।,विकसित भारत जी राम जी योजना में 125 दिन रोजगार की गारंटी का उळ्लेख किया गया।,,SUP,SUP,SUP,False,no_flip,,,False,
87,CA_CHAR_05_HomoglyphPerturbation,"वजन घटाने के लिए हर वयस्क को प्रतिदिन ठीक 1,500 कैलोरी लेनी चाहिए।","डब्ल्यूएचओ ऊर्जा संतुलन और स्वस्थ आहार की चर्चा करता है, लेकिन सभी वयस्कों के लिए 1,500 कैलोरी का सार्वभौमिक लक्ष्य नहीं देता।","वज़न घटाने के लिए हर वयस्क को प्रतिदिन ठीक 1,500 कैलोरी लेनी चाहिए।",,NEI,REF,REF,False,baseline_failure,,,False,
88,CA_CHAR_05_HomoglyphPerturbation,अस्थमा से पीड़ित बच्चों को किसी भी तरह की शारीरिक गतिविधि या खेलकूद में भाग लेने से पूरी तरह बचना चाहिए।,"विश्व स्वास्थ्य संगठन के अनुसार, उचित चिकित्सा प्रबंधन के साथ अस्थमा से पीड़ित लोग व्यायाम और खेल सहित सामान्य शारीरिक गतिविधियों में भाग ले सकते हैं।",अस्थमा​ से पीड़ित बच्चों को किसी भी तरह की शारीरिक गतिविधि या खेलकूद में भाग लेने से पूरी तरह बचना चाहिए।,,REF,REF,REF,False,no_flip,,,False,
89,CA_CHAR_05_HomoglyphPerturbation,"बांके बिहारी जी के दरबार में हाजिरी लगाते अखिलेश यादव की पुरानी तस्वीर, हाल के दिनों का बताकर वायरल।","सपा प्रमुख अखिलेश यादव की बांके बिहारी मंदिर में दर्शन की तस्वीर पुरानी है। अयोध्या के राम मंदिर में चढ़ावा और चंदा चोरी विवाद को लेकर रोज नए-नए खुलासे हो रहे हैं। इस बीच सोशल मीडिया पर सपा प्रमुख अखिलेश यादव की एक तस्वीर वायरल हो रही है, जिसमें वे एक मंदिर परिसर में पूजा करते हुए दिखाई दे रहे हैं। इस तस्वीर को साझा करते हुए दावा किया जा रहा है कि, अखिलेश हाल में वृंदावन के दौरे पर थें। पोस्ट के साथ कैप्शन लिखा गया है… ब्रेकिंग न्यूज़। अखिलेश यादव जी मथुरा में बांके बिहारी जी के दर्शन करते हुए जय श्री कृष्णा बोलो बांके बिहारी की जय राधा रानी की जय फेसबुक पोस्ट।आर्काइव पोस्ट अनुसंधानसेपताचलताहैकि… हमने जांच की शुरुआत में वायरल तस्वीर को गूगल लेंस से चेक किया। परिणाम में हमें यह तस्वीरभास्कर डॉट कॉमकी 28 अगस्त 2022 में प्रकाशित एक खबर में मिली। बताया गया था कि, “सपा के राष्ट्रीय अध्यक्ष और पूर्व मुख्यमंत्री अखिलेश यादव वृंदावन पहुंचे थे। यहां उन्होंने सबसे पहले यहां द ब्रज फाउंडेशन के अध्यक्ष विनीत नारायण से मुलाकात की। इसके बाद वह ठाकुर श्री बांके बिहारी मंदिर में दर्शन के लिए रवाना हो गए। उसके बाद देर शाम लखनऊ लौट गए थे।” फिर हमेंअखिलेश यादवके आधिकारिक यूट्यूब चैनल पर 29 अगस्त 2022 एक वीडियो अपलोड किया हुआ मिला जो वायरल वीडियो से मेल खा रहा था। हालांकि यहां वीडियो को दूसरे एंगल से दिखाया गया है। साथ ही बताया गया था कि समाजवादी पार्टी के प्रमुख अखिलेश यादव वृंदावन में बांके बिहारी के दरबार में हाथ जोड़कर पहुंचे थें। न्यूज़ 18 यूपी/ उत्तराखंडके न्यूज़ रिपोर्ट में भी वायरल वीडियो के दृश्य दिखाई देते हैं, जिसे 29 अगस्त, 2022 को अपलोड किया गया था। वीडियो के साथ लिखे विवरण के अनुसार, “अखिलेश यादव ने वृंदावन के बांके बिहार मंदिर समेत कई मंदिरों में जाकर बांके बिहारी के दर्शन किए. इस दौरान उन्होंने लोगों के साथ संवाद भी किया इसके अलावा उन्होंने लोगों के साथ चाट का भी आनंद लिया।” इस संबंध में हमेंजागरण डॉट कॉमपर भी एक खबर मिली, जिसे 28 अगस्त 2022 को प्रकाशित किया गया था। बताया गया कि दिल्ली से सैफई जाते हुए अखिलेश यादव वृंदावन में करीब तीन घंटे रुके थे। वहां उन्होंने मंदिर में दर्शन किए थे। इसके अलावा हमने इंटरनेट पर संबंधित कीवर्ड्स के जरिए यह जांचने की कोशिश की कि क्या अख","बांके बिहारी जी के दरबार में हाजिरी लगाते अखिलेश यादव की पुरानी तस्वीर, हाल के दिनों का​ बताकर वायरल।",,REF,REF,REF,False,no_flip,,,False,
90,CA_CHAR_05_HomoglyphPerturbation,"ग्राम प्रधान रजनी देवी ने बताया कि तेज बहाव से पंचायत भवन परिसर, शौचालय, संपर्क मार्ग और खेती की भूमि को नुकसान पहुंचा।",लेख में ग्राम प्रधान रजनी देवी का यही बयान दिया गया है।,"ग्राम प्रधान रजनी देवी​ ने बताया कि तेज बहाव से पंचायत भवन परिसर, शौचालय, संपर्क मार्ग और खेती की भूमि को नुकसान पहुंचा।",,SUP,SUP,SUP,False,no_flip,,,False,
91,CA_CHAR_05_HomoglyphPerturbation,यमुनोत्री धाम में सीजन की पहली बर्फबारी हुई।,लेख में यमुनोत्री में पहली बर्फबारी होने की जानकारी दी गई है।,यमुनोत्री धाम में सी​जन की पहली बर्फबारी हुई।,,SUP,SUP,SUP,False,no_flip,,,False,
92,CA_CHAR_05_HomoglyphPerturbation,लोकसभा चुनाव 2024 के दूसरे चरण में शाम 7 बजे तक लगभग 60.96 प्रतिशत मतदान दर्ज किया गया।,पीआईबी की हिंदी विज्ञप्ति के अनुसार दूसरे चरण में शाम 7 बजे तक लगभग 60.96 प्रतिशत मतदान हुआ।,लोकसभा चुनाव 2024 के दूसरे चरण में शाम 7 बजे तक लग़भग 60.96 प्रतिशत मतदान दर्ज किया गया।,,SUP,SUP,SUP,False,no_flip,,,False,
93,CA_CHAR_05_HomoglyphPerturbation,लोकसभा चुनाव 2024 की वीवीपैट पर्चियां आंध्र प्रदेश में नष्ट कर दी गई थीं।,निर्वाचन आयोग के स्पष्टीकरण में कहा गया है कि लोकसभा चुनाव 2024 और आंध्र प्रदेश विधानसभा चुनाव की वीवीपैट पर्चियां नष्ट नहीं की गई थीं; वे नियमों के अनुसार संरक्षित रहती हैं।,लोकसभा चुनाव 2024 की वीवीपैट पर्चियां आंध्र प्रदे​श में नष्ट कर दी गई थीं।,,REF,REF,REF,False,no_flip,,,False,
94,CA_CHAR_05_HomoglyphPerturbation,सीबीआई ने अंतरराष्ट्रीय साइबर ठगी मामले में मुख्य आरोपी लाखन जगवानी को गिरफ्तार किया।,समाचार के अनुसार सीबीआई ने अमेरिकी नागरिकों से ठगी करने वाले अंतरराष्ट्रीय साइबर धोखाधड़ी गिरोह के मुख्य आरोपी लाखन जयप्रकाश जगवानी को गिरफ्तार किया।,सीबीआई ने अंतरराष्ट्रीय साइबर ठगी मामले में मुख्य आरोपी लाखन जगवा​नी को गिरफ्तार किया।,,SUP,SUP,SUP,False,no_flip,,,False,
95,CA_CHAR_05_HomoglyphPerturbation,चोरी का यह वीडियो अयोध्या राम मंदिर का नहीं है। यह कर्नाटक के बेंगलुरु स्थित गली अंजनेय स्वामी मंदिर का पुराना मामला है।,"राम मंदिर में दान चोरी के नाम पर बेंगलुरु स्थित गली अंजनेय स्वामी मंदिर का वीडियो वायरल। इन दिनों अयोध्या स्थित राम मंदिर के दानपात्र और चढ़ावे में हुई चोरी का मामला गरमाया हुआ है। हालांकि उत्तर प्रदेश सरकार और SIT द्वारा मामले की जांच करते हुए आगे की कार्रवाई की जा रही है। इसी से जोड़ते हुए सोशल मीडिया पर एक वीडियो वायरल हो रहा है, जिसमें एक सीसीटीवी फुटेज में मंदिर में कुछ पुजारी नजर आ रहे हैं जो दान पेटी से पैसे चुरा रहे हैं। वीडियो शेयर करते हुए दावा किया जा रहा है कि यह राम मंदिर में हुई चोरी का वीडियो है। यूज़र ने वीडियो शेयर करते हुए कैप्शन लिखा है… राममंदिरमेंकिसतरहदानकेपैसाकाचोरीकररहाहै,उसकासीसीटीवीफुटेजविडियोवायरलहोगयाहै। फेसबुक पोस्ट।आर्काइव पोस्ट अनुसंधानसेपताचलताहैकि… हमने जांच की शुरुआत में वीडियो के फ्रेम लेकर उसे गूगल लेंस से सर्च किया। परिणाम में हमेंTv9 Kannadaके यूट्यूब चैनल पर वायरल वीडियो मिला। यहां पर इस वीडियो को 27 सिंतबर 2024 को साझा किया गया है। इसके साथ लिखे कैप्शन के अनुसार, वीडियो गली अंजनेय मंदिर से पैसे की चोरी का बताया गया है। अब हमेंलोकमत टाइम्सके इंस्टाग्राम अकाउंट से 1 अक्टूबर 2024 को पोस्ट किया हुआ मिला, जिसमें वायरल क्लिप को भी देखा जा सकता है। यहां मौजूद जानकारी के अनुसार, वीडियो बेंगलुरु के गली आंजनेय स्वामी मंदिर का है, जिसमें मंदिर के दो सदस्यों को दान के रुपये उठाते हुए दिखाया गया है। इसके बाद हमेंइंडिया टुडेकी 30 सितंबर 2024 की एक रिपोर्ट मिली, जिसमें वायरल वीडियो के दृश्य दिखाई देते हैं। इसके अनुसार, यह फुटेज बेंगलुरु के अंजनेय स्वामी मंदिर का है, जहां दान राशि की गिनती के दौरान पैसे चोरी किए जाने के कई वीडियो सामने आए थे। रिपोर्ट में अधिकारियों के हवाले से बताया गया कि वायरल फुटेज के आधार पर जुलाई 2024 में एक एफआईआर भी दर्ज की गई थी। ‘बंगलौर मिरर’की 27 सितंबर 2024 की रिपोर्ट के मुताबिक, सोशल मीडिया पर गली आंजनेय स्वामी मंदिर में दान की चोरी का एक सीसीटीवी फुटेज जमकर वायरल हुआ, जिसमें साफ दिख रहा था कि दान के पैसे गिनने वाला एक सुपरवाइजर, वहां बैठे एक शख्स को नोटों का बंडल थमाता है और वह शख्स निगरानी रखने की जिम्मेदारी होने के बावजूद उस बंडल को चुपचाप अपनी जेब में रख लेता है।इस पूरे मामले पर मंदिर के मुख्य पुजारी रामचंद्र",चोरी का यह वीडियो अयोध्या राम मंदिर का नहीं है। यह कर्नाटक के बेंगलुरु स्थित गली अंजनेय स्वामी मंदि​र का पुराना मामला है।,,REF,REF,REF,False,baseline_failure,,,False,
96,CA_CHAR_05_HomoglyphPerturbation,अंतर्राष्ट्रीय चुनाव आगंतुक कार्यक्रम के प्रतिनिधियों ने छह राज्यों और केंद्रशासित प्रदेशों में चुनावी तैयारी तथा मतदान देखा था।,पीआईबी के अनुसार आईईवीपी प्रतिनिधियों ने छह राज्यों/केंद्रशासित प्रदेशों में तैयारी कार्य सहित मतदान प्रक्रिया का अवलोकन किया।,अंतर्राष्ट्रीय चुनाव आगंतुक कार्यक्रम के प्रतिनिधियों ने छह राज्यों और केंद्रशासित प्रदेशों मे​ं चुनावी तैयारी तथा मतदान देखा था।,,SUP,SUP,SUP,False,no_flip,,,False,
97,CA_CHAR_05_HomoglyphPerturbation,"केरल में रेप करने पर बेटियों ने नहीं काटा अपने पिता का प्राइवेट पार्ट, बांग्लादेश की घटना गलत दावे से वायरल…","सोशल मीडिया पर एक वीडियो तेज़ी से शेयर किया जा रहा है, जिसमें दावा किया गया है कि केरल में तीन बेटियों ने अपने साथ हुए यौन शोषण का बदला लेने के लिए अपने पिता के गुप्तांग काट दिए। वायरल वीडियो 3 मिनट 46 सेकेंड का है, जिसमें खून से लथपथ एक व्यक्ति चीखता हुआ एक घर से निकलता है। इस दौरान वहां लोग गुस्से में दिख रही एक महिला को पहले रोकने की कोशिश करते हैं और फिर बाद में उसके साथ मारपीट करते हुए भी दिखाई देते हैं। वीडियोकेसाथआपत्तिजनककैप्शनलिखागयाहै,जिसकाहमयहांउल्लेखनहींकररहेहैं।लिंकपरक्लिककरपोस्टकेकैप्शनदेखसकतेहैं। फेसबुक।आर्काइव अनुसंधान से पता चलता है कि… पड़ताल की शुरुआत में हमने वायरल वीडियो के तस्वीरों का रिवर्स इमेज सर्च किया, परिणाम में वायरल वीडियो से मिलता-जुलता वीडियो हमें ‘North Bangla News’ नाम के फेसबुक पेज पर मिला। बांग्ला भाषा में मौजूद जानकारी के अनुसार, वीडियो बांग्लादेश के फरीदपुर के भांगा में हुई एक घटना का है, जब एक पत्नी ने सोते हुए अपने पति का गुप्तांग काट दिया। इसके बाद स्थानीय लोगों ने उसे पुलिस के हवाले कर दिया। मिली जानकारी की मदद लेते हुए अधिक सर्च करने पर हमेंबांग्लादेशी मीडिया की रिपोर्ट मिली। इन रिपोर्टों से पुष्टि होती है कि ये विज़ुअल्स भारत के नहीं हैं, बल्कि बांग्लादेश के फरीदपुर ज़िले के भांगा उपज़िला में हुई एक घटना के हैं। वहीं अन्य एक मीडिया रिपोर्ट केअनुसार29 जून 2026 को भांगा उपजिला के होगलाडांगी सदरडी क्षेत्र की निवासी सुमैया अख्तर सुमी नाम की एक महिला ने अपने पति हनीफ शेख के गुप्तांग को ब्लेड से काट दिया था। स्थानीय लोगों ने देखा कि हमले के बाद हनीफ़ का बहुत खून बह रहा था, उन्होंने मदद के लिए पुकारा और उसे इलाज के लिए स्थानीय अस्पताल ले गए। स्थानीयसमाचार रिपोर्ट के अनुसार 29 जून 2026 को भांगा उपजिला के होगलाडांगी सदरडी क्षेत्र की निवासी सुमैया अख्तर सुमी नाम की एक महिला ने अपने पति हनीफ शेख के गुप्तांग को ब्लेड से काट दिया। सूचना मिलने पर भांगा पुलिस ने आरोपी सुमी को हिरासत में ले लिया। हमें दावे से जुड़ी एक रिपोर्ट बांग्लादेशी न्यूज वेबसाइट‘ajker patrika’पर भी मिली। 29 जून 2026 को प्रकाशित रिपोर्ट के अनुसार, घटना बांग्लादेश के फरीदपुर के भांगा जिले के होगलाडांगी सदरडी गांव की है। घायल व्यक्ति का नाम हनीफ शेख है और आरोपी म","केरल में रेप करने​ पर बेटियों ने नहीं काटा अपने पिता का प्राइवेट पार्ट, बांग्लादेश की घटना गलत दावे से वायरल…",,REF,REF,REF,False,no_flip,,,False,
98,CA_CHAR_05_HomoglyphPerturbation,साल्मोनेला जैसे हानिकारक बैक्टीरिया को नष्ट करने के लिए कच्चे चिकन को पकाने से पहले पानी से अच्छी तरह धोना आवश्यक है।,"सीडीसी (सीडीसी) कच्चे चिकन या मांस को धोने से सख्त मना करता है, क्योंकि धोने से बैक्टीरिया रसोई के अन्य बर्तनों और सतहों पर फैल सकते हैं; उन्हें केवल पकाने से ही मारा जा सकता है।",साल्मोनेला जैसे हानिकारक बैक्टीरिया को नष्ट करने के ळिए कच्चे चिकन को पकाने से पहले पानी से अच्छी तरह धोना आवश्यक है।,,REF,REF,REF,False,no_flip,,,False,
99,CA_CHAR_05_HomoglyphPerturbation,बंगाल में टूटी हुई मूर्तियों की तस्वीरें फर्जी सांप्रदायिक दावे से वायरल…,"इस घटना में कोई भी सांप्रदायिक एंगल नहीं है। वायरल दावा फर्जी है। इंटरनेट पर जमीन पर गिरी हुई कई टूटी-फूटी अर्धनिर्मित मूर्तियों की तस्वीर वायरल हो रही है, जिसे साझा करते हुए दावा किया जा रहा है कि पश्चिम बंगाल में हिन्दुओं की आस्था के साथ खिलवाड़ करते हुए सांप्रदायिक हमले किए जा रहे हैं और इसलिए ही इन मूर्तियों को भी बेरहमी से तोड़ दिया गया। पोस्ट के साथ कैप्शन में लिखा गया है… बंगाल जिहादियों का गढ़ हो गया है !बंगाल में तोड़ी गयी मां सरस्वती की प्रतिमा।ममता बनर्जी लगातार कर रही हिंदू धर्म का अपमान !हिंदू विरोधी ममता सरकार हिंदू आस्था से करती है खिलवाड़! पश्चिम बंगाल में देवी सरस्वती की मूर्तियों को किया गया क्षतिग्रस्त !ममता सरकार मुस्लिम तुष्टिकरण और मजहबी वोटबैंक की राजनीति में लीन। बंगाल में लगातार हिंदू आस्था के साथ लगातार हो रहा खिलवाड़। फेसबुक पोस्ट।आर्काइव पोस्ट अनुसंधानसेपताचलताहैकि… हमने जांच की शुरुआत में सबसे पहले गूगल पर संबंधित कीवर्ड से ढूंढना शुरु किया। परिणाम में हमेंआजतक बांग्लाकी वेबसाइट पर 7 जनवरी 2026 को प्रकाशित की हुई एक रिपोर्ट मिली। इसमें बताया गया था कि यह घटना पश्चिम बंगाल के नादिया जिले के शांतिपुर थाना क्षेत्र में हुई थी, जहां मूर्ति बनाने का काम करने वाले जयंत दास के कारखाने में किसी ने 60-70 मूर्तियों को तोड़ दिया था और इनमें से अधिकांश मूर्तियां मां काली और सरस्वती की थीं। घटना की जांच करने में मौके से मिले सीसीटीवी फुटेज के अनुसार, अमित और असित नाम के व्यक्तियों की संलिप्तता सामने आई थी। इसके बाद शांतिपुर पुलिस ने इस मामले की जांच शुरू की। इस बारे मेंआजतक बांग्लाके यूट्यूब चैनल पर भी वीडियो रिपोर्ट अपलोड किये गए हैं। फिर हमें 8 जनवरी 2025 को प्रकाशितटाइम्स ऑफ़ इंडियाकी वेबसाइट पर रिपोर्ट मिली। इसमें बताया गया था कि जयंत दास ने मूर्ति तोड़फोड़ की शिकायत की और उन्होंने दावा किया कि उनके कारखाने के पास लगे सीसीटीवी फुटेज में अमित डे और असित डे की संलिप्तता पाई गई। शांतिपुर पुलिस के अनुसार दोनों इस घटना को अंजाम देते समय नशे में थे और फ़िलहाल दोनों फरार हैं। ईटीवी भारत बांग्लाकी रिपोर्ट के मुताबिक, पश्चिम बंगाल के नादिया जिले स्थित शांतिपुर में एक मिट्टी के बर्तन बनाने की वर्कशॉप में हिंदू देवी-देवताओं काली और सरस्वती की कई मूर्तियों के",बंगाल में टूटी​ हुई मूर्तियों की तस्वीरें फर्जी सांप्रदायिक दावे से वायरल…,,REF,REF,REF,False,baseline_failure,,,False,
100,CA_CHAR_05_HomoglyphPerturbation,खुशाली कुमार ने महेश मांजरेकर से एक्टिंग सीखी।,प्रभात खबर की खबर में कहा गया है कि खुशाली कुमार ने 'दुल्हनिया ले आएगी' में महेश मांजरेकर के साथ काम करने के अपने यादगार अनुभव को साझा किया.,खुशाली कुमार ने महेश मांजरेकर से​ एक्टिंग सीखी।,,SUP,NEI,NEI,False,baseline_failure,,,False,
101,CA_CHAR_05_HomoglyphPerturbation,सोया सप्लीमेंट ऑस्टियोपोरोसिस को रोकते हैं।,"एनसीसीआईएच के अनुसार सोया आइसोफ्लेवोन और हड्डी स्वास्थ्य पर अध्ययन हुए हैं, लेकिन ऑस्टियोपोरोसिस रोकथाम के लिए निष्कर्ष पर्याप्त रूप से स्थापित नहीं हैं।",सोया सप्लीमेंट ऑस्टियोपोरोसिस को​ रोकते हैं।,,NEI,REF,REF,False,baseline_failure,,,False,
102,CA_CHAR_05_HomoglyphPerturbation,खसरे का टीका लेने वाला कोई व्यक्ति कभी खसरे से संक्रमित नहीं हो सकता।,"डब्ल्यूएचओ टीकाकरण को अत्यंत प्रभावी रोकथाम उपाय बताता है, लेकिन हर व्यक्ति के लिए संक्रमण की संभावना शून्य होने की गारंटी नहीं देता।",खसरे का टीका लेने वाला कोई व्यक्ति कभी खसरे से संक्रमित नहीं हो​ सकता।,,NEI,REF,REF,False,baseline_failure,,,False,
103,CA_CHAR_05_HomoglyphPerturbation,मतदान न करने पर लोकसभा चुनाव 2024 में मतदाता के खाते से 350 रुपये काटे जाते हैं।,निर्वाचन आयोग ने इस वायरल दावे को असत्य बताया है और कहा है कि भारत में अनिवार्य मतदान की कोई अवधारणा नहीं है।,मतदान न करने पर लोकसभा चु​नाव 2024 में मतदाता के खाते से 350 रुपये काटे जाते हैं।,,REF,REF,REF,False,no_flip,,,False,
104,CA_CHAR_05_HomoglyphPerturbation,पंकज त्रिपाठी को IFFM 2026 में सम्मानित किया जाएगा।,"अमर उजाला की रिपोर्ट के अनुसार, IFFM 2026: इंडियन फिल्म फेस्टिवल ऑफ मेलबर्न (IFFM) 2026 में पंकज त्रिपाठी सम्मानित होंगे। भारतीय सिनेमा में अपने योगदान के लिए। खबर में यही जानकारी स्पष्ट रूप से दर्ज है।",पंकज त्रिपाठी को IFFM 2026 में सम्मानित किया जा​एगा।,,SUP,SUP,SUP,False,no_flip,,,False,
105,CA_CHAR_05_HomoglyphPerturbation,वैक्सीन में मौजूद थायोमर्सल ऑटिज्म का कारण बनता है।,विश्व स्वास्थ्य संगठन के अनुसार व्यापक शोध में वैक्सीन में प्रयुक्त थायोमर्सल की छोटी मात्रा और ऑटिज्म या अन्य न्यूरोडेवलपमेंटल विकारों के बीच संबंध नहीं पाया गया।,वैक्सीन में मौजूद थायोमर्सल ऑटिज्म का का​रण बनता है।,,REF,REF,REF,False,no_flip,,,False,
106,CA_CHAR_05_HomoglyphPerturbation,उत्तराखंड सरकार ने हरिद्वार के आपदा प्रभावित किसानों के लिए नए 500 करोड़ रुपये के विशेष राहत पैकेज की घोषणा की।,लेख में ऐसे किसी विशेष राहत पैकेज या नई वित्तीय घोषणा का उल्लेख नहीं है।,उत्तराखंड सरकार ने हरि​द्वार के आपदा प्रभावित किसानों के लिए नए 500 करोड़ रुपये के विशेष राहत पैकेज की घोषणा की।,,NEI,REF,REF,False,baseline_failure,,,False,
107,CA_CHAR_05_HomoglyphPerturbation,"पीएम-किसान की सहायता 2,000 रुपये की तीन समान किस्तों में आधार-संबद्ध बैंक खातों में भेजी जाती है।","पीआईबी हिंदी पृष्ठ में पीएम-किसान की 6,000 रुपये वार्षिक सहायता को 2,000 रुपये की तीन किस्तों में डीबीटी से भेजने की जानकारी है।","पीएम-किसान की सहायता 2,000 रुपये की तीन समा​न किस्तों में आधार-संबद्ध बैंक खातों में भेजी जाती है।",,SUP,SUP,SUP,False,no_flip,,,False,
108,CA_CHAR_05_HomoglyphPerturbation,"प्रयागराज में हिंसा के आरोप में पकड़े गए उपद्रवियों का वीडियो नहीं है,दावा फर्जी….","प्रयागराज के इसौटा गांव में 29 जून को हुई हिंसा के मामले में पुलिस ने अब तक 85 आरोपियों को गिरफ्तार कर लिया है। इसी संदर्भ में सोशल मीडिया पर एक वीडियो वायरल हो रहा हैं, जिसमें दिखाई दे रहा है कि पुलिसकर्मी कुछ ज़ख़्मी युवकों को कहीं ले जा रही हैं। वहीं वीडियो में युवकों के हाथ और सिर पर पट्टियां बंधी हैं और वो सभी ठीक से चल भी नहीं पा रहे हैं। यह वीडियो शेयर करते हुए दावा किया जा रहा हैं कि यूपी पुलिस ने दंगा करने वाले चंद्र शेखर आजाद के समर्थकों की पिटाई कर ये हाल किया है। वायरल वीडियो के साथ यूजर ने लिखा है- प्रयागराज में चंद्रशेखर रावण के समर्थन में दंगा करने वालों का हाल देख लो..रावण समर्थक को यूपी पुलिस रेल बना रही है! फेसबुक।आर्काइव अनुसंधान से पता चलता है कि… पड़ताल की शुरुआत में हमने वायरल वीडियो के कुछ तस्वीरों का रिवर्स इमेज सर्च किया। परिणाम में वायरल वीडियो हमें 5 जून कोएक्स हैंडलपर मिला। जिनमें इसे श्रीगंगानगर का बताया गया है। साथ में लिखा है कि श्रीगंगानगर में रंगदारी करने वाले चार बदमाशों को पुलिस ने रंगे हाथ गिरफ्तार किया, ये बदमाश गैंगस्टरों के नाम पर एक व्यापारी से रंगदारी की मांग कर रहे थे। 🔴 श्रीगंगानगर ब्रेकिंग न्यूज़ 🔴रंगे हाथों पकड़ी गई रंगदारी गैंग, 4 बदमाश गिरफ्तार!🚨 गैंगस्टरों के नाम पर व्यापारी से माँगे थे ₹5 लाख🚓 लग्जरी फॉर्च्यूनर में आए बदमाशों को पुलिस ने किया दबोच#RangdariGang#SriganganagarPolice#BreakingNews#GangstersCaught#DIGGauravYadavpic.twitter.com/nqgzJs0C0Z जांच में हमें गंगानगर पुलिस का एकX पोस्टमिला जिसमें इस मामले से जुड़ी अखबार की एक कटिंग शेयर की गई है। अखबार क्लिप में वीडियो में दिख रहे चारों आरोपी मौजूद थे । रिपोर्ट में बताया गया कि श्रीगंगानगर के एक प्रतिष्ठित व्यापारी को गैंगस्टरों के नाम पर जान से मारने की धमकी देकर रंगदारी मांगने वाले चार खतरनाक बदमाशों को पुलिस ने एक सुनियोजित योजना के तहत रंगे हाथों गिरफ्तार किया। आरोपियों से पांच लाख रुपये की फिरौती की रकम भी बरामद की गई है। रिपोर्ट्स के मुताबिक, व्यापारी के मुनीम और भतीजे ने ही रंगदारी की साजिश रची थी। पुलिस ने बदमाशों को पकड़ने के लिए जाल बिछाया था। जब रंगदार, व्यापारी की दुकान पर उससे पांच लाख की वसूली करने आए, तब पुलिस की टीम ने उन्हें रंगे हाथ पकड़ लिया। p","प्रयागराज में हिंसा के आरो​प में पकड़े गए उपद्रवियों का वीडियो नहीं है,दावा फर्जी….",,REF,REF,REF,False,no_flip,,,False,
109,CA_CHAR_05_HomoglyphPerturbation,अधिक वजन का जोखिम केवल आहार से निर्धारित होता है।,डब्ल्यूएचओ नियमित शारीरिक गतिविधि को अधिक वजन और मोटापे के जोखिम को कम करने के उपायों में शामिल करता है।,अधिक वज़न का जोखिम केवल आहार से निर्धारित होता है।,,REF,REF,REF,False,no_flip,,,False,
110,CA_CHAR_05_HomoglyphPerturbation,मुस्लिम शख्स के पुलिस को धमकाने के दावे से वायरल यह वीडियो स्क्रिप्टेड है।,"विश्वास न्यूज़ के अनुसार, पुलिसकर्मी से बदतमीजी करने के दावे से वायरल मुस्लिम टोपी पहने शख्स का वीडियो असली घटना का नहीं, बल्कि स्क्रिप्टेड है, जिसे कलाकारों ने मिलकर बनाया है।",मुस्लिम शख्स के पुलिस को धमकाने के दावे से वायरल यह वीडियो स्क्रिप्टेड है​।,,SUP,SUP,SUP,False,no_flip,,,False,
111,CA_CHAR_05_HomoglyphPerturbation,मिथक बनाम वास्तविकता रजिस्टर केवल चुनाव परिणाम घोषित होने के बाद शुरू किया गया था।,पीआईबी की विज्ञप्ति में रजिस्टर को जारी आम चुनाव 2024 के दौरान 2 अप्रैल 2024 को शुरू किया गया बताया गया है।,मिथक बनाम वास्तवि​कता रजिस्टर केवल चुनाव परिणाम घोषित होने के बाद शुरू किया गया था।,,REF,REF,REF,False,no_flip,,,False,
112,CA_CHAR_05_HomoglyphPerturbation,आयुष्मान भारत-प्रधानमंत्री जन आरोग्य योजना 2018 में शुरू की गई थी।,पीआईबी की हिंदी पृष्ठभूमि सामग्री में सरकार द्वारा वर्ष 2018 में एबी-पीएमजेएवाई शुरू करने की जानकारी दी गई है।,आयुष्मान भारत-प्रधानमंत्री जन आरोग्य योजना 2018 मे​ं शुरू की गई थी।,,SUP,SUP,SUP,False,no_flip,,,False,
113,CA_CHAR_05_HomoglyphPerturbation,गिरिडीह पुलिस ने बिराजपुर जंगल से दो साइबर अपराधियों को गिरफ्तार किया।,पुलिस ने दो आरोपियों को गिरफ्तार कर आठ मोबाइल और सात सिम कार्ड बरामद किए।,गिरिडीह पुलिस ने बिराजपुर जंगल से दो सा​इबर अपराधियों को गिरफ्तार किया।,,SUP,NEI,NEI,False,baseline_failure,,,False,
114,CA_CHAR_05_HomoglyphPerturbation,दीनदयाल अंत्योदय योजना-राष्ट्रीय ग्रामीण आजीविका मिशन के अंतर्गत 1.49 लाख बैंकिंग कॉरस्पोंडेंट सखी का उल्लेख है।,पीआईबी की हिंदी सामग्री में डीएवाई-एनआरएलएम के तहत 1.49 लाख बीसी सखी होने की जानकारी दी गई है।,दीनदयाल अंत्योदय योजना-राष्ट्रीय ग्रा​मीण आजीविका मिशन के अंतर्गत 1.49 लाख बैंकिंग कॉरस्पोंडेंट सखी का उल्लेख है।,,SUP,SUP,SUP,False,no_flip,,,False,
115,CA_CHAR_05_HomoglyphPerturbation,आर्थिक समीक्षा 2020-21 ने राष्ट्रीय स्वास्थ्य मिशन को आयुष्मान भारत के साथ सामंजस्य में जारी रखने की सिफारिश की।,वित्त मंत्रालय की विज्ञप्ति में एनएचएम को आयुष्मान भारत योजना के साथ सामंजस्य में जारी रखने की सिफारिश दर्ज है।,आर्थिक समीक्षा 2020-21 ने राष्ट्रीय स्वास्थ्य मिशन को आयुष्मान भारत के सा​थ सामंजस्य में जारी रखने की सिफारिश की।,,SUP,SUP,SUP,False,no_flip,,,False,
116,CA_CHAR_05_HomoglyphPerturbation,बालकृष्ण ने ए.आर. रहमान पर वायरल बयान दिया था।,विश्वास न्यूज़ के अनुसार बयान से छेड़छाड़ की गई थी।,बालकृष्ण ने ए.आर. रहमान पर वायरल बयान दिया था​।,,REF,NEI,NEI,True,flip,5,True,False,
117,CA_CHAR_05_HomoglyphPerturbation,अक्षय कुमार ने आकांक्षा दुबे की मौत के मामले में आरोपी समर सिंह को फांसी देने की मांग करते हुए यह वीडियो जारी किया था।,वीडियो के मूल संस्करण की जांच से पता चला कि यह 2017 में बेंगलुरु में महिलाओं के साथ हुई छेड़छाड़ की घटना पर अभिनेता की प्रतिक्रिया थी। बाद में इसे संपादित कर आकांक्षा दुबे मामले से जोड़कर प्रसारित किया गया।,अक्षय कुमार ने आकांक्षा दुबे की मौ​त के मामले में आरोपी समर सिंह को फांसी देने की मांग करते हुए यह वीडियो जारी किया था।,,REF,,,False,unusable_verdict,,,False,
118,CA_CHAR_05_HomoglyphPerturbation,जल शक्ति मंत्रालय ने 21 जनवरी 2026 को सुजल ग्राम संवाद का तीसरा संस्करण आयोजित किया।,पीआईबी विज्ञप्ति में पेयजल एवं स्वच्छता विभाग द्वारा 21 जनवरी 2026 को सुजल ग्राम संवाद का तीसरा संस्करण आयोजित करने का उल्लेख है।,जल शक्ति मंत्रालय ने 21 जनवरी 2026 को सुजल ग्राम संवाद का​ तीसरा संस्करण आयोजित किया।,,SUP,,,False,unusable_verdict,,,False,
119,CA_CHAR_05_HomoglyphPerturbation,जामताड़ा पुलिस ने बैंक अधिकारी बनकर साइबर ठगी करने वाले एक आरोपी को गिरफ्तार किया।,"पुलिस ने आरोपी के पास से 4.04 लाख रुपये नकद, मोबाइल फोन, सिम कार्ड और अन्य सामान बरामद किया।",जामताड़ा पुलिस ने बैंक अधि​कारी बनकर साइबर ठगी करने वाले एक आरोपी को गिरफ्तार किया।,,SUP,,,False,baseline_failure,,,False,
120,CA_CHAR_05_HomoglyphPerturbation,"एक कंट्रोल यूनिट की वर्तमान लागत 9,812 रुपये बताई गई है।","निर्वाचन आयोग के FAQ में कंट्रोल यूनिट की वर्तमान लागत 9,812 रुपये बताई गई है।","एक कंट्रोल यूनिट की वर्तमान ला​गत 9,812 रुपये बताई गई है।",,SUP,SUP,SUP,False,no_flip,,,False,
121,CA_CHAR_05_HomoglyphPerturbation,विटामिन सी शरीर में आयरन के अवशोषण को घटाता है।,डब्ल्यूएचओ के अनुसार विटामिन सी से भरपूर खाद्य पदार्थ शरीर में आयरन के अवशोषण में मदद करते हैं।,विटामिन सी शरीर मे​ं आयरन के अवशोषण को घटाता है।,,REF,REF,REF,False,no_flip,,,False,
122,CA_CHAR_05_HomoglyphPerturbation,लेख में प्रशिक्षण पूरा करने वाले आपदा मित्रों को स्थायी सरकारी नौकरी देने की घोषणा का उल्लेख है।,लेख में स्थायी सरकारी नौकरी देने की किसी घोषणा का उल्लेख नहीं है।,लेख में प्रशिक्षण पूरा करने वाळे आपदा मित्रों को स्थायी सरकारी नौकरी देने की घोषणा का उल्लेख है।,,NEI,REF,REF,False,baseline_failure,,,False,
123,CA_CHAR_05_HomoglyphPerturbation,अक्षय कुमार को मुंबई एयरपोर्ट पर भगवा कुर्ता पहनने की वजह से सुरक्षाकर्मियों ने रोक लिया।,द लल्लनटॉप की खबर में एयरपोर्ट पर अक्षय के पब्लिक अपीयरेंस और पैपराजी से बातचीत का वर्णन है। सुरक्षा रोक या कपड़ों को लेकर किसी विवाद का उल्लेख नहीं किया गया।,अक्षय कुमार को मु​ंबई एयरपोर्ट पर भगवा कुर्ता पहनने की वजह से सुरक्षाकर्मियों ने रोक लिया।,,REF,REF,REF,False,no_flip,,,False,
124,CA_CHAR_05_HomoglyphPerturbation,कानपुर में एक मुस्लिम महिला के साथ छेड़छाड़ का वीडियो फर्जी सांप्रदायिक एंगल से वायरल…,"एक आदमी का कॉलर पकड़ कर थप्पड़ बरसाती महिला का वीडियो सोशल मीडिया पर तेजी से वायरल हो रहा है। वीडियो में दिखाई दे रहा है कि मार खाते हुए ये आदमी बार-बार बुर्का पहनी इस महिला से माफी मांगता है और कहता है कि वो दोबारा ये गलती नहीं दोहराएगा। वायरल वीडियो को सांप्रदायक रूप देकर दावा किया जा रहा है कि कानपुर में एक हिन्दू आदमी ने एक मुस्लिम महिला के साथ छेड़छाड़ की, जिसके बाद महिला ने उसे सबक सिखाया। वायरल वीडियो के साथ यूजर ने लिखा है- बुर्क़ा दिखा नहीं की नफरती अंधभक्त में आशाराम वाला DNA जाग गया, ख़ैर वो बहन भी जागी हुई थी तो सही से इनाम दे दिया हरकत का! फेसबुक।आर्काइव अनुसंधान से पता चलता है कि… पड़ताल की शुरुआत में हमने वायरल वीडियो के कुछ तस्वीरों का रिवर्स इमेज सर्च किया। परिणाम में वायरल वीडियो की खबर हमेंएबीपी न्यूज़की वेबसाइट पर मिली । 26 फरवरी 2025 को प्रकाशित इस खबर के अनुसार यह मामला कानपुर के बेकनगंज का है, जहां महिला ने छेड़खानी कर रहे युवक की सरेआम पिटाई की। पुलिस आयुक्त अभिषेक कुमार राहुल के हवाले से बताया गया कि पकड़े गए युवक का नाम अदनान है। अदनान मानसिक रूप से बीमार चल रहा है। अगर पीड़िता की ओर से लिखित में शिकायत की जाती है तो मामले पर विधिक कार्रवाई की जाएगी। मिली जानकारी की मदद लेते हुए आगे सर्च करने पर हमेंदैनिक भास्करकी रिपोर्ट मिली। जिसमें आरोपी युवक का नाम अदनान ही बताया गया है। वहींदैनिक जागरणकी रिपोर्ट में थाना प्रभारी मतीन खान ने बताया है कि आरोपी अदनान अहमद युवक बजरिया के हाजी अमीन का हाता निवासी है। पुलिस ने उसे हिरासत में लिया था इस दौरान उसने पुलिस से भी अभद्रता की थी। सर्च में हमें एक एक्स यूजर की पोस्ट भी मिली, जिसने इसी वीडियो को शेयर किया था। इस पोस्ट परकानपुर नगर पुलिस कमिश्नरेटने रिप्लाई करते हुए लिखा है, “प्रकरण दिनांक 25.02.2025 का है, स्थानीय पुलिस के द्वारा संज्ञान लिया गया। वीडियो में दिख रहे व्यक्ति का नाम अदनान पुत्र स्व0 अब्दुल माबूद नि0 थाना बजरिया ज्ञात हुआ है, आरोपी के परिजनों से बात की गई जिनके द्वारा बताया गया कि अदनान की मानसिक स्थिति सामान्य नहीं है, उपचार चल रहा है। आरोपी की तलाश की जा रही है। पीड़िता से तहरीर प्राप्त कर, जाँच एवं आवश्यक कार्यवाही की जाएगी।” प्रकरण दिनांक 25.02.2025 का है, स्थानीय पुलिस के द्",कानपुर मे​ं एक मुस्लिम महिला के साथ छेड़छाड़ का वीडियो फर्जी सांप्रदायिक एंगल से वायरल…,,REF,REF,REF,False,no_flip,,,False,
125,CA_CHAR_05_HomoglyphPerturbation,नवाजुद्दीन सिद्दीकी ने 'सेक्रेड गेम्स 3' की रिलीज डेट 15 अगस्त 2025 घोषित की है।,"Newschecker Hindi की पड़ताल में 'सेक्रेड गेम्स 3' की तारीख वाले वायरल पोस्टों का जिक्र किया गया, लेकिन नेटफ्लिक्स या नवाजुद्दीन सिद्दीकी की ओर से कोई आधिकारिक रिलीज डेट नहीं मिली। रिपोर्ट ने वायरल सूचना को पुष्ट खबर नहीं माना।",नवाजुद्दीन सिद्दीकी ने 'सेक्रेड गेम्स 3' की​ रिलीज डेट 15 अगस्त 2025 घोषित की है।,,NEI,REF,REF,False,baseline_failure,,,False,
126,CA_CHAR_05_HomoglyphPerturbation,इस क्षेत्र में एहतियाती कदम उठाना आवश्यक बताया गया है।,लेख में जोखिम कम करने के लिए एहतियाती उपायों की आवश्यकता बताई गई है।,इस क्षे​त्र में एहतियाती कदम उठाना आवश्यक बताया गया है।,,SUP,SUP,SUP,False,no_flip,,,False,
127,CA_CHAR_05_HomoglyphPerturbation,सुविधा ऑनलाइन नामांकन पोर्टल पर उम्मीदवार केवल चुनाव कार्यक्रम देख सकते थे; वे नामांकन फॉर्म या सुरक्षा राशि से संबंधित काम नहीं कर सकते थे।,"पीआईबी की विज्ञप्ति में सुविधा पोर्टल पर खाता बनाने, नामांकन फॉर्म भरने, सुरक्षा राशि जमा करने और समय-खंड देखने की सुविधा बताई गई है।",सुविधा ऑनलाइन नामांकन पोर्टल पर उम्मीदवार केवल चुनाव कार्यक्रम देख सकते थे; वे नामांकन फॉर्म या सुरक्षा राशि से संबंधित काम नहीं कर सकते​ थे।,,REF,REF,REF,False,no_flip,,,False,
128,CA_CHAR_05_HomoglyphPerturbation,सिफलिस एक यौन संचारित संक्रमण है जिसे एंटीबायोटिक दवाओं के सही उपयोग से पूरी तरह ठीक किया जा सकता है।,"रोग नियंत्रण एवं रोकथाम केंद्र के अनुसार सिफलिस को स्वास्थ्य सेवा प्रदाता द्वारा दी गई सही एंटीबायोटिक दवाओं से पूरी तरह से ठीक किया जा सकता है, बशर्ते इलाज समय पर शुरू किया जाए।",सिफलिस एक यौन संचारित संक्रमण है जिसे​ एंटीबायोटिक दवाओं के सही उपयोग से पूरी तरह ठीक किया जा सकता है।,,SUP,SUP,SUP,False,no_flip,,,False,
129,CA_CHAR_05_HomoglyphPerturbation,गुजरात विधानसभा का कार्यकाल 19 फरवरी 2018 से 18 फरवरी 2023 तक था।,पीआईबी की विज्ञप्ति में गुजरात विधानसभा की अवधि 19 फरवरी 2018 से 18 फरवरी 2023 बताई गई है।,गुजरात वि​धानसभा का कार्यकाल 19 फरवरी 2018 से 18 फरवरी 2023 तक था।,,SUP,SUP,SUP,False,no_flip,,,False,
130,CA_CHAR_05_HomoglyphPerturbation,"भारत-बांग्लादेश सीमा का नहीं है सुरक्षाबलों का यह वायरल वीडियो, नेपाल में हुए मॉक ड्रिल का है।","नेपाल में चुनाव से पहले हुए मॉक ड्रिल का वीडियो भारत-बांग्लादेश सीमा पर भारतीय सुरक्षाबलों की तैनाती के भ्रामक दावे से वायरल। पश्चिम बंगाल में भारतीय जनता पार्टी के सत्ता में आने के बाद बांग्लादेश के साथ अपनी सीमा पर अवैध प्रवासियों के खिलाफ़ कार्रवाई तेज़ कर दी है। इसी संदर्भ से जोड़ते हुए सोशल मीडिया पर एक वीडियो वायरल किया जा रहा है, जिसमें एक खेत में सैनिकों द्वारा भीड़ पर हथियार तानने हुए दिखाया गया है। यूज़र्स द्वारा वीडियो शेयर करते हुए दावा किया जा रहा है कि पश्चिम बंगाल और बांग्लादेश सीमा पर बीएसएफ एक्शन मोड में नजर आ रही है। वीडियो को इस कैप्शन के साथ शेयर किया जा रहा है… समझमेंआयाकीसीमापरवाडबंदीअभीतकक्योंनहींहुईक्याखेलथाइसकेपीछे बांग्लादेशसीमापरजोलोगबाड़बंदीकेकाममेंजिहादीबाधाडालनेकीकोशिशकररहेथे,फिरBSFकेजवानोंनेबोलापीछेहटजाओवरनापहलीगोलीघुटनेकेनीचेलगेगी।दूसरीगोलीसीनाचीरदेगी फेसबुक पोस्ट।आर्काइव लिंक अनुसंधानसेपताचलताहैकि… हमने जांच की शुरुआत में वायरल वीडियो से फ्रेम लेकर उसे गूगल रिवर्स इमेज पर सर्च किया। परिणाम में हमेंatv newsके फेसबुक अकाउंट पर वायरल वीडियो देखने को मिला। यहां पर वीडियो को 11 फरवरी 2026 को साझा किया गया है। वीडियो के साथ लिखे कैप्शन में नेपाल हैशटैग दिखता है। साथ ही पता कि नेपाल में चुनाव को निष्पक्ष तरीके से संपन्न कराने के लिए सुरक्षा एजेंसियों द्वारा अभ्यास किया गया। फिर हमें यहीं वीडियो फरवरी 2026 में नेपाल के अन्य मीडिया संस्थानोंराष्ट्र प्रेस मीडियाऔररातो पानाके फेसबुक अकाउंट्स पर भी अपलोड किया हुआ मिला। वीडियो को लेकर यही जानकारी दी गई कि नेपाली सेना द्वारा आगामी प्रतिनिधि सभा चुनावों की सुरक्षा व्यवस्था को लेकर रिहर्सल किया गया। आगे जांच करने पर हमें नेपाल के तनहु जिला पुलिस कार्यालय केआधिकारिक फेसबुक पेजपर 9 फरवरी 2026 को साझा की गई एक पोस्ट में वायरल फुटेज से मेल खाने वाली तस्वीरें मिलीं। यहां पोस्ट के साथ कैप्शन में लिखा था, “आगामी प्रतिनिधि सभा चुनाव स्वतंत्र, निष्पक्ष और भयमुक्त वातावरण में संपन्न कराने के लिए 26 माघ 2082 को तनहु जिले के व्यास नगर पालिका के वार्ड संख्या 5 स्थित पाटन खेल मैदान में संयुक्त मॉक वोटिंग अभ्यास आयोजित किया गया। यह अभ्यास जिला प्रशासन कार्यालय, जिला चुनाव कार्यालय, जिला पुलिस कार्यालय, नेपाली सेन","भारत-बांग्लादेश सीमा का​ नहीं है सुरक्षाबलों का यह वायरल वीडियो, नेपाल में हुए मॉक ड्रिल का है।",,REF,SUP,SUP,False,baseline_failure,,,False,
131,CA_CHAR_05_HomoglyphPerturbation,उत्तर प्रदेश में जुलाई 2026 का निःशुल्क राशन वितरण 6 जुलाई से 20 जुलाई तक निर्धारित था।,एनडीटीवी इंडिया की हिंदी रिपोर्ट में एनएफएसए के तहत जुलाई 2026 का मुफ्त राशन 6 से 20 जुलाई तक वितरित होने की जानकारी है।,उत्तर प्रदेश में जुलाई 2026 का​ निःशुल्क राशन वितरण 6 जुलाई से 20 जुलाई तक निर्धारित था।,,SUP,SUP,SUP,False,no_flip,,,False,
132,CA_CHAR_05_HomoglyphPerturbation,ईवीएम का हर परिवहन असुरक्षित तरीके से किया जाता है।,निर्वाचन आयोग के अनुसार ईवीएम हमेशा विस्तृत सुरक्षा उपायों के साथ सुरक्षित तरीके से परिवहन की जाती हैं।,ईवीएम का हर परि​वहन असुरक्षित तरीके से किया जाता है।,,REF,REF,REF,False,no_flip,,,False,
133,CA_CHAR_05_HomoglyphPerturbation,प्रधानमंत्री अन्नदाता आय संरक्षण अभियान को 2025-26 तक जारी रखने की मंजूरी दी गई।,डीडी न्यूज हिंदी के अनुसार मंत्रिमंडल ने पीएम-आशा योजनाओं को 2025-26 तक जारी रखने की मंजूरी दी।,प्रधानमंत्री अन्नदाता आय संरक्षण अभियान को 2025-26 तक जारी रखने की मंजूरी दी ग़ई।,,SUP,REF,REF,True,flip,5,True,False,
134,CA_CHAR_05_HomoglyphPerturbation,तमिलनाडु में NDRF की केवल 2 टीमें तैनात की गई थीं।,"लेख में 28 टीमों की तैनाती का उल्लेख है, 2 टीमों का नहीं।",तमिलनाडु में NDRF की केवल 2 टीमें तैनात की​ गई थीं।,,REF,REF,REF,False,no_flip,,,False,
135,CA_CHAR_05_HomoglyphPerturbation,50 वर्ष और उससे अधिक आयु के वयस्कों को शिंगल्स को रोकने के लिए रिकॉम्बिनेंट ज़ोस्टर वैक्सीन (आरजेडवी) लगवानी चाहिए।,सीडीसी 50 वर्ष और उससे अधिक आयु के वयस्कों को शिंगल्स और उससे जुड़ी जटिलताओं की रोकथाम के लिए रिकॉम्बिनेंट ज़ोस्टर वैक्सीन (एसएचआईएनजीआरआईएक्स/आरजेडवी) की 2 खुराकें लेने की सिफारिश करता है।,50 वर्ष और उससे अधिक आयु के वयस्को​ं को शिंगल्स को रोकने के लिए रिकॉम्बिनेंट ज़ोस्टर वैक्सीन (आरजेडवी) लगवानी चाहिए।,,SUP,SUP,SUP,False,no_flip,,,False,
136,CA_CHAR_05_HomoglyphPerturbation,प्रधानमंत्री आवास योजना-ग्रामीण का उद्देश्य 2029 तक 4.95 करोड़ पात्र ग्रामीण परिवारों को बुनियादी सुविधाओं वाले घर देना है।,पीआईबी की हिंदी पृष्ठभूमि सामग्री में पीएमएवाई-जी के तहत 2029 तक 4.95 करोड़ पात्र ग्रामीण परिवारों को बुनियादी सुविधाओं वाले पक्के घर उपलब्ध कराने का लक्ष्य है।,प्रधानमंत्री आवास यो​जना-ग्रामीण का उद्देश्य 2029 तक 4.95 करोड़ पात्र ग्रामीण परिवारों को बुनियादी सुविधाओं वाले घर देना है।,,SUP,SUP,SUP,False,no_flip,,,False,
137,CA_CHAR_05_HomoglyphPerturbation,वायरल तस्वीर में कंगना रनौत गैंगस्टर अबू सलेम के साथ दिखाई दे रही थीं।,BOOM की जांच में स्पष्ट हुआ कि तस्वीर में दिखाई देने वाला व्यक्ति अबू सलेम नहीं था और दावा भ्रामक था।,वायरल तस्वीर मे​ं कंगना रनौत गैंगस्टर अबू सलेम के साथ दिखाई दे रही थीं।,,REF,REF,REF,False,no_flip,,,False,
138,CA_CHAR_05_HomoglyphPerturbation,नीरज चोपड़ा की ओलंपिक जीत पर केवल कंगना रनौत और अक्षय कुमार ने ही उन्हें बधाई दी थी।,जांच में पाया गया कि कई बॉलीवुड कलाकारों ने नीरज चोपड़ा को बधाई दी थी। इसलिए वायरल दावा सही नहीं था।,नीरज चोपड़ा की ओलंपिक जीत पर केवल कंगना रनौत और अक्षय कुमार ने ही उन्हें बधाई दी थी​।,,SUP,REF,REF,False,baseline_failure,,,False,
139,CA_CHAR_05_HomoglyphPerturbation,एनीमिया वाले हर बच्चे को स्कूल से एक महीने की छुट्टी लेनी चाहिए।,"डब्ल्यूएचओ बच्चों में एनीमिया के स्वास्थ्य प्रभाव बताता है, लेकिन एक महीने की स्कूल छुट्टी का सार्वभौमिक निर्देश नहीं देता।",एनीमिया वाले हर बच्चे को स्कू​ल से एक महीने की छुट्टी लेनी चाहिए।,,NEI,REF,REF,False,baseline_failure,,,False,
140,CA_CHAR_05_HomoglyphPerturbation,धूम्रपान सीओपीडी का एक प्रमुख जोखिम कारक है।,डब्ल्यूएचओ तंबाकू धूम्रपान को सीओपीडी का प्रमुख कारण/जोखिम कारक बताता है।,धूम्रपान सी​ओपीडी का एक प्रमुख जोखिम कारक है।,,SUP,SUP,SUP,False,no_flip,,,False,
141,CA_CHAR_05_HomoglyphPerturbation,मंजू देवी अपने घर में रखा आठ तोला सोना वहीं छोड़कर निकल गईं।,लेख में आठ तोला सोना घर में छूट जाने की बात कही गई है।,मंज़ू देवी अपने घर में रखा आठ तोला सोना वहीं छोड़कर निकल गईं।,,SUP,SUP,SUP,False,no_flip,,,False,
142,CA_CHAR_05_HomoglyphPerturbation,लेख में कार्यशाला के दौरान विद्यार्थियों के लिए राज्य स्तरीय आपदा प्रबंधन प्रतियोगिता आयोजित करने की घोषणा का उल्लेख है।,लेख में ऐसी किसी प्रतियोगिता या घोषणा का उल्लेख नहीं है।,लेख में कार्यशाला के दौरान विद्यार्थियों के​ लिए राज्य स्तरीय आपदा प्रबंधन प्रतियोगिता आयोजित करने की घोषणा का उल्लेख है।,,NEI,REF,REF,False,baseline_failure,,,False,
143,CA_CHAR_05_HomoglyphPerturbation,कटनी जिले के रीठी क्षेत्र में ट्रेन छूटने के बाद एक महिला से हुए सामूहिक दुष्कर्म मामले के मुख्य आरोपी ऑटो चालक दिनेश चौधरी को पुलिस ने गिरफ्तार किया।,"पूछताछ और तकनीकी जांच के आधार पर पुलिस ने आरोपी की पहचान की और घटना में इस्तेमाल ऑटो को भी जब्त कर लिया, जबकि दूसरे आरोपी की तलाश जारी है।",कटनी जिले के रीठी क्षेत्र में ट्रेन छू​टने के बाद एक महिला से हुए सामूहिक दुष्कर्म मामले के मुख्य आरोपी ऑटो चालक दिनेश चौधरी को पुलिस ने गिरफ्तार किया।,,SUP,NEI,NEI,True,flip,5,True,False,
144,CA_CHAR_05_HomoglyphPerturbation,बैक्टीरियल मेनिनजाइटिस से बचने वालों में लंबे समय तक सुनने की हानि हो सकती है।,डब्ल्यूएचओ के अनुसार बैक्टीरियल मेनिनजाइटिस से बचने वाले कुछ लोगों में सुनने की हानि सहित दीर्घकालिक प्रभाव हो सकते हैं।,बै​क्टीरियल मेनिनजाइटिस से बचने वालों में लंबे समय तक सुनने की हानि हो सकती है।,,SUP,SUP,SUP,False,no_flip,,,False,
145,CA_CHAR_05_HomoglyphPerturbation,शिशुओं में सडन इन्फेंट डेथ सिंड्रोम (एसआईडीएस) के जोखिम को रोकने के लिए नवजात बच्चों को हमेशा उनके पेट के बल (पेट के बल) सुलाना चाहिए।,सीडीसी (सीडीसी) की सख्त सिफारिश है कि एसआईडीएस (एसआईडीएस) के जोखिम को कम करने के लिए शिशुओं को सोने के समय हमेशा उनकी पीठ के बल सुलाया जाना चाहिए।,शिशुओं में सडन इन्फेंट डेथ सिंड्रोम (एसआईडीएस) के जोखिम को रोकने के लिए नवजात बच्चों को हमेशा उनके पेट के बल (पेट के बल) सुळाना चाहिए।,,REF,REF,REF,False,no_flip,,,False,
146,CA_CHAR_05_HomoglyphPerturbation,"उत्तर प्रदेश के एटा में पुलिस मुठभेड़ में एक शातिर बदमाश सौरभ उर्फ छोटू पैर में गोली लगने से घायल होकर गिरफ्तार हुआ, जिसके पास से अवैध तमंचा और चोरी की बाइक बरामद हुई।","तलाशी में आरोपी के पास से एक अवैध 315 बोर तमंचा, जिंदा व खोखा कारतूस, चोरी की मोटरसाइकिल, लूटे गए दो मोबाइल फोन तथा 4,500 रुपये नकद बरामद किए गए।","उत्तर प्रदेश के एटा में पुलिस मुठभेड़ में एक शातिर बदमाश सौरभ उर्फ छोटू पैर में गोली लगने से घायल होकर गिरफ्तार हु​आ, जिसके पास से अवैध तमंचा और चोरी की बाइक बरामद हुई।",,SUP,SUP,SUP,False,no_flip,,,False,
147,CA_CHAR_05_HomoglyphPerturbation,अवसाद की पहचान केवल एक रक्त परीक्षण से की जा सकती है।,"डब्ल्यूएचओ अवसाद के लक्षण और उपचार बताता है, लेकिन केवल एक रक्त परीक्षण को सार्वभौमिक निदान विधि नहीं बताता।",अवसाद की पहचा​न केवल एक रक्त परीक्षण से की जा सकती है।,,NEI,REF,REF,False,baseline_failure,,,False,
148,CA_CHAR_05_HomoglyphPerturbation,मार्च 2026 में जल जीवन मिशन 2.0 को दिसंबर 2028 तक बढ़ाया गया।,पीआईबी की हिंदी विज्ञप्ति में मार्च 2026 में जेजेएम 2.0 के तहत मिशन को दिसंबर 2028 तक बढ़ाने की जानकारी दी गई है।,मार्च 2026 मे​ं जल जीवन मिशन 2.0 को दिसंबर 2028 तक बढ़ाया गया।,,SUP,SUP,SUP,False,no_flip,,,False,
149,CA_CHAR_05_HomoglyphPerturbation,बिहार चुनाव 2025 में आदर्श आचार संहिता के प्रावधान सोशल मीडिया सहित इंटरनेट पर उम्मीदवारों और राजनीतिक दलों द्वारा पोस्ट की जाने वाली सामग्री पर लागू नहीं थे।,पीआईबी की विज्ञप्ति में साफ कहा गया है कि ये प्रावधान उम्मीदवारों और राजनीतिक दलों द्वारा सोशल मीडिया सहित इंटरनेट पर पोस्ट की जाने वाली सामग्री पर भी लागू होंगे।,बिहार चु​नाव 2025 में आदर्श आचार संहिता के प्रावधान सोशल मीडिया सहित इंटरनेट पर उम्मीदवारों और राजनीतिक दलों द्वारा पोस्ट की जाने वाली सामग्री पर लागू नहीं थे।,,REF,REF,REF,False,no_flip,,,False,
150,CA_CHAR_05_HomoglyphPerturbation,कर्नाटक दौरे के दौरान अंतर्राष्ट्रीय प्रतिनिधियों ने मॉक पोल का अवलोकन किया था।,पीआईबी के अनुसार बेलगाम में आए प्रतिनिधियों ने मतदान केंद्र के भीतर मॉक पोल का अवलोकन किया।,कर्नाटक दौरे के​ दौरान अंतर्राष्ट्रीय प्रतिनिधियों ने मॉक पोल का अवलोकन किया था।,,SUP,SUP,SUP,False,no_flip,,,False,
151,CA_CHAR_05_HomoglyphPerturbation,डिजिटल कृषि मिशन के अंतर्गत 23.5 करोड़ फसल भूखंडों का सर्वेक्षण किया गया था।,पीआईबी हिंदी पृष्ठ के अनुसार डिजिटल कृषि मिशन के तहत 23.5 करोड़ फसल भूखंडों का सर्वेक्षण किया गया।,डिजिटल कृषि मिशन के अंतर्गत 23.5 करोड़ फसल भूखंड़ों का सर्वेक्षण किया गया था।,,SUP,SUP,SUP,False,no_flip,,,False,
152,CA_CHAR_05_HomoglyphPerturbation,निर्वाचन संचालन नियम 1961 की धारा 49एन के तहत दृष्टिबाधित मतदाता मतदान केंद्र पर मतदान के लिए एक सहयोगी को साथ ले जा सकता है।,पीआईबी की विज्ञप्ति में नियम 1961 की धारा 49एन के तहत दृष्टिबाधित मतदाता को मतदान केंद्र पर सहयोगी साथ लाने की अनुमति बताई गई है।,निर्वाचन संचालन नियम 1961 की धा​रा 49एन के तहत दृष्टिबाधित मतदाता मतदान केंद्र पर मतदान के लिए एक सहयोगी को साथ ले जा सकता है।,,SUP,SUP,SUP,False,no_flip,,,False,
153,CA_CHAR_05_HomoglyphPerturbation,लेख के अनुसार सभी 150 श्रमिकों को सुरक्षित बचा लिया गया था।,लेख में कहा गया है कि लगभग 150 लोगों से संपर्क नहीं हो पा रहा था और उनके मारे जाने की आशंका थी।,लेख के अनुसार सभी 150 श्रमिकों को सुरक्षित बचा लिया गया​ था।,,REF,REF,REF,False,no_flip,,,False,
154,CA_CHAR_05_HomoglyphPerturbation,ईवीएम में ‘इनमें से कोई नहीं’ (NOTA) विकल्प उपलब्ध है।,निर्वाचन आयोग के ईवीएम FAQ में ईवीएम की अधिकतम प्रत्याशी-क्षमता के साथ NOTA विकल्प का उल्लेख है।,ईवीएम मे​ं ‘इनमें से कोई नहीं’ (NOTA) विकल्प उपलब्ध है।,,SUP,SUP,SUP,False,no_flip,,,False,
155,CA_CHAR_05_HomoglyphPerturbation,सीओपीडी वाले हर रोगी को प्रतिदिन एक ही इनहेलर की समान खुराक दी जानी चाहिए।,"डब्ल्यूएचओ सीओपीडी के उपचार में इनहेल्ड दवाओं की चर्चा करता है, लेकिन सभी रोगियों के लिए एक ही दवा और समान खुराक का सार्वभौमिक नियम नहीं देता।",सी​ओपीडी वाले हर रोगी को प्रतिदिन एक ही इनहेलर की समान खुराक दी जानी चाहिए।,,NEI,REF,REF,False,baseline_failure,,,False,
156,CA_CHAR_05_HomoglyphPerturbation,राष्ट्रीय खाद्य सुरक्षा अधिनियम के तहत जुलाई 2026 में उत्तर प्रदेश में मुफ्त राशन वितरण निर्धारित था।,एनडीटीवी इंडिया की रिपोर्ट में उत्तर प्रदेश में एनएफएसए के अंतर्गत जुलाई 2026 का मुफ्त राशन वितरण होने की जानकारी है।,राष्ट्रीय ख़ाद्य सुरक्षा अधिनियम के तहत जुलाई 2026 में उत्तर प्रदेश में मुफ्त राशन वितरण निर्धारित था।,,SUP,SUP,SUP,False,no_flip,,,False,
157,CA_CHAR_05_HomoglyphPerturbation,लेख में राहुल गांधी द्वारा जोशीमठ पुनर्वास के लिए किसी निश्चित वित्तीय सहायता राशि की घोषणा का उल्लेख है।,लेख में किसी वित्तीय सहायता राशि या आर्थिक पैकेज की घोषणा का उल्लेख नहीं है।,लेख में राहुल गांधी द्वारा जोशीमठ पुनर्वास के लिए किसी निश्चित वित्तीय सहायता राशि की​ घोषणा का उल्लेख है।,,NEI,REF,REF,False,baseline_failure,,,False,
158,CA_CHAR_05_HomoglyphPerturbation,शारीरिक गतिविधि करने वाला कोई व्यक्ति कभी हृदय रोग विकसित नहीं कर सकता।,"डब्ल्यूएचओ नियमित गतिविधि से जोखिम घटने की बात करता है, लेकिन भविष्य में हृदय रोग का जोखिम पूर्णतः शून्य होने की गारंटी नहीं देता।",शारीरिक गति​विधि करने वाला कोई व्यक्ति कभी हृदय रोग विकसित नहीं कर सकता।,,NEI,,,False,baseline_failure,,,False,
159,CA_CHAR_05_HomoglyphPerturbation,लेख के अनुसार भारतीय नौसेना केवल बंगाल की खाड़ी में तैनात की गई है।,"लेख में जिबूती, अदन की खाड़ी, सोमालिया और अरब सागर में तैनाती का उल्लेख है।",लेख के अनुसार भारतीय नौसेना केवल बंग़ाल की खाड़ी में तैनात की गई है।,,REF,REF,REF,False,no_flip,,,False,
160,CA_CHAR_05_HomoglyphPerturbation,"लोकसभा चुनाव 2024 के सातवें चरण के लिए 57 संसदीय क्षेत्रों में 2,105 नामांकन पत्र दाखिल किए गए।","पीआईबी की हिंदी विज्ञप्ति में सातवें चरण के 57 संसदीय क्षेत्रों के लिए कुल 2,105 नामांकन पत्र बताए गए हैं।","लोकसभा चुनाव 2024 के सातवें चरण के ळिए 57 संसदीय क्षेत्रों में 2,105 नामांकन पत्र दाखिल किए गए।",,SUP,SUP,SUP,False,no_flip,,,False,
161,CA_CHAR_05_HomoglyphPerturbation,तीसरे चरण के बाद उम्मीदवारों या उनके अधिकृत मतदान एजेंटों की उपस्थिति में चुनाव पत्रों की जांच अगले दिन की जानी थी।,पीआईबी के अनुसार निर्धारित प्रक्रिया में मतदान के एक दिन बाद उम्मीदवारों अथवा अधिकृत मतदान एजेंटों की उपस्थिति में चुनाव पत्रों की जांच की जाती है।,तीसरे चरण के बाद उम्मीदवारों या उनके​ अधिकृत मतदान एजेंटों की उपस्थिति में चुनाव पत्रों की जांच अगले दिन की जानी थी।,,SUP,SUP,SUP,False,no_flip,,,False,
162,CA_CHAR_05_HomoglyphPerturbation,"लेख के अनुसार भूस्खलन रोकने के लिए पहाड़ियों पर केवल सीमेंट की दीवारें बनाई जाएंगी, तार का जाल नहीं लगाया जाएगा।",लेख में स्पष्ट रूप से लोहे के तार का जाल लगाने की बात कही गई है।,"लेख के अनुसार भूस्खलन रोकने के लिए पहाड़ियों पर केवल सीमेंट की दीवारें बना​ई जाएंगी, तार का जाल नहीं लगाया जाएगा।",,REF,REF,REF,False,no_flip,,,False,
163,CA_CHAR_05_HomoglyphPerturbation,"अस्थमा के लक्षणों में खांसी, घरघराहट, सांस फूलना और सीने में जकड़न शामिल हो सकते हैं।","विश्व स्वास्थ्य संगठन के अनुसार अस्थमा में खांसी, घरघराहट, सांस की तकलीफ और सीने में जकड़न हो सकती है।","अस्थमा के लक्षणों मे​ं खांसी, घरघराहट, सांस फूलना और सीने में जकड़न शामिल हो सकते हैं।",,SUP,SUP,SUP,False,no_flip,,,False,
164,CA_CHAR_05_HomoglyphPerturbation,एचपीवी वैक्सीन का उद्देश्य लड़कों और लड़कियों दोनों की सुरक्षा करना है।,सीडीसी (सीडीसी) 11 या 12 साल की उम्र के सभी किशोरों (लड़कों और लड़कियों दोनों) के लिए एचपीवी (एचपीवी) टीकाकरण की सिफारिश करता है ताकि उन्हें कैंसर से बचाया जा सके।,एचपीवी वैक्सीन का उद्देश्य लड़कों और लड़कियों दोनों की सुरक्षा करना​ है।,,SUP,SUP,SUP,False,no_flip,,,False,
165,CA_CHAR_05_HomoglyphPerturbation,एक महिला की पानी और मलबे में डूबने से मृत्यु हो गई।,लेख में एक महिला की मौत का स्पष्ट उल्लेख है।,एक महिळा की पानी और मलबे में डूबने से मृत्यु हो गई।,,SUP,NEI,NEI,False,baseline_failure,,,False,
166,CA_CHAR_05_HomoglyphPerturbation,अवैध संबंध के शक से पत्नी ने की पति की पीटाई; मामले का वीडियो “लव जिहाद” के गलत दावे के साथ वायरल,"कोह-ए-फ़िजा पुलिस ने फैक्ट क्रेसेंडो को बताया इस मामले के साथ ‘लव जिहाद’ को कोई संबंध नहीं। मामले से जुड़े सभी लोग एक ही समुदाय के है । अपने पती और उसकी प्रेमिका को चप्पल से पीट रहीं महिला का वीडियो काफ़ी वायरल हो रहा है। इस वीडियो के बारे में दावा किया जा रहा है कि दो पत्नियां होने के बावजूद यह आदमी एक हिन्दू लड़की के साथ शादी कर रहा था। इसके बारे में उसकी पत्नी को पता चला तो उसने ऐसी पीटाई कर दी। इस वीडियो को भोपाल का बता कर साझा किया जा रहा है। सोशल मीडिया पर वायरल हो रहे पोस्ट के कैप्शन में लिखा गया है कि“दो पत्नियां होने के बावजूद भी मुस्लिम युवक कर रहा था#लव_जिहाद। जैसे ही मुस्लिम युवक की पत्नियों को जानकारी मिली तो उन्होंने जिम में ही पिटाई कर दी ।”(शब्दशः) ट्वीट लिंक।आर्काइव लिंक।फेसबुक पोस्ट अनुसंधान से पता चलता है कि… कीवर्ड के माध्यम से गूगल पर ढूँढने से हमें इस वीडियो के बारे मेंदैनिक जागरणने प्रकाशित खबर में मिली। १८ अक्टूबर २०२१ को प्रकाशित इस खबर के अनुसार यह मामला मध्य प्रदेश के भोपाल से है जहाँ अपने पति के कथित अफैर के बारें में पता चलने पर उसकी पत्नी ने उसकी और दूसरी औरत की चप्पल से पीटाई की थी। यह घटना 15 अक्टूबर 2021 को के कोह-ए-फिज़ा इलाके की है। इसके बाद पति और पत्नी ने एक दुसरे के खिलाफ पुलिस में शिकायत दर्ज की थी। “एमपी ब्रेकिंग न्यूज” नामक एक न्यूज़ पोर्टल के खबर के अनुसार मामले से जुड़े पति-पत्नी के बीच दहेज एक्ट और तीन तलाक का केस चल रहा है । फैक्ट क्रेसेंडो ने कोह-ए-फ़िजा पुलिस थाना प्रभारी अनिल वाजपाई से बात की। उन्होंने बताया कि वायरल वीडियो में दिख रहे मामले में “लव जिहाद” या कोई भी सांप्रदायिक एंगल नहीं है । इस वीडियो को गलत तरीके से सोशल मीडिया पर फैलाया जा रहा है । “पति, पत्नी और प्रेमिका तीनों एक ही समुदाय से है और तीनों भी हिंदू नहीं। बता दे की, इस आदमी केवल एक ही शादी हुई है। उसकी दो पत्नियां होने की बात भी झूठ है। इस आदमी की कथित प्रेमिका शादीशुदा है और वह तलाक लेने वाली है। यह घटना केवल इतनी ही है कि पत्नी ने अपने पति के दुसरी महिला से संबंध रखने के शक के चलते पिटाई कर दी,” वाजपाई ने बताया। निष्कर्ष: तथ्यों की जाँच के पश्चात हमने उपरोक्त वीडियो के बारे में किए गए दावे कोगलतपाया है । सोशल मीडिया पर वायरल हो रहे वीडियो के साथ संप",अवैध संबंध के शक से पत्नी ने की पति की पीटाई; मामले का वीड़ियो “लव जिहाद” के गलत दावे के साथ वायरल,,REF,REF,REF,False,baseline_failure,,,False,
167,CA_CHAR_05_HomoglyphPerturbation,पांच वर्ष से कम उम्र के बच्चे मलेरिया से गंभीर बीमारी के अधिक जोखिम वाले समूहों में हैं।,"विश्व स्वास्थ्य संगठन के अनुसार छोटे बच्चे, विशेषकर पांच वर्ष से कम आयु वाले, गंभीर मलेरिया के अधिक जोखिम वाले समूहों में हैं।",पांच वर्ष से कम उम्र के​ बच्चे मलेरिया से गंभीर बीमारी के अधिक जोखिम वाले समूहों में हैं।,,SUP,SUP,SUP,False,no_flip,,,False,
168,CA_CHAR_05_HomoglyphPerturbation,गर्भावस्था के दौरान फ्लू का टीका भ्रूण के लिए खतरनाक माना जाता है।,विश्व स्वास्थ्य संगठन के अनुसार गर्भवती महिलाओं के लिए निष्क्रिय फ्लू वैक्सीन सुरक्षित है और गर्भावस्था के दौरान टीकाकरण की विशेष रूप से सिफारिश की जाती है।,गर्भावस्था के दौरान फ्लू का टीका भ्रूण के​ लिए खतरनाक माना जाता है।,,REF,REF,REF,False,no_flip,,,False,
169,CA_CHAR_05_HomoglyphPerturbation,बिहार के मोतिहारी जिले में रक्सौल भारत-नेपाल सीमा पर एसएसबी ने एक नाबालिग लड़की को मानव तस्करी से बचाया और एक आरोपी को गिरफ्तार किया।,"सिवान टोला बॉर्डर इलाके में संदेह के आधार पर एसएसबी जवानों ने युवक और लड़की को रोककर पूछताछ की, जिसमें पता चला कि आरोपी नाबालिग को बहला-फुसलाकर नेपाल ले जा रहा था।",बिहार के​ मोतिहारी जिले में रक्सौल भारत-नेपाल सीमा पर एसएसबी ने एक नाबालिग लड़की को मानव तस्करी से बचाया और एक आरोपी को गिरफ्तार किया।,,SUP,SUP,SUP,False,no_flip,,,False,
170,CA_CHAR_05_HomoglyphPerturbation,31 मार्च 2026 तक अटल पेंशन योजना में 8.96 करोड़ नामांकन हो चुके थे।,पीआईबी की हिंदी विज्ञप्ति में 31 मार्च 2026 तक अटल पेंशन योजना के 8.96 करोड़ नामांकन बताए गए हैं।,31 मार्च 2026 तक अटळ पेंशन योजना में 8.96 करोड़ नामांकन हो चुके थे।,,SUP,SUP,SUP,False,no_flip,,,False,
171,CA_CHAR_05_HomoglyphPerturbation,अक्षय कुमार ने तंबाकू ब्रांड से जुड़े विज्ञापन पर आलोचना के बाद माफी मांगी और फीस दान करने की बात कही।,"हिंदुस्तान की रिपोर्ट में अक्षय कुमार के सोशल मीडिया बयान का हवाला है, जिसमें उन्होंने फैंस से माफी मांगी। बयान में उन्होंने एंडोर्समेंट से पीछे हटने और रकम अच्छे काम में लगाने की बात कही थी।",अक्षय कुमार ने तंबाकू ब्रांड़ से जुड़े विज्ञापन पर आलोचना के बाद माफी मांगी और फीस दान करने की बात कही।,,SUP,SUP,SUP,False,no_flip,,,False,
172,CA_CHAR_05_HomoglyphPerturbation,विटामिन डी सप्लीमेंट फ्लू को रोकता है।,एनसीसीआईएच के अनुसार फ्लू के लिए विटामिन डी सहित पूरक उपायों पर पर्याप्त साक्ष्य नहीं हैं कि वे रोकथाम में सहायक हैं।,विटामिन डी सप्लीमेंट फ्लू को​ रोकता है।,,NEI,REF,REF,False,baseline_failure,,,False,
173,CA_CHAR_05_HomoglyphPerturbation,आईटीबीपी ने नैतिकता के आधार पर परिजनों की सहायता करने की बात कही।,लेख में नैतिकता के आधार पर सहायता देने का बयान है।,आईटीबीपी ने नैतिकता के आधार पर परिजनों की सहायता करने की बा​त कही।,,SUP,SUP,SUP,False,no_flip,,,False,
174,CA_CHAR_05_HomoglyphPerturbation,यदि पूरी दुनिया में एक साथ भूकंप आए तो पृथ्वी की घूर्णन गति (Rotation Speed) दोगुनी हो जाएगी।,लेख में पृथ्वी की घूर्णन गति में परिवर्तन का कोई उल्लेख नहीं है।,यदि पूरी​ दुनिया में एक साथ भूकंप आए तो पृथ्वी की घूर्णन गति (Rotation Speed) दोगुनी हो जाएगी।,,NEI,NEI,NEI,False,no_flip,,,False,
175,CA_CHAR_05_HomoglyphPerturbation,दिल्ली सरकार ने 18 से 20 जून 2026 तक जन कल्याण शिविर आयोजित किए।,एनडीटीवी इंडिया की हिंदी रिपोर्ट में दिल्ली के अलग-अलग इलाकों में 18 से 20 जून 2026 तक जन कल्याण शिविर आयोजित होने की जानकारी है।,दिल्ली सरकार ने​ 18 से 20 जून 2026 तक जन कल्याण शिविर आयोजित किए।,,SUP,SUP,SUP,False,no_flip,,,False,
176,CA_CHAR_05_HomoglyphPerturbation,केंद्र सरकार 'एक परिवार एक नौकरी' योजना के तहत हर परिवार के एक सदस्य को सरकारी नौकरी दे रही है।,वनइंडिया हिंदी की जांच और पीआईबी फैक्ट चेक के अनुसार केंद्र सरकार ऐसी कोई योजना नहीं चला रही है।,केंद्र सरकार 'एक परिवार एक नौकरी' योजना के​ तहत हर परिवार के एक सदस्य को सरकारी नौकरी दे रही है।,,REF,REF,REF,False,no_flip,,,False,
177,CA_CHAR_05_HomoglyphPerturbation,गोविंदा और करिश्मा कपूर की जोड़ी ने 90 के दशक में कई सुपरहिट फिल्में दीं।,"TV9 भारतवर्ष की खबर में इतना ही है कि गोविंदा और करिश्मा कपूर की जोड़ी ने 90 के दशक में कई सुपरहिट फिल्में दीं, लेकिन अचानक दोनों ने साथ काम करना बंद कर दिया था. शेष विवरण रिपोर्ट में नहीं है।",गोविंदा और करिश्मा कपूर की जोड़ी ने 90 के दशक में कई सु​परहिट फिल्में दीं।,,NEI,SUP,SUP,False,baseline_failure,,,False,
178,CA_CHAR_05_HomoglyphPerturbation,मतदाता सेवा पोर्टल पर फॉर्म 7 से मौजूदा मतदाता सूची से नाम हटाने का अनुरोध किया जा सकता है।,निर्वाचन आयोग के मतदाता सेवा पोर्टल पर फॉर्म 7 को मौजूदा मतदाता सूची से नाम हटाने के लिए बताया गया है।,मतदाता सेवा पोर्टळ पर फॉर्म 7 से मौजूदा मतदाता सूची से नाम हटाने का अनुरोध किया जा सकता है।,,SUP,SUP,SUP,False,no_flip,,,False,
179,CA_CHAR_05_HomoglyphPerturbation,पवन सिंह अपनी मां के लिए भावुक हुए।,"प्रभात खबर के मुताबिक, पवन सिंह 'भोजपुरी बवाल' में माँ के लिए भावुक हुए. उनकी निजी जिंदगी के अनजाने किस्से और इमोशनल पल जानने के लिए देखें.",पवन सिंह अपनी​ मां के लिए भावुक हुए।,,SUP,SUP,SUP,False,no_flip,,,False,
180,CA_CHAR_05_HomoglyphPerturbation,लोकसभा चुनाव 2024 के चौथे चरण में आंध्र प्रदेश के 25 संसदीय निर्वाचन क्षेत्रों में कुल मतदान 80.66 प्रतिशत था।,पीआईबी की हिंदी विज्ञप्ति की राज्यवार तालिका में चौथे चरण में आंध्र प्रदेश के 25 क्षेत्रों में कुल मतदान 80.66 प्रतिशत बताया गया है।,लोकसभा चुनाव 2024 के चौथे चरण में आंध्र प्रदेश के 25 संसदीय निर्वाचन क्षेत्रों में कुल मतदा​न 80.66 प्रतिशत था।,,SUP,SUP,SUP,False,no_flip,,,False,
181,CA_CHAR_05_HomoglyphPerturbation,लेख के अनुसार सिमोन बोलिवर अंतरराष्ट्रीय हवाई अड्डा पूरी तरह सुरक्षित रहा और उसे कोई नुकसान नहीं पहुंचा।,लेख में हवाई अड्डे के बुरी तरह क्षतिग्रस्त होने तथा केवल एक रनवे चालू रहने की जानकारी दी गई है।,लेख के अनुसार सि​मोन बोलिवर अंतरराष्ट्रीय हवाई अड्डा पूरी तरह सुरक्षित रहा और उसे कोई नुकसान नहीं पहुंचा।,,REF,REF,REF,False,no_flip,,,False,
182,CA_CHAR_05_HomoglyphPerturbation,18वीं लोकसभा की कार्यवाही 2 जुलाई 2024 को और राज्यसभा की कार्यवाही 3 जुलाई 2024 को अनिश्चितकाल के लिए स्थगित हुई।,पीआईबी की समीक्षा में लोकसभा की कार्यवाही 2 जुलाई और राज्यसभा की कार्यवाही 3 जुलाई 2024 को अनिश्चितकाल के लिए स्थगित होने का उल्लेख है।,18वीं लोकसभा की का​र्यवाही 2 जुलाई 2024 को और राज्यसभा की कार्यवाही 3 जुलाई 2024 को अनिश्चितकाल के लिए स्थगित हुई।,,SUP,SUP,SUP,False,no_flip,,,False,
183,CA_CHAR_05_HomoglyphPerturbation,प्रधानमंत्री मुद्रा योजना छोटे और सूक्ष्म कारोबारों के लिए लाई गई थी।,आज तक की हिंदी रिपोर्ट प्रधानमंत्री मुद्रा योजना को लघु और सूक्ष्म उद्योग से जुड़े लोगों के लिए शुरू की गई योजना बताती है।,प्रधानमंत्री मुद्रा योजना छोटे और सूक्ष्म कारोबारों के ळिए लाई गई थी।,,SUP,SUP,SUP,False,no_flip,,,False,
184,CA_CHAR_05_HomoglyphPerturbation,जेनिफर विंगेट की शादी की अटकलें फैलीं।,अमर उजाला की खबर में इतना ही है कि मीडिया रिपोर्ट्स के मुताबिक टीवी एक्ट्रेस जेनिफर विंगेट ने 16 जुलाई को अपने लंबे समय के पार्टनर विलियम इश्माएल से शादी। शेष विवरण रिपोर्ट में नहीं है।,जेनिफर वि​ंगेट की शादी की अटकलें फैलीं।,,NEI,REF,REF,False,baseline_failure,,,False,
185,CA_CHAR_05_HomoglyphPerturbation,सात घंटे से कम सोने वाले वयस्कों को अपर्याप्त नींद लेने वाला माना जाता है।,अमेरिकी रोग नियंत्रण एवं रोकथाम केंद्र के अनुसार प्रतिदिन सात घंटे से कम नींद की रिपोर्ट करने वाले वयस्कों को कम अवधि की या अपर्याप्त नींद लेने वाला माना जाता है।,सात घंटे से कम सोने वाले वयस्कों को अपर्या​प्त नींद लेने वाला माना जाता है।,,SUP,SUP,SUP,False,baseline_failure,,,False,
186,CA_CHAR_05_HomoglyphPerturbation,"राजपाल यादव ने जमानत के लिए सलमान खान को नहीं कहा शुक्रिया, वायरल वीडियो 8 साल पुराना।",विश्वास न्यूज़ की स्टोरी में लिखा है: सलमान खान की प्रशंसा करने वाले राजपाल यादव के वायरल वीडियो को लेकर किया जा रहा दावा गलत है।,"राजपाल यादव ने जमानत के लिए सलमान खान को नही​ं कहा शुक्रिया, वायरल वीडियो 8 साल पुराना।",,SUP,REF,REF,True,flip,5,True,False,
187,CA_CHAR_05_HomoglyphPerturbation,जामताड़ा साइबर थाना पुलिस ने दो साइबर आरोपियों को गिरफ्तार किया।,पुलिस ने सुरेश कुमार दास और दीपक कुमार दास को गिरफ्तार कर उनके पास से सात मोबाइल और सात सिम कार्ड बरामद किए।,जामताड़ा साइबर थाना​ पुलिस ने दो साइबर आरोपियों को गिरफ्तार किया।,,SUP,SUP,SUP,False,baseline_failure,,,False,
188,CA_CHAR_05_HomoglyphPerturbation,अपवर्तक त्रुटियां समय के साथ अपने आप ठीक हो जाती हैं।,डब्ल्यूएचओ अपवर्तक त्रुटियों को दृष्टि हानि के प्रमुख कारणों में शामिल करता है।,अपवर्तक त्रुटियां समय के​ साथ अपने आप ठीक हो जाती हैं।,,REF,REF,REF,False,baseline_failure,,,False,
189,CA_CHAR_05_HomoglyphPerturbation,मेथी स्तनपान कराने वाली महिलाओं में दूध की मात्रा निश्चित रूप से बढ़ाती है।,"एनसीसीआईएच के अनुसार मेथी से दूध की मात्रा बढ़ाने पर कुछ अध्ययन हुए हैं, लेकिन परिणाम मिश्रित हैं और निष्कर्ष के लिए अधिक उच्च-गुणवत्ता शोध चाहिए।",मेथी स्तनपान कराने वाली महिलाओं में दूध की मात्रा​ निश्चित रूप से बढ़ाती है।,,NEI,NEI,NEI,False,baseline_failure,,,False,
190,CA_CHAR_05_HomoglyphPerturbation,"यमुनोत्री क्षेत्र के खरशाली, जानकीचट्टी, फूलचट्टी, बनास और गीठ पट्टी के गांवों में झमाझम बारिश हुई।",लेख में इन क्षेत्रों में बारिश होने की जानकारी दी गई है।,"यमुनोत्री क्षेत्र के खरशाली, जानकीचट्टी, फूलचट्टी, बना​स और गीठ पट्टी के गांवों में झमाझम बारिश हुई।",,SUP,SUP,SUP,False,no_flip,,,False,
191,CA_CHAR_05_HomoglyphPerturbation,बूथ ऐप एन्कोर एप्लिकेशन का एकीकृत ऐप है जो एन्क्रिप्टेड क्यूआर कोड से मतदाताओं की तेज पहचान की सुविधा देता है।,पीआईबी की विज्ञप्ति में बूथ ऐप को एन्कोर का एकीकृत ऐप बताया गया है जो डिजिटल मतदाता चिन्हित प्रतियों के एन्क्रिप्टेड क्यूआर कोड से तेज पहचान करता है।,बूथ ऐप एन्कोर एप्लिकेशन का एकीकृत ऐप है​ जो एन्क्रिप्टेड क्यूआर कोड से मतदाताओं की तेज पहचान की सुविधा देता है।,,SUP,,,False,unusable_verdict,,,False,
192,CA_CHAR_05_HomoglyphPerturbation,केंद्रीय मंत्री चिराग पासवान का पुराना वीडियो हाल ही में बिहार बीजेपी सरकार की आलोचना करने के दावे से वायरल…,"सोशल मीडिया पर केंद्रीय खाद्य प्रसंस्करण उद्योग मंत्री चिराग पासवान का एक वीडियो वायरल हो रहा है। वीडियो में उन्हें बिहार सरकार की आलोचना करते हुए देखा जा सकता है। पोस्ट में दावा किया गया है कि चिराग पासवान ने बिहार में हाल ही में बनी BJP के नेतृत्व वाली सरकार की आलोचना करते हुए कहा है कि राज्य में अपराध पूरी तरह से बढ़ता जा रहा है। वायरल वीडियो के साथ यूजर ने लिखा है- अपनी ही सरकार के विरोध में उतरे चिराग पासवान !! फेसबुक।आर्काइव अनुसंधान से पता चलता है कि… पड़ताल की शुरुआत में हमने वायरल वीडियो के तस्वीरों का रिवर्स इमेज सर्च किया, परिणाम में वायरल वीडियो हमें एकफेसबुकपेज पर मिला। इस वीडियो को 26 जुलाई 2025 को शेयर किया गया था। इससे ये बात साफ है कि वीडियो हाल ही का नहीं है। मौजूद जानकारी के मुताबिक, चिराग पासवान ने नीतीश कुमार की सरकार को लेकर यह बयान दिया था। मिली जानकारी की मदद लेते हुए अधिक सर्च करने पर हमें दावे से जुड़ी एक रिपोर्ट‘एबीपी न्यूज’की वेबसाइट पर मिली। 26 जुलाई 2025 को प्रकाशित रिपोर्ट के अनुसार, बिहार में बढ़ते क्राइम को लेकर चिराग पासवान नाखुश थे। उन्होंने नीतीश सरकार में बिहार में बढ़ते अपराध को लेकर कई बार अपनी नाराजगी जताई थी। साथ ही, उन्होंने बिहार पुलिस और प्रशासन को निकम्मा भी बताया था। 26 जुलाई 2025 कोआजतकमें प्रकाशित खबर के अनुसार , चिराग पासवान ने नीतीश सरकार पर निशाना साधा। उन्होंने कहा कि बिहार में एक के बाद एक आपराधिक घटनाओं की श्रृंखला सी बन गई है। प्रशासन अपराधियों के सामने पूरी तरह नतमस्तक दिख रहा है। सबसे बड़ी बात यह है कि ऐसी घटनाएं कम क्यों नहीं हो रही हैं? बिहार में हत्या, लूट, अपहरण, बलात्कार की घटनाएं लगातार हो रही हैं। 14 अप्रैल 2026 को नीतीश कुमार ने मुख्यमंत्री पद से इस्तीफा- 14 अप्रैल 2026 कोनीतीश कुमारने मुख्यमंत्री पद से इस्तीफा दे दिया था। फिर जनता दल यूनाइटेड और भारतीय जनता पार्टी ने सम्राट चौधरी को बिहार के अगले मुख्यमंत्री के रूप में चुना। 15 अप्रैल 2026 को सम्राट चौधरी ने बिहार के मुख्यमंत्री के रूप में शपथ ली थी। निष्कर्ष– तथ्य-जांच के बाद हमने पाया कि , बिहार सरकार की आलोचना करते हुए चिराग पासवान का वायरल वीडियो असल में हाल-फिलहाल का नहीं, बल्कि करीब एक साल पुराना है। जब जुलाई 2025 में उन्होंने बिहार में",केंद्रीय मंत्री चिराग पासवान का पुराना वीडियो हाल ही में बिहार बीजेपी सरकार की आलोचना करने​ के दावे से वायरल…,,REF,,,False,unusable_verdict,,,False,
193,CA_CHAR_05_HomoglyphPerturbation,आड़ू के बगीचों में मलबा भर गया और कई बाग पूरी तरह नष्ट हो गए।,लेख में आड़ू के बगीचों में मलबा भरने और कई बागों के मिट जाने का उल्लेख है।,आड़ू के बगीचों में मलबा भर गया​ और कई बाग पूरी तरह नष्ट हो गए।,,SUP,SUP,SUP,False,no_flip,,,False,
194,CA_CHAR_05_HomoglyphPerturbation,"हाल ही में यश की 'टॉक्सिक' से लेकर 'लव एंड वॉर' तक, टल गई इन फिल्मों की रिलीज।",न्यूज़बाइट्स हिंदी की स्टोरी में लिखा है: साल 2026 में कई बड़ी फिल्मों का इंतजार कर रहे दर्शकों को निराशा भी हाथ लगी।,"हाल ही में यश की 'टॉक्सिक' से लेकर 'लव एंड वॉर' तक, टळ गई इन फिल्मों की रिलीज।",,SUP,NEI,NEI,False,baseline_failure,,,False,
195,CA_CHAR_05_HomoglyphPerturbation,"लखनऊ फार्मा कॉन्क्लेव में सीएम योगी का दिया गया पुराना भाषण, भारत तिवारी एनकाउंटर मामले से जोड़कर वायरल।","भरत तिवारी एनकाउंटर मामले में सीएम योगी का वायरल बयान भ्रामक, फरवरी का पुराना वीडियो हो रहा है शेयर। बिहार के भोजपुर जिले में 17 जून 2026 को हुए भरत भूषण तिवारी एनकाउंटर को लेकर बवाल मचा हुआ है। इसी बीच इंटरनेट पर उत्तर प्रदेश के मुख्यमंत्री योगी आदित्यनाथ का एक वीडियो शेयर हो रहा है, जिसमें वह कहते हैं कि “पुलिस ने गोली क्यों मार दी? अगर पुलिस गोली ना मारे तो क्या पुलिस गोली खाए? यह दोनों काम एक साथ नहीं चल सकते। अगर उस अपराधी को गोली चलाने की स्वतंत्रता है, तो पुलिस के पास भी हमने इसीलिए पिस्तौल दी है कि वह भी उसके सामने उसका मुकाबला करे। उसका प्रशिक्षण इसी बात को लेकर के हो रखा है और उसको जिस भाषा में समझे, उस भाषा में उसको समझाने का काम करें”। वीडियो शेयर करने वाले यूज़र्स का दावा है कि सीएम योगी ने भारत तिवारी के एनकाउंटर का कथित तौर पर पूरा समर्थन किया है। यूज़र ने वीडियो शेयर करते हुए कैप्शन लिखा है… उत्तरप्रदेशकेसीएममाननीयआदित्यनाथमुख्यमंत्रीजीभरततिवारीकेसरेंडरकरनेकेबादभीपुलिसद्वाराएनकाउंटरकिएजानेपरक्याबोलरहेहैं,,सवालसिर्फभरततिवारीकानहींहै,सवालकानूनऔरन्यायव्यवस्थापरजनताकेभरोसेकाहै।यदिकोईचूकयासाजिशहुईहैतोसचसामनेआनाचाहिएऔरजिम्मेदारलोगोंपरकार्रवाईहोनीचाहिए फेसबुक पोस्ट।आर्काइव पोस्ट अनुसंधानसेपताचलताहैकि… हमने वायरल वीडियो से सम्बंधित कीवर्ड को आधार बनाकर खोज शुरू की। परिणाम में हमें मुख्यमंत्री योगी आदित्यनाथ का यही वीडियोईटी नाउस्वदेश के यूट्यूब चैनल पर एक शॉर्ट वीडियो के रूप में मिला। यहां पर वीडियो को 4 फरवरी 2026 को अपलोड किया गया था। इससे स्पष्ट होता है कि यह भरत तिवारी एनकाउंटर से पहले का वीडियो है। आजतकके यूट्यूब अकाउंट से 3 फरवरी 2026 को अपलोड की गई वीडियो रिपोर्ट में वायरल वीडियो को देखा जा सकता है। पता चलता है कि सीएम योगी ने 3 फ़रवरी को लखनऊ में आयोजित फार्मा कॉन्क्लेव में अपराधियों के एनकाउंटर पर सवाल उठाने के जवाब में यह कहा था,“बहुत बार लोग टिप्पणी करते हैं कि पुलिस ने गोली क्यों मार दी? अगर पुलिस गोली ना मारे तो क्या पुलिस गोली खाए? यह दोनों काम एक साथ नहीं चल सकते। अगर उस अपराधी को गोली चलाने की स्वतंत्रता है, तो पुलिस के पास भी हमने इसीलिए पिस्तौल दी है कि वह भी उसके सामने उसका मुकाबला करे”। आगे की खोज में हमें मुख्यमंत्रीयोगीके आधिकारिक यूट्य","लखनऊ फार्मा कॉन्क्लेव में सीएम योगी का दिया गया पुरा​ना भाषण, भारत तिवारी एनकाउंटर मामले से जोड़कर वायरल।",,REF,,,False,unusable_verdict,,,False,
196,CA_CHAR_05_HomoglyphPerturbation,मगवर्ट अनिद्रा के उपचार में प्रभावी है।,एनसीसीआईएच के अनुसार मगवर्ट पर मानव शोध बहुत सीमित है और अनिद्रा सहित स्वास्थ्य स्थितियों में इसके लाभ पर निर्णायक साक्ष्य नहीं हैं।,मगवर्ट अनिद्रा के उपचार मे​ं प्रभावी है।,,NEI,,,False,baseline_failure,,,False,
197,CA_CHAR_05_HomoglyphPerturbation,पीएम ई-ड्राइव योजना इलेक्ट्रिक दोपहिया और ई-तिपहिया वाहनों के लिए मांग प्रोत्साहन प्रदान करती है।,पीआईबी हिंदी पृष्ठ में पीएम ई-ड्राइव योजना को इलेक्ट्रिक दोपहिया और ई-तिपहिया वाहनों के लिए मांग प्रोत्साहन देने वाली योजना बताया गया है।,पीएम ई-ड्राइव योजना इलेक्ट्रिक दोपहिया और ई-तिपहि​या वाहनों के लिए मांग प्रोत्साहन प्रदान करती है।,,SUP,SUP,SUP,False,no_flip,,,False,
198,CA_CHAR_05_HomoglyphPerturbation,लेख के अनुसार रविवार को पूरे उत्तराखंड में मौसम पूरी तरह साफ रहा और कहीं बारिश नहीं हुई।,"लेख में कई स्थानों पर बारिश, बर्फबारी और ओलावृष्टि का उल्लेख है।",लेख के अनुसा​र रविवार को पूरे उत्तराखंड में मौसम पूरी तरह साफ रहा और कहीं बारिश नहीं हुई।,,REF,REF,REF,False,no_flip,,,False,
199,CA_CHAR_05_HomoglyphPerturbation,'रामायण' में रणबीर और यश की भिड़ंत के लिए इंतजार करना होगा।,इंडिया टीवी: नितेश तिवारी की फिल्म 'रामायण' में रणबीर कपूर (राम) और यश (रावण) का महामुकाबला अभी शूट नहीं हुआ है। दो भागों में बन रही इस भव्य फिल्म का पहला पार्ट सस्पेंसभरे मोड़ पर खत्म होगा। इसके अलावा कोई आधिकारिक पुष्टि दर्ज नहीं है।,'रामायण' में रणबीर और यश की भिड़़ंत के लिए इंतजार करना होगा।,,NEI,NEI,NEI,False,baseline_failure,,,False,
200,CA_CHAR_05_HomoglyphPerturbation,एंटीबायोटिक प्रतिरोध विकसित होने में हर बैक्टीरिया को कम से कम एक वर्ष लगता है।,"डब्ल्यूएचओ एएमआर को समय के साथ आनुवंशिक परिवर्तनों से जुड़ी प्रक्रिया बताता है, लेकिन सभी बैक्टीरिया के लिए एक वर्ष की न्यूनतम अवधि नहीं देता।",एंटीबायोटिक प्रतिरोध विकसित हो​ने में हर बैक्टीरिया को कम से कम एक वर्ष लगता है।,,NEI,REF,REF,False,baseline_failure,,,False,
201,CA_CHAR_05_HomoglyphPerturbation,"यादृच्छिक रूप से चुनी गई 5 प्रतिशत ईवीएम और वीवीपैट में 1,000 वोट का मॉक पोल कराया जाता है।","पीआईबी की विज्ञप्ति में 5 प्रतिशत यादृच्छिक चयनित ईवीएम तथा वीवीपैट में 1,000 वोट का मॉक पोल कराने की जानकारी है।","यादृच्छिक रूप से चुनी गई 5 प्रतिशत ईवीएम और वीवीपैट में 1,000 वोट का मॉक पो​ल कराया जाता है।",,SUP,SUP,SUP,False,no_flip,,,False,
202,CA_CHAR_05_HomoglyphPerturbation,भारतीय सेना ने प्रभावित लोगों के लिए अस्थायी पुल (Bailey Bridge) का निर्माण किया।,लेख में अस्थायी पुल के निर्माण का कोई उल्लेख नहीं है।,भारतीय सेना ने​ प्रभावित लोगों के लिए अस्थायी पुल (Bailey Bridge) का निर्माण किया।,,NEI,REF,REF,False,baseline_failure,,,False,
203,CA_CHAR_05_HomoglyphPerturbation,ईवीएम और वीवीपैट का दूसरा रैंडमाइजेशन चुनाव लड़ने वाले उम्मीदवारों की मौजूदगी में मतदान केंद्र-वार और रिजर्व मशीनों के आवंटन के लिए किया जाता है।,पीआईबी की विज्ञप्ति में दूसरे रैंडमाइजेशन को उम्मीदवारों की उपस्थिति में मतदान केंद्र-वार और रिजर्व मशीनों के आवंटन से जोड़ा गया है।,ईवीएम और वीवीपैट का दूसरा रैंडमाइजेशन चुनाव लड़ने वाले उम्मीदवारों की मौजूदगी में मतदान केंद्र-वार और रिज़र्व मशीनों के आवंटन के लिए किया जाता है।,,SUP,SUP,SUP,False,no_flip,,,False,
204,CA_CHAR_05_HomoglyphPerturbation,वायरल वीडियो में खुद को सैल्यूट करने के लिए कहता शख्स फर्जी आईपीएस अधिकारी है…,"सोशल मीडिया पर एक शख्स के पुलिस से बहस करने का वीडियो तेज़ी से वायरल हो रहा है। वीडियो में वह आदमी खुद को नोएडा का IPS अफ़सर बता रहा है और वहाँ मौजूद पुलिस वालों से सैल्यूट करने की मांग कर रहा है। इस वीडियो को शेयर कर दावा किया जा रहा है कि लखनऊ में नोएडा के आईपीएस अधिकारी अपनी प्राइवेट कार से सिविल ड्रेस में लखनऊ पहुंचे थे। जब उन्होंने एक सिपाही को सैल्यूट करने के लिए कहा, तो सिपाही ने ऐसा करने से मना कर दिया क्योंकि वह तथा कथित आईपीएस आधिकारिक गाड़ी और ड्रेस में नहीं थे। वीडियो को यूपी पुलिस और योगी सरकार की तारीफ करते हुए शेयर किया जा रहा है। वायरल वीडियो के साथ यूजर ने लिखा है- सिपाही में कर्तव्य पालन करते हुए किसी IPS को रोकने का साहस तभी आता है, जब CM योगी जी जैसा हो !नोएडा के एक IPS अपनी प्राइवेट कार से लखनऊ पहुंचे थे…चेकिंग के दौरान पुलिस ने गाड़ी रोक ली…गाड़ी से उतरते ही बोले “मैं नोएडा का IPS अधिकारी हूं” फिर क्या हुआ ? आप स्वयं देखिए फेसबुक।आर्काइव अनुसंधान से पता चलता है कि… पड़ताल की शुरुआत में हमने वायरल वीडियो के तस्वीरों का रिवर्स इमेज सर्च किया। परिणाम में वायरल वीडियो हमें आजतक मेंप्रकाशितमिला। 16 जून 2026 को प्रकाशित रिपोर्ट के अनुसार, वीडियो में नजर आ रहा शख्स असली नहीं, बल्कि एक फेक आईपीएस अधिकारी था। दरअसल, लखनऊ में एक शख्स ने चाय की दुकान से 40 रुपये का बन का पैकेट लिया था और पैसे नहीं दिए थे। दुकानदार के पैसे मांगने पर वह खुद को नोएडा का आईपीएस अधिकारी बताने लगा और दुकानदार से बहस करने लगा। मौके पर पुलिस के आने पर वह उन्हें खुद को सैल्यूट करने के लिए कहने लगा। हद तो तब हो गई जब उसने असली पुलिसवालों को ही अर्दब में लेने की कोशिश की और उन्हें सैल्यूट मारने दबाव बनाने लगा। हालांकि, उसकी ये हेकड़ी ज्यादा देर नहीं टिक सकी। विवाद की शुरुआत 40 रुपये का बन खाने और पैसा न देने से हुई थी। पड़ताल के दौरान हमें दावे से जुड़ी एक अन्य न्यूज रिपोर्टद ललन टॉपकी वेबसाइट पर मिली। 16 जून 2026 को प्रकाशित रिपोर्ट के मुताबिक, महानगर क्षेत्र के गोल मार्केट चौराहे पर पुलिस की नियमित चेकिंग चल रही थी। इसी दौरान पुलिस को सूचना मिली कि एक व्यक्ति खुद को आईपीएस अधिकारी बताकर एक स्थानीय दुकानदारों से विवाद कर रहा है और उन पर धौंस जमा रहा है। सूचना मिलते ही पुलिस",वायरल वीडियो​ में खुद को सैल्यूट करने के लिए कहता शख्स फर्जी आईपीएस अधिकारी है…,,REF,SUP,SUP,False,baseline_failure,,,False,
205,CA_CHAR_05_HomoglyphPerturbation,शेखर सुमन ने छात्रों पर कार्रवाई पर भावुक प्रतिक्रिया दी।,अमर उजाला की स्टोरी बताती है कि एक्टर-होस्ट शेखर सुमन 'शेखर टूनाइट' के हालिया एपिसोड में भावुक हो गए। उन्होंने दिल्ली के जंतर-मंतर पर विरोध प्रदर्शन। पर इससे जुड़ी आधिकारिक तारीख या आंकड़े रिपोर्ट में नहीं दिए गए।,शेखर सुमन ने छात्रों पर का​र्रवाई पर भावुक प्रतिक्रिया दी।,,NEI,SUP,SUP,False,baseline_failure,,,False,
206,CA_CHAR_05_HomoglyphPerturbation,'तारक मेहता का उल्टा चश्मा' के मेकर्स एक नया शो लेकर आए हैं।,TV9 भारतवर्ष ने बताया कि टीवी शो 'तारक मेहता का उल्टा चश्मा' के मेकर्स एक नया शो लेकर आए हैं.,'तारक मेहता का उल्टा चश्मा​' के मेकर्स एक नया शो लेकर आए हैं।,,SUP,SUP,SUP,False,no_flip,,,False,
207,CA_CHAR_05_HomoglyphPerturbation,विश्वास 2026 योजना को ईपीएफ संबंधी विवादों के समाधान के लिए छह महीने के लिए शुरू किया गया।,एनडीटीवी इंडिया की रिपोर्ट विश्वास 2026 को स्वैच्छिक अनुपालन बढ़ाने और पीएफ विवाद सुलझाने की छह महीने की योजना बताती है।,विश्वास 2026 योजना​ को ईपीएफ संबंधी विवादों के समाधान के लिए छह महीने के लिए शुरू किया गया।,,SUP,SUP,SUP,False,no_flip,,,False,
208,CA_CHAR_05_HomoglyphPerturbation,"पोलियो से बचाव केवल स्वच्छ पानी पीने से संभव है, टीकाकरण से नहीं।",डब्ल्यूएचओ के अनुसार पोलियो को टीकाकरण से रोका जा सकता है।,"पोलियो से बचाव केवळ स्वच्छ पानी पीने से संभव है, टीकाकरण से नहीं।",,REF,REF,REF,False,no_flip,,,False,
209,CA_CHAR_05_HomoglyphPerturbation,रियलिटी शो 'अलायंस' में कुशाल टंडन 'ऐस ऑफ द वीक' बने।,"प्रभात खबर के मुताबिक इतना ही पता चलता है कि प्राइम वीडियो के रियलिटी शो 'अलायंस' में ट्विस्ट! कुशाल टंडन 'ऐस ऑफ द वीक' बने, कम्या पंजाबी ने की धमाकेदार एंट्री. आगे कोई पुख्ता जानकारी नहीं मिलती।",रियलिटी शो​ 'अलायंस' में कुशाल टंडन 'ऐस ऑफ द वीक' बने।,,NEI,SUP,SUP,False,baseline_failure,,,False,
210,CA_CHAR_05_HomoglyphPerturbation,लोकसभा चुनाव 2024 के छठे चरण में लगभग 11.13 करोड़ मतदाता और 1.14 लाख से अधिक मतदान केंद्र थे।,पीआईबी की हिंदी विज्ञप्ति में छठे चरण के लिए 11.13 करोड़ मतदाता और 1.14 लाख से अधिक मतदान केंद्र बताए गए हैं।,लोकसभा चुनाव 2024 के छठे चरण में ळगभग 11.13 करोड़ मतदाता और 1.14 लाख से अधिक मतदान केंद्र थे।,,SUP,SUP,SUP,False,no_flip,,,False,
211,CA_CHAR_05_HomoglyphPerturbation,"'जन नायकन' देखकर रोईं अभिनेत्री आनंदी, मेकर्स से की यह शिकायत; समर्थन में आए यूजर्स।",अमर उजाला ने पुष्टि की कि तमिल टीवी एक्ट्रेस आनंदी अजय का एक वीडियो सोशल मीडिया पर वायरल हो रहा है।,"'जन नायकन' देखकर रोईं अभिनेत्री आनंदी, मेकर्स से की​ यह शिकायत; समर्थन में आए यूजर्स।",,SUP,NEI,NEI,False,baseline_failure,,,False,
212,CA_CHAR_05_HomoglyphPerturbation,झूतिया गांव में एक परिवार के तीन लोगों की आपदा में मृत्यु हो गई।,लेख में एक ही परिवार के तीन लोगों की जान जाने का उल्लेख है।,झूतिया ग़ांव में एक परिवार के तीन लोगों की आपदा में मृत्यु हो गई।,,SUP,SUP,SUP,False,baseline_failure,,,False,
213,CA_CHAR_05_HomoglyphPerturbation,"पीएम-किसान के तहत पात्र किसान परिवारों को प्रति वर्ष 6,000 रुपये दिए जाते हैं।","कृषि मंत्रालय की विज्ञप्ति में पात्र किसान परिवारों को 2,000 रुपये की तीन समान किस्तों में प्रति वर्ष 6,000 रुपये देने का प्रावधान है।","पीएम-किसा​न के तहत पात्र किसान परिवारों को प्रति वर्ष 6,000 रुपये दिए जाते हैं।",,SUP,SUP,SUP,False,no_flip,,,False,
214,CA_CHAR_05_HomoglyphPerturbation,बिहार की शादियों में एक 35 साल पुराना भोजपुरी गाना बजता है।,"लाइव हिन्दुस्तान की रिपोर्ट में सिर्फ इतना बताया गया कि भोजपुरी गानों के शौकिन हैं? हां, तो इस गाने को पहचानिए जो बिहार और पूर्वांचल की हर शादी में बजता है, जिसके बिना वहां की शादियां अधूरी मानी जाती हैं। तारीख या आंकड़ों का उल्लेख नहीं है।",बि​हार की शादियों में एक 35 साल पुराना भोजपुरी गाना बजता है।,,NEI,NEI,NEI,False,no_flip,,,False,
215,CA_CHAR_05_HomoglyphPerturbation,"महिला पुलिसकर्मी के गर्भवती होने का दावा निकला झूठा, दिल्ली पुलिस ने सामने लाया सच।","महिला पुलिसकर्मी के प्रेग्नेंट होने की झूठी अफवाह, दिल्ली पुलिस ने किया स्पष्ट महिला न तो शादीशुदा है और न ही गर्भवती है। नीट (NEET) परीक्षा विवाद को लेकर बीते दिनों कॉकरोच जनता पार्टी (CJP) की तरफ से संसद मार्च का आयोजन किया गया था। इस दौरान मार्च निकाल रहे प्रदर्शनकारियों और पुलिस बलों के बीच तीखी झड़प हुई थी। इसी से जोड़ते हुए एक महिला पुलिसकर्मी की तस्वीर वायरल हो रही है जो बेसुध हालत में है और उसे कुछ अन्य महिला पुलिसकर्मी उठा रही है। तस्वीर को बेहद ही संवेदनशील बताया जा रहा है और दावा किया जा रहा है कि प्रदर्शन के दौरान यह महिला पुलिस अधिकारी घायल हो गई थी जिसके चलते वे अपने अपने अजन्मे बच्चे को खो बैठी। पोस्ट को इस कैप्शन के साथ शेयर किया जा रहा है… बड़ेअफ़सोसकीबातहै…जंतर–मंतरपरछात्रोंकेआंदोलनकेबीचघायलहुईगर्भवतीमहिलापुलिसअधिकारीकेअजन्मेबच्चेकोनहींबचायाजासका। बतायाजारहाहैकिएकमहिलापुलिसकोपत्थरलगाथा..वहचारमहीनेकीगर्भवतीथींऔरडॉक्टरोंकाकहनाथाकिउनकेहोनेवालेबच्चेकोबचपानाबहुतमुश्किलहै…महिलापुलिसअधिकारीकेपतिनेआरोपलगायाहैकिअभिजीतदिपकेऔरउनकेसाथियोंकेभड़काऊसंदेशोंनेहालातबिगाड़े,जिसकीकीमतएकअजन्मेबच्चेकोअपनीजानदेकरचुकानीपड़ी। फेसबुक पोस्ट।आर्काइव पोस्ट अनुसंधानसेपताचलताहैकि… हमने जांच की शुरुआत में वायरल तस्वीर का रिवर्स इमेज सर्च किया। परिणाम में हमें यही तस्वीरउदयवाणीकी वेबसाइट पर छपी एक रिपोर्ट मिली। रिपोर्ट 20 जुलाई को प्रकाशित हुई थी। तस्वीर का क्रेडिट न्यूज एजेंसी पीटीआई को दिया था। वहीं रिपोर्ट में बताया गया था कि चलो संसद मार्च के दौरान 50 से अधिक पुलिसकर्मी और प्रदर्शनकारी घायल हुए थें और 100 से अधिक लोगों को हिरासत में लिया गया था। रिपोर्ट में बताया गया कि,यह झड़प तब शुरू हुई जब कथित तौर पर सीजेपी प्रदर्शनकारियों ने सुरक्षाकर्मियों पर पत्थर फेंके थें, जिसके बाद लाठीचार्ज किया गया था। पर इस रिपोर्ट में किसी भी महिला पुलिसकर्मी के अजन्मे बच्चे की मौत का जिक्र नहीं किया गया था। यहीं तस्वीर हमें 24 जुलाई 2026 को छपीआजतककी रिपोर्ट में भी मिली। इसमें बताया गया था कि 20 जुलाई को हुई हिंसा के दौरान पुलिस पर हमला करने वालों के खिलाफ एफआईआर दर्ज करने और जांच की मांग की गई थी। रिपोर्ट में दिल्ली पुलिस के इंस्पेक्टर नंद किशोर सिंह की चोटिल तस्वीर भी साझा की गई है। लेकिन कही","महिला पुलिसकर्मी के गर्भवती होने का दावा निकला झू​ठा, दिल्ली पुलिस ने सामने लाया सच।",,REF,REF,REF,False,baseline_failure,,,False,
216,CA_CHAR_05_HomoglyphPerturbation,गुजरात के सूरत संसदीय निर्वाचन क्षेत्र से एक उम्मीदवार लोकसभा चुनाव 2024 में निर्विरोध चुना गया था।,पीआईबी की तीसरे चरण की हिंदी विज्ञप्ति में गुजरात के सूरत संसदीय निर्वाचन क्षेत्र से एक उम्मीदवार के निर्विरोध चुने जाने का उल्लेख है।,गुजरात के सूरत संसदीय निर्वाचन क्षेत्र से एक उम्मी​दवार लोकसभा चुनाव 2024 में निर्विरोध चुना गया था।,,SUP,SUP,SUP,False,no_flip,,,False,
217,CA_CHAR_05_HomoglyphPerturbation,"सुविधा 2.0 मोबाइल ऐप अभियान-संबंधी अनुमति के लिए आवश्यक आवेदन पत्र, घोषणाएं और अन्य दस्तावेज डाउनलोड करने देता है।","पीआईबी की विज्ञप्ति में सुविधा 2.0 ऐप से अभियान अनुमति हेतु आवेदन पत्र, घोषणाएं और अन्य दस्तावेज डाउनलोड करने की सुविधा बताई गई है।","सुविधा 2.0 मोबाइल ऐप अभियान-संबंधी अनुमति के लिए आवश्यक आवे​दन पत्र, घोषणाएं और अन्य दस्तावेज डाउनलोड करने देता है।",,SUP,SUP,SUP,False,no_flip,,,False,
218,CA_CHAR_05_HomoglyphPerturbation,"भारतीय दंड संहिता की धारा 500 मानहानि के लिए दो वर्ष तक के साधारण कारावास, जुर्माने या दोनों का प्रावधान बताती है।","पीआईबी की विज्ञप्ति में धारा 500 के अंतर्गत मानहानि के लिए दो वर्ष तक कारावास, जुर्माना या दोनों का उल्लेख है।","भारतीय दंड संहिता की धारा 500 मानहानि के लिए दो वर्ष तक के साधारण कारावास, जुर्माने या दो​नों का प्रावधान बताती है।",,SUP,SUP,SUP,False,no_flip,,,False,
219,CA_CHAR_05_HomoglyphPerturbation,जल जीवन मिशन-हर घर जल अगस्त 2019 में शुरू हुआ था।,पीआईबी की हिंदी विज्ञप्ति में जल जीवन मिशन-हर घर जल के अगस्त 2019 में शुरू होने का उल्लेख है।,जल जीवन मि​शन-हर घर जल अगस्त 2019 में शुरू हुआ था।,,SUP,SUP,SUP,False,no_flip,,,False,
220,CA_CHAR_05_HomoglyphPerturbation,भारत में मतदान अनिवार्य है।,निर्वाचन आयोग ने मत न देने पर खाते से राशि कटने वाले दावे के संदर्भ में स्पष्ट किया है कि भारत में अनिवार्य मतदान की कोई अवधारणा नहीं है।,भारत में मतदान अनिवा​र्य है।,,REF,REF,REF,False,no_flip,,,False,
221,CA_CHAR_05_HomoglyphPerturbation,गुंटूर का एक साल पहले का वीडियो अब विशाखापट्टनम में पुलिस की हालिया कार्रवाई का बताकर वायरल…..,"तीन युवकों की पिटाई करती पुलिस का एक वीडियो तेजी से वायरल हो रहा है। वीडियो में देखा जा सकता है कि कुछ पुलिसकर्मी तीन युवकों की डंडों से पिटाई कर रहे हैं। वीडियो को शेयर कर दावा किया जा रहा है कि आंध्र प्रदेश के विशाखापट्टनम में तीनों युवक कॉलेज की लड़कियों के साथ छेड़छाड़ करते थे और उन्हें रोजाना परेशान करते थे, जिसकी शिकायत मिलने पर आंध्र प्रदेश पुलिस ने यूपी पुलिस की तरह कार्रवाई कर युवकों की सरेआम पिटाई कर दी। वायरल वीडियो के साथ यूजर ने लिखा है- महाराज जी मुख्यमंत्री तो बस एक यूपी के बने हैं पर उनकी बजह से माहौल पूरे देश का ख़राब हों गया है..प्रदेश कोई भी हों मुख्यमंत्री कोई भी हों पब्लिक उनसें सिर्फ़ योगी एक्शन की ही माँग करती है विशाखापत्तनम में ये तीन लड़के रोज़ कॉलेज आने जाने वाली लड़कियों को छेड़ते थे जिसकी वजह से कई लड़कियों ने पढ़ाई छोड़ दी,फिर आंध्र पुलिस ने कॉलेज की लड़कियों को परेशान करने के लिए 3 युवकों को लाठियों से सरेआम पीट उन्हें यूपी पुलिस की याद दिला दी फेसबुक।आर्काइव अनुसंधान से पता चलता है कि… पड़ताल की शुरुआत में हमने वायरल वीडियो के तस्वीरों का रिवर्स इमेज सर्च किया, परिणाम में वायरल वीडियो हमेंआंध्र प्रदेशके पूर्व मुख्यमंत्री वाईएस जगन मोहन रेड्डी के आधिकारिक एक्स पर मिला । वीडियो को 27 मई 2025 को शेयर किया गया था। इससे ये साफ है कि वायरल वीडियो हाल ही का नहीं है। मौजूद जानकारी के मुताबिक, वाईएस जगन मोहन रेड्डी, राज्य पुलिस की कार्रवाई को लेकर मौजूदा एन चंद्रबाबू नायडू सरकार पर निशाना साध रहे थे। The@ncbn-led government in Andhra Pradesh is openly violating the Indian Constitution by allowing police to exercise unchecked power. Rather than upholding the rule of law, the state is being run under a harsh “Red Book Constitution” that disregards the rights and protections…pic.twitter.com/zqvwxWXolJ मिली जानकारी की मदद लेते हुए पड़ताल के दौरान हमें दावे से जुड़ी एक न्यूज रिपोर्ट‘एनडीटीवी’की वेबसाइट पर 28 मई 2025 को प्रकाशित की हुई मिली थी। इसमें वायरल वीडियो की तस्वीर को देखा जा सकता है। रिपोर्ट के अनुसार, वीडियो आंध्र प्रदेश के तेनाली का है। दरअसल, विक्टर, बाबूलाल और राकेश नाम के तीन युवक एक स्थानीय डॉन लड्डू के लिए काम करते हैं, जिन्हों",गुंटूर का एक साल पहले का वीडियो अब विशाखापट्टनम में पुलिस की हालिया कार्रवा​ई का बताकर वायरल…..,,REF,REF,REF,False,no_flip,,,False,
222,CA_CHAR_05_HomoglyphPerturbation,पीएम स्वनिधि योजना के तहत ऋण देने की अवधि 31 मार्च 2030 तक बढ़ाई गई।,पीआईबी हिंदी पृष्ठ के अनुसार पीएम स्वनिधि योजना के पुनर्गठन और विस्तार में ऋण देने की अवधि 31 मार्च 2030 तक रखी गई है।,पीएम स्वनिधि योजना के तहत ऋण देने की अवधि 31 मा​र्च 2030 तक बढ़ाई गई।,,SUP,SUP,SUP,False,no_flip,,,False,
223,CA_CHAR_05_HomoglyphPerturbation,"वायरल वीडियो का ‘धुरंधर-2’ फिल्म से नहीं है कोई नाता, यह पाकिस्तान में नशा मुक्ति अभियान का हिस्सा है।","पाकिस्तानी NGO द्वारा नशेडियों को पकड़ने का वीडियो ‘धुरंधर-2’ और भारतीय जासूसों से जोड़कर गलत तरीके से वायरल। इन दिनों फिल्म धुरंधर-2 की जबरदस्त चर्चा हो रही है। डायरेक्टर आदित्य धर के निर्देशन में बनी इस फिल्म में पाकिस्तान में मौजूद एक भारतीय जासूस हमजा अली मजारी की कहानी दिखाई गई है, जिसका किरदार रणवीर सिंह ने निभाया है। इसी से जोड़ते हुए सोशल मीडिया पर एक वीडियो वायरल किया जा रहा है,जिसमें पाकिस्तान के कुछ पुलिसकर्मियों को सड़क किनारे सोते एक शख्स को जगाते हुए देखा जा सकता है। फिर पुलिसकर्मी उस शख्स की तलाशी लेते हुए पूछताछ करते हैं और उसे दोबारा सोने के लिए कहते हैं। दावा किया जा रहा है कि धुरंधर-2 फिल्म के बाद पाकिस्तान में भारतीय जासूसों को वहां की पुलिस और स्थानीय लोगों द्वारा ढूंढा जा रहा है। वीडियो को फेसबुक पर पोस्ट करते हुए कैप्शन लिखा गया है… धुरंधर 2 से पाकिस्तान में फैला इन्फेक्शन. पाकिस्तान के ल्यारी छेत्र में पाकिस्तानी भारतीय Raw एजेंट्स को ढूंढ़ने के चक़्कर में वहां के लोकल 7 मुस्लिम को मार चुके हैं, मतलब ये लोग हम भारतीयों पर कितना विश्वास करते हैं और एक हमारा विपक्ष है फेसबुक पोस्ट।आर्काइव पोस्ट अनुसंधान से पता चलता है कि… हमने जांच की शुरुआत में वायरल वीडियो के कीफ्रेम को रिवर्स इमेज सर्च किया। परिणाम में हमें यहीं वीडियोपाकिस्तान के एक एनजीओएंटी नारकोटिक एंड क्राइम कंट्रोल के फेसबुक अकाउंट पर मिला। यहां पर वीडियो को 25 दिसंबर 2025 को अपलोड किया गया था। हमें इसी फेसबुक अकाउंट पर 25 दिसंबर 2025 को अपलोड किए गए अन्य वीडियो भी मिले। इनमें बताया गया था कि पुलिस के साथ हैदराबाद के इलाकेसे नशे के आदी कईलोगों को पकड़ा गया था। इन सभीवीडियोमें उस शख्स को देखा जा सकता है, जिसे वायरल वीडियो में यह कहते हुए दिखाया गया है कि नाश्ता कराने के लिए पुलिस आ चुकी है। हमने इस फेसबुक अकाउंट को और चेक किया तो यह पता चला कि इसमेंएनजीओ की वेबसाइटमौजूद है। इसके अनुसार, वायरल वीडियो में पुलिस के साथ दिख रहे शख्स का नाम यूनुस अमीन बताया गया है जो एएनसीसी के लिएपाकिस्तान के ऑपरेशनल डायरेक्टरहै। वहीं एएनसीसी एक सामाजिक जागरूकता संगठन हैं, जो नशे की लत और अपराध के खिलाफ लड़ने के लिए प्रतिबद्ध है। इनका मिशन शैक्षणिक संस्थानों और सार्वजनिक स्थानों का दौरा करके लोगों को नशे के","वायरल वीडियो का ‘धुरंधर-2’ फिल्म से नहीं है को​ई नाता, यह पाकिस्तान में नशा मुक्ति अभियान का हिस्सा है।",,REF,REF,REF,False,baseline_failure,,,False,
224,CA_CHAR_05_HomoglyphPerturbation,दिल्ली पुलिस ने साइहॉक 5.0 अभियान के दौरान 916 लोगों को गिरफ्तार किया।,समाचार के अनुसार 48 घंटे के अभियान में दिल्ली पुलिस ने 916 लोगों को गिरफ्तार किया।,दिल्ळी पुलिस ने साइहॉक 5.0 अभियान के दौरान 916 लोगों को गिरफ्तार किया।,,SUP,SUP,SUP,False,no_flip,,,False,
225,CA_CHAR_05_HomoglyphPerturbation,लेख में भारत के सभी पुराने भवनों को तुरंत भूकंपरोधी बनाने के लिए नई राष्ट्रीय नीति लागू करने की घोषणा का उल्लेख है।,लेख में ऐसी किसी नई राष्ट्रीय नीति या सरकारी घोषणा का उल्लेख नहीं है।,लेख में भारत के सभी पुराने भवनों को तुरंत भूकंपरोधी बनाने​ के लिए नई राष्ट्रीय नीति लागू करने की घोषणा का उल्लेख है।,,NEI,REF,REF,False,baseline_failure,,,False,
226,CA_CHAR_05_HomoglyphPerturbation,पोलियो से होने वाला पक्षाघात हर रोगी में दोनों पैरों को समान रूप से प्रभावित करता है।,"डब्ल्यूएचओ पक्षाघात की संभावना बताता है, लेकिन हर रोगी में दोनों पैरों के समान प्रभावित होने का नियम नहीं देता।",पोलियो से होने वाला पक्षाघात हर रोगी में दोनों पै​रों को समान रूप से प्रभावित करता है।,,NEI,REF,REF,False,baseline_failure,,,False,
227,CA_CHAR_05_HomoglyphPerturbation,"पीएम गतिशक्ति, जल जीवन मिशन और उड़ान को एकीकृत नियोजन पहल के रूप में सूचीबद्ध किया गया है।","पीआईबी हिंदी पृष्ठ प्रगति, पीएम गतिशक्ति, राष्ट्रीय रसद नीति, सागरमाला, पीएम-वानी, जल जीवन मिशन और उड़ान को एकीकृत नियोजन पहलों में शामिल करता है।","पीएम ग़तिशक्ति, जल जीवन मिशन और उड़ान को एकीकृत नियोजन पहल के रूप में सूचीबद्ध किया गया है।",,SUP,SUP,SUP,False,no_flip,,,False,
228,CA_CHAR_05_HomoglyphPerturbation,लेख में भूकंप की रिक्टर पैमाने पर तीव्रता का आधिकारिक आंकड़ा दिया गया है।,लेख में रिक्टर पैमाने पर भूकंप की तीव्रता का उल्लेख नहीं है।,लेख में भू​कंप की रिक्टर पैमाने पर तीव्रता का आधिकारिक आंकड़ा दिया गया है।,,NEI,REF,REF,False,baseline_failure,,,False,
229,CA_CHAR_05_HomoglyphPerturbation,अनियंत्रित मधुमेह समय के साथ नसों और रक्त वाहिकाओं को गंभीर नुकसान पहुंचा सकता है।,"विश्व स्वास्थ्य संगठन के अनुसार लंबे समय तक बढ़ा रक्त ग्लूकोज शरीर की कई प्रणालियों, विशेषकर नसों और रक्त वाहिकाओं, को गंभीर नुकसान पहुंचाता है।",अनियंत्रित मधुमेह समय के साथ नसों और रक्त वाहिकाओं को गंभीर नुकसान पहुंचा सकता​ है।,,SUP,SUP,SUP,False,no_flip,,,False,
230,CA_CHAR_05_HomoglyphPerturbation,कृषि एवं किसान कल्याण विभाग की कार्यान्वित योजनाओं की सूची में कृषि अवसंरचना कोष शामिल है।,पीआईबी सूची में कृषि अवसंरचना कोष को कृषि एवं किसान कल्याण विभाग की कार्यान्वित योजनाओं में शामिल किया गया है।,कृषि एवं किसान कल्याण विभाग की कार्यान्वित योज़नाओं की सूची में कृषि अवसंरचना कोष शामिल है।,,SUP,SUP,SUP,False,no_flip,,,False,
231,CA_CHAR_05_HomoglyphPerturbation,नमस्ते योजना में चिन्हित स्वच्छता कर्मियों और उनके परिवारों को आयुष्मान भारत पीएम-जेएवाई के तहत कवर करने का प्रावधान है।,सरकारी पृष्ठ में चिन्हित एसएसडब्ल्यू और उनके परिवारों को एबी-पीएमजेएवाई के अंतर्गत सुरक्षा कवच देने की जानकारी है।,नमस्ते योजना में चिन्हित स्वच्छता कर्मियों और उनके परिवारो​ं को आयुष्मान भारत पीएम-जेएवाई के तहत कवर करने का प्रावधान है।,,SUP,SUP,SUP,False,no_flip,,,False,
232,CA_CHAR_05_HomoglyphPerturbation,"प्रधानमंत्री विकसित भारत रोजगार योजना में पहली नौकरी करने वाले कर्मचारियों के लिए 15,000 रुपये तक प्रोत्साहन का उल्लेख किया गया।","एनडीटीवी इंडिया की हिंदी रिपोर्ट प्रधानमंत्री विकसित भारत रोजगार योजना में पहली नौकरी वाले कर्मचारियों को 15,000 रुपये तक प्रोत्साहन की जानकारी देती है।","प्रधानमंत्री विकसि​त भारत रोजगार योजना में पहली नौकरी करने वाले कर्मचारियों के लिए 15,000 रुपये तक प्रोत्साहन का उल्लेख किया गया।",,SUP,,,False,unusable_verdict,,,False,
233,CA_CHAR_05_HomoglyphPerturbation,पीएम-किसान की 23वीं किस्त से 9.44 करोड़ से अधिक किसानों को वित्तीय सहायता मिली।,पीआईबी की हिंदी प्रेस नोट में 23वीं पीएम-किसान किस्त के अंतर्गत 9.44 करोड़ से अधिक किसानों को वित्तीय मदद मिलने की जानकारी दी गई है।,पीएम-किसान की 23वीं किस्त से​ 9.44 करोड़ से अधिक किसानों को वित्तीय सहायता मिली।,,SUP,SUP,SUP,False,no_flip,,,False,
234,CA_CHAR_05_HomoglyphPerturbation,जैतून के तेल से पेट की मालिश करने से गर्भवती महिलाओं में स्ट्रेच मार्क्स कभी नहीं आते।,"राष्ट्रीय स्वास्थ्य संस्थान के पुस्तकालय में मौजूद शोध के अनुसार कोई भी सामयिक तेल या क्रीम स्ट्रेच मार्क्स को पूरी तरह से रोकने में सक्षम नहीं है, और जैतून का तेल इस मामले में अप्रभावी पाया गया है।",जैतून के तेल से पेट की मालि​श करने से गर्भवती महिलाओं में स्ट्रेच मार्क्स कभी नहीं आते।,,NEI,,,False,baseline_failure,,,False,
235,CA_CHAR_05_HomoglyphPerturbation,खसरा केवल पांच वर्ष से कम उम्र के बच्चों को हो सकता है।,"विश्व स्वास्थ्य संगठन के अनुसार खसरा किसी भी व्यक्ति को प्रभावित कर सकता है, हालांकि बच्चों में अधिक सामान्य है।",खसरा केवळ पांच वर्ष से कम उम्र के बच्चों को हो सकता है।,,REF,REF,REF,False,no_flip,,,False,
236,CA_CHAR_05_HomoglyphPerturbation,प्रधानमंत्री सूक्ष्म खाद्य प्रसंस्करण उद्यम औपचारिकीकरण योजना से 2.4 लाख स्वयं सहायता समूहों को ऋण सुविधा पाने में सहायता मिली।,पीआईबी हिंदी विज्ञप्ति में कहा गया है कि पीएमएफएमई योजना से 2.4 लाख स्वयं सहायता समूहों को ऋण सुविधा प्राप्त करने में सहायता मिली।,प्रधानमंत्री सूक्ष्म ख़ाद्य प्रसंस्करण उद्यम औपचारिकीकरण योजना से 2.4 लाख स्वयं सहायता समूहों को ऋण सुविधा पाने में सहायता मिली।,,SUP,SUP,SUP,False,no_flip,,,False,
237,CA_CHAR_05_HomoglyphPerturbation,भारत का गैर-नागरिक भारतीय मतदाता सूची में पंजीकृत हो सकता है।,"निर्वाचन आयोग के FAQ के अनुसार जो व्यक्ति भारत का नागरिक नहीं है, वह भारत की मतदाता सूची में पंजीकरण के लिए पात्र नहीं है।",भारत का गैर-नागरिक भारतीय मतदाता सूची​ में पंजीकृत हो सकता है।,,REF,REF,REF,False,no_flip,,,False,
238,CA_CHAR_05_HomoglyphPerturbation,दीपिका पादुकोण ने एयरपोर्ट पर मीडिया से कहा कि वे जुड़वां बच्चों की उम्मीद कर रही हैं।,"BOOM Hindi ने वायरल वीडियो की जांच में पाया कि क्लिप में दीपिका ने गर्भावस्था या जुड़वां बच्चों पर कोई बयान नहीं दिया था। वीडियो में जो ऑडियो सुना जा रहा था, वह अलग स्रोत से जोड़ा गया एडिटेड हिस्सा निकला।",दीपिका पादुकोण ने​ एयरपोर्ट पर मीडिया से कहा कि वे जुड़वां बच्चों की उम्मीद कर रही हैं।,,REF,REF,REF,False,no_flip,,,False,
239,CA_CHAR_05_HomoglyphPerturbation,"प्रधानमंत्री किसान योजना के तहत पश्चिम बंगाल में 6,000 रुपये की राशि 9,000 रुपये करने का चुनावी घोषणा में उल्लेख हुआ।","अमर उजाला की हिंदी रिपोर्ट में पश्चिम बंगाल में पीएम-किसान की वार्षिक राशि 6,000 से 9,000 रुपये करने की घोषणा का उल्लेख है।","प्रधानमंत्री किसान योजना के तहत पश्चि​म बंगाल में 6,000 रुपये की राशि 9,000 रुपये करने का चुनावी घोषणा में उल्लेख हुआ।",,SUP,SUP,SUP,False,no_flip,,,False,
240,CA_CHAR_05_HomoglyphPerturbation,आयुष्मान भारत वय वंदना योजना के तहत 70 वर्ष से अधिक आयु के सभी वरिष्ठ नागरिक स्वास्थ्य बीमा कवरेज में शामिल किए गए।,पीआईबी की हिंदी विज्ञप्ति में अक्टूबर 2024 के विस्तार के अंतर्गत 70 वर्ष से ऊपर के सभी वरिष्ठ नागरिकों को आयुष्मान भारत वय वंदना कवरेज में शामिल करने की जानकारी है।,आयुष्मान भारत वय वंदना योजना के तहत 70 वर्ष से अधिक आयु के सभी वरिष्ठ नागरिक स्वास्थ्य बीमा कवरेज मे​ं शामिल किए गए।,,SUP,SUP,SUP,False,no_flip,,,False,
241,CA_CHAR_05_HomoglyphPerturbation,लेख में शोध के लिए उपयोग किए गए उपग्रहों और उनके नामों का विस्तृत विवरण दिया गया है।,लेख में किसी विशेष उपग्रह या उसके नाम का उल्लेख नहीं है।,लेख में शोध के​ लिए उपयोग किए गए उपग्रहों और उनके नामों का विस्तृत विवरण दिया गया है।,,NEI,REF,REF,False,baseline_failure,,,False,
242,CA_CHAR_05_HomoglyphPerturbation,"एचपीवी संक्रमण और सर्वाइकल कैंसर से बचाव पूरी तरह जीवनशैली में बदलाव पर निर्भर करता है, टीके पर नहीं।","विश्व स्वास्थ्य संगठन के अनुसार, सुरक्षित और प्रभावी टीके उपलब्ध हैं जो एचपीवी संक्रमण को रोकते हैं और इसलिए सर्वाइकल कैंसर के जोखिम को काफी कम करते हैं।","एचपीवी संक्रमण और सर्वाइकल कैंसर से बचाव पूरी तरह जीवनशैली में बदलाव पर निर्भर करता है, टीके पर नही​ं।",,REF,REF,REF,False,no_flip,,,False,
243,CA_CHAR_05_HomoglyphPerturbation,"भारत सरकार ने प्रभावित लोगों के लिए ₹5,000 करोड़ के विशेष राहत पैकेज की घोषणा की।","लेख में किसी ₹5,000 करोड़ के राहत पैकेज की घोषणा का उल्लेख नहीं है।","भा​रत सरकार ने प्रभावित लोगों के लिए ₹5,000 करोड़ के विशेष राहत पैकेज की घोषणा की।",,NEI,REF,REF,False,baseline_failure,,,False,
244,CA_CHAR_05_HomoglyphPerturbation,2022 के वीडियो को तमिलनाडू से भाग रहे बिहारी मजदूर के नाम से फैलाया जा रहा है।,"बिहार और झारखंड के बीच यात्रा करने वाली ट्रेन के वीडियो को तमिलनाडू से भाग रहे बिहारी मजदूर के नाम से फैलाया जा रहा है। तमिलनाडु में बिहारी मजदूरों पर हो रहे अत्याचार के नाम से फिर कई असंबंधित वीडियो को वायरल किया गया है। कई लोग ऐसा कथित तौर पर दावा कर रहे है की तमिलनाडु में हत्याओं के कारण बिहारी मजदूर वहां से भाग रहे है। इसी सन्दर्भ में लोगों को ट्रेन से लटकते हुए दिखाने वाला एक वीडियो शेयर किया जा रहा है जिसके साथ दावा किया जा रहा है कि ये ट्रेन तमिलनाडु से बिहार जा रही है जिसमे बिहारी मजदूर भाग रहे है। कहा जा रहा है की वीडियो में हम प्रवासी श्रमिकों को तमिलनाडु छोड़ते हुए देख सकते हैं। वीडियो के कैप्शन में लिखा गया है कि “#tamilnadu_to_biharसबसे जायदा जिम्मेदार कोन होगा, अफबा फैलाने वाला क्या से क्या हो गया।” फेसबुक पोस्ट।आर्काइव लिंक अनुसंधान से पता चलता है कि… जाँच की शुरुवात हमने वायरल वीडियो को छोटे फ्रेम्स में तोड़कर गूगल पर रिवर्स इमेज और कीवर्ड सर्च किया जिसके परिणाम से हमें ये वीडियो एक यूट्यूब चैनल पर 16 नवंबर 2022 को अपलोड किया हुआ मिला। इस वीडियो के कैप्शन में लिखा गया है कि “13348 पटना बरकाकाना पलामू एक्सप्रेस।” इस वीडियो को ध्यान से देखने पर हमें ट्रेन का नाम नज़र आता है। नीचे ट्रेन पर “पलामू एक्सप्रेस” लिखा हुआ देख सकते है। उपरोक्त जानकारी को ध्यान में रखते हुए हमनेइंडियन रेलवेके वेबसाइट को खंगाला, जिसके परिणाम से हमें पता चला की पलामू एक्सप्रेस बिहार के पटना जंक्शन और झारखण्ड के बरकाकाना जंक्शन के बीच चलती है। उपरोक्त तथ्यों से हम स्पष्ट हो सकते है कि वायरल वीडियो के साथ किया गया दावा गलत है। तमिलनाडु में बिहारी मजदूरों पर हो रहे अत्याचार के नाम से वायरल हुए कई असंबंधित वीडियो जिन्हें फैक्ट क्रेसेंडो ने फैक्ट चेक कर उन्हें गलत बताया है। इन फैक्ट चेक को आप नीचे पढ़ सकते है। #Thread– तमिलनाडु में बिहारी मजदूरों पर हो रहे अत्याचार के नाम से फिर से वायरल हुए कई असंबंधित वीडियो। त्रिपुरा में राजनैतिक दलों के बीच हुए झड़प के वीडियो को तमिलनाडु में बिहारी मजदूरों पर हो रहे अत्याचार का बताकर किया वायरल।https://t.co/ye3fTl1ibl निष्कर्ष: तथ्यों की जाँच के पश्चात हमने वायरल वीडियो के साथ किये दावे कोगलतपाया है। बिहार और झारखंड के बीच यात्रा करने वाली ट्रेन क",2022 के वीडियो को तमिलनाडू से भाग रहे बिहारी मजदूर के नाम से फैलाया जा रहा है​।,,REF,REF,REF,False,no_flip,,,False,
245,CA_CHAR_05_HomoglyphPerturbation,NOTA विकल्प मतपत्र और ईवीएम दोनों में मतदाता को गोपनीयता बनाए रखते हुए किसी भी उम्मीदवार को न चुनने का अधिकार देता है।,निर्वाचन आयोग के एटलस में NOTA विकल्प को मतदाता द्वारा किसी उम्मीदवार को न चुनने के अधिकार और मत की गोपनीयता से जोड़ा गया है।,NOTA विकल्प मतपत्र और ईवीएम दोनों में मतदाता को गोपनीयता बनाए रखते हुए किसी​ भी उम्मीदवार को न चुनने का अधिकार देता है।,,SUP,SUP,SUP,False,no_flip,,,False,
246,CA_CHAR_05_HomoglyphPerturbation,मान्यता प्राप्त राजनीतिक दलों के उम्मीदवारों को स्वीकृत फॉर्म 12D आवेदनों वाले अनुपस्थित मतदाताओं की सूची की मुद्रित प्रति साझा की जाती है।,निर्वाचन आयोग की प्रेस नोट में रिटर्निंग ऑफिसर द्वारा स्वीकृत फॉर्म 12D आवेदनों वाले अनुपस्थित मतदाताओं की सूची मान्यता प्राप्त दलों के उम्मीदवारों को देने का प्रावधान है।,मान्यता प्राप्त राजनीतिक दळों के उम्मीदवारों को स्वीकृत फॉर्म 12D आवेदनों वाले अनुपस्थित मतदाताओं की सूची की मुद्रित प्रति साझा की जाती है।,,SUP,SUP,SUP,False,no_flip,,,False,
247,CA_CHAR_05_HomoglyphPerturbation,घरेलू मतदान से पहले मतदाताओं को नियोजित यात्रा के समय की सूचना दी जाती थी।,पीआईबी के अनुसार मतदाताओं को मतदान दल की नियोजित यात्रा के समय से पहले सूचित किया जाता था।,घरेलू मतदान से पहले मतदाताओं को नियोजित यात्रा के समय की सूचना​ दी जाती थी।,,SUP,SUP,SUP,False,no_flip,,,False,
248,CA_CHAR_05_HomoglyphPerturbation,'मिर्जापुर 3' में विजय वर्मा भरत त्यागी के किरदार में वापस आए।,एबीपी न्यूज़ की ओटीटी रिपोर्ट में 'मिर्जापुर 3' के कलाकारों में विजय वर्मा का नाम शामिल था और उन्हें त्यागी परिवार की कहानी से जोड़ा गया। रिपोर्ट ने उनके किरदार की वापसी को सीजन के अहम बिंदुओं में रखा।,'मिर्जापुर 3' में विजय वर्मा भरत त्यागी के​ किरदार में वापस आए।,,SUP,SUP,SUP,False,no_flip,,,False,
249,CA_CHAR_05_HomoglyphPerturbation,अजय देवगन की 'चौहान' में विक्रांत मैसी की एंट्री हो सकती है।,"लाइव हिन्दुस्तान के अनुसार, बॉलीवुड एक्टर अजय देवगन ने की फिल्म चौहान में विक्रांत मैसी की एंट्री होने की खबर है। — इससे अधिक जानकारी रिपोर्ट में शामिल नहीं है।",अजय देवगन की 'चौहान' मे​ं विक्रांत मैसी की एंट्री हो सकती है।,,NEI,SUP,SUP,False,baseline_failure,,,False,
250,CA_CHAR_05_HomoglyphPerturbation,"मतदाता पंजीकरण फॉर्म निर्वाचन आयोग की वेबसाइट से डाउनलोड किए जा सकते हैं और ईआरओ, एईआरओ तथा बीएलओ कार्यालयों में निःशुल्क मिलते हैं।",निर्वाचन आयोग के FAQ में फॉर्म वेबसाइट से डाउनलोड करने और संबंधित अधिकारियों के कार्यालयों में निःशुल्क उपलब्ध होने की जानकारी है।,"मतदाता पंजीकरण फॉर्म निर्वाचन आयोग की वेबसाइट से डाउनलोड किए जा सकते हैं और ईआरओ, एईआरओ तथा बीएलओ कार्यालयों में निःशुल्क मिलते है​ं।",,SUP,SUP,SUP,False,no_flip,,,False,
251,CA_CHAR_05_HomoglyphPerturbation,'जन नायकन' ने 'कॉकटेल 2' समेत कई फिल्मों के लाइफटाइम कलेक्शन रिकॉर्ड तोड़ दिए।,"एबीपी न्यूज़ के अनुसार, थलापति विजय की फिल्म 'जन नायकन' ने रिलीज के बाद बवाल काट दिया है.",'जन नायकन' ने 'कॉकटेल 2' समेत कई फिल्मों के लाइफटा​इम कलेक्शन रिकॉर्ड तोड़ दिए।,,SUP,NEI,NEI,False,baseline_failure,,,False,
252,CA_CHAR_05_HomoglyphPerturbation,खसरा मृत्यु का कारण बन सकता है।,"विश्व स्वास्थ्य संगठन के अनुसार खसरा गंभीर बीमारी, जटिलताओं और मृत्यु का कारण बन सकता है।",खसरा​ मृत्यु का कारण बन सकता है।,,SUP,SUP,SUP,False,no_flip,,,False,
253,CA_CHAR_05_HomoglyphPerturbation,मंदिर बोर्ड ने आपदा प्रतिक्रिया बल के साथ हेलीकॉप्टर एम्बुलेंस सेवा भी शुरू करने की घोषणा की।,लेख में हेलीकॉप्टर एम्बुलेंस सेवा शुरू करने का कोई उल्लेख नहीं है।,मंदिर बोर्ड ने आपदा प्रतिक्रि​या बल के साथ हेलीकॉप्टर एम्बुलेंस सेवा भी शुरू करने की घोषणा की।,,NEI,REF,REF,False,baseline_failure,,,False,
254,CA_CHAR_05_HomoglyphPerturbation,लेख के अनुसार एनडीआरएफ कैडेवर डॉग्स को अपनी टीम में शामिल नहीं कर रही है।,लेख में स्पष्ट रूप से बताया गया है कि पहली बार कैडेवर डॉग्स को टीम में शामिल किया जा रहा है।,लेख के अनुसार एनडीआरएफ कैडेवर डॉग्स को अपनी टीम में शामिल नहीं कर रही​ है।,,REF,REF,REF,False,no_flip,,,False,
255,CA_CHAR_05_HomoglyphPerturbation,महिलाओं में स्तन कैंसर का खतरा उम्र बढ़ने के साथ-साथ बढ़ता जाता है।,रोग नियंत्रण एवं रोकथाम केंद्र के अनुसार स्तन कैंसर के लिए सबसे बड़े जोखिम कारक महिला होना और उम्र का बढ़ना है; अधिकांश स्तन कैंसर पचास वर्ष या उससे अधिक उम्र की महिलाओं में पाए जाते हैं।,महिलाओं में स्तन कैंसर का खतरा उम्र बढ़ने​ के साथ-साथ बढ़ता जाता है।,,SUP,SUP,SUP,False,no_flip,,,False,
256,CA_CHAR_05_HomoglyphPerturbation,गिरिडीह पुलिस ने नीरज हाजरा हत्याकांड में दो आरोपियों को गिरफ्तार किया।,पुलिस ने हत्या के मामले में जीजा और साली को गिरफ्तार कर स्कूटी और चाकू बरामद किए।,गिरिडी​ह पुलिस ने नीरज हाजरा हत्याकांड में दो आरोपियों को गिरफ्तार किया।,,SUP,NEI,NEI,False,baseline_failure,,,False,
257,CA_CHAR_05_HomoglyphPerturbation,"लोकसभा आम चुनाव 2024 में किसी संसदीय निर्वाचन क्षेत्र में उम्मीदवारों की अधिकतम संख्या 54 थी और वह करूर, तमिलनाडु था।","निर्वाचन आयोग के एटलस में अधिकतम 54 उम्मीदवारों वाला निर्वाचन क्षेत्र करूर, तमिलनाडु बताया गया है।","लोकसभा आम चुनाव 2024 में किसी संसदीय निर्वाचन क्षे​त्र में उम्मीदवारों की अधिकतम संख्या 54 थी और वह करूर, तमिलनाडु था।",,SUP,SUP,SUP,False,no_flip,,,False,
258,CA_CHAR_05_HomoglyphPerturbation,केंद्र सरकार 2027 में 'एक परिवार एक नौकरी' योजना शुरू करेगी।,"वनइंडिया हिंदी फैक्ट चेक में ऐसी कोई योजना वर्तमान में न चलने की जानकारी है, पर 2027 की किसी भावी नीति-घोषणा का साक्ष्य नहीं दिया गया है।",केंद्र सरकार 2027 मे​ं 'एक परिवार एक नौकरी' योजना शुरू करेगी।,,NEI,NEI,NEI,False,no_flip,,,False,
259,CA_CHAR_05_HomoglyphPerturbation,लेख में कहा गया है कि कुल्लू-मंडी फोरलेन पूरी तरह चालू हो चुका है और ट्रकों की आवाजाही सामान्य है।,लेख में फोरलेन के अभी पूरी तरह न खुलने और ट्रकों की आवाजाही में कठिनाई का उल्लेख है।,लेख में कहा गया है कि कुल्लू-मंडी फोरलेन पूरी तरह चालू हो चुका है और ट्रकों की आवाज़ाही सामान्य है।,,REF,REF,REF,False,no_flip,,,False,
260,CA_CHAR_05_HomoglyphPerturbation,भारत निर्वाचन आयोग 25 जनवरी को अपने स्थापना दिवस के रूप में राष्ट्रीय मतदाता दिवस मनाता है।,निर्वाचन आयोग के राष्ट्रीय मतदाता दिवस संबंधी दस्तावेज़ में 25 जनवरी को आयोग का स्थापना दिवस और राष्ट्रीय मतदाता दिवस बताया गया है।,भारत निर्वाचन आयोग 25 जनवरी​ को अपने स्थापना दिवस के रूप में राष्ट्रीय मतदाता दिवस मनाता है।,,SUP,SUP,SUP,False,no_flip,,,False,
261,CA_CHAR_05_HomoglyphPerturbation,"एंटीमाइक्रोबियल दवाओं में एंटीबायोटिक, एंटीवायरल, एंटीफंगल और एंटीपैरासिटिक दवाएं शामिल हैं।","विश्व स्वास्थ्य संगठन के अनुसार एंटीमाइक्रोबियल में एंटीबायोटिक, एंटीवायरल, एंटीफंगल और एंटीपैरासिटिक दवाएं शामिल हैं।","एंटीमाइक्रोबियल दवाओं में एंटीबायोटिक, एंटीवायरल, एंटीफंगल और एंटीपैरासिटिक दवाएं शा​मिल हैं।",,SUP,SUP,SUP,False,no_flip,,,False,
262,CA_CHAR_05_HomoglyphPerturbation,लोकसभा आम चुनाव 2024 में पुरुष मतदाताओं की संख्या लगभग 50.34 करोड़ थी।,निर्वाचन आयोग के चुनाव 2024 एटलस में पुरुष मतदाताओं की संख्या 50.34 करोड़ बताई गई है।,लोकसभा आम चुनाव 2024 मे​ं पुरुष मतदाताओं की संख्या लगभग 50.34 करोड़ थी।,,SUP,SUP,SUP,False,no_flip,,,False,
263,CA_CHAR_05_HomoglyphPerturbation,प्रधानमंत्री सूक्ष्म खाद्य प्रसंस्करण उद्यम औपचारिकीकरण योजना से 60 हजार व्यक्तियों को ऋण सुविधा पाने में सहायता मिली।,पीआईबी की हिंदी विज्ञप्ति में पीएमएफएमई योजना से 60 हजार व्यक्तियों को ऋण सुविधा प्राप्त करने में मदद मिलने का उल्लेख है।,प्रधानमंत्री सूक्ष्म खाद्य प्रसंस्करण उद्यम औपचारिकीकरण योजना से 60 हजार व्यक्तियों को ऋण सुविधा पाने में सहायता मि​ली।,,SUP,SUP,SUP,False,no_flip,,,False,
264,CA_CHAR_05_HomoglyphPerturbation,ब्लैक कोहोश की दीर्घकालिक सुरक्षा अच्छी तरह सिद्ध है।,एनसीसीआईएच के अनुसार ब्लैक कोहोश की दीर्घकालिक सुरक्षा के बारे में पर्याप्त विश्वसनीय जानकारी उपलब्ध नहीं है।,ब्ळैक कोहोश की दीर्घकालिक सुरक्षा अच्छी तरह सिद्ध है।,,NEI,REF,REF,False,baseline_failure,,,False,
265,CA_CHAR_05_HomoglyphPerturbation,शाहरुख खान और रवि किशन का वायरल डांस वीडियो किसी वास्तविक कार्यक्रम का नहीं था।,विश्वास न्यूज़ के अनुसार वीडियो को गलत दावे के साथ साझा किया गया।,शाहरुख खान और रवि किशन का वायरल डांस वीडियो किसी वास्तविक कार्यक्रम का नहीं था​।,,REF,NEI,NEI,False,baseline_failure,,,False,
266,CA_CHAR_05_HomoglyphPerturbation,ईवीएम और वीवीपैट का आवंटन केवल एक बार रैंडमाइजेशन के माध्यम से किया जाता है।,पीआईबी की विज्ञप्ति में ईवीएम प्रबंधन प्रणाली 2.0 के माध्यम से विधानसभा खंड और फिर मतदान केंद्र के लिए दो बार रैंडमाइजेशन करने का उल्लेख है।,ईवीएम और वीवीपैट का​ आवंटन केवल एक बार रैंडमाइजेशन के माध्यम से किया जाता है।,,REF,REF,REF,False,no_flip,,,False,
267,CA_CHAR_05_HomoglyphPerturbation,गाजियाबाद के सूर्या चौहान हत्याकांड के आरोपी असद के जनाजे का नहीं है यह वायरल वीडियो….,"उत्तर प्रदेश के गाजियाबाद में हुए सूर्या चौहान हत्याकांड और पुलिस एनकाउंटर से जोड़कर एक वीडियो सोशल मीडिया पर तेजी से वायरल हो रहा है। वीडियो में रात के अंधेरे में कुछ लोग एक शव को दफनाने की तैयारी करते नजर आ रहे हैं। वीडियो को शेयर करते हुए दावा किया जा रहा है कि गाजियाबाद के सूर्या चौहान हत्याकांड के आरोपी असद के जनाजे का वीडियो है । आरोपी असद को पुलिस मुठभेड़ में ढेर किए जाने के बाद उसके जनाजे को चार कंधे भी नसीब नहीं हुए और उसके परिवार ने शव लेने से इनकार कर दिया। वायरल वीडियो के साथ यूजर ने लिखा है- असद को चार कंधे भी नहीं मिले जनाजा उठाने को !! फेसबुक।आर्काइव अनुसंधान से पता चलता है कि… पड़ताल की शुरुआत में हमने वायरल वीडियो के तस्वीरों का रिवर्स इमेज सर्च किया, परिणाम में हमें वायरल वीडियो का लंबा वर्जन एकफेसबुकपोस्ट में मिला। यहां पर वीडियो को अंबेडकरनगर की एक घटना से संबंधित बताया गया है। इस दौरान हमेंNT UpBharatनामक फेसबुक पेज पर 5 मई को अपलोड की गई एक वीडियो रिपोर्ट मिली। रिपोर्ट का कैप्शन था, अंबेडकरनगर में हैवानियत का अंत! 4 बच्चों और मां के हत्यारे का एनकाउंटर, परिवार ने शव लेने से किया इनकार। वीडियो में स्पष्ट बताया गया है कि यह मामला यूपी के अंबेडकरनगर के मीरानपुर कॉलोनी का है, जहां चार बच्चों और उनकी मां की नृशंस हत्या करने के बाद आरोपी आमिर फरार हो गया था। बाद में पुलिस मुठभेड़ में वह ढेर हो गया। उसकी इस करतूत से नाराज होकर परिजनों ने शव लेने से मना कर दिया था और स्थानीय मौलाना ने भी फातिहा पढ़ने से इनकार कर दिया था। मिली जानकारी की मदद लेते हुए अधिक सर्च करने पर हमें दैनिक भास्करकी वेबसाइट पर 6 मई को प्रकाशित एक रिपोर्ट मिली, जिसमें वायरल वीडियो वाले दृश्य मौजूद थे। रिपोर्ट के मुताबिक, सऊदी अरब में नौकरी करने वाले एक व्यक्ति के पूरे परिवार को आमिर नामक सिरफिरे ने मौत के घाट उतार दिया था। मृतक बच्चों के पिता नियाज ने कहा था कि उसे आमिर पर शक था और पुलिस ने उसे न्याय दिलाया। महिला और चार बच्चों के हत्यारे आमिर के शव को दफनाने से परिवार ने इनकार कर दिया। इससे साबित होता है कि वायरल वीडियो गाजियाबाद की घटना से पहले का है और यूपी के अंबेडकर नगर जिले में हुई एक हत्या से संबंधित है। आजतककी रिपोर्ट के अनुसार 4 मई को आमिर, पुलिस के साथ हुई एक मुठभेड़ मे",गाजियाबाद के सूर्या चौहान हत्याकांड के आरोपी असद के जनाज़े का नहीं है यह वायरल वीडियो….,,REF,REF,REF,False,no_flip,,,False,
268,CA_CHAR_05_HomoglyphPerturbation,अटल पेंशन योजना में नामांकन बैंकों और डाकघरों के माध्यम से किया जा सकता है।,पीआईबी की हिंदी विज्ञप्ति के अनुसार अटल पेंशन योजना में कम आय वाले लोगों के लिए बैंकों और डाकघरों के माध्यम से नामांकन की सुविधा है।,अटल पेंशन योजना में नामांकन बै​ंकों और डाकघरों के माध्यम से किया जा सकता है।,,SUP,SUP,SUP,False,no_flip,,,False,
269,CA_CHAR_05_HomoglyphPerturbation,एक वायरल पोस्ट में दावा किया गया कि दीपिका पादुकोण ने मुनव्वर फारूकी को इंटरव्यू में बुलाया।,आजतक फैक्ट चेक ने वायरल ग्राफिक और कथित इंटरव्यू क्लिप की पड़ताल की। जांच में ऐसा कोई इंटरव्यू या बयान नहीं मिला; ग्राफिक में इस्तेमाल फॉन्ट और लोगो भी मूल मीडिया टेम्पलेट से मेल नहीं खाते।,एक वायरल पोस्ट में दावा किया गया कि दीपिका पादुकोण ने मुनव्वर फारूकी को​ इंटरव्यू में बुलाया।,,REF,REF,REF,False,no_flip,,,False,
270,CA_CHAR_05_HomoglyphPerturbation,वाराणसी में किराना कारोबारी की हत्या के मामले में पांच आरोपी गिरफ्तार किए गए।,रोहनिया पुलिस ने किराना कारोबारी जितेंद्र पटेल की हत्या के मामले में पांच आरोपियों को गिरफ्तार किया।,वाराणसी में किराना कारोबारी की हत्या के मामले में पांच आरोपी गिरफ्तार कि​ए गए।,,SUP,SUP,SUP,False,no_flip,,,False,
271,CA_CHAR_05_HomoglyphPerturbation,"केंद्रीय बजट 2025-26 में जल जीवन मिशन का बजटीय परिव्यय बढ़ाकर 67,000 करोड़ रुपये किया गया।","पीआईबी के बजट-विवरण में जल जीवन मिशन का कुल बजटीय परिव्यय 67,000 करोड़ रुपये बताया गया है।","केंद्रीय बजट 2025-26 में जल जीवन मिशन का बजटीय परिव्यय बढ़ाकर 67,000 करोड़ रुपये किया​ गया।",,SUP,SUP,SUP,False,no_flip,,,False,
272,CA_CHAR_05_HomoglyphPerturbation,"मतदाता पंजीकरण के लिए वर्ष में 1 जनवरी, 1 अप्रैल, 1 जुलाई और 1 अक्टूबर चार पात्रता तिथियां हैं।","निर्वाचन आयोग के अनुसार संशोधन के बाद मतदाता पंजीकरण के लिए चार पात्रता तिथियां 1 जनवरी, 1 अप्रैल, 1 जुलाई और 1 अक्टूबर लागू हैं।","मतदाता पंजीकरण के लिए वर्ष में 1 जनवरी, 1 अप्रैळ, 1 जुलाई और 1 अक्टूबर चार पात्रता तिथियां हैं।",,SUP,SUP,SUP,False,no_flip,,,False,
273,CA_CHAR_05_HomoglyphPerturbation,मुक्त शर्करा बिल्कुल न खाने पर किसी व्यक्ति को कभी दंत क्षय नहीं होगा।,"डब्ल्यूएचओ के अनुसार दंत क्षय के कई जोखिम कारक हैं जैसे मुक्त शर्करा, तंबाकू, शराब और खराब मौखिक स्वच्छता; अकेले शर्करा हटाने से जोखिम शून्य होने की गारंटी नहीं मिलती।",मुक्त शर्करा बिल्कुल न खाने पर किसी व्यक्ति को कभी दंत क्षय नहीं हो​गा।,,REF,REF,REF,False,no_flip,,,False,
274,CA_CHAR_05_HomoglyphPerturbation,नोनी सप्लीमेंट कैंसर की रोकथाम करता है।,एनसीसीआईएच के अनुसार नोनी सहित कई पोषण सप्लीमेंट के कैंसर-रोकथाम प्रभावों पर साक्ष्य निष्कर्ष निकालने के लिए बहुत सीमित हैं।,नोनी सप्ली​मेंट कैंसर की रोकथाम करता है।,,NEI,REF,REF,False,baseline_failure,,,False,
275,CA_CHAR_05_HomoglyphPerturbation,अटल पेंशन योजना का कुल सकल नामांकन अक्टूबर 2024 तक सात करोड़ पार कर गया था।,वित्त मंत्रालय की विज्ञप्ति में चालू वित्त वर्ष 2024-25 में 56 लाख से अधिक नामांकन के साथ एपीवाई का कुल सकल नामांकन सात करोड़ पार होने का उल्लेख है।,अटल पेंशन योज़ना का कुल सकल नामांकन अक्टूबर 2024 तक सात करोड़ पार कर गया था।,,SUP,SUP,SUP,False,no_flip,,,False,
276,CA_CHAR_05_HomoglyphPerturbation,गोवा पुलिस ने ऑपरेशन साइबर विजिल के तहत सात लोगों को गिरफ्तार किया।,ऑपरेशन साइबर विजिल के दौरान 11 राज्यों में कार्रवाई करते हुए सात लोगों को गिरफ्तार किया गया।,गोवा पुलिस ने ऑपरेशन साइबर विजिल के तहत सात लोगों को गिरफ्ता​र किया।,,SUP,,,False,unusable_verdict,,,False,
277,CA_CHAR_05_HomoglyphPerturbation,"पीएम-किसान के तहत किसानों को प्रति वर्ष 6,000 रुपये की सहायता तीन किस्तों में सीधे बैंक खातों में भेजी जाती है।","अमर उजाला की हिंदी रिपोर्ट में पीएम-किसान के तहत प्रति वर्ष 6,000 रुपये की सहायता तीन किस्तों में सीधे बैंक खातों में भेजने का उल्लेख है।","पीएम-किसान के तहत किसानो​ं को प्रति वर्ष 6,000 रुपये की सहायता तीन किस्तों में सीधे बैंक खातों में भेजी जाती है।",,SUP,SUP,SUP,False,no_flip,,,False,
278,CA_CHAR_05_HomoglyphPerturbation,अमेरिका में बाजार में आने से पहले हर डाइटरी सप्लीमेंट की सुरक्षा और प्रभावशीलता को एफडीए मंजूरी देता है।,अमेरिकी खाद्य एवं औषधि प्रशासन के अनुसार उसे डाइटरी सप्लीमेंट को बाजार में आने से पहले सुरक्षा और प्रभावशीलता के लिए मंजूरी देने का अधिकार नहीं है; कई उत्पाद बिना पूर्व एफडीए अनुमोदन के बाजार में आ सकते हैं।,अमेरिका में बाजार में आने से पहले हर डाइटरी सप्लीमेंट की​ सुरक्षा और प्रभावशीलता को एफडीए मंजूरी देता है।,,REF,REF,REF,False,no_flip,,,False,
279,CA_CHAR_05_HomoglyphPerturbation,सोनू निगम ने NEET प्रदर्शन पर नाराजगी जताई।,न्यूज़बाइट्स हिंदी की स्टोरी बताती है कि NEET पेपर लीक मामले को लेकर दिल्ली के जंतर-मंतर पर छात्र प्रदर्शन कर रहे हैं। पर तारीख या आंकड़े नहीं दिए गए।,सोनू निगम ने NEET प्रदर्शन पर नाराजग़ी जताई।,,NEI,,,False,unusable_verdict,,,False,
280,CA_CHAR_05_HomoglyphPerturbation,केंद्र सरकार ने सभी प्रभावित राज्यों के किसानों का पूरा कृषि ऋण माफ करने की घोषणा की।,लेख में किसानों के ऋण माफ करने की किसी घोषणा का उल्लेख नहीं है।,केंद्र सरकार ने सभी​ प्रभावित राज्यों के किसानों का पूरा कृषि ऋण माफ करने की घोषणा की।,,NEI,,,False,baseline_failure,,,False,
281,CA_CHAR_05_HomoglyphPerturbation,ब्लैक कोहोश रजोनिवृत्ति के सभी लक्षणों में प्रभावी है।,एनसीसीआईएच के अनुसार ब्लैक कोहोश पर रजोनिवृत्ति लक्षणों के अध्ययन के परिणाम मिश्रित रहे हैं।,ब्लैक कोहोश रजो​निवृत्ति के सभी लक्षणों में प्रभावी है।,,NEI,,,False,baseline_failure,,,False,
282,CA_CHAR_05_HomoglyphPerturbation,हर्बल उपचार इम्पेटिगो के इलाज में प्रभावी हैं।,"एनसीसीआईएच के अनुसार टी ट्री ऑयल, लहसुन, नारियल तेल, चाय और मनुका शहद जैसे हर्बल उपचारों को इम्पेटिगो में सुझाने या खारिज करने के लिए पर्याप्त साक्ष्य नहीं हैं।",हर्बल उपचार इम्पेटिगो के इलाज मे​ं प्रभावी हैं।,,NEI,REF,REF,False,baseline_failure,,,False,
283,CA_CHAR_05_HomoglyphPerturbation,लेख के अनुसार भूकंप का केंद्र कराची शहर के नीचे स्थित था।,लेख में भूकंप का केंद्र डेरा गाजी खान के पास बताया गया है।,लेख के अनुसार भूकंप का केंद्र कराची​ शहर के नीचे स्थित था।,,REF,,,False,unusable_verdict,,,False,
284,CA_CHAR_05_HomoglyphPerturbation,लेख में कहा गया है कि लीबिया की बाढ़ ज्वालामुखी विस्फोट के कारण आई थी।,लेख में स्पष्ट रूप से तूफान डेनियल और बांध टूटने को बाढ़ का कारण बताया गया है.,लेख में कहा गया है कि लीबिया की बा​ढ़ ज्वालामुखी विस्फोट के कारण आई थी।,,REF,,,False,unusable_verdict,,,False,
285,CA_CHAR_05_HomoglyphPerturbation,'मुसाफिर कैफे' फिल्म विक्रांत मैसी और वेदिका पिंटो की है।,"TV9 भारतवर्ष के अनुसार केवल इतना पता है कि नेटफ्लिक्स की सीरीज 'मुसाफिर कैफे' रिलीज हो गई है. सीरीज में लीड रोल में हैं एक्टर विक्रांत मैसी, वेदिका पिंटो और महिमा मकवाना. इससे आगे कोई आधिकारिक पुष्टि या आंकड़े नहीं दिए गए।",'मुसाफिर कैफे' फिल्म विक्रांत मैसी और वेदिका पिंटो की है​।,,NEI,SUP,SUP,False,baseline_failure,,,False,
286,CA_CHAR_05_HomoglyphPerturbation,'द ओडिसी' ने भारत में शतक गढ़ा।,अमर उजाला के मुताबिक इतना ही पता चलता है कि हॉलीवुड फिल्म 'द ओडिसी' भारतीय बॉक्स ऑफिस पर छाई हुई है। चर्चित सितारों की बॉलीवुड फिल्मों के बीच भी यह शानदार। आगे कोई पुख्ता जानकारी नहीं मिलती।,'द ओडिसी' ने​ भारत में शतक गढ़ा।,,NEI,NEI,NEI,False,no_flip,,,False,
287,CA_CHAR_05_HomoglyphPerturbation,श्रवण हानि संचार और शिक्षा पर प्रभाव डाल सकती है।,"विश्व स्वास्थ्य संगठन के अनुसार अनुपचारित श्रवण हानि संचार, शिक्षा और रोजगार सहित जीवन के कई क्षेत्रों को प्रभावित कर सकती है।",श्रवण हानि संचा​र और शिक्षा पर प्रभाव डाल सकती है।,,SUP,,,False,unusable_verdict,,,False,
288,CA_CHAR_05_HomoglyphPerturbation,यूपी में बजरंग दल के प्रदर्शन का वीडियो भरत तिवारी के एनकाउंटर का बताकर वायरल….,"17 जून 2026 को बिहार के भोजपुर ज़िले में पुलिस मुठभेड़ में भरत भूषण तिवारी घायल हो गए और बाद में उसी दिन इलाज के दौरान उनकी मौत हो गई। यह घटना तब विवादों में आ गई जब तिवारी के परिवार ने आरोप लगाया कि पुलिस ने उन्हें मुठभेड़ से पहले ही उठा लिया था और बाद में हुई गोलीबारी बनावटी थी। यह मामला अब सुप्रीम कोर्ट पहुंच गया है। इस बीच भरत तिवारी के एनकाउंटर का बताकर एक वीडियो सोशल मीडिया पर खूब वायरल हो रहा है। इसमें कुछ पुलिसवाले एक व्यक्ति के हाथ-पैर पकड़कर उसे ले जाते हुए नजर आ रहे हैं। वीडियो के साथ दावा किया जा रहा है कि ये भरत तिवारी एनकाउंटर का लाइव वीडियो है। वायरल वीडियो के साथ यूजर ने लिखा है- वीडियो में साफ दिखाई दे रहा है कि उस समय गोली नहीं मारी गई थी। इससे घटना को लेकर कई गंभीर सवाल उठते हैं और निष्पक्ष जांच की आवश्यकता है।” ये भ्रष्ट और घूसखोर पुलिसकर्मी सच्चाई छिपाने की कोशिश कर रहे हैं।” “शहीद भरत तिवारी ज़िंदाबाद! फेसबुक।आर्काइव अनुसंधान से पता चलता है कि… पड़ताल की शुरुआत में हमने वायरल वीडियो के तस्वीरों का रिवर्स इमेज सर्च किया, परिणाम में वायरल वीडियो हमे एकं फेसबुकपेज पर मिला। यहां इसे 21 जून को पोस्ट किया गया था। पोस्ट के कैप्शन के मुताबिक, ये वीडियो यूपी के महाराजगंज जनपद का है। जब बजरंग दल के कार्यकर्ता मदनपुरा गौशाला में गायों की मौत के विरोध में प्रदर्शन कर रहे थें। इस दौरान पुलिस और प्रदर्शनकारियों के बीच झड़प हो गई थी। मिली जानकारी की मदद लेते हुए अधिक सर्च करने पर‘देहाती न्यूज़ इंडिया’ की एक पोस्ट मिली। इसमें दिखाई देता है कि वायरल वीडियो में पुलिसकर्मियों द्वारा ले जाए जाते दिख रहे युवक घटना के बारे में अपना पक्ष रख रहा है। वीडियो में वह आरोप लगाता है कि महाराजगंज के मदनपुरा गौशाला में गायों की मौत को लेकर हुए विरोध-प्रदर्शन के दौरान, पुलिस से बार-बार छोड़े जाने की गुहार लगाने के बावजूद उसे हिरासत में ले लिया गया। पोस्ट में उसे बजरंग दल का कार्यकर्ता बताया गया है और प्रदर्शन के दौरान हुई घटनाओं के बारे में उसका बयान पेश किया गया है। सोशल मीडिया पोस्ट से मिली जानकारी के आधार पर, हमने गूगल पर संबंधित कीवर्ड्स सर्च किया। इसके बाद हमें अब वायरल वीडियो से जुड़ीमीडिया रिपोर्ट्समिली। इन रिपोर्ट्स में ऐसे विज़ुअल्स हैं जो वायरल वीडियो से मेल खात",यूपी में बजरंग दल के प्रदर्शन का वीडियो भरत ति​वारी के एनकाउंटर का बताकर वायरल….,,REF,REF,REF,False,no_flip,,,False,
289,CA_CHAR_05_HomoglyphPerturbation,लाल वाइन पीने से कैंसर का जोखिम कम होना सिद्ध है।,"अमेरिकी राष्ट्रीय कैंसर संस्थान के अनुसार लाल वाइन में कुछ पदार्थों के कैंसर-विरोधी गुण सुझाए गए हैं, लेकिन लाल वाइन पीने से कैंसर का जोखिम कम होता है, इसका प्रमाण नहीं है।",लाल वाइन पीने से कैंसर का​ जोखिम कम होना सिद्ध है।,,REF,,,False,unusable_verdict,,,False,
290,CA_CHAR_05_HomoglyphPerturbation,वायरल वीडियो सामने आने के बाद अभिनेता सोनू सूद ने खेसारी लाल यादव के समर्थन में सार्वजनिक बयान जारी किया।,आजतक में केवल यह बताया गया है कि वायरल वीडियो के ऑडियो के साथ छेड़छाड़ की गई थी और मूल वीडियो अलग संदर्भ का था। रिपोर्ट में सोनू सूद द्वारा इस वायरल वीडियो पर कोई सार्वजनिक बयान देने या चुनावी समर्थन की पुष्टि करने का उल्लेख नहीं है।,वायरल वीडियो सामने आने के बाद अभिनेता सोनू सूद ने खेसारी लाल यादव के समर्थन में सार्वजनिक बया​न जारी किया।,,NEI,REF,REF,False,baseline_failure,,,False,
291,CA_CHAR_05_HomoglyphPerturbation,अमित शाह ने आपदा प्रबंधन संशोधन विधेयक के साथ राष्ट्रीय जल नीति (National Water Policy) में संशोधन की भी घोषणा की।,लेख में राष्ट्रीय जल नीति में किसी संशोधन की घोषणा का उल्लेख नहीं है।,अमित शाह ने आपदा प्रबंधन संशोधन विधेयक के साथ राष्ट्रीय जल नीति (National Water Policy) में संशोधन की भी घो​षणा की।,,NEI,REF,REF,False,baseline_failure,,,False,
292,CA_CHAR_05_HomoglyphPerturbation,"लोकसभा चुनाव 2024 के छठे चरण के लिए 57 संसदीय क्षेत्रों में 1,978 नामांकन पत्र दाखिल किए गए।","पीआईबी की हिंदी विज्ञप्ति में छठे चरण के 57 संसदीय क्षेत्रों के लिए 1,978 नामांकन पत्र दाखिल होने की जानकारी दी गई है।","लोकसभा चुनाव 2024 के छठे चरण के लिए 57 संसदीय क्षेत्रों में 1,978 नामांकन पत्र दाख़िल किए गए।",,SUP,SUP,SUP,False,no_flip,,,False,
293,CA_CHAR_05_HomoglyphPerturbation,जल शक्ति मंत्रालय ने 18 नवंबर 2025 को पहला बहुभाषी सुजल ग्राम संवाद आयोजित किया।,विज्ञप्ति में कहा गया है कि डीडीडब्ल्यूएस ने 18 नवंबर 2025 को पहला बहुभाषी सुजल ग्राम संवाद आयोजित किया।,जल शक्ति मंत्रालय ने 18 नवंबर 2025 को पहला बहुभाषी सु​जल ग्राम संवाद आयोजित किया।,,SUP,SUP,SUP,False,no_flip,,,False,
294,CA_CHAR_05_HomoglyphPerturbation,रजनीकांत अपनी जीवन कहानी पर फिल्म की कहानी लिख रहे हैं।,"एबीपी न्यूज़ के मुताबिक इतना ही पता चलता है कि साउथ सुपरस्टार रजनीकांत को लेकर नई अपडेट सामने आई है. बताया जा रहा है कि वो खुद अपनी फिल्म की कहानी लिख रहे है, जिससे सभी उनकी जीवन को करीब से देख सकें. आगे कोई पुख्ता जानकारी नहीं मिलती।",रजनीकांत अपनी जीवन कहानी पर फिल्म की कहानी लिख रहे​ हैं।,,NEI,SUP,SUP,False,baseline_failure,,,False,
295,CA_CHAR_05_HomoglyphPerturbation,मेडिटेशन हर स्वस्थ व्यक्ति में रक्तचाप को चिकित्सकीय रूप से महत्वपूर्ण मात्रा में कम करता है।,"एनसीसीआईएच के अनुसार मेडिटेशन से रक्तचाप में लाभ हो सकता है, लेकिन प्रभाव की मात्रा और विभिन्न समूहों में परिणाम समान नहीं हैं।",मेडिटेशन हर स्वस्थ व्यक्ति में रक्तचाप को चिकित्सकीय रूप से महत्वपूर्ण मात्रा​ में कम करता है।,,NEI,NEI,NEI,False,baseline_failure,,,False,
296,CA_CHAR_05_HomoglyphPerturbation,राम चरण अस्पताल में भर्ती हुए।,इंडिया टीवी की स्टोरी बताती है कि साउथ अभिनेता राम चरण की फिल्म 'पेड्डी' के सेट पर लगी कलाई की चोट के बाद कोयंबटूर में सफल सर्जरी हुई। डॉक्टरों की विशेषज्ञ टीम की निगरानी में वे अब तेजी से रिकवर हो रहे हैं। पर इससे जुड़ी आधिकारिक तारीख या आंकड़े रिपोर्ट में नहीं दिए गए।,राम चरण अस्पताल में भर्ती हु​ए।,,NEI,NEI,NEI,False,no_flip,,,False,
297,CA_CHAR_05_HomoglyphPerturbation,"रुद्र सिंह, जोहार सिंह, देव सिंह, धरम सिंह, रुक्मणी देवी और खिमुली देवी अपने परिवारों सहित प्राथमिक विद्यालय में शरण लेने पहुंचे।",लेख में इन परिवारों द्वारा प्राथमिक स्कूल में शरण लेने की जानकारी दी गई है।,"रुद्र सिंह, जोहार सिंह, देव सिंह, धरम सिंह, रुक्मणी​ देवी और खिमुली देवी अपने परिवारों सहित प्राथमिक विद्यालय में शरण लेने पहुंचे।",,SUP,SUP,SUP,False,no_flip,,,False,
298,CA_CHAR_05_HomoglyphPerturbation,टाइप 2 मधुमेह का जोखिम केवल उम्र से निर्धारित होता है।,विश्व स्वास्थ्य संगठन अधिक वजन और मोटापे को टाइप 2 मधुमेह के बढ़े जोखिम से जोड़ता है।,टाइप 2 मधुमेह का जोखिम केवल उम्र से​ निर्धारित होता है।,,REF,REF,REF,False,no_flip,,,False,
299,CA_CHAR_05_HomoglyphPerturbation,लेख के अनुसार सभी बाग और कृषि भूमि पूरी तरह सुरक्षित रहे।,लेख में कई नाली जमीन बहने और बागों के नष्ट होने की जानकारी दी गई है।,लेख के अनु​सार सभी बाग और कृषि भूमि पूरी तरह सुरक्षित रहे।,,REF,REF,REF,False,no_flip,,,False,
300,CA_CHAR_05_HomoglyphPerturbation,काजल अग्रवाल को पोस्टपार्टम के बाद मैच्योर रोल करने के ताने मिले।,एबीपी न्यूज़ की रिपोर्ट में सिर्फ इतना बताया गया कि एक्ट्रेस काजल अग्रवाल ने हाल ही में पोस्टपार्टम के दौरान बढ़े वजन और बॉडी शेमिंग पर बात की. तारीख या आंकड़ों का उल्लेख नहीं है।,काजल अग्रवाल को​ पोस्टपार्टम के बाद मैच्योर रोल करने के ताने मिले।,,NEI,NEI,NEI,False,no_flip,,,False,
301,CA_CHAR_05_HomoglyphPerturbation,ग्रेटर नोएडा के दनकौर क्षेत्र में पुलिस मुठभेड़ में गौकशी के आरोपी को पैर में गोली लगने के बाद गिरफ्तार किया गया और उसके पास से अवैध तमंचा व चोरी की बाइक बरामद हुई।,"तलाशी के दौरान पुलिस को आरोपी के पास से अवैध 315 बोर का तमंचा, जिंदा कारतूस और खोखा कारतूस मिले, जबकि उसके तीन साथी अभी भी फरार हैं।",ग्रेटर नोएडा के​ दनकौर क्षेत्र में पुलिस मुठभेड़ में गौकशी के आरोपी को पैर में गोली लगने के बाद गिरफ्तार किया गया और उसके पास से अवैध तमंचा व चोरी की बाइक बरामद हुई।,,SUP,SUP,SUP,False,baseline_failure,,,False,
302,CA_CHAR_05_HomoglyphPerturbation,आलिया भट्ट ने 'बॉयकॉट बॉलीवुड' अभियान के समर्थन में वायरल बयान दिया था।,जांच में ऐसा कोई आधिकारिक बयान या विश्वसनीय रिकॉर्ड नहीं मिला। वायरल कथन मनगढ़ंत पाया गया और अभिनेत्री से गलत तरीके से जोड़ा गया।,आलिया भट्ट ने 'बॉयकॉट बॉलीवुड' अभियान के​ समर्थन में वायरल बयान दिया था।,,REF,REF,REF,False,no_flip,,,False,
303,CA_CHAR_05_HomoglyphPerturbation,85 वर्ष या उससे अधिक आयु के मतदाताओं तथा 40% या अधिक दिव्यांगता वाले मतदाताओं के लिए घर से मतदान की सुविधा उपलब्ध कराई गई।,निर्वाचन आयोग के 2024 के निर्देश में 85+ वरिष्ठ नागरिकों और 40% या अधिक दिव्यांगता वाले मतदाताओं के लिए घर से मतदान की सुविधा का उल्लेख है।,85 वर्ष या​ उससे अधिक आयु के मतदाताओं तथा 40% या अधिक दिव्यांगता वाले मतदाताओं के लिए घर से मतदान की सुविधा उपलब्ध कराई गई।,,SUP,SUP,SUP,False,no_flip,,,False,
304,CA_CHAR_05_HomoglyphPerturbation,सुविधा 2.0 में उत्पन्न संदर्भ आईडी से उपयोगकर्ता अपने अनुमति अनुरोध की स्थिति देख सकता है।,पीआईबी की विज्ञप्ति में संदर्भ आईडी उत्पन्न होने और उससे उपयोगकर्ताओं को अनुरोधों की स्थिति ट्रैक करने में मदद मिलने की जानकारी है।,सुविधा 2.0 में उत्पन्न संदर्भ आईडी से उपयोगकर्ता अपने अनुमति अनुरोध की​ स्थिति देख सकता है।,,SUP,SUP,SUP,False,no_flip,,,False,
305,CA_CHAR_05_HomoglyphPerturbation,लोकसभा चुनाव 2024 में तिरुवुर निर्वाचन क्षेत्र की लंबाडा जनजाति ने पहली बार मतदान किया।,पीआईबी की हिंदी विज्ञप्ति में तिरुवुर निर्वाचन क्षेत्र की लंबाडा जनजाति के आम चुनाव में पहली बार मतदान करने का उल्लेख है।,लोकसभा चुना​व 2024 में तिरुवुर निर्वाचन क्षेत्र की लंबाडा जनजाति ने पहली बार मतदान किया।,,SUP,SUP,SUP,False,no_flip,,,False,
306,CA_CHAR_05_HomoglyphPerturbation,अश्वगंधा मधुमेह के उपचार में प्रभावी है।,एनसीसीआईएच के अनुसार मधुमेह सहित कई स्वास्थ्य स्थितियों में अश्वगंधा की उपयोगिता निर्धारित करने के लिए पर्याप्त साक्ष्य नहीं हैं।,अश्वगंधा मधुमेह के उपचार मे​ं प्रभावी है।,,NEI,REF,REF,False,baseline_failure,,,False,
307,CA_CHAR_05_HomoglyphPerturbation,प्रधानमंत्री विकसित भारत रोजगार योजना का उद्देश्य दो वर्षों में 3.5 करोड़ से अधिक नौकरियों के सृजन को प्रोत्साहित करना है।,श्रम एवं रोजगार मंत्रालय की वर्षांत समीक्षा में योजना के लिए दो वर्षों में 3.5 करोड़ से अधिक नौकरियों के सृजन का लक्ष्य दिया गया है।,प्रधानमंत्री विकसित भारत रोजगार योजना का उद्देश्य दो वर्षों में 3.5 करोड़़ से अधिक नौकरियों के सृजन को प्रोत्साहित करना है।,,SUP,SUP,SUP,False,no_flip,,,False,
308,CA_CHAR_05_HomoglyphPerturbation,'जन नायकन' तमिल सिनेमा की दूसरी सबसे ज्यादा कमाई वाली फिल्म बनी।,"एबीपी न्यूज़ के मुताबिक, 'जन नायकन' रिलीज के बाद से ही छाई हुई है. थलापति विजय की फिल्म को लोग काफी पसंद कर रहे हैं.",'ज़न नायकन' तमिल सिनेमा की दूसरी सबसे ज्यादा कमाई वाली फिल्म बनी।,,SUP,NEI,NEI,False,baseline_failure,,,False,
309,CA_CHAR_05_HomoglyphPerturbation,लेख में प्रशिक्षण पूरा करने वाले छात्रों के लिए राज्य सरकार द्वारा प्रमाणपत्र और छात्रवृत्ति देने की घोषणा का उल्लेख है।,"लेख में प्रमाणपत्र, छात्रवृत्ति या ऐसी किसी सरकारी घोषणा का उल्लेख नहीं है।",लेख में प्रशिक्षण पूरा करने वाले छात्रों के लिए राज्य सरकार द्वा​रा प्रमाणपत्र और छात्रवृत्ति देने की घोषणा का उल्लेख है।,,NEI,REF,REF,False,baseline_failure,,,False,
310,CA_CHAR_05_HomoglyphPerturbation,सितंबर 2018 में आयुष्मान भारत-प्रधानमंत्री जन आरोग्य योजना शुरू की गई थी।,पीआईबी हिंदी पृष्ठ में आयुष्मान भारत-प्रधानमंत्री जन आरोग्य योजना को सितंबर 2018 में शुरू की गई योजना बताया गया है।,सितंबर 2018 मे​ं आयुष्मान भारत-प्रधानमंत्री जन आरोग्य योजना शुरू की गई थी।,,SUP,SUP,SUP,False,no_flip,,,False,
311,CA_CHAR_05_HomoglyphPerturbation,गंभीर हैजा का समय पर उपचार न होने पर मृत्यु कुछ घंटों में हो सकती है।,विश्व स्वास्थ्य संगठन के अनुसार गंभीर हैजा का उपचार न किया जाए तो यह कुछ घंटों में जानलेवा हो सकता है।,गंभीर हैजा का समय पर उपचार न हो​ने पर मृत्यु कुछ घंटों में हो सकती है।,,SUP,SUP,SUP,False,no_flip,,,False,
312,CA_CHAR_05_HomoglyphPerturbation,केंद्र प्रायोजित सरकारी योजनाओं के लिए आवंटित धनराशि का अधिकांश हिस्सा उपयोग नहीं हो पाता है।,आकाशवाणी समाचार की हिंदी रिपोर्ट में पीआईबी फैक्ट चेक के अनुसार यह दावा गलत है; अधिकांश आवंटित धनराशि वर्षों से उपयोग होती रही है।,केंद्र प्रायोजित सरकारी​ योजनाओं के लिए आवंटित धनराशि का अधिकांश हिस्सा उपयोग नहीं हो पाता है।,,REF,REF,REF,False,no_flip,,,False,
313,CA_CHAR_05_HomoglyphPerturbation,दिल्ली में 70 वर्ष और उससे अधिक आयु के वरिष्ठ नागरिकों के लिए आयुष्मान वय वंदना कार्ड योजना शुरू की गई।,राष्ट्रीय स्वास्थ्य प्राधिकरण की विज्ञप्ति दिल्ली के 70 वर्ष से अधिक वरिष्ठ नागरिकों के लिए आयुष्मान वय वंदना कार्ड योजना का उल्लेख करती है।,दिल्ली में 70 वर्ष और उससे अधिक आयु के वरि​ष्ठ नागरिकों के लिए आयुष्मान वय वंदना कार्ड योजना शुरू की गई।,,SUP,SUP,SUP,False,no_flip,,,False,
314,CA_CHAR_05_HomoglyphPerturbation,अर्जुन कपूर 'लॉकअप 2' में जनता की आवाज बनकर आए।,"पीटीआई भाषा की खबर में अनुष्का शर्मा और विराट कोहली के विदेश में देखे जाने की चर्चा है, लेकिन स्थायी रूप से लंदन बसने की आधिकारिक घोषणा का कोई उल्लेख नहीं है। पोस्ट का सत्यापित लिंक या बयान भी रिपोर्ट में नहीं दिया गया।",अर्जुन कपूर 'लॉकअप 2' में जनता​ की आवाज बनकर आए।,,NEI,NEI,NEI,False,no_flip,,,False,
315,CA_CHAR_05_HomoglyphPerturbation,धर्मेंद्र प्रधान के इस्तीफे पर बॉलीवुड कलाकारों ने प्रतिक्रिया दी।,"भास्कर के अनुसार, Bollywood celebs Prakash Raj and Vir Das react to Education Minister Dharmendra Pradhan resignation. — इससे अधिक जानकारी रिपोर्ट में शामिल नहीं है।",धर्मेंद्र प्रधान के इस्तीफे पर बॉलीवुड कलाकारो​ं ने प्रतिक्रिया दी।,,NEI,SUP,SUP,False,baseline_failure,,,False,
316,CA_CHAR_05_HomoglyphPerturbation,माइंडफुलनेस मेडिटेशन चिकित्सकीय रूप से निदान किए गए सभी चिंता विकारों का सिद्ध उपचार है।,"एनसीसीआईएच के अनुसार माइंडफुलनेस से चिंता लक्षणों में छोटा से मध्यम लाभ दिख सकता है, लेकिन निदान किए गए चिंता विकारों में पर्याप्त शक्ति वाले अध्ययनों की कमी है।",माइंडफुलनेस मेडिटेशन चिकित्सकीय रूप से​ निदान किए गए सभी चिंता विकारों का सिद्ध उपचार है।,,NEI,REF,REF,False,baseline_failure,,,False,
317,CA_CHAR_05_HomoglyphPerturbation,रणबीर कपूर ने 'धूम 4' में अपनी एंट्री को लेकर खुलासा किया।,प्रभात खबर की खबर में इतना ही है कि रणबीर कपूर 'धूम 4' में नजर आएंगे? जानें इस खबर की पूरी सच्चाई और एक्टर ने खुद क्या कहा. शेष विवरण रिपोर्ट में नहीं है।,रणबीर कपूर ने 'धूम 4' में अपनी एंट्री को लेकर खुलासा किया​।,,NEI,NEI,NEI,False,no_flip,,,False,
318,CA_CHAR_05_HomoglyphPerturbation,27 फरवरी 2026 तक 86.3 करोड़ से अधिक आभा पहचानें बनाई जा चुकी थीं।,पीआईबी की हिंदी विज्ञप्ति में 27 फरवरी 2026 तक 863 मिलियन से अधिक आभा बनाए जाने की जानकारी दी गई है।,27 फरवरी 2026 तक 86.3 करोड़ से​ अधिक आभा पहचानें बनाई जा चुकी थीं।,,SUP,SUP,SUP,False,no_flip,,,False,
319,CA_CHAR_05_HomoglyphPerturbation,क्या ये वीडियो उत्तर प्रदेश में पेट्रोल पंप कर्मचारी के दिनदहाड़े हुये अपहरण का है?,"वायरल वीडियो के सम्बंध में बदायूं (उत्तर प्रदेश) के पुलिस अधीक्षक द्वारा स्पष्ट किया है कि यह मामला उत्तर प्रदेश से नही है | सोशल मीडिया पर एक पेट्रोल पंप कर्मचारी को दिनदहाड़े अगवा करने का एक वीडियो काफी तेजी से फैलाते हुए दावा किया जा रहा है कि यह घटना उत्तर प्रदेश के बदायूं से है | दावे अनुसार कुछ लोगों ने इस पेट्रोल पंप कर्मचारी को महज़ इसलिये अगवा किया क्योंकि इस कर्मचारी के पास पेट्रोल पंप की दिन भर की कमाई से भरा कैश का बैग था | वायरल हो रही वीडियो क्लिप में हम पेट्रोल पंप के अंदर एक काली कार को देख सकतें है, अपहरणकर्ताओं में से एक व्यक्ति गाड़ी के टैंक को भरता हुआ दिखाई दे रहा है, साथ ही पंप में काम करने वाले कर्मचारी को भी खड़े देख सकते है | क्षण भर बाद, एक दूसरा आदमी गाड़ी का पिछला दरवाजा खोलता है और उसके बगल में खड़ा व्यक्ति पेट्रोल पंप कर्मचारी को जबरदस्ती गाड़ी के अंदर धकेल देता है व चालक तेजी से गाड़ी चलाते हुए वहाँ से भाग जाते है | सोशल मीडिया पर वायरल पोस्ट के कैप्शन में लिखा गया है कि “पेट्रोल डालने वाले कर्मचारी को ही ले गए क्योंकि उसकी जेब में दिन भर का पेट्रोल की केश था उत्तर प्रदेश के बदायूं की घटना बताई ‌जा रही है |” पेट्रोल डालने वाले कर्मचारी को ही ले गए क्योंकि उसकी जेब में दिन भर का पेट्रोल की केश था उत्तर प्रदेश के बदायूं की घटना बताई ‌जा रही है.@Uppoliceplzzz check करे वायरल वीडीयो को।@CMOfficeUP@A_suryavanshi_@AyushChitransh_@mrajan_live@vaibhavnews@SamacharplusNpic.twitter.com/cmKvxAXN5h अनुसंधान से पता चलता है कि… जाँच की शुरुवात हमने वायरल हो रहे वीडियो को इन्विड टूल के माध्यम से छोटे कीफ्रेम्स में तोड़कर व गूगल पर रिवर्स इमेज सर्च करने से की, जिसके परिणाम से हमें यह वीडियो 2 अक्टूबर २०२१ कोगल्फ न्यूज़द्वारा प्रकाशित किया हुआ मिला | इस खबर के अनुसार यह घटना सऊदी अरब के हेल क्षेत्र की है, ख़बर के मुताबिक़ 3 सऊदी अरब के नागरिकों ने 1 एशियाई गैस स्टेशन से एक कर्मचारी को अगवा कर लिया था | इस मामले के चलते हेल पुलिस द्वारा इन 3 लोगों की गिरफ़्तारी हो चुकी है | हेल पुलिस के मीडिया प्रवक्ता, लेफ्टिनेंट कर्नल सामी अल शममारी के अनुसार, हेल पुलिस को सऊदी के कुछ लोगों द्वारा एक एशियाई गैस कर्मचारी के अपहरण और लूटने के बारे में एक रिपोर्ट मिली,",क्या ये वीडियो उत्तर प्रदेश में पेट्रोल पंप कर्मचारी के दिनदहाड़े हु​ये अपहरण का है?,,REF,REF,REF,False,no_flip,,,False,
320,CA_CHAR_05_HomoglyphPerturbation,नेपाल में अवैध बांग्लादेशियों के खिलाफ पुलिस कार्रवाई का नहीं है ये वीडियो….,"सोशल मीडिया पर एक वीडियो शेयर किया जा रहा है, जिसमें पुलिस यूनिफॉर्म पहने कुछ लोग सड़क पर खड़े ठेले या रेड़ी वालों को बलपूर्वक वहां से हटाने की कोशिश कर रहे हैं। वायरल वीडियो के साथ दावा किया जा रहा है कि नेपाल में हिंदुओं की सरकार ने अब बांग्लादेशियों को भगाना शुरू कर दिया है। वायरल वीडियो के साथ यूजर ने लिखा है- नेपाल का महा-एक्शन: “हम काफिर हैं, तो बाहर निकलो!” पशुपतिनाथ की धरती पर अवैध बांग्लादेशियों पर बड़ा प्रहार! नेपाल सरकार ने स्पष्ट संदेश दे दिया है—हिंदुओं को ‘काफिर’ कहने वालों के लिए हमारे देश में कोई जगह नहीं। घुसपैठियों को खदेड़ने का काम शुरू हो चुका है। क्या भारत को भी नेपाल से सीख लेनी चाहिए? अपनी राय कमेंट में लिखें! फेसबुक।आर्काइव अनुसंधान से पता चलता है कि… पड़ताल की शुरुआत में हमने वायरल वीडियो के तस्वीरों का रिवर्स इमेज सर्च किया, परिणाम में वायरल वीडियो हमें फेसबुकपर मिला। यहां पर वीडियो को बांग्लादेश के ढाका की घटना बताते हुए साझा किया गया था। वीडियो के साथ दिए गए कैप्शन में लिखा था, “सरकार ईद से ठीक पहले गरीबों के पेट पर लात मार रही है। मिली जानकारी की मदद लेते हुए अधिक सर्च करने पर वीडियो की खबर हमें बांग्लादेश के कई न्यूज आउटलेट्स पर मिली।Maasranga Newsके मुताबिक सड़क पर स्ट्रीट वेंडर्स के अतिक्रमण को हटाने के लिए पुलिस ने मौके पर पहुंचकर सख्त एक्शन लिया था । लेकिन पुलिस के इस तरीके पर कई सवाल भी उठे थे । खोज में हमें वायरल वीडियो में नजर आ रहे एक पुलिस वाले की कैप पर बांग्लादेश पुलिस लिखा हुआ मिला। साथ हीपुलिसकर्मियोंने जो वर्दी पहन रखी थी उसमें दिख रहे सिंबल में बांग्लादेश की ढाका पुलिस की यूनिफॉर्म थी। बांग्ला भाषा में इससे सम्बंधित कीवर्ड्स सर्च करने पर, बांग्लादेशी न्यूज वेबसाइटBd24reportके आधिकारिक फेसबुक पेज पर 17 मार्च 2026 को किए गए पोस्ट में भी यहीं वीडियो मिले। साथ ही हमें प्राप्त हुई कुछ न्यूज आउटलेट्स कीफेसबुकपोस्ट में भी वीडियो को बांग्लादेश के ढाका में स्ट्रीट वेंडर्स पर हो रही कार्रवाई का बताया गया है। निष्कर्ष-तथ्य-जांच के बाद हमने पाया कि, वायरल वीडियो बांग्लादेश का है और इसका नेपाल से कोई संबंध नहीं है। Title:नेपाल में अवैध बांग्लादेशियों के खिलाफ पुलिस कार्रवाई का नहीं है ये वीडियो…. Fact Check By:Sarita Samal R",नेपाल में अवैध बांग्लादेशियों के​ खिलाफ पुलिस कार्रवाई का नहीं है ये वीडियो….,,REF,SUP,SUP,True,flip,5,True,False,
321,CA_CHAR_05_HomoglyphPerturbation,अभिषेक बच्चन और ऐश्वर्या राय बच्चन के तलाक को मुंबई की अदालत ने मंजूरी दे दी है।,रिपोर्ट में बताया गया कि सोशल मीडिया पर तलाक की कथित खबरों के समर्थन में कोई अदालती रिकॉर्ड या आधिकारिक बयान उपलब्ध नहीं है। परिवार या प्रतिनिधियों की ओर से भी ऐसा पुष्ट बयान नहीं मिला।,अभिषेक बच्चन और ऐश्वर्या राय बच्चन के तलाक को मुंबई की अदालत ने मंजूरी​ दे दी है।,,REF,REF,REF,False,no_flip,,,False,
322,CA_CHAR_05_HomoglyphPerturbation,कमल किशोर ने अपनी पूरी सेवा केवल भारतीय सेना में दी थी और संयुक्त राष्ट्र में कभी काम नहीं किया।,लेख में UNDP में लगभग 13 वर्षों तक कार्य करने का उल्लेख है।,कमल किशोर ने अपनी पूरी सेवा केवल भारतीय सेना में दी थी और संयुक्त राष्ट्र में कभी काम नही​ं किया।,,REF,REF,REF,False,no_flip,,,False,
323,CA_CHAR_05_HomoglyphPerturbation,मतदाता सूचना पर्ची को मतदाता की पहचान के प्रमाण के रूप में स्वीकार किया जाता है।,पीआईबी की विज्ञप्ति में स्पष्ट है कि मतदाता सूचना पर्ची को मतदाता की पहचान के प्रमाण के रूप में स्वीकार नहीं किया जाएगा।,मतदाता सूचना पर्ची को मतदाता की​ पहचान के प्रमाण के रूप में स्वीकार किया जाता है।,,REF,REF,REF,False,no_flip,,,False,
324,CA_CHAR_05_HomoglyphPerturbation,माइंडफुलनेस रजोनिवृत्ति की हॉट फ्लैश की आवृत्ति कम करती है।,"एनसीसीआईएच के अनुसार माइंडफुलनेस तनाव और कुछ लक्षणों से निपटने में मदद कर सकती है, लेकिन हॉट फ्लैश की आवृत्ति पर प्रभाव स्पष्ट नहीं है।",माइंडफुलनेस रजोनिवृत्ति की​ हॉट फ्लैश की आवृत्ति कम करती है।,,NEI,NEI,NEI,False,baseline_failure,,,False,
325,CA_CHAR_05_HomoglyphPerturbation,अत्यधिक नमक का सेवन उच्च रक्तचाप और हृदय रोग के जोखिम को बढ़ाता है।,"विश्व स्वास्थ्य संगठन के अनुसार, आहार में सोडियम (नमक) का उच्च स्तर रक्तचाप को बढ़ाता है और हृदय रोग तथा स्ट्रोक के जोखिम को काफी बढ़ा देता है।",अत्यधिक नमक का सेवन उच्च रक्तचाप और हृदय रोग के जो​खिम को बढ़ाता है।,,SUP,SUP,SUP,False,no_flip,,,False,
326,CA_CHAR_05_HomoglyphPerturbation,तीसरे चरण के लिए सात मई के प्रेस नोट में अंतिम लिंग-वार मतदान प्रतिशत जारी कर दिया गया था।,पीआईबी की विज्ञप्ति में लिखा है कि लिंग-वार नवीनतम आंकड़े 11 मई 2024 तक प्रकाशित किए जाएंगे; उस प्रेस नोट में अंतिम लिंग-वार परिणाम उपलब्ध नहीं हैं।,तीसरे चरण के लिए सात मई के प्रेस नोट में अंतिम लिंग-वार मतदा​न प्रतिशत जारी कर दिया गया था।,,NEI,REF,REF,False,baseline_failure,,,False,
327,CA_CHAR_05_HomoglyphPerturbation,खराब ईवीएम गलत उम्मीदवार के नाम पर वोट दर्ज कर सकती है।,"निर्वाचन आयोग के अनुसार यांत्रिक या भौतिक खराबी से ईवीएम काम करना बंद कर सकती है, पर वह गलत वोट दर्ज नहीं करती।",खराब ईवीएम गलत उम्मी​दवार के नाम पर वोट दर्ज कर सकती है।,,REF,REF,REF,False,no_flip,,,False,
328,CA_CHAR_05_HomoglyphPerturbation,कन्नड़ फिल्म की शूटिंग का वीडियो असली घटना बताकर वायरल…,"सोशल मीडिया पर एक वीडियो वायरल हो रहा है जिसमें पुलिस कुछ युवकों की डंडों से पिटाई करती नज़र आ रही है। वीडियो के साथ दावा किया जा रहा है कि दलित समुदाय से आने वाले जो लोग सवर्णों को इंस्टाग्राम पर धमका रहे थे उन्हें पुलिस ने सबक सिखा दिया। वायरल वीडियो के साथ यूजर ने लिखा है- ये लोग दलित समुदाय के हैं जो इंस्टाग्राम पर सवर्णों को धमका रहे थे और इसी कारण पुलिस ने इन्हें सबक सिखा दिया. फेसबुक।आर्काइव अनुसंधान से पता चलता है कि… पड़ताल की शुरुआत में हमने वायरल वीडियो के कुछ तस्वीरो का रिवर्स इमेज सर्च किया। परिणाम में वायरल वीडियो हमेंKannada Pichhar” नाम के इंस्टाग्राम पेज पर मिला। यहां पर वायरल वीडियो 15 अप्रैल को अपलोड किया गया है। यहां वीडियो के साथ लिखा है कि ये “डेडली सोमा 2” नाम की फिल्म की शूटिंग का वीडियो है। मिली जानकारी की मदद लेते हुए अधिक सर्च करने पर हमें यह वीडियो@KannadaPichharयू-ट्यूब चैनल पर मिला।दी गई जानकारी के मुताबिक, यह कन्नड़ मूवी “डेडली सोमा 2” की शूटिंग का वीडियो है।https://www.youtube.com/watch?v=v9ajeRRQta4 इस फिल्म की शूटिंग को लेकर हमें‘न्यूज 18’की वेबसाइट पर 16 अप्रैल को छपी एक रिपोर्ट मिली। इसके मुताबिक, फिल्म की शूटिंग बेंगलुरु में हुई थी। ‘डेडली सोमा 2’ कन्नड़ फिल्म ‘डेडली सोमा’ का अगला पार्ट है। फिल्म का निर्देशन और लेखन रवि श्रीवत्सा ने किया है। यह फिल्म अंडरवर्ल्ड डॉन सोमा की असल जीवन की घटनाओं पर आधारित है। निष्कर्ष-तथ्य-जांच के हमने पाया कि ,इंस्टाग्राम पर सवर्णों को धमकाने वाले दलित समुदाय के लोगों को पुलिस द्वारा सबक सिखाने का दावा फर्जी है। ये कन्नड़ फिल्म की शूटिंग का वीडियो है, न कि किसी असल घटना का। Title:कन्नड़ फिल्म की शूटिंग का वीडियो असली घटना बताकर वायरल… Result:False",कन्नड़ फिल्म की शूटिंग का वीडियो असली घटना​ बताकर वायरल…,,REF,,,False,baseline_failure,,,False,
329,CA_CHAR_05_HomoglyphPerturbation,प्रधानमंत्री रोजगार सृजन कार्यक्रम 2008 में दो पुरानी रोजगार योजनाओं को मिलाकर लागू किया गया था।,पीआईबी हिंदी पृष्ठ में पीएमईजीपी को 2008 में प्रधानमंत्री रोजगार योजना और ग्रामीण रोजगार सृजन कार्यक्रम को एकल ढांचे में एकीकृत करके लागू की गई योजना बताया गया है।,प्रधानमंत्री रोजगार सृज़न कार्यक्रम 2008 में दो पुरानी रोजगार योजनाओं को मिलाकर लागू किया गया था।,,SUP,,,False,unusable_verdict,,,False,
330,CA_CHAR_05_HomoglyphPerturbation,लेख के अनुसार जलस्तर बढ़ने के बावजूद रेस्क्यू ऑपरेशन बिना रुके लगातार चलता रहा।,लेख में स्पष्ट रूप से कहा गया है कि जलस्तर बढ़ने पर अभियान अस्थायी रूप से रोक दिया गया था।,लेख के अनुसार जलस्तर बढ़ने के बावजूद रेस्क्यू ऑपरे​शन बिना रुके लगातार चलता रहा।,,REF,REF,REF,False,no_flip,,,False,
331,CA_CHAR_05_HomoglyphPerturbation,जीका वायरस मुख्य रूप से संक्रमित एडीज प्रजाति के मच्छरों के काटने से लोगों में फैलता है।,विश्व स्वास्थ्य संगठन के अनुसार जीका वायरस मुख्य रूप से दिन के समय काटने वाले संक्रमित एडीज मच्छरों के माध्यम से लोगों में फैलता है।,जीका वायरस मुख्य रूप से संक्रमित एडीज प्रजाति के मच्छरो​ं के काटने से लोगों में फैलता है।,,SUP,SUP,SUP,False,no_flip,,,False,
332,CA_CHAR_05_HomoglyphPerturbation,जून 2026 तक प्रधानमंत्री कौशल विकास योजना 4.0 के तहत 27 लाख से अधिक उम्मीदवारों को प्रशिक्षण दिया गया था।,पीआईबी की हिंदी विज्ञप्ति के अनुसार जून 2026 तक पीएमकेवीवाई 4.0 में 36 राज्यों और 741 जिलों के 40 क्षेत्रों में 27 लाख से अधिक उम्मीदवार प्रशिक्षित किए गए।,जून 2026 तक प्रधानमंत्री​ कौशल विकास योजना 4.0 के तहत 27 लाख से अधिक उम्मीदवारों को प्रशिक्षण दिया गया था।,,SUP,SUP,SUP,False,no_flip,,,False,
333,CA_CHAR_05_HomoglyphPerturbation,आयरन की कमी एनीमिया का सबसे आम पोषण संबंधी कारण है।,विश्व स्वास्थ्य संगठन के अनुसार आयरन की कमी एनीमिया का सबसे आम पोषण संबंधी कारण है।,आयरन की कमी एनीमिया का सबसे आम पोषण संबंधी का​रण है।,,SUP,SUP,SUP,False,no_flip,,,False,
334,CA_CHAR_05_HomoglyphPerturbation,प्रधानमंत्री सुरक्षा बीमा योजना के प्रीमियम के लिए 12 रुपये और प्रधानमंत्री जीवन ज्योति बीमा योजना के लिए 330 रुपये का उल्लेख किया गया।,एनडीटीवी इंडिया के हिंदी पृष्ठ में इन दो बीमा योजनाओं के वार्षिक प्रीमियम क्रमशः 12 रुपये और 330 रुपये बताए गए हैं।,प्रधानमंत्री सुरक्षा बीमा योजना के प्रीमियम के लिए 12 रुपये और प्रधानमंत्री जीवन ज्योति बीमा योजना के लिए 330 रुपये का उल्लेख किया ग़या।,,SUP,SUP,SUP,False,no_flip,,,False,
335,CA_CHAR_05_HomoglyphPerturbation,शगुफ्ता अली ने कहा कि गोविंदा आमिर से भी बड़े परफेक्शनिस्ट हैं।,"न्यूज़बाइट्स हिंदी की स्टोरी बताती है कि बॉलीवुड में गोविंदा की अदाकारी और कॉमिक टाइमिंग का हर कोई मुरीद रहा है, लेकिन सेट पर उनकी देर से आने की आदत भी अक्सर चर्चा का विषय बनती रही है। पर तारीख या आंकड़े नहीं दिए गए।",शगुफ्ता अली ने​ कहा कि गोविंदा आमिर से भी बड़े परफेक्शनिस्ट हैं।,,NEI,NEI,NEI,False,no_flip,,,False,
336,CA_CHAR_05_HomoglyphPerturbation,जामताड़ा के करमाटांड़ क्षेत्र से तीन साइबर अपराधियों को गिरफ्तार किया गया।,पुलिस ने तीन आरोपियों को गिरफ्तार कर सात मोबाइल फोन और छह सिम कार्ड बरामद किए।,जामताड़ा के करमाटांड़ क्षेत्र से तीन साइबर अपराधियों को गि​रफ्तार किया गया।,,SUP,NEI,NEI,False,baseline_failure,,,False,
337,CA_CHAR_05_HomoglyphPerturbation,ओडिशा के पुरी शहर में जगन्नाथ रथ यात्रा के दौरान मची भगदड़ में दो लोगों की मौत हो गई और कम से कम 100 लोग घायल हुए।,"जगन्नाथ मंदिर के पास पूजा के लिए एकत्र हुई भीड़ में अचानक अफरा-तफरी मचने से यह हादसा हुआ, जिसकी जानकारी हिन्दुस्तान टाइम्स ने दी।",ओडिशा के पुरी शहर में जगन्नाथ रथ यात्रा के दौरान मची भगदड़ में दो लोगों की मौत हो गई और कम से​ कम 100 लोग घायल हुए।,,SUP,NEI,NEI,False,baseline_failure,,,False,
338,CA_CHAR_05_HomoglyphPerturbation,"बंगाल में BJP की रैली में शामिल होने पर युवकों की पिटाई का दावा गलत, वायरल वीडियो पुराना ….","पश्चिम बंगाल में 23 अप्रैल को पहले चरण के मतदान हुए और दूसरे चरण का मतदान 29 अप्रैल को सम्पन्न हुआ। इसी से जोड़ते हुए कुछ लोगों पर लाठीचार्ज करती हुई पुलिस का एक वीडियो तेजी से वायरल किया गया है। दावा किया जा रहा है कि बंगाल में लड़कों का एक ग्रुप भाजपा की रैली में जा रहा था, तभी बंगाल पुलिस ने उन्हें बेरहमी से पीटा। साथ ही, उन पर बांग्लादेशी राष्ट्रगान गाने का दबाव डाला, लेकिन लड़कों ने ‘जन गण मन’ गाया। वायरल वीडियो के साथ यूजर ने लिखा है- ममता बनर्जी और पश्चिम बंगाल पुलिस के कुछ हिस्सों की क्रूरता देखिए। पुरुषों के एक समूह को—जो कथित तौर पर उनके विरोधी थे और BJP की रैली में जा रहे थे—बुरी तरह पीटा गया और उन पर बांग्लादेश का राष्ट्रगान गाने का दबाव डाला गया। इस हमले के बावजूद, उन पुरुषों ने ‘जन गण मन’ गाना चुना; घायल होने पर भी वे अपनी बात पर डटे रहे। इसके बाद जो हुआ, उसने हालात और भी बदतर कर दिए, क्योंकि उनका यह कहकर मज़ाक उड़ाया गया कि “TMC से आज़ादी मिलने वाली नहीं है”! पश्चिम बंगाल में अभी यही हाल है 😭 फेसबुक।आर्काइव अनुसंधान से पता चलता है कि… पड़ताल की शुरुआत में हमने वायरल वीडियो के तस्वीरों का रिवर्स इमेज सर्च किया। परिणाम में वायरल वीडियो से जुड़ी हमें 2020 की कईसमाचार रिपोर्टें मिलीं। इनके अनुसार , वीडियो में फरवरी 2020 में दिल्ली दंगों के दौरान दिल्ली पुलिस कर्मियों द्वारा पुरुषों के एक समूह को राष्ट्रगान गाने के लिए मजबूर करने की घटना को दर्शाया गया है। साथ ही बताया गया कि, इस घटना में घायल हुए पांच लोगों में से एक की चोटों के कारण मौत हो गई थी। पीड़ित की मां ने मामले की जांच के लिए दिल्ली उच्च न्यायालय में एक याचिका दायर की थी। इसी से साफ़ होता है कि वायरल वीडियो हाल का नहीं है। मिली जानकारी की मदद लेते हुए आगे सर्च करने पर हमेंटाइम्स ऑफ इंडिया प्लस’ के वेरिफाइड एक्स हैंडल पर एक पोस्ट मिला। जिसे दिल्ली का बताते हुए शेयर किया गया था। साथ ही, इस वीडियो में मृतक युवक की मां का बयान भी मौजूद है। उन्होंने दिल्ली पुलिस पर आरोप लगाते हुए कहा कि उनके बेटे को घायल होने के बावजूद दो दिनों तक पुलिस हिरासत में रखा गया और इस दौरान उसे चिकित्सकीय सहायता मुहैया नहीं कराई गई। बाद में पुलिसवाले उसे अस्पताल लेकर गए, लेकिन उसे बचाया नहीं जा सका। #DelhiRiots2020: Bleed","बंगाल में BJP की रैली में शामिल हो​ने पर युवकों की पिटाई का दावा गलत, वायरल वीडियो पुराना ….",,REF,REF,REF,False,no_flip,,,False,
339,CA_CHAR_05_HomoglyphPerturbation,14 मई 2026 तक प्रधानमंत्री उज्ज्वला योजना के तहत कुल 10.55 करोड़ एलपीजी कनेक्शन जारी किए गए थे।,पीआईबी की हिंदी विज्ञप्ति में 14 मई 2026 तक पीएमयूवाई के तहत जारी कुल एलपीजी कनेक्शनों की संख्या 10.55 करोड़ बताई गई है।,14 मई 2026 तक प्रधानमंत्री उज्ज्वला योजना के तहत कुळ 10.55 करोड़ एलपीजी कनेक्शन जारी किए गए थे।,,SUP,SUP,SUP,False,no_flip,,,False,
340,CA_CHAR_05_HomoglyphPerturbation,नई प्रणाली में वास्तविक समय की निगरानी की कोई सुविधा नहीं होगी।,लेख में वास्तविक समय की निगरानी को नई प्रणाली की प्रमुख विशेषता बताया गया है।,नई प्रणाली में वास्तविक समय की निगरानी की कोई सुविधा नही​ं होगी।,,REF,REF,REF,False,no_flip,,,False,
341,CA_CHAR_05_HomoglyphPerturbation,अस्थमा के उपचार से प्रभावित व्यक्ति सामान्य और सक्रिय जीवन जी सकता है।,"डब्ल्यूएचओ के अनुसार अस्थमा का उचित उपचार लक्षणों को नियंत्रित कर सकता है और प्रभावित लोगों को सामान्य, सक्रिय जीवन जीने में मदद कर सकता है।",अस्थमा के उपचार से प्रभावित व्यक्ति सामान्य और सक्रिय जीवन जी सकता है​।,,SUP,SUP,SUP,False,no_flip,,,False,
342,CA_CHAR_05_HomoglyphPerturbation,एक सत्र की मध्यम से तीव्र शारीरिक गतिविधि भी वयस्कों में चिंता की भावना कम कर सकती है।,"अमेरिकी रोग नियंत्रण एवं रोकथाम केंद्र के अनुसार मध्यम से तीव्र शारीरिक गतिविधि का एक सत्र भी तत्काल लाभ दे सकता है, जिसमें चिंता की भावना कम होना शामिल है।",एक सत्र की​ मध्यम से तीव्र शारीरिक गतिविधि भी वयस्कों में चिंता की भावना कम कर सकती है।,,SUP,SUP,SUP,False,no_flip,,,False,
343,CA_CHAR_05_HomoglyphPerturbation,समेकित स्वास्थ्य का उद्देश्य विभिन्न प्रदाताओं और संस्थानों के बीच समन्वित देखभाल को बढ़ावा देना है।,एनसीसीआईएच के अनुसार समेकित स्वास्थ्य पारंपरिक और पूरक दृष्टिकोणों को जोड़कर विभिन्न प्रदाताओं और संस्थानों के बीच अच्छी तरह समन्वित देखभाल पर जोर देता है।,समेकित स्वास्थ्य का उद्देश्य विभिन्न प्रदाताओं और संस्थानों के बीच समन्वित देखभाल को बढ़ावा देना​ है।,,SUP,SUP,SUP,False,no_flip,,,False,
344,CA_CHAR_05_HomoglyphPerturbation,राजस्थान के झालावाड़ जिले में पुलिस ने अंतरराज्यीय बाल तस्करी गिरोह का भंडाफोड़ करते हुए 10 नाबालिग लड़कियों को बचाकर पांच आरोपियों को गिरफ्तार किया।,आरोप है कि यह गिरोह नाबालिग लड़कियों की खरीद-फरोख्त कर उन्हें वेश्यावृत्ति के लिए भेजता था और फर्जी दस्तावेजों से उन्हें बालिग दिखाने की कोशिश करता था।,राजस्थान के झा​लावाड़ जिले में पुलिस ने अंतरराज्यीय बाल तस्करी गिरोह का भंडाफोड़ करते हुए 10 नाबालिग लड़कियों को बचाकर पांच आरोपियों को गिरफ्तार किया।,,SUP,SUP,SUP,False,baseline_failure,,,False,
345,CA_CHAR_05_HomoglyphPerturbation,"महाराष्ट्र में बांग्लादेश, श्रीलंका, कजाकिस्तान और जिम्बाब्वे के प्रतिनिधियों ने रायगढ़ संसदीय क्षेत्र का दौरा किया था।",पीआईबी की विज्ञप्ति में इन चार देशों के चुनाव प्रबंधन निकाय प्रतिनिधियों के महाराष्ट्र के रायगढ़ संसदीय क्षेत्र दौरे की जानकारी है।,"महाराष्ट्र में बांग्ला​देश, श्रीलंका, कजाकिस्तान और जिम्बाब्वे के प्रतिनिधियों ने रायगढ़ संसदीय क्षेत्र का दौरा किया था।",,SUP,SUP,SUP,False,no_flip,,,False,
346,CA_CHAR_05_HomoglyphPerturbation,राष्ट्रीय मतदाता दिवस का मुख्य उद्देश्य विशेषकर नए मतदाताओं के अधिकतम नामांकन को प्रोत्साहित करना है।,"पीआईबी की विज्ञप्ति में राष्ट्रीय मतदाता दिवस का मुख्य उद्देश्य प्रोत्साहन, सहूलियत और विशेषकर नए मतदाताओं का अधिकतम नामांकन सुनिश्चित करना बताया गया है।",राष्ट्रीय मतदाता दिवस का मुख्य उद्देश्य विशेषकर नए मतदाताओं के अधिकतम ना​मांकन को प्रोत्साहित करना है।,,SUP,SUP,SUP,False,no_flip,,,False,
347,CA_CHAR_05_HomoglyphPerturbation,रत्ना पाठक शाह ने शिक्षा व्यवस्था पर आलोचना की।,न्यूज़बाइट्स हिंदी ने केवल इतना बताया कि दिग्गज अभिनेत्री और नसीरुद्दीन शाह की पत्नी रत्ना पाठक शाह ने दिल्ली के जंतर-मंतर पर शिक्षा सुधारों की मांग कर रहे छात्रों का समर्थन करते हुए एक वीडियो जारी किया है। बाकी विवरण अनुपलब्ध है।,रत्ना पाठक शा​ह ने शिक्षा व्यवस्था पर आलोचना की।,,NEI,NEI,NEI,False,no_flip,,,False,
348,CA_CHAR_05_HomoglyphPerturbation,लेख के अनुसार एनडीएमए की टीम ने हिमस्खलन क्षेत्र का निरीक्षण नहीं किया।,लेख में स्पष्ट रूप से एनडीएमए टीम द्वारा घटनास्थल का निरीक्षण किए जाने का उल्लेख है।,लेख के अनुसार एनडीएमए की टीम ने हिमस्खलन क्षेत्र का निरीक्षण नहीं कि​या।,,REF,REF,REF,False,no_flip,,,False,
349,CA_CHAR_05_HomoglyphPerturbation,'रामायण' का ट्रेलर लॉन्च स्टूडेंट प्रोटेस्ट के कारण टल गया।,"द लल्लनटॉप की रिपोर्ट के अनुसार, हालांकि 'रामायण' के प्रोड्यूसर नमित मल्होत्रा का कहना है कि उन्होंने ये फैसला सोनी पिक्चर्स के साथ हुई डील के कारण लिया है। खबर में यही जानकारी स्पष्ट रूप से दर्ज है।",'रामायण' का ट्रेलर लॉन्च स्टूडे​ंट प्रोटेस्ट के कारण टल गया।,,SUP,REF,REF,False,baseline_failure,,,False,
350,CA_CHAR_05_HomoglyphPerturbation,लेख में कहा गया है कि सभी लापता लोगों को सुरक्षित बचा लिया गया था।,लेख में स्पष्ट रूप से लगभग 169 लोगों के अब भी लापता होने का उल्लेख है।,लेख में कहा गया है​ कि सभी लापता लोगों को सुरक्षित बचा लिया गया था।,,REF,REF,REF,False,no_flip,,,False,
351,CA_CHAR_05_HomoglyphPerturbation,भोजन को ठीक पांच मिनट गर्म करने से हर रोगजनक नष्ट हो जाता है।,"डब्ल्यूएचओ सुरक्षित भोजन प्रथाओं की चर्चा करता है, लेकिन हर भोजन और रोगजनक के लिए पांच मिनट की सार्वभौमिक गारंटी नहीं देता।",भोजन को ठीक पा​ंच मिनट गर्म करने से हर रोगजनक नष्ट हो जाता है।,,NEI,REF,REF,False,baseline_failure,,,False,
352,CA_CHAR_05_HomoglyphPerturbation,लोकसभा चुनाव 2019 में NOTA का वोट-शेयर 1.06 प्रतिशत था।,निर्वाचन आयोग के एटलस में 2019 के लोकसभा चुनाव में NOTA वोट-शेयर 1.06 प्रतिशत बताया गया है।,लोकसभा चुनाव 2019 में NOTA का वो​ट-शेयर 1.06 प्रतिशत था।,,SUP,SUP,SUP,False,no_flip,,,False,
353,CA_CHAR_05_HomoglyphPerturbation,एंटीबायोटिक दवाएं सर्दी-जुकाम और फ्लू जैसे वायरल संक्रमणों को जल्दी ठीक कर देती हैं।,"विश्व स्वास्थ्य संगठन (डब्ल्यूएचओ) के अनुसार, एंटीबायोटिक्स वायरस के खिलाफ काम नहीं करते हैं; वे केवल जीवाणु (जीवाणुजनित) संक्रमण के इलाज में प्रभावी हैं।",एंटीबा​योटिक दवाएं सर्दी-जुकाम और फ्लू जैसे वायरल संक्रमणों को जल्दी ठीक कर देती हैं।,,REF,REF,REF,False,no_flip,,,False,
354,CA_CHAR_05_HomoglyphPerturbation,'द इंडिया स्टोरी' ने दूसरे दिन 25 लाख रुपये की नेट कमाई की।,इंडिया टीवी: 'द इंडिया स्टोरी' ने दूसरे दिन भारत में 25 लाख रुपये की नेट कमाई की।,'द इंडिया स्टोरी' ने दूसरे दिन 25 लाख रुपये की नेट कमाई की​।,,SUP,SUP,SUP,False,no_flip,,,False,
355,CA_CHAR_05_HomoglyphPerturbation,"15 मई 2024 तक cVIGIL पर मिली 4,23,908 शिकायतों का निपटारा हो चुका था।","पीआईबी के अनुसार cVIGIL के माध्यम से मिली शिकायतों में 4,23,908 शिकायतों का निपटारा किया जा चुका था।","15 मई 2024 तक cVIGIL पर मिली 4,23,908 शिकायतों का निपटारा​ हो चुका था।",,SUP,SUP,SUP,False,no_flip,,,False,
356,CA_CHAR_05_HomoglyphPerturbation,पात्र सर्विस मतदाताओं के लिए इलेक्ट्रॉनिक ट्रांसमिटेड पोस्टल बैलेट सिस्टम (ईटीपीबीएस) लागू है।,निर्वाचन आयोग के ईटीपीबीएस पृष्ठ में पात्र सर्विस मतदाताओं के लिए इलेक्ट्रॉनिक रूप से प्रेषित डाक मतपत्र प्रणाली के कार्यान्वयन का विवरण है।,पात्र सर्विस मतदाताओं के​ लिए इलेक्ट्रॉनिक ट्रांसमिटेड पोस्टल बैलेट सिस्टम (ईटीपीबीएस) लागू है।,,SUP,SUP,SUP,False,no_flip,,,False,
357,CA_CHAR_05_HomoglyphPerturbation,लेख के अनुसार कौंज गांव में अब भूस्खलन पूरी तरह रुक गया है और किसी प्रकार का खतरा नहीं है।,लेख में स्पष्ट रूप से बताया गया है कि गांव के निचले हिस्से में अभी भी भूस्खलन जारी है।,लेख के अनुसार कौंज गांव में अब भूस्खलन पूरी तरह रुक गया है और किसी प्रकार का ख़तरा नहीं है।,,REF,REF,REF,False,no_flip,,,False,
358,CA_CHAR_05_HomoglyphPerturbation,लेख में विद्यार्थियों को भूकंप के समय भवन के भीतर ही रहने की सलाह दी गई है।,लेख में स्पष्ट रूप से खुले मैदान में जाने की सलाह दी गई है।,लेख में विद्यार्थियों को भूकंप के समय भवन के भी​तर ही रहने की सलाह दी गई है।,,REF,REF,REF,False,no_flip,,,False,
359,CA_CHAR_05_HomoglyphPerturbation,वायरल संदेश में शाहरुख खान के नाना के बारे में किया गया दावा सही नहीं है।,"उपलब्ध ऐतिहासिक रिकॉर्ड बताते हैं कि शाहरुख खान के सगे नाना इफ्तिखार अहमद थे, जबकि शाहनवाज खान आज़ाद हिंद फ़ौज से जुड़े अधिकारी थे। वायरल संदेश में दोनों के संबंध को गलत तरीके से प्रस्तुत किया गया।",वायरल संदेश में शाहरुख खान के ना​ना के बारे में किया गया दावा सही नहीं है।,,SUP,SUP,SUP,False,no_flip,,,False,
360,CA_CHAR_05_HomoglyphPerturbation,प्रधानमंत्री रोजगार सृजन कार्यक्रम बैंक ऋण पर मार्जिन मनी सब्सिडी देकर सूक्ष्म उद्यमियों की सहायता करता है।,पीआईबी हिंदी सामग्री पीएमईजीपी को बैंक ऋण पर मार्जिन मनी सब्सिडी प्रदान करके सूक्ष्म उद्यमियों की सहायता करने वाली योजना बताती है।,प्रधानमंत्री रोजगार सृजन कार्यक्रम बैंक ऋण पर मार्जिन मनी​ सब्सिडी देकर सूक्ष्म उद्यमियों की सहायता करता है।,,SUP,SUP,SUP,False,no_flip,,,False,
361,CA_CHAR_05_HomoglyphPerturbation,सकारात्मक सोच रखने से कैंसर होने का जोखिम कम हो जाता है और कैंसर से जीवित रहने की संभावना बढ़ जाती है।,अमेरिकी राष्ट्रीय कैंसर संस्थान के अनुसार किसी व्यक्ति के सकारात्मक या नकारात्मक रवैये को कैंसर होने या उससे मृत्यु के जोखिम से जोड़ने वाला ठोस वैज्ञानिक प्रमाण नहीं है।,सकारात्मक सोच रखने से कैंसर होने का जोखिम कम हो​ जाता है और कैंसर से जीवित रहने की संभावना बढ़ जाती है।,,REF,REF,REF,False,no_flip,,,False,
362,CA_CHAR_05_HomoglyphPerturbation,प्रधानमंत्री सभी नागरिकों को मुफ्त मोबाइल रिचार्ज देने की योजना चला रहे हैं।,आकाशवाणी समाचार की हिंदी रिपोर्ट में पीआईबी फैक्ट चेक के हवाले से वायरल वीडियो को एआई-निर्मित और फर्जी बताया गया है।,प्रधानमंत्री सभी नागरिकों को मुफ्त मोबाइल रिचार्ज देने​ की योजना चला रहे हैं।,,REF,REF,REF,False,no_flip,,,False,
363,CA_CHAR_05_HomoglyphPerturbation,उच्च रक्तचाप वाले हर व्यक्ति को भविष्य में स्ट्रोक होगा।,"डब्ल्यूएचओ उच्च रक्तचाप को जोखिम कारक बताता है, लेकिन हर व्यक्ति में स्ट्रोक होना निश्चित नहीं बताता।",उच्च रक्तचाप वाले हर व्यक्ति को भविष्य में स्ट्रो​क होगा।,,NEI,REF,REF,False,baseline_failure,,,False,
364,CA_CHAR_05_HomoglyphPerturbation,जनवरी 2026 तक प्रधानमंत्री उज्ज्वला योजना के लाभार्थियों की संख्या लगभग 10.41 करोड़ थी।,पीआईबी हिंदी पृष्ठ में जनवरी 2026 तक पीएमयूवाई लाभार्थियों की संख्या लगभग 10.41 करोड़ होने की जानकारी है।,जनवरी 2026 तक प्रधानमंत्री उज्ज्वला योजना के लाभार्थियों की संख्या​ लगभग 10.41 करोड़ थी।,,SUP,SUP,SUP,False,no_flip,,,False,
365,CA_CHAR_05_HomoglyphPerturbation,"पश्चिम बंगाल में ‘बुलडोजर एक्शन’ का दावा झूठा, बांग्लादेश का वीडियो भ्रामक दावे के साथ वायरल।","बांग्लादेश में अतिक्रमण हटाओ कार्रवाई के वीडियो को सोशल मीडिया पर बंगाल का बताकर किया गया शेयर। बंगाल में चल रहे ताबड़तोड़ बुलडोजर एक्शन के बीच एक वीडियो सोशल मीडिया पर तेजी से वायरल हो रहा है। वीडियो में एक शख्स को बिलखते हुए रोते हुए दिखाया गया है। दावा किया जा रहा है कि यह पश्चिम बंगाल का वीडियो है। जहां उस शख्स के घर पर बुलडोजर चलने से वो रो रहा है। पोस्ट के साथ कैप्शन लिखा गया है… इनकंगालुओंकोदहाड़ेंमारमारकररोतादेखकरदिलकोबहुतअधिकसुकूनमिलरहाहै#WestBengal #बंगाल#TMC #MamataBanerjee फेसबुक पोस्ट।आर्काइव पोस्ट अनुसंधानसेपताचलताहैकि… हमने जांच की शुरुआत में वायरल वीडियो से तस्वीर को लेकर गूगल रिवर्स इमेज पर सर्च किया। परिणाम में हमेंNews Pointनाम के फेसबुक अकाउंंट पर वायरल वीडियो देखने को मिला। यहां पर वीडियो को 21 मई को साझा किया गया है। साथ ही बताया गया है कि आंखों के सामने घर ध्वस्त हो गया, एक युवक की चीख। इसके साथ ही यहां पर हैशटैग कलशी बस्ती और बंगालादेश लिखा हुआ देख सकते हैं।कलशी बस्ती बांग्लादेश के पल्लवी क्षेत्र में स्थित है। इस आउटलेट की तरफ से कलशी इलाके में हुईबुलडोजर कार्रवाईके और भी कई वीडियोफेसबुकपर पोस्ट किए हुए देखे जा सकते हैं। फिर हमेंprothomaloकी एक रिपोर्ट मिली। यह रिपोर्ट 20 मई 2026 को प्रकाशित की गई है। रिपोर्ट में बताया गया है कि पुलिस ने बताया कि कालशी के बौनिया बांध झुग्गी बस्ती क्षेत्र में सरकारी जमीन वापस लेने के लिए चलाए गए बेदखली अभियान के दौरान स्थानीय निवासियों ने पुलिस पर हमला कर दिया था। इस घटना में कम से कम पांच से छह पुलिसकर्मी घायल हो गए। मीरपुर संभाग के उपायुक्त (डीसी) मुस्तैक सरकार ने बताया कि यह घटना बुधवार दोपहर करीब 12:30 बजे घटी। उन्होंने कहा कि बेदखली अभियान के दौरान स्थानीय निवासियों द्वारा पुलिस पर हमला करने से स्थिति तनावपूर्ण हो गई। वायरल दावे से सम्बंधित हमें और भीरिपोर्ट्समिली, जिससे पता चलता है कि सरकारी जमीन से अवैध अतिक्रमण हटाने के लिए भारी पुलिस बल की मौजूदगी में बुलडोजर कार्रवाई की गई थी। निष्कर्ष तथ्यों के जांच से यह पता चलता है कि वायरल वीडियो के साथ किया जा रहा दावा गलत है। असल में यह वीडियो बांग्लादेश का है, पश्चिम बंगाल का नहीं। Title:पश्चिम बंगाल में ‘बुलडोजर एक्शन’ का दावा झूठा, बांग्लादेश का वीडियो भ्राम","पश्चिम बंगा​ल में ‘बुलडोजर एक्शन’ का दावा झूठा, बांग्लादेश का वीडियो भ्रामक दावे के साथ वायरल।",,REF,SUP,SUP,False,baseline_failure,,,False,
366,CA_CHAR_05_HomoglyphPerturbation,आपदा में केवल 6 लोगों की मौत हुई थी।,लेख में कम से कम 65 लोगों की मौत का उल्लेख है।,आपदा में केवल 6 लोगों की​ मौत हुई थी।,,REF,REF,REF,False,no_flip,,,False,
367,CA_CHAR_05_HomoglyphPerturbation,"बिहार विशेष गहन पुनरीक्षण में संभावित मृतक मतदाताओं की संख्या 12,55,620 बताई गई थी।","पीआईबी की हिंदी विज्ञप्ति की तालिका में संभावित मृतक मतदाताओं की संख्या 12,55,620 दी गई है।","बिहार विशेष गहन पु​नरीक्षण में संभावित मृतक मतदाताओं की संख्या 12,55,620 बताई गई थी।",,SUP,SUP,SUP,False,no_flip,,,False,
368,CA_CHAR_05_HomoglyphPerturbation,मेथी के बीज भिगोकर खाने से महिलाओं में पीसीओएस की बीमारी एक महीने में जड़ से खत्म हो जाती है।,महिला स्वास्थ्य कार्यालय के अनुसार पीसीओएस एक आजीवन रहने वाली स्थिति है जिसके लक्षणों को प्रबंधित किया जा सकता है। मेथी के बीज से एक महीने में इसे जड़ से खत्म करने का कोई नैदानिक प्रमाण नहीं है।,मेथी के बीज भिगोकर खाने से महिलाओं में पीसीओएस की बीमारी एक महीने​ में जड़ से खत्म हो जाती है।,,REF,,,False,unusable_verdict,,,False,
369,CA_CHAR_05_HomoglyphPerturbation,कर्नाटक विधानसभा चुनाव 2023 के दौरान निर्वाचन आयोग ने राष्ट्रीय और राज्य दलों तथा उम्मीदवारों को प्रचार में संयम बरतने की चेतावनी दी थी।,पीआईबी की विज्ञप्ति में निर्वाचन आयोग द्वारा कर्नाटक चुनाव के दौरान राष्ट्रीय व राज्य दलों और उम्मीदवारों को सावधानी व संयम बरतने की चेतावनी का उल्लेख है।,कर्नाटक विधानसभा चुनाव 2023 के दौरान निर्वाचन आयोग ने राष्ट्रीय और राज्य दलों तथा उम्मीदवारों को प्रचार में संयम बरतने की चेतावनी दी​ थी।,,SUP,SUP,SUP,False,no_flip,,,False,
370,CA_CHAR_05_HomoglyphPerturbation,यूट्यूबर अनुराग डोभाल ने पत्नी पर धोखा देने का आरोप लगाया।,"टीवी9 भारतवर्ष: यूट्यूबर अनुराग डोभाल ने एक वीडियो जारी करके कई कॉल रिकॉर्डिंग, चैट के स्क्रीन शॉट साझा किए हैं और बताया है कि उनकी वाइफ रितिका चौहान ने उन्हें धोखा दिया है. उनका कहना है कि लंबे समय तक उन्होंने अपने बच्चे और लगाव, प्यार की वजह से सारी चीजों को छुपाकर रखा था. इसके अलावा कोई आधिकारिक पुष्टि दर्ज नहीं है।",यूट्यूबर अनुरा​ग डोभाल ने पत्नी पर धोखा देने का आरोप लगाया।,,NEI,,,False,baseline_failure,,,False,
371,CA_CHAR_05_HomoglyphPerturbation,मई 2026 तक पोषण ट्रैकर में 8.93 करोड़ से अधिक लाभार्थी पंजीकृत थे।,पीआईबी की हिंदी विज्ञप्ति में मई 2026 तक पोषण ट्रैकर पर 8.93 करोड़ से अधिक लाभार्थियों के पंजीकरण का उल्लेख है।,मई 2026 तक पोषण ट्रैकर में 8.93 करोड़ से अधिक लाभार्थी पंजी​कृत थे।,,SUP,,,False,unusable_verdict,,,False,
372,CA_CHAR_05_HomoglyphPerturbation,कम मतदान वाले क्षेत्रों के लिए सभी जगह एक जैसी कार्ययोजना अपनाने का निर्देश था।,पीआईबी की विज्ञप्ति में मुख्य चुनाव आयुक्त ने स्पष्ट कहा कि 'सभी के लिए एक ही तरह की रणनीति' से परिणाम नहीं मिलेंगे और शहरी-ग्रामीण क्षेत्रों के लिए अलग रणनीतियां बनें।,कम मतदान वाले क्षेत्रों के लिए सभी जगह एक जैसी का​र्ययोजना अपनाने का निर्देश था।,,REF,,,False,unusable_verdict,,,False,
373,CA_CHAR_05_HomoglyphPerturbation,प्रियंका चोपड़ा ने CJP के फाउंडर अभिजीत दीपक को इंस्टाग्राम पर किया फॉलो।,"प्रभात खबर की रिपोर्ट के अनुसार, नीट प्रोटेस्ट को लेकर मचे विवाद के बीच बॉलीवुड अभिनेत्री प्रियंका चोपड़ा ने CJP के संस्थापक अभिजीत दिपके को इंस्टाग्राम पर फॉलो किया है। खबर में यही जानकारी स्पष्ट रूप से दर्ज है।",प्रियंका चोपड़ा ने CJP के फाउंडर अभिजीत दीपक को इंस्टाग्राम पर कि​या फॉलो।,,SUP,,,False,baseline_failure,,,False,
374,CA_CHAR_05_HomoglyphPerturbation,"फॉर्म 8 का उपयोग मतदाता सूची में पहले से दर्ज नाम को स्थानांतरित करने, प्रविष्टि सुधारने, ईपीआईसी बदलने या दिव्यांग मतदाता अंकित करने के लिए किया जाता है।",निर्वाचन आयोग के FAQ में फॉर्म 8 के इन्हीं उपयोगों का उल्लेख है।,"फॉर्म 8 का उपयोग मतदाता सूची मे​ं पहले से दर्ज नाम को स्थानांतरित करने, प्रविष्टि सुधारने, ईपीआईसी बदलने या दिव्यांग मतदाता अंकित करने के लिए किया जाता है।",,SUP,SUP,SUP,False,no_flip,,,False,
375,CA_CHAR_05_HomoglyphPerturbation,सड़क परिवहन एवं राजमार्ग मंत्रालय की रिपोर्ट के अनुसार वर्ष 2024 में भारत में सड़क दुर्घटनाओं में 1.77 लाख से अधिक लोगों की मृत्यु हुई।,"रिपोर्ट के मुताबिक 2024 में देश भर में करीब 4.87 लाख सड़क दुर्घटनाएं दर्ज की गईं, जिनमें 1,77,175 लोगों की जान गई और 4,71,441 लोग घायल हुए।",सड़क परिवहन एवं राजमार्ग मंत्रालय की रिपोर्ट के अनुसार वर्ष 2024 में भारत में सड़क दुर्घटनाओं में 1.77 लाख़ से अधिक लोगों की मृत्यु हुई।,,SUP,,,False,unusable_verdict,,,False,
376,CA_CHAR_05_HomoglyphPerturbation,प्रधानमंत्री मुद्रा योजना के तहत लगभग 68 प्रतिशत ऋण महिला उद्यमियों को स्वीकृत किए गए थे।,पीआईबी की हिंदी विज्ञप्ति में प्रधानमंत्री मुद्रा योजना के अंतर्गत लगभग 68 प्रतिशत ऋण महिला उद्यमियों को स्वीकृत होने की जानकारी है।,प्रधानमंत्री मुद्रा योजना के तहत लगभग 68 प्रतिशत ऋण महिला उद्यमियों को स्वीकृत कि​ए गए थे।,,SUP,SUP,SUP,False,no_flip,,,False,
377,CA_CHAR_05_HomoglyphPerturbation,अभिषेक बच्चन और ऐश्वर्या राय को न्यूयॉर्क में साथ देखा गया।,प्रभात खबर ने केवल इतना बताया कि अभिषेक बच्चन और ऐश्वर्या राय बच्चन को हाल ही में न्यूयॉर्क में एक साथ स्पॉट किया गया. बाकी विवरण अनुपलब्ध है।,अभिषेक बच्चन और ऐश्वर्या राय को न्यूयॉर्क में सा​थ देखा गया।,,SUP,,,False,unusable_verdict,,,False,
378,CA_CHAR_05_HomoglyphPerturbation,छत्तीसगढ़ में रिश्वत लेते पकड़े गए सब-इंस्पेक्टर का वीडियो CJP से जोड़कर भ्रामक दावे से वायरल।,"रिश्वत लेते पकड़े गए पुलिसकर्मी का वीडियो कॉकरोच जनता पार्टी से सम्बंधित नहीं, वायरल दावा सरासर फर्जी। इंटरनेट पर एक पुलिसकर्मी की जेब से पैसे निकालते लोगों का वीडियो तेजी से साझा किया जा रहा है। दावा किया जा रहा है कि सुप्रीम कोर्ट के मुख्य न्यायाधीश जस्टिस सूर्यकांत की टिप्पणी के बाद बने नवगठित डिजिटल ग्रुप कॉकरोच जनता पार्टी के सदस्यों ने छत्तीसगढ़ में 30,000 की रिश्वत लेते एक दरोगा को पकड़ा है। दरअसल अभी हाल ही में भारत के मुख्य न्यायाधीश सूर्यकांत ने एक अदालती सुनवाई के दौरान एक टिप्पणी की थी, जिसमें उन्होंने कथित तौर पर ऑनलाइन सक्रियता की आड़ में संस्थानों पर हमला करने वाले कुछ बेरोजगार युवाओं की तुलना “कॉकरोच” से की थी। हालांकि सीजेआई ने बाद में स्पष्ट किया कि उनकी यह टिप्पणी फर्जी डिग्रियों वाले व्यक्तियों के लिए थीं। तो इसी मौजूदा संदर्भ से जोड़कर यह वीडियो साझा किया जा रहा है। यूज़र ने वायरल वीडियो के साथ कैप्शन लिखा है… 30हजारकीरिश्वतलेतेहुएदरोगाकोधरलिया🚨“कॉकरोचजनतापार्टी”नेसड़े–गलेसिस्टमकीसफाईकाअभियानतेजकरदियाहै।छत्तीसगढ़में30,000कीरिश्वतलेतेहुएएकदरोगारंगेहाथोंपकड़ागया।भ्रष्टाचारपरचोटजारीहै,जनताअबजवाबमांगरहीहै। फेसबुक पोस्ट।आर्काइव पोस्ट अनुसंधानसेपताचलताहैकि… हमने जांच की शुरुआत में वायरल वीडियो से फ्रेम लेकर रिवर्स इमेज सर्च किया। परिणाम में हमेंन्यूज़24की तरफ से 26 फरवरी, 2026 की एक इंस्टाग्राम पोस्ट मिली, जिसमें उसी वायरल फुटेज को देखा जा सकता है। पोस्ट में बताया गया था कि वीडियो में छत्तीसगढ़ में एसीबी की तरफ से एक ऑपरेशन को अंजाम दिया गया था, जब सब-इंस्पेक्टर अब्दुल मुनाफ को कथित तौर पर 25,000 रुपये की रिश्वत लेते हुए पकड़ा गया था। आगे बताया गया है कि कोरिया जिले के पौड़ी चौकी पर तैनात अब्दुल मुनाफ ने कथित तौर पर सत्येंद्र प्रजापति नामक एक किसान से हत्या के मामले में फंसाने की धमकी देकर 50,000 रुपये की मांग की थी। जब किसान SI को 25 हजार कैश देने पहुंचा तो ACB ने रंगे हाथों पकड़ लिया था। फिर हमेंनवभारत टाइम्सकी 26 फरवरी, 2026 की एक और रिपोर्ट भी मिली। इसमें हमें वहीं दृश्य दिखाई दिए थें, जिससे यह पुष्टि हुई थी कि फुटेज छत्तीसगढ़ में एसीबी के एक आधिकारिक ऑपरेशन का ही है। इसके अलावाNewsX Worldकी तरफ से 26 फरवरी 2026 को वीडियो पोस्ट करते हुए लिखा गया थ",छत्तीसगढ़ में रिश्वत लेते पकड़े गए सब-इंस्पेक्टर का वीडियो CJP से​ जोड़कर भ्रामक दावे से वायरल।,,REF,REF,REF,False,no_flip,,,False,
379,CA_CHAR_05_HomoglyphPerturbation,प्रधानमंत्री गरीब कल्याण अन्न योजना के तहत अप्रैल से जून 2020 में एनएफएसए लाभार्थियों को प्रति परिवार एक किलो दाल देने का प्रावधान था।,"आधिकारिक विज्ञप्ति में अप्रैल-जून 2020 के दौरान प्रत्येक एनएफएसए परिवार को एक किलो मूंग, तुअर, चना या उड़द देने की जानकारी है।",प्रधानमंत्री गरीब कल्याण अन्न योजना के तहत अप्रैल से जून 2020 में एनएफएसए लाभार्थियों को प्रति परिवार एक किलो दाल देने का प्रावधा​न था।,,SUP,SUP,SUP,False,no_flip,,,False,
380,CA_CHAR_05_HomoglyphPerturbation,लेख के अनुसार एअर इंडिया का निजीकरण वर्ष 2024 में किया गया था।,लेख में निजीकरण का सौदा जनवरी 2022 में होने की जानकारी दी गई है।,लेख के अनुसार एअर इंडिया का निजीकरण वर्ष 2024 में किया ग़या था।,,REF,REF,REF,False,no_flip,,,False,
381,CA_CHAR_05_HomoglyphPerturbation,दिल्ली सरकार ने आयुष्मान भारत प्रधानमंत्री जन आरोग्य योजना को लागू करने के लिए समझौता ज्ञापन पर हस्ताक्षर किए।,पीआईबी की हिंदी विज्ञप्ति दिल्ली में एबी-पीएमजेएवाई के कार्यान्वयन के लिए समझौता ज्ञापन का उल्लेख करती है।,दिल्ली सरकार ने आयुष्मान भारत प्रधानमंत्री जन आरोग्य योजना को लागू करने के लिए समझौता ज़्ञापन पर हस्ताक्षर किए।,,SUP,SUP,SUP,False,no_flip,,,False,
382,CA_CHAR_05_HomoglyphPerturbation,सलमान खान ने यह गीत कैटरीना कैफ की शादी में गाया था।,"आजतक फैक्ट चेक के अनुसार यह वीडियो IIFA अवॉर्ड्स का था, कैटरीना कैफ की शादी का नहीं।",सलमान खान ने यह गीत कैटरीना कैफ की​ शादी में गाया था।,,REF,REF,REF,False,no_flip,,,False,
383,CA_CHAR_05_HomoglyphPerturbation,प्रयागराज में एक पुलिस कांस्टेबल द्वारा की गई आत्महत्या की तस्वीरों को सांप्रदायिक रंग देते हुए बरेली का बता फैलाया जा रहा है |,"सोशल मीडिया पर खून से लथपथ एक पुलिसकर्मी की तस्वीरों को साझा करते हुये ये दावा किया जा रहा है कि बरेली (उ.प्र) में मामूली चालान को लेकर कुछ मुस्लिम व्यक्तियों द्वारा इस पुलिसकर्मी का ये हाल किया गया है, तस्वीरों को देखने पर ऐसा प्रतीत होता है जैसे कि किसी ने इस पुलिसकर्मी को गोली मार दी है व पुलिसकर्मी का शरीर जमीन पर खून से सना गिरा पड़ा है| सोशल मीडिया पर वायरल पोस्ट के कैप्शन में लिखा गया है कि “बरेली सिविल लाईन्स न्यूज़ पुलिस द्वारा चालान काटने पर मुसलमानों ने उनकी पिटाई की जो कानून को चुनौती है। यह बताता है कि भविष्य में भारत का हाल भी अफगानिस्तान जैसा होने वाला है यदि अब ही हम नही जागे।” (शब्दशः) आर्काइव लिंक अनुसंधान से पता चलता है कि… फैक्ट क्रेसेंडो ने शोध कर पाया है कि इस घटना का ना तो चालान और ना ही किसी धर्म विशेष के व्यक्तियों के साथ कोई सम्बन्ध हैं, ये घटना आत्महत्या से सम्बंधित है, ये घटना व वायरल की जा रही तस्वीरें प्रयागराज में एक हेड कांस्टेबल की आत्महत्या से हैं जिन्हें गलत दावों के साथ बरेली का बता वायरल किया जा रहा है | जाँच की शुरुवात हमने वायरल हो रहे पोस्ट से संबंधित कीवर्ड सर्च करने से की, जिसके परिणाम में हमें कोई भी विश्वसनीय न्यूज़ रिपोर्ट नहीं मिली जो इस बात की पुष्टि करे की बरेली में कुछ मुस्लिम युवकों ने चालान काटने पर पुलिसकर्मी पर हमला किया हो | जाँच को आगे बढ़ाते हुये हमने गूगल पर वायरल हो रही तस्वीरों को रिवर्स इमेज सर्च किया, इसके परिणाम से हमें बरेली पुलिस द्वारा इस सम्बन्ध में जारी किया गया एक स्पष्टीकरण प्राप्त हुआ जिसके अनुसार यह मामला बरेली से नहीं बल्कि जी.आर.पी कानपूर का बताया गया है | इस ट्वीट में लिखा गया है कि इस मामले को गलत रूप से सांप्रदायिक रंग देते हुए फैलाया जा रहा है | यह घटना २० सितंबर की है जब जी.आर.पी कानपूर में नियुक्त हेड कांस्टेबल ने खुदको गोली मारते हुए आत्महत्या की थी | बरेली पुलिस ने सोशल मीडिया पर चल रहे दावे का खंडन करते हुए इसे फर्जी बताया है | #bareillypolice– Denial/खण्डन ।#UPPolice.@Uppolice.@dgpup.@UPPViralCheck.@adgzonebareilly.@igrangebareillypic.twitter.com/X9s8bXukx4 इस ट्वीट से संकेत लेते हुए हमने कीवर्ड सर्च किया जिसके परिणाम से हमेंटाइम्स ऑफ़ इंडियाऔरदैनिक भास्करद्वारा प्रकाशित खबरें मिली |",प्रयागराज में एक पुलिस कांस्टेबल द्वारा की गई आत्महत्या की तस्वीरों को सांप्रदायिक रंग देते हुए बरेली का​ बता फैलाया जा रहा है |,,REF,REF,REF,False,baseline_failure,,,False,
384,CA_CHAR_05_HomoglyphPerturbation,16 जुलाई 2026 तक प्रधानमंत्री आवास योजना-ग्रामीण के 3.08 करोड़ घरों में शौचालय उपलब्ध कराए गए थे।,पीएमएवाई-ग्रामीण संबंधी विज्ञप्ति में 16 जुलाई 2026 तक 3.08 करोड़ घरों में शौचालय उपलब्ध होने का उल्लेख है।,16 जुलाई 2026 तक प्रधानमंत्री आवास योजना-ग्रामीण के 3.08 करोड़ घरों में शौ​चालय उपलब्ध कराए गए थे।,,SUP,SUP,SUP,False,no_flip,,,False,
385,CA_CHAR_05_HomoglyphPerturbation,हादसे में केवल 5 लोग घायल हुए थे।,लेख में स्पष्ट रूप से 150 से अधिक लोगों के घायल होने की जानकारी दी गई है।,हादसे में केवल 5 लोग घायल हु​ए थे।,,REF,REF,REF,False,no_flip,,,False,
386,CA_CHAR_05_HomoglyphPerturbation,अस्थमा के दौरान फेफड़ों की वायुमार्गें पूरी तरह सामान्य और अप्रभावित रहती हैं।,विश्व स्वास्थ्य संगठन के अनुसार छोटी वायुमार्गों में सूजन और संकुचन अस्थमा के लक्षण पैदा करते हैं।,अस्थमा के दौरान फेफड़ों की वायुमार्गें पूरी तरह सा​मान्य और अप्रभावित रहती हैं।,,REF,REF,REF,False,no_flip,,,False,
387,CA_CHAR_05_HomoglyphPerturbation,उपजिलाधिकारी भगत सिंह फोनिया ने बताया कि राजस्व टीम को मौके पर भेज दिया गया है और नुकसान का आकलन किया जा रहा है।,लेख में उपजिलाधिकारी के हवाले से यही जानकारी दी गई है।,उपजिलाधिकारी भगत सिंह फोनिया ने बताया कि रा​जस्व टीम को मौके पर भेज दिया गया है और नुकसान का आकलन किया जा रहा है।,,SUP,SUP,SUP,False,no_flip,,,False,
388,CA_CHAR_05_HomoglyphPerturbation,कमल हासन ने छात्रों के विरोध-प्रदर्शन पर लाठीचार्ज का विरोध किया।,अमर उजाला के अनुसार केवल इतना पता है कि नीट पेपर लीक मामले को लेकर देश भर में विरोध प्रदर्शन जारी हैं। इससे आगे कोई आधिकारिक पुष्टि या आंकड़े नहीं दिए गए।,कमल हासन ने छात्रों के विरोध-प्रदर्शन पर लाठीचार्ज का विरोध किया​।,,NEI,NEI,NEI,False,no_flip,,,False,
389,CA_CHAR_05_HomoglyphPerturbation,'कॉकटेल 2' की कहानी और किरदार कमजोर हैं।,"प्रभात खबर के अनुसार, खूबसूरत लोकेशंस, ग्लैमरस एक्टर्स,स्टाइलिश ट्रीटमेंट हैं इसके बावजूद कॉकटेल 2 बढ़िया नहीं बन पाया है क्योंकि फिल्म की कहानी कमजोर है. — इससे अधिक जानकारी रिपोर्ट में शामिल नहीं है।",'कॉकटेल 2' की कहानी और किरदार कमज़ोर हैं।,,NEI,SUP,SUP,False,baseline_failure,,,False,
390,CA_CHAR_05_HomoglyphPerturbation,दीनदयाल अंत्योदय योजना-राष्ट्रीय ग्रामीण आजीविका मिशन ग्रामीण विकास मंत्रालय का प्रमुख गरीबी उन्मूलन कार्यक्रम है।,विज्ञप्ति में डीएवाई-एनआरएलएम को ग्रामीण विकास मंत्रालय द्वारा चलाया जा रहा प्रमुख गरीबी उन्मूलन कार्यक्रम कहा गया है।,दीनदयाल अंत्योदय योजना-राष्ट्रीय ग़्रामीण आजीविका मिशन ग्रामीण विकास मंत्रालय का प्रमुख गरीबी उन्मूलन कार्यक्रम है।,,SUP,SUP,SUP,False,no_flip,,,False,
391,CA_CHAR_05_HomoglyphPerturbation,कंगना रनौत की फिल्म Emergency को ऑस्कर 2025 के लिए भारत की आधिकारिक एंट्री चुना गया।,एबीपी न्यूज़ की रिपोर्ट में बताया गया कि ऑस्कर 2025 के लिए भारत की आधिकारिक एंट्री Laapataa Ladies चुनी गई। Emergency को आधिकारिक भारतीय प्रविष्टि बताए जाने का उल्लेख नहीं था।,कंगना रनौत की फिल्म Emergency को​ ऑस्कर 2025 के लिए भारत की आधिकारिक एंट्री चुना गया।,,REF,REF,REF,False,no_flip,,,False,
392,CA_CHAR_05_HomoglyphPerturbation,मार्च 2026 तक प्रधानमंत्री जन धन योजना के खातों की संख्या 57.71 करोड़ हो गई थी।,पीआईबी हिंदी प्रेस नोट के अनुसार पीएमजेडीवाई खातों की संख्या 2015 के 14.72 करोड़ से बढ़कर मार्च 2026 तक 57.71 करोड़ हो गई थी।,मार्च 2026 तक प्रधानमंत्री जन धन योजना के खातों की संख्या 57.71 करोड़ हो​ गई थी।,,SUP,SUP,SUP,False,no_flip,,,False,
393,CA_CHAR_05_HomoglyphPerturbation,शाहरुख खान ने 'जवान' के प्रचार के दौरान साउथ फिल्मों को कमतर बताया।,"रिपोर्ट में वायरल क्लिप और बयान की जांच की गई, लेकिन ऐसा कोई पूरा इंटरव्यू नहीं मिला जिसमें शाहरुख खान ने साउथ सिनेमा को नीचा बताया हो। प्रचार के दौरान उन्होंने एटली, नयनतारा और दक्षिण भारतीय कलाकारों की प्रशंसा की थी।",शाहरुख खान ने 'जवा​न' के प्रचार के दौरान साउथ फिल्मों को कमतर बताया।,,REF,REF,REF,False,no_flip,,,False,
394,CA_CHAR_05_HomoglyphPerturbation,पांच साल से ज्यादा पुरानी घटना को हाल-फिलहाल का बताकर भ्रम फैलाया जा रहा है…,"सोशल मीडिया पर एक शख्स को पीटते हुए पुलिसकर्मी की तस्वीर तेजी से वायरल हो रही है। तस्वीर को सांप्रदायिक रंग देते हुए शेयर कर दावा किया जा रहा है कि मध्य प्रदेश के रीवा के मंदिर में नवरात्र के दिन एक पुजारी दीपक जलाने आया हुआ था। इसी दौरान रीवा के एसपी आबिद खान ने मंदिर में पुजारी के साथ मारपीट की। वायरल पोस्ट के साथ यूजर ने लिखा है- माँ के नवरात्रि का अंतिम दिन है., अकेला दीपक जलाने आया हूँ साहब। रामनवमी है सर।”मध्यप्रदेश में रीवा के मन्दिर में अकेले पूजा कर रहे पुजारी को बेरहमी से पीटा। जल से भरा बर्तन लात मार कर फेंक दिया गया, और पूजा क्षेत्र को बूंट पहन के तबियत से कुचला गया है।बताते चले रीवा पुलिस के SP #आबिद_खान हैं। प्रत्येक हिन्दू का यह कर्तव्य है कि वह उक्त आरोपी को बर्खास्त कराने के लिए अपना योगदान दे। फेसबुक अनुसंधान से पता चलता है कि… पड़ताल की शुरुआत में हमने वायरल तस्वीर का रिवर्स इमेज सर्च किया। परिणाम में हमें अप्रैल 2020 में छपीदैनिक भास्कर की खबर मिली। यहां पर वायरल तस्वीर का इस्तेमाल किया गया है। यहां ये तो स्पष्ट है कि वायरल तस्वीर हाल का नहीं है। प्रकाशित खबर के अनुसार रीवा में एक पुजारी लॉकडाउन के दौरान ढेकहा मोहल्ले में स्थित देवी मंदिर में भीड़ जमा करके वहां पूजा-पाठ कर रहा था। इसकी सूचना मिलते ही पुलिस मंदिर पहुंच गई थी और वहां से लोगों को भगा दिया गया था। लेकिन इसी दौरान सिविल लाइन थाना प्रभारी राजकुमार मिश्रा ने पुजारी की पिटाई कर दी थी।उन्होंने पूजा का सामान भी बिखेर दिया था। मिली जानकारी की मदद लेते हुए आगे का सर्च करने पर वायरल तस्वीर का खबर हमेंनवभारत टाइम्सकी वेबसाइट पर भी मिली। 3 अप्रैल 2020 को प्रकाशित रिपोर्ट के अनुसार, घटना रीवा जिले के ढेकहा स्थित देवी मंदिर परिसर की है। जहां पर लॉकडाउन के नियमों का उल्लंघन करने की वजह से पुलिस ने पुजारी पर बर्बरता पूर्ण कार्रवाई की। तत्कालीन थाना प्रभारी निरीक्षक राजकुमार मिश्रा ने पुजारी को बेरहमी से पीटा था। फिर लोगों ने इस बर्बरता पूर्ण कार्रवाई की शिकायत तत्कालीन डीजीपी विवेक जौहरी से की। इसके अलावा हमें दावे से जुड़ी एक पोस्ट मध्य प्रदेश जनसंपर्क केआधिकारिक एक्स अकाउंटपर मिली। पोस्ट 3 अप्रैल 2020 को की गई थी। जिसमें ये स्पष्ट किया गया है कि फोटो में जो पुलिसकर्मी दिखाई दे रहे हैं वह रीव",पांच साल से ज्यादा पुरानी घटना को हाल-फिलहाल का बताकर भ्रम फैलाया जा रहा​ है…,,REF,REF,REF,False,baseline_failure,,,False,
395,CA_CHAR_05_HomoglyphPerturbation,केंद्र सरकार ने वायनाड भूस्खलन को तुरंत राष्ट्रीय आपदा घोषित कर दिया।,"लेख में केवल मांग की वैधता की जांच की बात कही गई है, घोषणा की नहीं।",केंद्र सरकार ने वायनाड भूस्खलन को तुरंत रा​ष्ट्रीय आपदा घोषित कर दिया।,,REF,REF,REF,False,no_flip,,,False,
396,CA_CHAR_05_HomoglyphPerturbation,लोकसभा चुनाव 2024 के लिए उत्तर प्रदेश में सबसे अधिक 302 दिव्यांग-प्रबंधित मतदान केंद्र स्थापित किए गए थे।,पीआईबी की विज्ञप्ति में उत्तर प्रदेश में 302 दिव्यांग मानवयुक्त मतदान केंद्रों को सबसे अधिक बताया गया है।,लोकसभा चुनाव 2024 के लिए उत्तर प्रदेश में सबसे अधिक 302 दि​व्यांग-प्रबंधित मतदान केंद्र स्थापित किए गए थे।,,SUP,SUP,SUP,False,no_flip,,,False,
397,CA_CHAR_05_HomoglyphPerturbation,एक्सपायरी डेट दवा की सुरक्षा और प्रभावशीलता की निर्माता द्वारा गारंटी की अंतिम तारीख होती है।,"अमेरिकी खाद्य एवं औषधि प्रशासन के अनुसार दवा की समाप्ति तिथि उस अवधि को दर्शाती है जिसमें, लेबल पर बताई भंडारण स्थितियों में रखने पर, उत्पाद की शक्ति, गुणवत्ता और शुद्धता स्थिर रहने की जानकारी उपलब्ध है।",एक्सपायरी डेट दवा की सुरक्षा और प्रभावशीलता की निर्माता द्वारा गारंटी की अंतिम तारीख़ होती है।,,SUP,SUP,SUP,False,no_flip,,,False,
398,CA_CHAR_05_HomoglyphPerturbation,राखी सावंत के खिलाफ कोई कानूनी मामला दर्ज नहीं था और उनकी अस्पताल वाली तस्वीरें सिर्फ फिल्म प्रमोशन थीं।,"भास्कर की रिपोर्ट में राखी सावंत की तबीयत, अस्पताल में भर्ती होने और उनके पूर्व पति से जुड़े कानूनी विवादों का जिक्र किया गया। लेख में इसे फिल्म प्रमोशन बताने वाला निष्कर्ष नहीं दिया गया।",राखी सावंत के खिलाफ कोई कानूनी मामला दर्ज़ नहीं था और उनकी अस्पताल वाली तस्वीरें सिर्फ फिल्म प्रमोशन थीं।,,REF,REF,REF,False,no_flip,,,False,
399,CA_CHAR_05_HomoglyphPerturbation,लोकसभा चुनाव 2024 के सातवें चरण में 8 राज्यों/केंद्र शासित प्रदेशों से 904 उम्मीदवार चुनाव मैदान में थे।,पीआईबी की हिंदी विज्ञप्ति में सातवें चरण के लिए 8 राज्यों/केंद्र शासित प्रदेशों से 904 उम्मीदवारों के चुनाव मैदान में होने की जानकारी है।,लोकसभा चुनाव 2024 के सातवें चरण में 8 राज्यों/केंद्र शासित प्रदेशों से 904 उम्मीदवार चुनाव मैदान में थे​।,,SUP,SUP,SUP,False,no_flip,,,False,
400,CA_CHAR_05_HomoglyphPerturbation,"खान सर के पुराने इंटरव्यू की क्लिप को पटना फायरिंग मामले से जोड़कर वायरल, दावा फर्जी….","बिहार की राजधानी पटना के ‘खान ग्लोबल स्टडीज’ परिसर के पास हवाई फायरिंग के मामले में कोचिंग संचालक ‘खान सर’ और उनके सुरक्षा गार्ड के विरुद्ध एफआईआर दर्ज की गई थी। फिलहाल इस मामले में पटना सिविल कोर्ट ने खान सर की गिरफ्तारी पर अंतरिम रोक लगा दी है।इसी बीच सोशल मीडिया पर खान सर का एक वीडियो तेजी से शेयर किया जा रहा है, जिसमें खान सर से फरार होने पर रिपोर्टर सवाल कर रहे हैं। वीडियो को शेयर कर दावा किया जा रहा है कि खान सर का यह इंटरव्यू हाल की फायरिंग की घटना के बाद का है। इसमें खान सर को मीडिया पर सवाल खड़ा करते हुए और अपने फरार होने के सवाल पर जवाब देते हुए देखा जा सकता है। वायरल वीडियो के साथ यूजर ने लिखा है- मीडिया वालों ने बहुत झूठी खबर फैलाई थी कि ,खान सर फरार हो गए हैं सुनिए खान सर खुद को क्या बोल रहे हैं…. फेसबुक।आर्काइव अनुसंधान से पता चलता है कि… पड़ताल की शुरुआत में हमने वायरल वीडियो के तस्वीरों का रिवर्स इमेज सर्च किया, परिणाम में हमें‘काबिल न्यूज’यूट्यूब चैनल पर 4 अगस्त 2024 को खान सर का ये वीडियो अपलोड किया हुआ मिला। इससे ये साफ है कि वीडियो हाल ही का नहीं है। यहं पर वायरल वीडियो का इंटरव्यू अपलोड किया गया था। जांच में पता चला कि करीब 17 मिनट के इंटरव्यू के प्रीव्यू वाले भाग को एडिट करके अब वायरल किया गया है। खान सर कोचिंग हमला- राजधानी पटना के कोचिंग हब मुसल्लहपुर हाट में स्थित खान ग्लोबल स्टडीज पर हुए हमले ने पूरे बिहार में चर्चा छेड़ दी है। मंगलवार रात हुई पथराव और तोड़फोड़ की घटना के बाद न केवल छात्रों में आक्रोश है, बल्कि कोचिंग संस्थानों के बीच बढ़ती प्रतिस्पर्धा को लेकर भी सवाल उठने लगे हैं। पुलिस ने मामले में ज्ञान बिंदु कोचिंग के संचालक रोशन आनंद समेत तीन लोगों को गिरफ्तार किया है, जबकि जांच अभी जारी है। प्रारंभिक जांच में सामने आई जानकारियां बताती हैं कि विवाद की जड़ दोनों संस्थानों के बीच लंबे समय से चली आ रही प्रतिस्पर्धा है। निष्कर्ष– तथ्य-जांच के बाद हमने पाया कि , अगस्त 2024 के इंटरव्यू के एक हिस्से को खान सर का वर्तमान बयान बताकर वायरल किया गया है। इसका पटना फायरिंग मामले से कोई संबंध नहीं है। Title:खान सर के पुराने इंटरव्यू की क्लिप को पटना फायरिंग मामले से जोड़कर वायरल, दावा फर्जी…. Fact Check By:Sarita Samal Result:Misleading","खान सर के पुराने इंटरव्यू की​ क्लिप को पटना फायरिंग मामले से जोड़कर वायरल, दावा फर्जी….",,REF,REF,REF,False,baseline_failure,,,False,
401,CA_CHAR_05_HomoglyphPerturbation,केंद्र सरकार अगले शैक्षणिक वर्ष में 'वन स्टूडेंट वन लैपटॉप योजना' शुरू करेगी।,वनइंडिया हिंदी फैक्ट चेक केवल यह स्पष्ट करता है कि ऐसी कोई योजना वर्तमान में संचालित नहीं हो रही है; भविष्य के किसी शैक्षणिक वर्ष के लिए घोषणा का प्रमाण नहीं देता।,केंद्र सरकार अगले शैक्षणिक वर्ष में 'वन स्टूड़ेंट वन लैपटॉप योजना' शुरू करेगी।,,NEI,REF,REF,True,flip,5,True,False,
402,CA_CHAR_05_HomoglyphPerturbation,प्रधानमंत्री मुद्रा योजना के तहत 27 मार्च 2026 तक 57 करोड़ से अधिक खाते खोले जा चुके थे।,आधिकारिक विज्ञप्ति में पीएमएमवाई के तहत 27 मार्च 2026 तक 57 करोड़ से अधिक खाते खुलने का उल्लेख है।,प्रधानमंत्री मुद्रा योजना के तहत 27 मा​र्च 2026 तक 57 करोड़ से अधिक खाते खोले जा चुके थे।,,SUP,SUP,SUP,False,no_flip,,,False,
403,CA_CHAR_05_HomoglyphPerturbation,"प्रधानमंत्री-आयुष्मान भारत स्वास्थ्य अवसंरचना मिशन के लिए वित्त वर्ष 2021-22 से 2025-26 तक 32,928.82 करोड़ रुपये स्वीकृत किए गए थे।","पीआईबी हिंदी पृष्ठ में पीएम-एबीएचआईएम के लिए पांच वर्षों की अवधि में 32,928.82 करोड़ रुपये स्वीकृत होने का उल्लेख है।","प्रधानमंत्री-आयुष्मान भारत स्वास्थ्य अवसंरचना मिशन के लि​ए वित्त वर्ष 2021-22 से 2025-26 तक 32,928.82 करोड़ रुपये स्वीकृत किए गए थे।",,SUP,SUP,SUP,False,no_flip,,,False,
404,CA_CHAR_05_HomoglyphPerturbation,सात लाख रुपये की साइबर ठगी के मामले में दिल्ली पुलिस ने राज भक्त को गिरफ्तार किया।,दिल्ली पुलिस ने जादूगोड़ा पुलिस की सहायता से राज भक्त को गिरफ्तार किया।,सात लाख रुपये की साइबर ठगी के मामले में दिल्ली पुलिस ने​ राज भक्त को गिरफ्तार किया।,,SUP,NEI,NEI,False,baseline_failure,,,False,
405,CA_CHAR_05_HomoglyphPerturbation,प्रधानमंत्री फसल बीमा योजना के तहत किसानों के दावों के भुगतान के लिए एस्क्रो खाते शुरू करने का प्रावधान बताया गया।,कृषि मंत्रालय की विज्ञप्ति में फसल बीमा दावों के समयबद्ध भुगतान के लिए एस्क्रो खाते शुरू करने की जानकारी है।,प्रधानमंत्री फसल बीमा योजना के तहत किसानों के दावों के भुगतान के लिए एस्क्रो​ खाते शुरू करने का प्रावधान बताया गया।,,SUP,SUP,SUP,False,no_flip,,,False,
406,CA_CHAR_05_HomoglyphPerturbation,"सहकारी फुटप्रिंट विस्तार की राष्ट्रीय योजना के अंतर्गत 15,793 मौजूदा समितियों को सशक्त किया गया था।","पीआईबी हिंदी पृष्ठ के अनुसार राष्ट्रीय योजना के तहत 15,793 मौजूदा समितियों को सशक्त किया गया।","सहकारी फुटप्रिंट विस्तार की राष्ट्रीय योजना के अंतर्गत 15,793 मौजूदा समितियों को सशक्त किया गया​ था।",,SUP,SUP,SUP,False,no_flip,,,False,
407,CA_CHAR_05_HomoglyphPerturbation,लेख में यह नहीं बताया गया कि आपदा प्रतिक्रिया बल के लिए विशेष पर्वतारोहण उपकरण खरीदे जाएंगे।,लेख में ऐसे उपकरणों की खरीद का कोई उल्लेख नहीं है।,लेख में यह नहीं बताया गया कि आपदा प्रतिक्रिया बल के लिए विशेष पर्वतारोहण उपकरण खरीदे जाएंगे​।,,NEI,SUP,SUP,False,baseline_failure,,,False,
408,CA_CHAR_05_HomoglyphPerturbation,अमेरिकी वाणिज्य दूतावास के बाहर हुए विरोध प्रदर्शन का वीडियो गलत संदर्भ में हो रहा शेयर।,"अयातुल्ला खामेनेई की मौत से जुड़े प्रदर्शन का वीडियो PoK में हालिया संदर्भ से जोड़कर वायरल। पीओके (PoK) में विधानसभा की 12 आरक्षित सीटों को खत्म करने की मांग को लेकर जॉइंट अवामी एक्शन कमेटी (JAAC) का विरोध प्रदर्शन तेज हो गया है। हाल ही में वहां की सुप्रीम कोर्ट ने इस आरक्षण को हटाने की मांग खारिज कर दी थी, जिसके बाद से तनाव बढ़ गया है। इसी अशांति और आंदोलन से जोड़ते हुए सोशल मीडिया पर एक वीडियो तेजी से वायरल हो रहा है,जिसमें कुछ लोगों की भीड़ और कुछ पुलिसवालों के बीच झड़प को दिखाया गया है। वीडियो में पुलिसकर्मियों को पोजिशन लेकर लोगों पर गोलियां चलाते हुए देखा सकता है। साथ ही आंसू गैस का धुआं भी छोड़ते हुए दिखाया गया है। दावा किया जा रहा है कि यह वीडियो पीओके में चल रहे उसी बवाल से जुड़ा है। पोस्ट के साथ कैप्शन लिखा गया है… पाकिस्ताननिकलाभारतसेदोकदमआगेपीओकेमेंप्रदर्शनकेदौरानपुलिसपरपथरावकियातो12कोगोलीमारकरजन्नतरवानाकिया फेसबुक पोस्ट।आर्काइव पोस्ट अनुसंधानसेपताचलताहैकि… हमने जांच की शुरुआत में वायरल वीडियो से कीफ्रेम्स को रिवर्स सर्च किया। परिणाम में हमें इस वीडियो का लंबा वर्जनपाकिस्तानी पत्रकारSamar Abbas Journalistनाम के यूट्यूब चैनल पर मिला। यहां पर वीडियो को 3 मार्च, 2026 को अपलोड किया गया था। वीडियो के साथ कैप्शन लिखा गया था,‘कराची में अमेरिकी वाणिज्य दूतावास पर हमले के बाद, लापरवाही के कारण केमारी के एसएसपी अमजद शेख और अन्य अधिकारियों को हटा दिया गया।‘इससे यह स्पष्ट हुआ कि ये वीडियो पुराना है और इसका पीओके में अभी चल रहे मामले से कोई संबंध नहीं है। हमने देखा की इस वीडियो में पुलिस एक शख्स को पकड़कर ले जाती हुई दिखाई देती है, जिसकी तस्वीरAPTऔरद बिजनेस स्टैन्डर्डकी रिपोर्ट में प्रकाशित की गई है। वहीं रिपोर्ट में बताया गया है कि 1 मार्च 2026 को पाकिस्तान के कराची में, ईरान पर अमेरिका और इज़राइल के हमलों की खबर के बाद ईरान के सर्वोच्च नेता अयातुल्ला अली खामेनेई मारे गए थें। जिसको लेकर अमेरिकी वाणिज्य दूतावास के बाहर प्रदर्शन हो रहा था और सुरक्षा बलों ने एक प्रदर्शनकारी को हिरासत में लिया था। और पड़ताल करने परअन्य मीडिया रिपोर्टोंसे पता चला कि ईरान के पूर्व सुप्रीम लीडर अयातुल्ला अली खामेनेई की मौत के बाद पाकिस्तान के कराची में उग्र प्रदर्शन हुए थे। हालात इतने बेका",अमेरिकी वाणिज्य दूतावास के बाहर हुए विरोध प्रदर्शन का​ वीडियो गलत संदर्भ में हो रहा शेयर।,,REF,REF,REF,False,baseline_failure,,,False,
409,CA_CHAR_05_HomoglyphPerturbation,"सुबह प्रदेशभर में धूप खिली रही, लेकिन शाम होते ही पहाड़ी क्षेत्रों में बर्फबारी शुरू हो गई।",लेख में सुबह धूप और शाम को बर्फबारी का उल्लेख है।,"सुबह प्रदेशभर में धूप खिली रही, लेकिन शाम हो​ते ही पहाड़ी क्षेत्रों में बर्फबारी शुरू हो गई।",,SUP,SUP,SUP,False,no_flip,,,False,
410,CA_CHAR_05_HomoglyphPerturbation,"पीएम-किसान की 23वीं किस्त में 18,880 करोड़ रुपये से अधिक की राशि जारी की गई थी।","पीआईबी हिंदी प्रेस नोट के अनुसार पीएम-किसान की 23वीं किस्त में 18,880 करोड़ रुपये से अधिक की राशि जारी की गई।","पीएम-किसान की 23वीं किस्त में 18,880 करोड़ रुपये से अधिक की राशि जा​री की गई थी।",,SUP,SUP,SUP,False,no_flip,,,False,
411,CA_CHAR_05_HomoglyphPerturbation,लेख के अनुसार पहले बैच में 250 कर्मचारियों को प्रशिक्षण दिया गया।,लेख में पहले बैच में केवल 25 कर्मचारियों का उल्लेख है।,लेख के अनुसार पहले बैच में 250 कर्मचारि​यों को प्रशिक्षण दिया गया।,,REF,REF,REF,False,no_flip,,,False,
412,CA_CHAR_05_HomoglyphPerturbation,विक्रांत मैसी की 'मुसाफिर कैफे' रिलीज़ के पहले 24 घंटे में नेटफ्लिक्स की टॉप ट्रेंडिंग सूची में जगह नहीं बना सकी।,दैनिक जागरण की रिपोर्ट में बताया गया है कि सीरीज़ ने रिलीज़ के 24 घंटे के भीतर नेटफ्लिक्स की टॉप ट्रेंडिंग सूची में पहला स्थान हासिल किया।,विक्रांत मैसी की 'मुसाफिर कैफे' रिलीज़ के पहले 24 घंटे में नेटफ्लिक्स की टॉप ट्रेंडिंग सूची में जगह नही​ं बना सकी।,,REF,REF,REF,False,no_flip,,,False,
413,CA_CHAR_05_HomoglyphPerturbation,जावेद अख्तर की इस्लाम कबूल करने का दावा वाली तस्वीर AI निर्मित है।,विश्वास न्यूज़ की स्टोरी बताती है कि कुछ दिन पहले बॉलीवुड के गीतकार जावेद अख्‍तर और मुफ्ती शुमाइल नदवी के बीच 'ईश्‍वर के अस्तिव' विषय पर बहस हुई थी। पर तारीख या आंकड़े नहीं दिए गए।,जा​वेद अख्तर की इस्लाम कबूल करने का दावा वाली तस्वीर AI निर्मित है।,,NEI,NEI,NEI,False,no_flip,,,False,
414,CA_CHAR_05_HomoglyphPerturbation,लेख के अनुसार आपदा में किसी प्रकार की जनहानि नहीं हुई।,लेख में एक महिला की मृत्यु होने का उल्लेख है।,लेख के अनुसार आपदा मे​ं किसी प्रकार की जनहानि नहीं हुई।,,REF,REF,REF,False,no_flip,,,False,
415,CA_CHAR_05_HomoglyphPerturbation,नीलकंठ और नरनारायण पर्वत सहित आसपास की चोटियों पर दोपहर बाद बर्फबारी शुरू हुई।,लेख में बदरीनाथ के पीछे स्थित इन चोटियों पर बर्फबारी का उल्लेख है।,नीलकंठ और नरनारायण पर्वत सहित आसपास की चोटियों पर दोपहर बाद बर्फबारी शुरू हु​ई।,,SUP,NEI,NEI,True,flip,5,True,False,
416,CA_CHAR_05_HomoglyphPerturbation,चलना और साइकिल चलाना शारीरिक गतिविधि के रूप हैं।,डब्ल्यूएचओ चलना और साइकिल चलाना शारीरिक गतिविधि के सामान्य रूपों में शामिल करता है।,चलना और साइकिल चलाना शारीरिक गतिविधि​ के रूप हैं।,,SUP,,,False,unusable_verdict,,,False,
417,CA_CHAR_05_HomoglyphPerturbation,रणबीर कपूर की फिल्में बॉक्स ऑफिस पर सफल रहीं।,न्यूज़बाइट्स हिंदी की स्टोरी में लिखा है: रणबीर कपूर की बहुप्रतीक्षित फिल्म 'रामायण: पार्ट 1' दिवाली 2026 पर सिनेमाघरों में रिलीज होने के लिए तैयार है।,रणबीर कपू​र की फिल्में बॉक्स ऑफिस पर सफल रहीं।,,SUP,NEI,NEI,False,baseline_failure,,,False,
418,CA_CHAR_05_HomoglyphPerturbation,लेख में भाजपा की ओर से अखिलेश यादव के आरोपों पर आधिकारिक प्रतिक्रिया प्रकाशित की गई है।,लेख में भाजपा की किसी आधिकारिक प्रतिक्रिया का उल्लेख नहीं है।,लेख मे​ं भाजपा की ओर से अखिलेश यादव के आरोपों पर आधिकारिक प्रतिक्रिया प्रकाशित की गई है।,,NEI,REF,REF,False,baseline_failure,,,False,
419,CA_CHAR_05_HomoglyphPerturbation,"महाराजगंज में पीएम आवास योजना के 5,595 लाभार्थियों के खाते में पहली किस्त के रूप में एक लाख रुपये भेजे गए।","अमर उजाला की हिंदी रिपोर्ट में 5,595 लाभार्थियों को पहली किस्त के रूप में प्रत्येक के बैंक खाते में एक लाख रुपये भेजने की जानकारी है।","महाराजगंज में पीएम आवास योजना के 5,595 लाभार्थियों के खाते में पहली किस्त के रूप में एक ला​ख रुपये भेजे गए।",,SUP,SUP,SUP,False,no_flip,,,False,
420,CA_CHAR_05_HomoglyphPerturbation,"केंद्रीय मंत्रिमंडल ने सार्वजनिक वितरण प्रणाली को आधुनिक बनाने के लिए 25,530 करोड़ रुपये की योजना मंजूर की।","अमर उजाला की हिंदी रिपोर्ट में पीडीएस आधुनिकीकरण और राशन दुकानों के समर्थन के लिए 25,530 करोड़ रुपये की योजना मंजूर होने का उल्लेख है।","केंद्रीय मंत्रिमंडल ने सार्वजनिक वितरण प्रणाली को आधुनिक बनाने के लिए 25,530 करोड़ रुपये की योजना मंजूर की​।",,SUP,SUP,SUP,False,no_flip,,,False,
421,CA_CHAR_05_HomoglyphPerturbation,मोतियाबिंद केवल आंखों में हल्की जलन पैदा करता है।,विश्व स्वास्थ्य संगठन मोतियाबिंद को वैश्विक स्तर पर दृष्टि हानि और अंधापन के प्रमुख कारणों में शामिल करता है।,मोतियाबिंद केवल आंखों में हल्की जलन पैदा करता​ है।,,REF,REF,REF,False,no_flip,,,False,
422,CA_CHAR_05_HomoglyphPerturbation,आम चुनाव 2024 के सातवें चरण में मतदान केंद्रों पर 63.88 प्रतिशत मतदान दर्ज किया गया था।,पीआईबी की हिंदी विज्ञप्ति में सातवें चरण के 57 संसदीय क्षेत्रों के मतदान केंद्रों पर 63.88 प्रतिशत मतदान दर्ज होने की जानकारी है।,आम चुनाव 2024 के सातवें चरण मे​ं मतदान केंद्रों पर 63.88 प्रतिशत मतदान दर्ज किया गया था।,,SUP,SUP,SUP,False,no_flip,,,False,
423,CA_CHAR_05_HomoglyphPerturbation,लोकसभा चुनाव 2024 के दौरान cVIGIL से प्राप्त मामलों में 99.9 प्रतिशत का निपटारा किया गया था।,पीआईबी की हिंदी विज्ञप्ति में cVIGIL से प्राप्त 99.9 प्रतिशत मामलों के निपटारे का उल्लेख है।,लोकसभा चुनाव 2024 के दौरान cVIGIL से प्राप्त मामलों में 99.9 प्रति​शत का निपटारा किया गया था।,,SUP,SUP,SUP,False,no_flip,,,False,
424,CA_CHAR_05_HomoglyphPerturbation,लोकसभा चुनाव 2024 के तीसरे चरण में 11 राज्यों और केंद्रशासित प्रदेशों के 93 निर्वाचन क्षेत्रों में मतदान हुआ था।,पीआईबी की हिंदी विज्ञप्ति में तीसरे चरण के मतदान का दायरा 11 राज्यों/केंद्रशासित प्रदेशों के 93 निर्वाचन क्षेत्रों तक बताया गया है।,लोकसभा चु​नाव 2024 के तीसरे चरण में 11 राज्यों और केंद्रशासित प्रदेशों के 93 निर्वाचन क्षेत्रों में मतदान हुआ था।,,SUP,SUP,SUP,False,no_flip,,,False,
425,CA_CHAR_05_HomoglyphPerturbation,"इस हफ्ते धूम 4 में नहीं होंगे रणबीर कपूर, अफवाहों पर सालों बाद तोड़ी चुप्पी।",लाइव हिन्दुस्तान ने बताया कि रणबीर कपूर की फिल्म रामायण का फैंस बेसब्री से इंतजार कर रहे हैं।,"इस हफ्ते धूम 4 में नहीं होंगे रणबीर कपूर, अफवाहों पर सा​लों बाद तोड़ी चुप्पी।",,SUP,NEI,NEI,False,baseline_failure,,,False,
426,CA_CHAR_05_HomoglyphPerturbation,दिल्ली पुलिस की साइबर सेल ने डिजिटल अरेस्ट के जरिए एक वरिष्ठ नागरिक से 42 लाख रुपये से अधिक की ठगी करने वाले तीन आरोपियों को गिरफ्तार किया।,"पुलिस उपायुक्त आदित्य गौतम के अनुसार जांच में आरोपियों के बैंक खातों में लगभग साढ़े आठ लाख रुपये मिले, जो दूसरे लोगों के नाम पर खोले गए खातों से जुड़े थे।",दिल्ली पुलिस की सा​इबर सेल ने डिजिटल अरेस्ट के जरिए एक वरिष्ठ नागरिक से 42 लाख रुपये से अधिक की ठगी करने वाले तीन आरोपियों को गिरफ्तार किया।,,SUP,REF,REF,False,baseline_failure,,,False,
427,CA_CHAR_05_HomoglyphPerturbation,"चिराग पासवान के जिस वीडियो को श्रीगंगानगर का बताया जा रहा है, वह बिहार के दरभंगा का है।","श्रीगंगानगर रेप पीड़िता से मुलाकात का नहीं है चिराग पासवान का यह वीडियो, एक जातीय हिंसा से जुड़े मामले का है। राजस्थान के श्रीगंगानगर में 13 वर्षीय नाबालिग के साथ हुई दरिंदगी को लेकर जनता में भारी आक्रोश है और दोषियों को कड़ी सजा देने की मांग की जा रही है। इसी बीच इंटरनेट पर एक वीडियो वायरल हो रहा है, जिसमें केंद्रीय मंत्री और लोजपा (रामविलास) के अध्यक्ष चिराग पासवान एक बच्ची से मिलते दिख रहे हैं। यूजर्स का दावा है कि चिराग पासवान श्रीगंगानगर की पीड़िता से मिलने पहुंचे। वीडियो को इस कैप्शन के साथ साझा किया जा रहा है… श्रीगंगानगर(राजस्थान)कीमासूमबच्चीकेसाथहुईदरिंदगीनेपूरेदेशकोझकझोरकररखदियाहै।ऐसीअमानवीयघटनाएँकिसीभीसभ्यसमाजकेलिएकलंकहैं।दोषीचाहेकितनाभीप्रभावशालीक्योंनहो,उसेकानूनकेतहतकठोरसेकठोरसज़ामिलनीचाहिए।मासूमबेटियोंकीसुरक्षाकेवलसरकारयाप्रशासनकीनहीं,बल्किपूरेसमाजकीसामूहिकजिम्मेदारीहै।मैंमाननीयचिरागपासवानजीद्वाराइसमामलेकोगंभीरतासेउठानेऔरपीड़िताकोन्यायदिलानेकीप्रतिबद्धताकास्वागतकरताहूँ।न्यायतभीसार्थकहोगाजबइसजघन्यअपराधमेंशामिलप्रत्येकदोषीकोशीघ्रऔरकठोरदंडमिले,ताकिभविष्यमेंकोईभीऐसीहैवानियतकरनेकासाहसनकरसके। फेसबुक पोस्ट।आर्काइव पोस्ट अनुसंधानसेपताचलताहैकि… हमने जांच की शुरुआत में वायरल वीडियो से कीफ्रेम्स को गूगल लेंस की मदद से सर्च किया। परिणाम में हमें यह वीडियोबिहार तकके आधिकारिक यूट्यूब चैनल पर 15 फरवरी 2026 को अपलोड की गई वीडियो रिपोर्ट में मिला। इसके अनुसार, यह वीडियो बिहार के दरभंगा स्थित दरभंगा मेडिकल कॉलेज अस्पताल का है, जहां दरभंगा के हरिनगर गांव में हुई एक हिंसक मारपीट में घायल हुए लोगों को अस्पताल के इमरजेंसी वार्ड में भर्ती कराया गया था। इस दौरान चिराग पासवान उन्हीं घायलों का हालचाल जानने वहां पहुंचे थे, जहां पीड़ित परिवार से बात करते हुए वे भावुक हो गए थे। रिपोर्ट में चिराग पासवान को मीडिया से बात करते हुए पीड़ित पक्ष को न्याय दिलाने की बात करते हुए देखा जा सकता है। तभी वे बातचीत करते हुए कहते हैं कि समाज में कुछ लोग भेदभाव फैलाने का काम करते हैं, लेकिन ऐसे लोगों के खिलाफ कड़ी कानूनी कार्रवाई की जाएगी। फिर हमें यहीं वीडियोनवभारत टाइम्सके आधिकारिक फेसबुक पेज पर मिला। यहां कैप्शन में लिखा था, “दरभंगा में चिराग पासवान जब अस्पताल में घायल बच्ची से मिलने पहुंचे,","चिराग पासवान के जिस वीडियो को​ श्रीगंगानगर का बताया जा रहा है, वह बिहार के दरभंगा का है।",,REF,REF,REF,False,baseline_failure,,,False,
428,CA_CHAR_05_HomoglyphPerturbation,हरियाणा में मूर्ति हटाने का वीडियो मेरठ में हुए ब्लू ड्रम हत्याकांड जैसे हिंसक हत्या का बताकर वायरल…,"सोशल मीडिया पर एक वीडियो वायरल हो रहा है, जिसमें एक सीमेंट के खंबे के बीचों बीच किसी इनसान का धड़ नजर आ रहा है और उसके चेहरे पर कपड़ा बंधा है। आसपास पुलिसवाले खड़े हैं और खंबे को जेसीबी से खिसकाया जा रहा है। इस वायरल वीडियो के साथ दावा किया जा रहा है कि मेरठ के नीले ड्रम हत्याकांड के बाद अब एक महिला ने अपने प्रेमी के साथ मिलकर अपने पति को खंबे में चुनवा दिया। वायरल वीडियो के साथ यूजर ने लिखा है- अभी तक नीला ड्रम में मार कर रखा जा रहा था अब तो सारी हदें पार किया जा रहा है।पिल्लर में चुनवा दिया गया एक शख्स को फेसबुक।आर्काइव अनुसंधान से पता चलता है कि… पड़ताल की शुरुआत में हमने वायरल वीडियो के तस्वीरों का रिवर्स इमेज सर्च किया परिणाम में वायरल वीडियो की खबर हमें‘City Big News’नामक यूट्यूब चैनल पर मिली। 10 सितंबर को अपलोड किए गए इस वीडियो रिपोर्ट के अनुसार वीडियो हिसार का है जहां एक बुजुर्ग को स्वतंत्रता सेनानी बताते हुए उनके परिवार ने उनकी प्रतिमा को स्थापित करवा दिया था, लेकिन बाद में गांव के लोगों ने ऐतराज करके उसे हटवा दिया। मिली जानकारी की मदद लेते हुए अधिक सर्च करने पर वायरल वीडियो की खबर हमेंयहाँ,यहाँ, औरयहाँमिलीं। रिपोर्टस के मुताबिक, ये घटना हिसार के आर्य नगर गांव की है। 15 अगस्त को हिसार के आर्यनगर गांव में स्वतंत्रता सेनानी कुम्भा राम की प्रतिमा का अनावरण हुआ था। लेकिन तकरीबन एक महीने बाद पीडब्लूडी डिपार्टमेंट के लोग वहां पहुंचे और प्रतिमा को अवैध बताकर हटवा दिया गया। रिपोर्ट में कुंभा राम के पोते भजनलाल कहते हैं कि उन्होंने मूर्ति को लगवाने के लिए सभी जरूरी सरकारी प्रक्रियाओं का पालन किया था लेकिन उन्हें एनओसी नहीं मिली। हालांकि उन्हें ये आश्वासन दिया गया था कि एनओसी जल्द ही मिल जाएगी। लेकिन बिना कोई नोटिस दिए मूर्ति हटवा दी गई। हमने गूगल मैप्स पर वायरल वीडियो वाली जगह सर्च की। हमें वायरल वीडियो में दिख रही ”सैनी स्वीट्स शॉप‘ गूगल मैप्स पर भी नजर आई। इस जगह का स्ट्रीटव्यू देखा जा सकता है। ये साफ है कि वीडियो हरियाणा का ही है। निष्कर्ष-तथ्य-जांच के बाद हमने पाया कि, हरियाणा के हिसार में एक मूर्ति को लेकर हुए विवाद की घटना को एक आदमी की उसकी पत्नी द्वारा हत्या की घटना बताकर फर्जी दावे से शेयर किया जा रहा है। Title:हरियाणा में मूर्ति हटाने का वीडियो",हरियाणा में मूर्ति हटाने का वीडियो मेरठ में हुए ब्लू ड़्रम हत्याकांड जैसे हिंसक हत्या का बताकर वायरल…,,REF,REF,REF,False,no_flip,,,False,
429,CA_CHAR_05_HomoglyphPerturbation,प्रधानमंत्री मातृ वंदना योजना वर्ष 2017 में शुरू की गई थी।,महिला एवं बाल विकास मंत्रालय की विज्ञप्ति में पीएमएमवीवाई को वर्ष 2017 में शुरू की गई योजना बताया गया है।,प्रधानमंत्री मातृ वंदना योजना वर्ष 2017 में शुरू की गई थी​।,,SUP,SUP,SUP,False,no_flip,,,False,
430,CA_CHAR_05_HomoglyphPerturbation,लेख में बताया गया है कि कार्यशाला केवल पर्यटन विकास पर केंद्रित है और आपदा प्रबंधन पर चर्चा नहीं हुई।,लेख में पूरी कार्यशाला आपदा के कारणों और बचाव पर केंद्रित बताई गई है।,लेख में बताया गया है कि कार्यशाला केवल पर्यटन विकास पर केंद्रित है और आपदा प्रबंधन पर चर्चा नहीं हु​ई।,,REF,REF,REF,False,no_flip,,,False,
431,CA_CHAR_05_HomoglyphPerturbation,एक ईवीएम सेट NOTA सहित अधिकतम 384 उम्मीदवारों को समायोजित कर सकता है।,निर्वाचन आयोग के FAQ में 24 बैलेट यूनिट वाले ईवीएम सेट की क्षमता NOTA सहित 384 उम्मीदवार बताई गई है।,एक ईवीएम सेट NOTA सहित अधिकतम 384 उम्मीदवारों को समायोजित कर सकता​ है।,,SUP,SUP,SUP,False,no_flip,,,False,
432,CA_CHAR_05_HomoglyphPerturbation,जम्मू और उधमपुर के बाहर रहने वाले कश्मीरी प्रवासियों के लिए फॉर्म-एम के साथ संलग्न प्रमाणपत्र का स्व-सत्यापन अधिकृत किया गया था।,पीआईबी की विज्ञप्ति में जम्मू और उधमपुर के बाहर रहने वाले प्रवासियों के लिए फॉर्म-एम संलग्न प्रमाणपत्र के स्व-सत्यापन को अधिकृत करने की जानकारी है।,जम्मू और उधमपुर के बाहर रहने वाले कश्मीरी प्रवासियों के लिए फ़ॉर्म-एम के साथ संलग्न प्रमाणपत्र का स्व-सत्यापन अधिकृत किया गया था।,,SUP,SUP,SUP,False,no_flip,,,False,
433,CA_CHAR_05_HomoglyphPerturbation,प्रधानमंत्री किसान सम्मान निधि केंद्रीय क्षेत्र योजना 24 फरवरी 2019 को शुरू की गई थी।,पीआईबी हिंदी पृष्ठ के अनुसार प्रधानमंत्री किसान सम्मान निधि सभी भूमिधारक किसान परिवारों को वित्तीय सहायता देने के लिए 24 फरवरी 2019 को शुरू की गई केंद्रीय क्षेत्र योजना है।,प्रधा​नमंत्री किसान सम्मान निधि केंद्रीय क्षेत्र योजना 24 फरवरी 2019 को शुरू की गई थी।,,SUP,SUP,SUP,False,no_flip,,,False,
434,CA_CHAR_05_HomoglyphPerturbation,एक पार्किंग के नीचे की आधी जमीन बह गई थी।,लेख में सड़क किनारे पार्किंग के नीचे की आधी जमीन बहने की जानकारी दी गई है।,एक पार्किंग के नीचे की आधी​ जमीन बह गई थी।,,SUP,SUP,SUP,False,no_flip,,,False,
435,CA_CHAR_05_HomoglyphPerturbation,तीसरे चरण में सभी राज्यों और केंद्रशासित प्रदेशों में मतदान सुचारू और शांतिपूर्ण ढंग से संपन्न हुआ था।,"पीआईबी के अनुसार तीनों चरणों में सभी राज्यों/केंद्रशासित प्रदेशों में मतदान सुचारू एवं शांतिपूर्ण रहा, जिसमें संवेदनशील क्षेत्र भी शामिल थे।",तीसरे चरण में सभी​ राज्यों और केंद्रशासित प्रदेशों में मतदान सुचारू और शांतिपूर्ण ढंग से संपन्न हुआ था।,,SUP,SUP,SUP,False,no_flip,,,False,
436,CA_CHAR_05_HomoglyphPerturbation,सुनीता अहूजा ने कश्मीरा शाह और कृष्णा अभिषेक के साथ 10 साल का वनवास खत्म किया।,"प्रभात खबर के मुताबिक, गोविंदा की पत्नी सुनीता आहूजा ने कश्मीरा शाह और कृष्णा अभिषेक को गले लगाकर ‘लॉफ्टर शेफ्स’ के सेट पर 10 साल पुरानी दूरियां खत्म कर दीं.",सुनीता अहूजा ने कश्मीरा शाह और कृष्णा अभिषेक के साथ 10 सा​ल का वनवास खत्म किया।,,SUP,SUP,SUP,False,no_flip,,,False,
437,CA_CHAR_05_HomoglyphPerturbation,आयशा खान को हिरासत में लिया गया।,न्यूज़बाइट्स हिंदी ने बताया कि रणवीर सिंह की 'धुरंधर' में मौजूद 'शरारत' गाने से चर्चा बटोरने वालीं अभिनेत्री आयशा खान हिरासत में ले ली गई हैं।,आयशा खान को हिरासत मे​ं लिया गया।,,SUP,SUP,SUP,False,no_flip,,,False,
438,CA_CHAR_05_HomoglyphPerturbation,लोकसभा चुनाव 2024 के चौथे चरण में 96 संसदीय निर्वाचन क्षेत्रों के लिए 69.16 प्रतिशत मतदान दर्ज किया गया।,पीआईबी की हिंदी विज्ञप्ति में चौथे चरण के 96 संसदीय निर्वाचन क्षेत्रों के लिए 69.16 प्रतिशत मतदान दर्ज होने की जानकारी है।,लोकसभा चुनाव 2024 के चौथे चरण में 96 संसदीय निर्वाचन क्षेत्रों के लिए 69.16 प्रतिशत मतदान दर्ज किया ग़या।,,SUP,SUP,SUP,False,no_flip,,,False,
439,CA_CHAR_05_HomoglyphPerturbation,क्रैनबेरी उत्पाद बार-बार होने वाले मूत्र मार्ग संक्रमण को सभी लोगों में रोकते हैं।,"एनसीसीआईएच के अनुसार कुछ समूहों में क्रैनबेरी से पुनरावर्ती यूटीआई का जोखिम कम हो सकता है, लेकिन परिणाम आबादी और उत्पाद के अनुसार अलग हैं।",क्रैनबेरी उत्पाद बार-बार होने वाले मूत्र मार्ग संक्रमण को सभी लोगों मे​ं रोकते हैं।,,NEI,REF,REF,False,baseline_failure,,,False,
440,CA_CHAR_05_HomoglyphPerturbation,वीवीपैट के आने से मतदाता अपनी पसंद के उम्मीदवार के लिए दर्ज वोट को पर्ची देखकर सत्यापित नहीं कर सकता।,निर्वाचन आयोग के अनुसार मतदाता बैलेट यूनिट का बटन दबाने के बाद वीवीपैट की दृश्य-खिड़की में छपी पर्ची देखकर अपने चुने उम्मीदवार के लिए वोट दर्ज होने की पुष्टि कर सकता है।,वीवीपैट के आने से मतदाता अपनी पसंद के उम्मीदवार के लि​ए दर्ज वोट को पर्ची देखकर सत्यापित नहीं कर सकता।,,REF,REF,REF,False,no_flip,,,False,
441,CA_CHAR_05_HomoglyphPerturbation,गोंडा में करोड़ों रुपये की साइबर ठगी से जुड़े गिरोह के नौ सदस्य गिरफ्तार किए गए।,यूपी पुलिस ने म्यूल खातों के जरिए साइबर ठगी करने वाले गिरोह के नौ सदस्यों को गिरफ्तार किया।,गोंडा मे​ं करोड़ों रुपये की साइबर ठगी से जुड़े गिरोह के नौ सदस्य गिरफ्तार किए गए।,,SUP,SUP,SUP,False,no_flip,,,False,
442,CA_CHAR_05_HomoglyphPerturbation,वाहनों को लाने की व्यवस्था न होने पर पर्यटकों ने उनकी चाबियां ग्रामीणों को सौंप दीं।,लेख में पर्यटकों द्वारा चाबियां ग्रामीणों को देने की जानकारी दी गई है।,वाहनों को लाने की व्यवस्था न होने पर पर्यटकों ने उनकी चाबियां ग्रामीणों को सौंप दी​ं।,,SUP,SUP,SUP,False,no_flip,,,False,
443,CA_CHAR_05_HomoglyphPerturbation,"मध्य प्रदेश के इंदौर में खाद्य सुरक्षा विभाग ने मिलावटी और जहरीले घी के खिलाफ छापेमारी कर 12.21 लाख रुपये मूल्य का 2,165 लीटर संदिग्ध घी जब्त किया।",सुदामा नगर और तालावली चांदा इलाकों में खाद्य अधिकारियों की संयुक्त टीम ने चार प्रतिष्ठानों पर छापेमारी की और 31 खाद्य पदार्थों के सैंपल जांच के लिए भेजे।,"मध्य प्रदेश के इंदौर में खाद्य सुरक्षा विभाग ने मिलावटी और जहरीले घी के खिलाफ छापेमारी कर 12.21 लाख रुपये मूल्य का 2,165 लीटर संदि​ग्ध घी जब्त किया।",,SUP,NEI,NEI,False,baseline_failure,,,False,
444,CA_CHAR_05_HomoglyphPerturbation,राष्ट्रीय मीडिया पुरस्कार 2022 राष्ट्रीय मतदाता दिवस 25 जनवरी 2023 के अवसर पर दिए जाने थे।,"पीआईबी की विज्ञप्ति में पुरस्कार राष्ट्रीय मतदाता दिवस, 25 जनवरी 2023 के अवसर पर दिए जाने की जानकारी है।",राष्ट्री​य मीडिया पुरस्कार 2022 राष्ट्रीय मतदाता दिवस 25 जनवरी 2023 के अवसर पर दिए जाने थे।,,SUP,SUP,SUP,False,no_flip,,,False,
445,CA_CHAR_05_HomoglyphPerturbation,'क्योंकि सास भी कभी बहू थी 2' में तृप्ति विरानी की वापसी हो सकती है।,प्रभात खबर के अनुसार केवल इतना पता है कि क्या तृप्ति विरानी लौटेंगी 'क्योंकि सास भी कभी बहू थी 2' में? इससे आगे कोई आधिकारिक पुष्टि या आंकड़े नहीं दिए गए।,'क्योंकि सा​स भी कभी बहू थी 2' में तृप्ति विरानी की वापसी हो सकती है।,,NEI,NEI,NEI,False,no_flip,,,False,
446,CA_CHAR_05_HomoglyphPerturbation,मणिपुर से संबंधित राष्ट्रपति की 13 फरवरी 2025 की घोषणा को मंजूरी देने वाला वैधानिक प्रस्ताव संसद के दोनों सदनों में स्वीकृत हुआ।,संसदीय कार्य मंत्रालय की समीक्षा में अनुच्छेद 356(1) के तहत मणिपुर संबंधी 13 फरवरी 2025 की राष्ट्रपति घोषणा को मंजूरी देने वाले प्रस्ताव के दोनों सदनों में स्वीकृत होने की बात है।,मणिपुर से संबंधित राष्ट्रपति की 13 फरवरी 2025 की घोषणा​ को मंजूरी देने वाला वैधानिक प्रस्ताव संसद के दोनों सदनों में स्वीकृत हुआ।,,SUP,SUP,SUP,False,no_flip,,,False,
447,CA_CHAR_05_HomoglyphPerturbation,मतदाता सूची में नाम न होने पर कोई व्यक्ति केवल दो फोटो या फोटो पहचान-पत्र दिखाकर मतदान कर सकता है।,"निर्वाचन आयोग के अनुसार जिसका नाम मतदाता सूची में नहीं है, वह मतदान के दिन वोट नहीं डाल सकता।",मतदाता सूची में ना​म न होने पर कोई व्यक्ति केवल दो फोटो या फोटो पहचान-पत्र दिखाकर मतदान कर सकता है।,,REF,REF,REF,False,no_flip,,,False,
448,CA_CHAR_05_HomoglyphPerturbation,भारत में ईवीएम का निर्माण भारत इलेक्ट्रॉनिक्स लिमिटेड और इलेक्ट्रॉनिक्स कॉरपोरेशन ऑफ इंडिया लिमिटेड द्वारा किया जाता है।,निर्वाचन आयोग के पृष्ठ में इन दोनों सार्वजनिक उपक्रमों को ईवीएम के निर्माता बताया गया है।,भारत में ईवीएम का निर्माण भारत इलेक्ट्रॉनिक्स लिमिटेड और इलेक्ट्रॉनिक्स कॉरपोरेशन ऑफ इंडिया लिमिटे​ड द्वारा किया जाता है।,,SUP,SUP,SUP,False,no_flip,,,False,
449,CA_CHAR_05_HomoglyphPerturbation,27 मार्च 2026 तक प्रधानमंत्री मुद्रा योजना के तहत 57 करोड़ से अधिक खाते खोले जा चुके थे।,पीआईबी की हिंदी विज्ञप्ति के अनुसार 27 मार्च 2026 तक प्रधानमंत्री मुद्रा योजना के तहत 57 करोड़ से अधिक खाते खोले जा चुके थे।,27 मार्च 2026 तक प्रधानमंत्री मुद्रा योजना के तहत 57 करोड़ से अधिक खाते खोले ज़ा चुके थे।,,SUP,SUP,SUP,False,no_flip,,,False,
450,CA_CHAR_05_HomoglyphPerturbation,बिहार के मोतिहारी में बापूधाम रेलवे स्टेशन पर चाइल्ड हेल्पलाइन और रेल पुलिस ने मानव तस्करी सिंडिकेट से 21 नाबालिग बच्चों को बचाकर एक तस्कर को गिरफ्तार किया।,"तस्कर 5 से 13 वर्ष की उम्र के गरीब तबके के इन बच्चों को भागलपुर ले जा रहा था, जिसे पुलिस और चाइल्ड हेल्पलाइन की सतर्कता से पकड़ लिया गया।",बिहा​र के मोतिहारी में बापूधाम रेलवे स्टेशन पर चाइल्ड हेल्पलाइन और रेल पुलिस ने मानव तस्करी सिंडिकेट से 21 नाबालिग बच्चों को बचाकर एक तस्कर को गिरफ्तार किया।,,SUP,SUP,SUP,False,no_flip,,,False,
451,CA_CHAR_05_HomoglyphPerturbation,"केंद्र सरकार 'महिला वर्क फ्रॉम होम योजना 2026' में महिलाओं को हर महीने 25,000 रुपये दे रही है।","एशियानेट न्यूज़ हिंदी के अनुसार पीआईबी फैक्ट चेक ने महिला वर्क फ्रॉम होम योजना और 25,000 रुपये मासिक आय के वायरल दावे को फर्जी बताया है।","केंद्र सरकार 'महिला वर्क फ्रॉम होम योजना 2026' में महि​लाओं को हर महीने 25,000 रुपये दे रही है।",,REF,REF,REF,False,no_flip,,,False,
452,CA_CHAR_05_HomoglyphPerturbation,बॉबी देओल ने कहा कि ‘आश्रम’ की सफलता के बाद उन्हें OTT पर मजबूत पहचान मिली।,दैनिक जागरण के इंटरव्यू आधारित लेख में बॉबी देओल ने OTT प्लेटफॉर्म और ‘आश्रम’ से मिली नई पहचान पर बात की। रिपोर्ट में उनके करियर के दूसरे चरण का भी संदर्भ दिया गया।,बॉबी​ देओल ने कहा कि ‘आश्रम’ की सफलता के बाद उन्हें OTT पर मजबूत पहचान मिली।,,SUP,SUP,SUP,False,no_flip,,,False,
453,CA_CHAR_05_HomoglyphPerturbation,लेख के अनुसार चारों पोर्टरों की मृत्यु हो गई थी।,लेख में केवल तीन पोर्टरों की मृत्यु और चौथे के सुरक्षित लौटने का उल्लेख है।,लेख के अनुसार चारों पोर्टरो​ं की मृत्यु हो गई थी।,,REF,REF,REF,False,no_flip,,,False,
454,CA_CHAR_05_HomoglyphPerturbation,आयुष्मान खुराना ने आम आदमी पार्टी के टिकट पर चंडीगढ़ से चुनाव लड़ने का ऐलान किया।,आजतक फैक्ट चेक ने आयुष्मान की टीम और उपलब्ध चुनावी रिकॉर्ड के हवाले से बताया कि ऐसा कोई आधिकारिक ऐलान नहीं हुआ। वायरल पोस्ट में इस्तेमाल तस्वीर एक पुराने सार्वजनिक कार्यक्रम की थी।,आयुष्मान खुराना ने आम आदमी पार्टी के टिकट पर चंडीगढ़ से चुनाव लड़ने का​ ऐलान किया।,,REF,REF,REF,False,no_flip,,,False,
455,CA_CHAR_05_HomoglyphPerturbation,"CJP के संसद मार्च में पुलिसवाले को जूता मारकर भागा युवक? नहीं, वीडियो पुराना है….","एक पुलिसवाले को जूते से मारकर भागते लड़के का वीडियो सोशल मीडिया पर तेजी से वायरल हो रहा है। वायरल वीडियो में एक पुलिसवाला सड़क पर गिरे हुए एक लड़के को लात मार देता है। लेकिन अगले ही पल लड़का फुर्ती से उठता है और पुलिसवाले के मुंह पर जूता मारकर भाग जाता है। पुलिसवाला भी उसके पीछे-पीछे भागता है। दावा किया जा रहा है कि वीडियो कॉकरोच जनता पार्टी के हालिया संसद मार्च का है। वायरल वीडियो के साथ यूजर ने लिखा है- दिल्ली में छात्र आंदोलन के बाद पुलिस को जड़ा थप्पड़ छात्रों ने फेसबुक।आर्काइव अनुसंधान से पता चलता है कि… पड़ताल की शुरुआत में हमने वायरल वीडियो के तस्वीरों का रिवर्स इमेज सर्च किया, परिणाम में हमें वायरल वीडियो एकयूट्यूब चैनलपर मिला, जिसे 16 अगस्त 2025 को पोस्ट किया गया था। इससे ये साफ है कि वीडियो हाल का नहीं है। यहां दी गई जानकारी के मुताबिक ये पटना में हुए STET अभ्यर्थियों के विरोध प्रदर्शन से संबंधित है। मिली जानकारी की मदद लेते हुए अधिक सर्च करने पर हमेंआजतककी 7 अगस्त 2025 की रिपोर्ट में भी वायरल वीडियो का स्क्रीनशॉट मिला। इस खबर के मुताबिक, ये वीडियो पटना के जेपी गोलंबर इलाके का है जहां सैकड़ों अभ्यर्थी, टीआरई-4 (टीचर रिक्रूटमेंट एग्जाम -4) से पहले STET करवाने की मांग को लेकर इकट्ठा हुए। इस वजह से इलाके में जाम लग गया था। ‘द इंडियन एक्सप्रेस‘ ने दिल्ली पुलिस के हवाले से बताया है कि कॉकरोच जनता पार्टी के संसद मार्च के दौरान 118 पुलिसकर्मी घायल हुए हैं। बार-बार चेतावनी देने के बाद भी जब छात्र वहां से नहीं हटे तो पुलिस ने लाठीचार्ज कर दिया। ‘दर्श न्यूज’ने इस घटना के बारे में ग्राउंड रिपोर्ट छापी थीं। इससे ये साफ है कि वीडियो हाल ही के CJP प्रदर्शन का नहीं है। निष्कर्ष– तथ्य-जांच के बाद हमने पाया कि , बिहार के एक पुराने वीडियो को कॉकरोच जनता पार्टी के संसद मार्च के संदर्भ में शेयर किया जा रहा है। जबकि ये वीडियो अगस्त, 2025 का है और पटना का है। जहां प्रदर्शन कर रहे STET अभ्यर्थियों को पुलिस ने पीटा था। Title:CJP के संसद मार्च में पुलिसवाले को जूता मारकर भागा युवक? नहीं, वीडियो पुराना है…. Written By:Sarita Samal Result:Misleading","CJP के संसद मार्च में पुलिसवाले को जूता मारकर भागा यु​वक? नहीं, वीडियो पुराना है….",,REF,SUP,SUP,False,baseline_failure,,,False,
456,CA_CHAR_05_HomoglyphPerturbation,पूरक स्वास्थ्य उत्पाद का जोखिम केवल उसकी खुराक पर निर्भर करता है।,"एनसीसीआईएच के अनुसार सुरक्षा विशिष्ट उत्पाद, सामग्री, निर्माण गुणवत्ता, व्यक्ति की स्वास्थ्य स्थिति और दवा अंतःक्रियाओं सहित कई कारकों पर निर्भर करती है।",पूरक स्वास्थ्य उत्पाद का जोखिम केवल उसकी खुराक पर नि​र्भर करता है।,,REF,,,False,unusable_verdict,,,False,
457,CA_CHAR_05_HomoglyphPerturbation,दृष्टिबाधित मतदाताओं के लिए मतदान केंद्रों पर ब्रेल लिपि में डमी मतपत्र उपलब्ध कराए गए थे।,पीआईबी की विज्ञप्ति में मतदान केंद्रों पर दृष्टिबाधित मतदाताओं के लिए ब्रेल लिपि में डमी मतपत्र उपलब्ध होने का उल्लेख है।,दृष्टिबाधित मतदाताओं के लिए मतदान केंद्रों पर ब्रेल लि​पि में डमी मतपत्र उपलब्ध कराए गए थे।,,SUP,,,False,unusable_verdict,,,False,
458,CA_CHAR_05_HomoglyphPerturbation,डंपसाइट रेमेडिएशन एक्सेलेरेटर प्रोग्राम नवंबर 2025 में शुरू किया गया था।,पीआईबी हिंदी पृष्ठ में डंपसाइट रेमेडिएशन एक्सेलेरेटर प्रोग्राम के नवंबर 2025 में आरंभ होने का उल्लेख है।,डंपसाइट रेमेडिएशन एक्सेळेरेटर प्रोग्राम नवंबर 2025 में शुरू किया गया था।,,SUP,,,False,unusable_verdict,,,False,
459,CA_CHAR_05_HomoglyphPerturbation,"मतदाता सहभागिता बढ़ाने के लिए मतदान केंद्रों पर कतार प्रबंधन, शेल्टर और पार्किंग जैसी सुविधाओं पर जोर दिया गया था।","पीआईबी के अनुसार आयोग ने कम मतदान वाले क्षेत्रों में कतार प्रबंधन, भीड़भाड़ वाले इलाकों में शेल्टर और पार्किंग सहित सुविधाएं देने पर जोर दिया।","मतदाता सहभागिता बढ़ाने के लिए मतदान केंद्रों पर कतार प्रबंधन, शेल्टर और पार्किंग जैसी सुवि​धाओं पर जोर दिया गया था।",,SUP,SUP,SUP,False,no_flip,,,False,
460,CA_CHAR_05_HomoglyphPerturbation,ट्रंप की नीतियों के खिलाफ हुए ‘नो किंग्स’ प्रदर्शन का वीडियो एपस्टीन फाइल्स से जोड़कर भ्रामक दावे से वायरल…,"यह वीडियो ट्रंप टावर के बाहर एपस्टीन फाइल्स से संबंधित प्रदर्शन का नहीं है, दावा फर्जी है। इन दिनों एपस्टीन फाइल्स के सामने आने के बाद दुनिया भर में तहलका मचा हुआ है। दरअसल हाल ही में अमेरिकी न्याय विभाग ने अपराधी जेफरी एपस्टीन की जांच से जुड़े लगभग तीन मिलियन पेज के दस्तावेज, हजारों वीडियो और तस्वीरों को सार्वजनिक किया है। जिनमें कई मशहूर हस्तियों के नाम सामने आए हैं। इसी से जोड़ते हुए दो अलग – अलग वीडियो के एक क्लिप को मिलाकर एक वीडियो सोशल मीडिया पर खूब वायरल हो रहा है, जिसमें हजारों की बड़ी सी भीड़ सड़क पर दिखाई दे रही है। दावा किया जा रहा है कि एपस्टीन फाइल्स के सामने आने के बाद लोगों द्वारा ट्रंप टॉवर के सामने प्रदर्शन किया गया है। वीडियो इस कैप्शन के साथ फैलाया जा रहा है… अमेरिकामेंजेफ्रीएपस्टीनसेजुड़ीफाइलोंमेंडोनाल्डट्रंपकानामआनेकेबादन्यूयॉर्ककेट्रंपटावरकेबाहरविरोधप्रदर्शनहुआ।सैकड़ोंलोगोंनेट्रंपकेइस्तीफेऔरसख्तकार्रवाईकीमांगकी।सोशलमीडियापरभीमामलेकोलेकरतीखीबहसजारीहै। फेसबुक पोस्ट।आर्काइव पोस्ट अनुसंधानसेपताचलताहैकि… हमने जांच की शुरुआत में यह देखा कि वायरल वीडियो में दो अलग-अलग क्लिप है। इसलिए हमने दोनों को एक -एक कर चेक करना शुरु किया। हमने वायरल वीडियो की पहली क्लिप के की-फ्रेम्स को गूगल लेंस के जरिए सर्च किया। परिणाम में हमें यहीं वीडियोन्यूज़ज़ोन360नाम के एक इंस्टाग्राम अकाउंट पर 10 जनवरी 2026 को पोस्ट किया हुआ मिला। इसमें बताया गया था कि प्रदर्शनकारियों ने नेशनल गार्ड सैनिकों की तैनाती के खिलाफ मार्च करने के लिए लॉस एंजिल्स और शिकागो की सड़कों पर विरोध प्रदर्शन किया, यह घटना बड़े “नो किंग्स” आंदोलन का हिस्सा थी जिसके तहत पूरे अमेरिका में प्रदर्शन हुआ था। https://www.instagram.com/reels/DTVFXFxDKG- फिर हमें यहीं वीडियोblockclubchiनाम के इंस्टाग्राम अकाउंट पर 19 अक्टूबर 2025 को पोस्ट किया हुआ मिला। इस वीडियो के साथ कैप्शन में लिखा गया था “नो किंग्स विरोध प्रदर्शन मिशिगन एवेन्यू पर उत्तर की ओर बढ़ रहा है।” साथ ही यह वीडियो‘thetrid.ent’नाम के इंस्टाग्राम अकाउंट पर पोस्ट किया गया था। जिसे 19 अक्टूबर 2025 को अपलोड किया गया था। मौजूद जानकारी के अनुसार, “18 अक्टूबर 2025 को अमेरिका के सभी 50 राज्यों में लाखों लोग राष्ट्रपति डोनल्ड ट्रंप के प्रशासन के खिलाफ ‘नो कि",ट्रंप की नीतियों के खिलाफ हुए ‘नो किंग्स’ प्रदर्शन का वीडियो एपस्टीन फाइल्स से जोड़कर भ्रामक दावे​ से वायरल…,,REF,,,False,unusable_verdict,,,False,
461,CA_CHAR_05_HomoglyphPerturbation,मंजू देवी के घर में रखी दस हजार रुपये की नकदी भी पीछे छूट गई।,लेख में 10 हजार रुपये नकद घर में छूटने का उल्लेख है।,मंजू देवी के घर में रखी दस हजार रुपये की नकदी​ भी पीछे छूट गई।,,SUP,SUP,SUP,False,no_flip,,,False,
462,CA_CHAR_05_HomoglyphPerturbation,दिसंबर 2025 तक प्रधानमंत्री रोजगार सृजन कार्यक्रम के तहत 10.71 लाख से अधिक सूक्ष्म उद्यमों को मार्जिन मनी सब्सिडी मिली थी।,पीआईबी की हिंदी विज्ञप्ति के अनुसार वित्त वर्ष 2008-09 से दिसंबर 2025 तक पीएमईजीपी के अंतर्गत 10.71 लाख से अधिक सूक्ष्म उद्यमों को मार्जिन मनी सब्सिडी दी गई।,दिसंबर 2025 तक प्रधानमंत्री रोजगार सृजन कार्यक्रम के तहत 10.71 लाख से अधिक सूक्ष्म उद्यमों को मार्जिन मनी सब्सिडी मिळी थी।,,SUP,SUP,SUP,False,no_flip,,,False,
463,CA_CHAR_05_HomoglyphPerturbation,गुजरात के अहमदाबाद में एक पटाखा फैक्ट्री में भीषण आग लगने से 8 लोगों की मौत हो गई और 15 से अधिक लोग घायल हुए।,"महमूदपुरा इलाके की टैलेंट फायरवर्क्स फैक्ट्री में आग लगने के बाद हुए कई धमाकों से पूरे इलाके में अफरा-तफरी मच गई, और घायलों को एलजी व सिविल अस्पताल में भर्ती कराया गया।",गुजरात के अहमदाबाद में एक पटाखा फैक्ट्री में भीषण आग लगने से 8 लोगों की मौत हो गई और 15 से​ अधिक लोग घायल हुए।,,SUP,NEI,NEI,False,baseline_failure,,,False,
464,CA_CHAR_05_HomoglyphPerturbation,दीपिका पादुकोण और रणवीर सिंह की तस्वीर में 'Vote for BJP' लिखा हुआ गमछा वास्तविक था।,जांच में पाया गया कि वायरल तस्वीर एडिट की गई थी। मूल फोटो में गमछे पर 'Vote for BJP' नहीं लिखा था।,दीपिका पादुकोण और रणवीर सिंह की तस्वीर मे​ं 'Vote for BJP' लिखा हुआ गमछा वास्तविक था।,,REF,REF,REF,False,no_flip,,,False,
465,CA_CHAR_05_HomoglyphPerturbation,विकसित भारत संकल्प यात्रा का लक्ष्य 25 जनवरी 2024 तक 2.55 लाख से अधिक ग्राम पंचायतों को कवर करना था।,विज्ञप्ति में विकसित भारत संकल्प यात्रा का लक्ष्य 25 जनवरी 2024 तक 2.55 लाख से अधिक ग्राम पंचायतों को कवर करना बताया गया है।,विकसित भारत संकल्प यात्रा का लक्ष्य 25 जनवरी 2024 तक 2.55 लाख से अधिक ग्राम पंचायतों को कवर करना​ था।,,SUP,SUP,SUP,False,no_flip,,,False,
466,CA_CHAR_05_HomoglyphPerturbation,गतिविधियों में रुचि या आनंद की कमी केवल सामान्य थकान का संकेत है।,डब्ल्यूएचओ इसे अवसाद के प्रमुख लक्षणों में शामिल करता है।,गतिविधियों में रुचि या आनंद की​ कमी केवल सामान्य थकान का संकेत है।,,REF,REF,REF,False,no_flip,,,False,
467,CA_CHAR_05_HomoglyphPerturbation,प्रधानमंत्री सभी नागरिकों को मुफ्त इलेक्ट्रिक स्कूटर देने की योजना चला रहे हैं।,आकाशवाणी समाचार के हिंदी पृष्ठ में पीआईबी फैक्ट चेक द्वारा मुफ्त इलेक्ट्रिक स्कूटर संबंधी वायरल दावे को फर्जी बताया गया है।,प्रधानमंत्री सभी नागरिकों को मुफ्त इलेक्ट्रिक स्कूटर देने की योजना चला रहे​ हैं।,,REF,REF,REF,False,no_flip,,,False,
468,CA_CHAR_05_HomoglyphPerturbation,"NOTA विकल्प केवल ईवीएम में है, मतपत्र पर नहीं।",निर्वाचन आयोग के एटलस में उच्चतम न्यायालय के निर्देश पर NOTA को मतपत्र और ईवीएम दोनों में शामिल करने का उल्लेख है।,"NOTA विकल्प केवल ईवी​एम में है, मतपत्र पर नहीं।",,REF,REF,REF,False,no_flip,,,False,
469,CA_CHAR_05_HomoglyphPerturbation,"मुस्लिम चक्की मालिक का एक बच्ची के साथ दुष्कर्म मामले में नहीं है कोई सांप्रदायिक एंगल,दावा फेक है…","सोशल मीडिया पर एक वीडियो वायरल हो रहा है, जिसमें एक बुजुर्ग शख्स को एक मासूम बच्ची के साथ अश्लील हरकतें हुए दिखाया गया है। वीडियो को उत्तर प्रदेश के सहारनपुर का बताया जा रहा है। साथ ही दावा किया जा रहा है कि चक्की मालिक जो एक मुस्लिम है उसने 11 वर्षीय बच्ची के साथ दुष्कर्म की कोशिश की। वायरल वीडियो के साथ यूजर ने लिखा है- उत्तर प्रदेश के सहारनपुर से एक मामला आया है। मामला सहारनपुर के फतेहपुर थाना क्षेत्र में 11 वर्षीय बच्ची के साथ दुष्कर्म की कोशिश का मामला सामने आया है। चक्की मालिक ने बच्ची के साथ छेड़छाड़ की और जबरन गोदी में उठाकर अंदर ले जाकर दुष्कर्म की कोशिश की। चक्की मालिक मुस्लिम बताया जा रहा है,सहारनपुर पुलिस ने घटना का संज्ञान लेकर आरोपी के खिलाफ मामला दर्ज कर लिया है। अभी तक आरोपी को पकड़ा नहीं गया है। फेसबुक।आर्काइव अनुसंधान से पता चलता है कि… पड़ताल की शुरुआत में हमने वायरल वीडियो के तस्वीरों का रिवर्स इमेज सर्च किया परिणाम में वायरल वीडियो की खबर हमेंआजतकपर मिली। यहां पर वायरल वीडियो के स्क्रीनशॉर्ट मौजूद है। 9 सितंबर 2025 को प्रकाशित इस खबर के अनुसार सहारनपुर में एक बुजुर्ग द्वारा 11 साल की बच्ची से छेड़छाड़ का वीडियो वायरल हुआ। आरोपी ने आटा चक्की पर बच्ची को पकड़कर अश्लील हरकत की। पुलिस ने पॉक्सो एक्ट में मामला दर्ज कर आरोपी की तलाश शुरू की। स्थानीय लोगों में आक्रोश है और वे कड़ी सजा की मांग कर रहे हैं। मिली जानकारी की मदद लेते हुए अधिक सर्च करने पर वायरल वीडियो की खबर हमेंदैनिक भास्करकी वेबसाइट पर मिली। 10 सितंबर को छपी खबर के अनुसार, सहारनपुर में 70 साल के रिटायर टीचर पर नाबालिग से छेड़छाड़ का आरोप लगा है। रात को हुई मोहल्ले की पंचायत में आरोपी के रिश्तेदार ने उसको थप्पड़ मारे थे। आरोपी ने नाबालिग को झाड़ू लगाने के बहाने चक्की पर बुलाया था। खबर में आरोपी चक्की मालिक का नामअजमेर सिंहलिखा हुआ है। इसके अलावा हमें वायरल वीडियो की खबरपत्रिकापर मिली। प्रकाशित खबर के अनुसार वायरल वीडियो में दिख रहे आरोपी का नाम अजमेर सिंह है। एक नाबालिग लड़की रिटायर्ड टीचर अजमेर सिंह की चक्की पर गेहूं पिसवाने के लिए आई थी। आरोप है कि अजमेर सिंह ने बच्ची से झाड़ू लगाने के लिए कहा और उससे छे़ड़छाड़ करने लगा। । लड़की विरोध करती है लेकिन अजमेर उसे जबरन अंदर ले जाता है। जांच","मुस्लिम चक्की मा​लिक का एक बच्ची के साथ दुष्कर्म मामले में नहीं है कोई सांप्रदायिक एंगल,दावा फेक है…",,REF,REF,REF,False,no_flip,,,False,
470,CA_CHAR_05_HomoglyphPerturbation,"गोरखपुर के सांसद रवि किशन ने भरत तिवारी ‘एनकाउंटर’ पर नहीं दिया बयान, भ्रामक है वायरल दावा…","उत्तर प्रदेश के गोरखपुर से भाजपा सांसद रवि किशन का एक वीडियो सोशल मीडिया पर तेजी से वायरल हो रहा है, जिसमें वे एक एनकाउंटर को सही ठहरा रहे हैं। वायरल वीडियो के साथ यूजर ने दावा किया है कि बिहार में हुए भरत तिवारी के कथित एनकाउंटर को रवि किशन ने सही ठहराते हुए कहा है कि भरत तिवारी अपराधी था इसलिए उसका ‘एनकाउंटर’ हुआ। वायरल वीडियो के साथ यूजर ने लिखा है- भरत तिवारी एनकाउंटर पर रवि किशन के बयान से छिड़ी बहस भोजपुर एनकाउंटर मामले पर सांसद रवि किशन ने कहा कि कार्रवाई अपराधी के खिलाफ हुई है। वहीं, इस बयान को लेकर सोशल मीडिया पर अलग-अलग प्रतिक्रियाएं सामने आ रही हैं।अब आपकी बारी—आपकी राय में, यदि कोई व्यक्ति अपराध के आरोपों का सामना कर रहा हो, तो क्या पुलिस एनकाउंटर उचित है या हर मामले में अदालत के जरिए न्याय होना चाहिए? फेसबुक।आर्काइव़ अनुसंधान से पता चलता है कि… पड़ताल की शुरुआत में हमने वायरल वीडियो के तस्वीरों का रिवर्स इमेज सर्च किया, परिणाम में वायरल वीडियो से मिलता-जुलता वीडियो हमें‘आज तक’के यूट्यूब चैनल पर एक पोस्ट में मिला। यह वीडियो 28 जून 2026 को अपलोड किया गया था। कैप्शन में बताया गया कि बीजेपी सांसद ने एसपी अध्यक्ष अखिलेश यादव पर तंज कसते हुए तीखा जवाब दिया। इस पोस्ट के अनुसार , यूपी में हो रहे एनकाउंटर के बारे में बीजेपी सांसद रवि किशन ने कहा कि एनकाउंटर में मारे गए लोग आम नागरिक नहीं, बल्कि आपराधिक मामलों में शामिल आरोपी थे।रवि किशन ने चुनाव के माहौल में विपक्ष पर जनता को गुमराह करने का आरोप भी लगाया। मिली जानकारी की मदद लेते हुए अधिक सर्च करने पर हमें‘नवभारत लाइव’ के यूट्यूब चैनल पर भी वायरल वीडियो मिला । 29 जून 2026 को अपलोड हुए इस वीडियो में 2 मिनट 8 सेकंड पर एक पत्रकार यह सवाल करता है कि अखिलेश यादव ने लगातार हो रहे एनकाउंटर पर सवाल खड़ा किया है। इसी का जवाब देते हुए भाजपा सांसद ने वायरल बयान दिया था। इस पूरी बातचीत में कहीं भी बिहार के भरत तिवारी एनकाउंटर का संदर्भ नहीं मिला। आगे की पड़ताल में हमनेरवि किशनके सोशल मीडिया हैंडल्स को खंगाला। हमें 30 जून 2026 को अपलोड किया गया एक बयान मिला। इसमें रवि किशन वायरल दावे का खंडन करते हुए यह कहते हैं कि उन्होंने भरत तिवारी एनकाउंटर को लेकर कोई बयान नहीं दिया है। वायरल बयान यूपी के अपराधियों के संदर्भ में द","गोरखपुर के सांसद रवि किशन ने​ भरत तिवारी ‘एनकाउंटर’ पर नहीं दिया बयान, भ्रामक है वायरल दावा…",,REF,REF,REF,False,no_flip,,,False,
471,CA_CHAR_05_HomoglyphPerturbation,उम्मीदवार के बूथ या कियोस्क पर हुआ खर्च कभी भी उसके चुनाव व्यय में शामिल नहीं किया जाता।,पीआईबी की विज्ञप्ति में मतदान केंद्रों के बाहर उम्मीदवारों के बूथों पर खर्च को उम्मीदवार या उसके चुनाव एजेंट द्वारा किया गया मानकर चुनाव खर्च खाते में शामिल करने का निर्देश है।,उम्मीदवार के बूथ या कियोस्क पर हुआ खर्च कभी भी उसके चु​नाव व्यय में शामिल नहीं किया जाता।,,REF,REF,REF,False,no_flip,,,False,
472,CA_CHAR_05_HomoglyphPerturbation,तीसरे चरण के बाद 20 राज्यों और केंद्रशासित प्रदेशों के 283 संसदीय निर्वाचन क्षेत्रों में मतदान संपन्न हो चुका था।,पीआईबी की हिंदी विज्ञप्ति में तीसरे चरण के समापन तक 20 राज्यों/केंद्रशासित प्रदेशों और 283 संसदीय निर्वाचन क्षेत्रों में मतदान समाप्त होने की जानकारी है।,तीसरे चरण के बाद 20 राज्यों और केंद्रशासित प्रदेशों के 283 संसदी​य निर्वाचन क्षेत्रों में मतदान संपन्न हो चुका था।,,SUP,SUP,SUP,False,no_flip,,,False,
473,CA_CHAR_05_HomoglyphPerturbation,लेख में आपदा प्रभावित परिवारों के स्थायी पुनर्वास के लिए सरकार द्वारा तय की गई नई तिथि का उल्लेख है।,लेख में पुनर्वास की किसी निश्चित तिथि या समयसीमा का उल्लेख नहीं है।,लेख में आपदा प्रभावित परिवारों के स्थायी पुनर्वास के लि​ए सरकार द्वारा तय की गई नई तिथि का उल्लेख है।,,NEI,REF,REF,False,baseline_failure,,,False,
474,CA_CHAR_05_HomoglyphPerturbation,रसोई में बर्तन पर पेशाब छिड़कने की घटना में फर्जी सांप्रदायिक दावा वायरल…,"बर्तन में पेशाब करती हिंदू नौकरानी का वीडियो फर्जी सांप्रदायिक दावे से किया जा रहा है शेयर सोशल मीडिया पर एक हैरान कर देने वाला वीडियो सांप्रदायिक दावे से साझा किया जा रहा है। वायरल वीडियो में दिखाई दे रहा है कि एक रसोई में एक महिला है जो एक गिलास में पेशाब करती दिख रही है। दावा किया जा रहा है वीडियो में दिख रही महिला एक मुस्लिम है जिसका नाम शकीना है और वो एक हिंदू के घर में इस घिनौनी वारदात को अंजाम दे रही थी। यूज़र ने कैप्शन में लिखा है… पेशाबवालीकामवालीशकीना…मामलाबिजनौरकाहैजहांएकहिंदूव्यापारीकेघरशकीनापिछलेकईवर्षोंसेखानाबनारहीथी.शकहोनेपरघरवालोंनेएककैमराछुपाकररखदियाफिरजोदेखागयावोआपकेसामनेहै.थूहै,इसमजहबीगंदगीपर फेसबुक पोस्ट।आर्काइव पोस्ट अनुसंधानसेपताचलताहैकि हमने वायरल वीडियो की पड़ताल में कीफ्रेम्स को रिवर्स इमेज सर्च किया। परिणाम में हमेंजिस्टके आधिकारिक इंस्टाग्राम हैंडल पर एक वीडियो रिपोर्ट मिली। इस रिपोर्ट में हम वायरल वीडियो को देख सकते हैं। साथ ही इसमें बताया गया है कि वीडियो में बिजनौर की एक नौकरानी को, जो लगभग दस सालों से एक व्यवसायी के परिवार के साथ काम कर रही थी, एक छिपे हुए कैमरे में परिवार के बर्तनों पर पेशाब करते हुए कैद होने के बाद गिरफ्तार किया। परिवार को हाल के हफ़्तों में उसके व्यवहार पर शक हुआ और उन्होंने कैमरा लगा दिया, जिससे उसकी करतूत उजागर हो गई। अब नौकरानी को कानूनी कार्यवाही का सामना करना पड़ रहा है। 22 अगस्त 2025 कोटाइम्स ऑफ़ इंडियाकी छपी रिपोर्ट में वायरल वीडियो की एक स्क्रीन शॉट का इस्तेमाल किया गया है। रिपोर्ट में लिखा गया है कि, उत्तर प्रदेश के बिजनौर में पुलिस ने घरेलू सहायिका सामंत्रा को गिरफ्तार किया है। उसने नगीना में सत्यम के घर पर बर्तन साफ ​​करते समय उन पर पेशाब कर दिया था। घटना का एक वीडियो सोशल मीडिया पर वायरल होने के बाद यह कार्रवाई हुई थी। नगीना थाने के एसएचओ संजय कुमार ने गिरफ्तारी की पुष्टि की। जिसके बाद नौकरनी पर मामला दर्ज कर लिया गया है और जाँच जारी है। इस घटना से इलाके में आक्रोश फैल गया था। हमें इस घटना की विस्तृत वीडियो रिपोर्टन्यूज़18के यूट्यूब चैनल पर भी मिली। 22 अगस्त, 2025 को छपीपीटीआईकी एक रिपोर्ट के अनुसार , उत्तर प्रदेश के बिजनौर जिले के नगीना इलाके में एक घरेलू सहायिका को बर्तन साफ ​​करते समय उन पर पेशाब करने",रसो​ई में बर्तन पर पेशाब छिड़कने की घटना में फर्जी सांप्रदायिक दावा वायरल…,,REF,REF,REF,False,no_flip,,,False,
475,CA_CHAR_05_HomoglyphPerturbation,Kay Kay Menon की 'आदर्श बाल विद्यालय' सीरीज अमेजन प्राइम पर रिलीज हो चुकी है।,TV9 भारतवर्ष के मुताबिक इतना ही पता चलता है कि के के मेनन स्टारर 'आदर्श बाल विद्यालय' अमेजन प्राइम पर रिलीज होते ही चर्चा में आ गई है. आगे कोई पुख्ता जानकारी नहीं मिलती।,Kay Kay Menon की 'आदर्श बाल विद्यालय' सीरीज अमेजन प्राइम पर रिलीज हो​ चुकी है।,,NEI,NEI,NEI,False,baseline_failure,,,False,
476,CA_CHAR_05_HomoglyphPerturbation,बंगाल के दुर्गापुर में खेती के जानवर ले जा रहे लोगों से मारपीट का वीडियो कसाइयों की गिरफ्तारी के भ्रामक दावे से वायरल।,"बंगाल में कसाइयों के पकड़े जाने का दावा पूरी तरह झूठ, वीडियो में दिख रहे पीड़ित असल में किसान थे। हाल के दिनों में पश्चिम बंगाल सरकार की तरफ से बकरीद के त्योहार को लेकर एक नई गाइडलाइन जारी की गई थी। जिसके तहत राज्य में बिना वैध स्वास्थ्य प्रमाणपत्र के पशु वध करने पर कानूनी रोक लगाने व खुले में पशुओं की कुर्बानी न देने के स्पष्ट निर्देश दिए गए थें। वहीं प्रशासन की तरफ से चेतावनी दी गई कि नियमों की अनदेखी करने या आदेश का उल्लंघन करने वाले लोगों के खिलाफ सख्त कानूनी कार्रवाई अमल में लाई जाएगी। इसी संदर्भ से जोड़ते हुए इंटरनेट पर एक वीडियो वायरल हुआ है, जिसमें कुछ लोगों की भीड़ मुस्लिम बुजुर्गों को रस्सी से बांधकर धमकाती व उनके साथ अभद्र व्यवहार करती दिख रही है। दावा किया जा रहा है कि बंगाल की नई बीजेपी सरकार में कुर्बानी के लिए अवैध तरीके से गाय बेचने आए कसाइयों को पकड़ा गया और उन्हें पुलिस के हवाले कर दिया गया। वीडियो को फेसबुक पर इस कैप्शन के साथ साझा किया जा रहा है… चिच्चाभूलगएथेकिअबइनकीबाज़ीसरकारमेंनहींहै..बंगालमेंकुर्बानीकेलिएगायबेचनेआयेदोकसाइयोंकोगौपुत्रोंनेरंगेहाथोंपकड़लिया…दोनोंकेपासनतोगायकामालिकहोनेकाकोईप्रमाणथानहीखुदकेभारतीयहोनेका..हिन्दुओंनेदोनोंकोपुलिसकोसुपुर्दकिया। फेसबुक पोस्ट।आर्काइव पोस्ट अनुसंधानसेपताचलताहैकि… हमने जांच की शुरुआत में वायरल वीडियो से फ्रेम लेकर गूगल रिवर्स इमेज पर सर्च किया। परिणाम में हमेंThe Siasat Dailyके एक्स अकाउंट पर वायरल वीडियो मिला। यहां वीडियो को 3 अगस्त 2025 को शेयर किया गया है। पोस्ट में बताया गया है कि पश्चिम बंगाल के दुर्गापुर में शुक्रवार,1 अगस्त को कृषि उद्देश्यों के लिए मवेशियों को ले जा रहे मुस्लिम मवेशी व्यापारियों के एक समूह पर बीजेपी के कार्यकर्ताओं ने हमला कर दिया। उपद्रवियों के खिलाफ मामला दर्ज किया गया और दो लोगों को गिरफ्तारी हुई। https://twitter.com/TheSiasatDaily/status/1951998107497213996?s=20 फिर हमेंइंडिया टुडेकी रिपोर्ट मिली जो 2 अगस्त 2025 को प्रकाशित की गई थी। रिपोर्ट के अनुसार, दुर्गापुर में कोक ओवन पुलिस थाना क्षेत्र के अंतर्गत गैमन ब्रिज के पास हुई एक घटना के बाद तनाव बढ़ गया। असल में भाजपा युवा शाखा के सदस्यों ने कथित तौर पर मवेशियों से भरी एक पिकअप वैन को रोका और उसमें सवार लोगों पर हमला किया, उन्हे",बंगाल के दुर्गापुर में खेती के जानवर ले जा रहे लोगों से मारपीट का वीडियो कसाइयों की गिरफ्तारी के भ्रामक दावे से​ वायरल।,,REF,REF,REF,False,baseline_failure,,,False,
477,CA_CHAR_05_HomoglyphPerturbation,नाइजीरिया में प्रदर्शन का वीडियो तमिलनाडु में बिहारी मजदूरों पर हो रहे अत्याचार के नाम से वायरल।,"वायरल वीडियो तमिलनाडु में बिहारी मजदूरों पर हो रहे अत्याचार का नहीं है बल्कि ये नाइजीरिया में नोट्बंदी के खिलाफ हो रहे विरोध प्रदर्शन का है। तमिलनाडु में बिहारी मजदूरों पर अत्याचारों कीख़बरोंके बीच सोशल मीडिया पर तरह तरह के असंबंधित वीडियो शेयर किए जा रहे हैं। इसी के चलते सोशल मीडिया पर एक वीडियो वायरल हो रहा है जिसमे हम लोगों को आगजनी की वजह से उठते धुएं के बीच इधर उधर भागते हुए देख सकते है। इस वीडियो को शेयर करते हुए दावा किया जा रहा है कि तमिलनाडु में बिहारी मजदूरों को भगा भगाकर हत्या की जा रही है। सोशल मीडिया पर वायरल वीडियो के कैप्शन में लिखा गया है की “तमिलनाडु के लोग बिहारियों को मार रहे हैं और हत्या भी कर रहे हैं।” इन्स्टाग्राम पोस्ट।आर्काइव लिंक अनुसंधान से पता चलता है की… जाँच की शुरुवात हमने वायरल वीडियो को छोटे फ्रेम्स में तोड़कर गूगल पर रिवर्स इमेज सर्च करने से की, परिणाम से हमें ये वीडियो फेसबुक पर 7 फरवरी को उपलब्ध मिला। इस वीडियो के कैप्शन में लिखा गया है कि ये वीडियो अफ्रीका के नाइजीरिया में ओगुन नामक एक राज्य के राजधानी से है जहाँ अबेओकुटा में नायरा के कमी के वजह से विरोध प्रदर्शन हुआ था। इस बात को ध्यान में रखा जाए की वायरल वीडियो और फेसबुक वीडियो एक जैसे नहीं है, बल्कि उनमें थोड़ा अंतर है। इस वीडियो को एक ही जगह से शॉट किया गया है, दोनों वीडियो में काफी समानताय देख सकते है। इस वीडियो कोसहारा रिपोर्टरने अपने आधिकारिक फेसबुक अकाउंट से शेयर किया है। इसके आलावा हमें इस घटना का एक और लम्बा वीडियो मिला जिसेओडूडूवा टीवी रेडियोके फेसबुक पेज पर अपलोड किया गया है। इस वीडियो को 7 फरवरी 2023 को इस कैप्शन के साथ अपलोड किया गया है – “ईंधन की कमी और नायरा की कमी के कारण अबेओकुटा में हो रहा है।” आगे हमने वायरल वीडियो में दिख रहे लोकेशन को गूगल मैप्स पर ढूँढा, जिसे आप नीचे देख सकते है। ये ब्रिज नाइजीरिया के अबेओकुटा शहर के शोपन मॉल के पास है। नीचे आप इस ब्रिज और वायरल वीडियो में दिख रहे दृश्यों की समानताए देख सकते है, जिससे हम स्पष्ट हो सकते है कि वायरल वीडियो नाइजीरिया से है नाकि तमिलनाडु से है। इस वीडियो के दुसरे वर्शन कोवीदिन नाइजीरियाने 7 फरवरी 2023 को नाइरा के कमी के कारण हो रहे विरोध प्रदर्शन के नाम से अपलोड किया गया है। नाइजीरिया में क्या हुआ है? नाइजीरिया",नाइजीरिया में प्रदर्शन का वीडियो तमिलनाडु में बिहारी​ मजदूरों पर हो रहे अत्याचार के नाम से वायरल।,,REF,REF,REF,False,no_flip,,,False,
478,CA_CHAR_05_HomoglyphPerturbation,रैपर बादशाह को दुबई पुलिस ने ड्रग्स केस में हिरासत में लिया।,"आजतक फैक्ट चेक ने पाया कि वायरल वीडियो दुबई के एक क्लब इवेंट का था, जिसमें बादशाह सुरक्षा घेरे के साथ बाहर निकल रहे थे। पुलिस हिरासत या ड्रग्स केस से जुड़ी कोई पुष्ट रिपोर्ट सामने नहीं आई।",रैपर बादशाह को दुबई पुळिस ने ड्रग्स केस में हिरासत में लिया।,,REF,REF,REF,False,no_flip,,,False,
479,CA_CHAR_05_HomoglyphPerturbation,लेख में बताया गया है कि हाथी पर्वत और मैठाणा में लैंड स्लाइड मिटिगेशन पूरी तरह असफल रहा।,लेख में इन दोनों स्थानों पर इस तकनीक के सफल होने की जानकारी दी गई है।,लेख में बताया गया है​ कि हाथी पर्वत और मैठाणा में लैंड स्लाइड मिटिगेशन पूरी तरह असफल रहा।,,REF,REF,REF,False,no_flip,,,False,
480,CA_CHAR_05_HomoglyphPerturbation,अभिनेता असरानी ने हालिया चुनावों के दौरान भाजपा की आलोचना करते हुए यह वीडियो रिकॉर्ड किया था।,"वीडियो के प्रमुख फ्रेम की जांच से पता चला कि यह क्लिप चुनावों से पहले की है। इसे नए चुनावी घटनाक्रम से जोड़कर साझा किया गया, जबकि मूल वीडियो का उस चुनाव से कोई संबंध नहीं था",अभिनेता असरानी ने हालिया चुनावों के दौरान भाजपा की आलोचना करते हु​ए यह वीडियो रिकॉर्ड किया था।,,REF,REF,REF,False,no_flip,,,False,
481,CA_CHAR_05_HomoglyphPerturbation,रणबीर कपूर 'धूम 4' में नजर आएंगे।,इंडिया टीवी ने केवल इतना बताया कि रणबीर कपूर ने हाल ही में अपने अपकमिंग प्रोजेक्ट्स के बारे में बात की। बाकी विवरण अनुपलब्ध है।,रणबीर कपूर 'धूम 4' में नजर आएंग़े।,,NEI,NEI,NEI,False,no_flip,,,False,
482,CA_CHAR_05_HomoglyphPerturbation,तकनीकी कारणों के चलते पायलट ने इमरजेंसी लैंडिंग का फैसला लिया था।,लेख में तकनीकी कारणों से पायलट द्वारा इमरजेंसी लैंडिंग का निर्णय लेने का उल्लेख है।,तकनीकी कारणो​ं के चलते पायलट ने इमरजेंसी लैंडिंग का फैसला लिया था।,,SUP,SUP,SUP,False,no_flip,,,False,
483,CA_CHAR_05_HomoglyphPerturbation,"मतदाता पंजीकरण का आवेदन संबंधित ईआरओ/एईआरओ को, डाक से, बीएलओ के माध्यम से या ऑनलाइन दायर किया जा सकता है।","निर्वाचन आयोग के FAQ में आवेदन जमा करने के लिए ईआरओ/एईआरओ, डाक, बीएलओ और ऑनलाइन माध्यमों का विवरण दिया गया है।","मतदाता पंजीकरण का आवेदन संबंधित ईआरओ/एईआरओ को, डाक से, बीएलओ के माध्यम से या​ ऑनलाइन दायर किया जा सकता है।",,SUP,SUP,SUP,False,no_flip,,,False,
484,CA_CHAR_05_HomoglyphPerturbation,'वेलकम टू द जंगल' फिल्म का 30 दिनों का कलेक्शन अज्ञात है।,एबीपी न्यूज़ की रिपोर्ट में सिर्फ इतना बताया गया कि अक्षय कुमार की कॉमेडी फिल्म 'वेलकम टू द जंगल' की रिलीज को 30 दिनों का वक्त हो गया है. तारीख या आंकड़ों का उल्लेख नहीं है।,'वेलकम टू द जंगल' फिल्म का 30 दिनों का कलेक्शन अज्ञात है​।,,NEI,NEI,NEI,False,baseline_failure,,,False,
485,CA_CHAR_05_HomoglyphPerturbation,लगातार बारिश के बावजूद डाकपत्थर बैराज का कोई भी गेट नहीं खोला गया।,लेख में इसके विपरीत सभी गेट खोले जाने की जानकारी दी गई है।,लगातार बारिश के बावजूद डाकपत्थर बैराज का कोई भी गेट नहीं खोला ग़या।,,REF,REF,REF,False,no_flip,,,False,
486,CA_CHAR_05_HomoglyphPerturbation,डिजिटल कृषि मिशन के तहत 7.63 करोड़ से अधिक किसान आईडी बनाई गई थीं।,पीआईबी की हिंदी विज्ञप्ति में डिजिटल कृषि मिशन के अंतर्गत 7.63 करोड़ से अधिक किसान आईडी बनाए जाने का उल्लेख है।,डिजिटल कृषि मिशन के तहत 7.63 करोड़ से अधिक किसान आईडी बनाई गई थी​ं।,,SUP,SUP,SUP,False,no_flip,,,False,
487,CA_CHAR_05_HomoglyphPerturbation,भारत में ईवीएम निजी कंपनियां बनाती हैं।,निर्वाचन आयोग के अनुसार ईवीएम भारत इलेक्ट्रॉनिक्स लिमिटेड और इलेक्ट्रॉनिक्स कॉरपोरेशन ऑफ इंडिया लिमिटेड जैसे सार्वजनिक उपक्रमों द्वारा बनाई जाती हैं।,भारत में ईवी​एम निजी कंपनियां बनाती हैं।,,REF,REF,REF,False,no_flip,,,False,
488,CA_CHAR_05_HomoglyphPerturbation,शाहरुख खान ने अपने आधिकारिक एक्स अकाउंट से छात्रों के समर्थन में वायरल हो रहा संदेश स्वयं पोस्ट किया था।,तथ्य-जांच के दौरान संबंधित पोस्ट अभिनेता के सत्यापित एक्स अकाउंट पर नहीं मिली। रिपोर्ट में स्पष्ट किया गया कि प्रसारित स्क्रीनशॉट वास्तविक नहीं है।,शाहरुख खान ने अपने आधि​कारिक एक्स अकाउंट से छात्रों के समर्थन में वायरल हो रहा संदेश स्वयं पोस्ट किया था।,,REF,REF,REF,False,no_flip,,,False,
489,CA_CHAR_05_HomoglyphPerturbation,असम में भारी बारिश के बावजूद किसी भी प्रकार का भूस्खलन नहीं हुआ।,लेख में स्पष्ट रूप से कई स्थानों पर लैंडस्लाइड होने का उल्लेख है।,असम में भारी बारिश के बावजूद किसी भी​ प्रकार का भूस्खलन नहीं हुआ।,,REF,REF,REF,False,no_flip,,,False,
490,CA_CHAR_05_HomoglyphPerturbation,प्रियंका चोपड़ा 'वाराणसी' की शूटिंग के लिए हैदराबाद पहुंचीं।,"TV9 भारतवर्ष के मुताबिक, प्रियंका चोपड़ा अपनी अपकमिंग फिल्म 'वाराणसी' की शूटिंग के लिए हैदराबाद पहुंच गई हैं.",प्रियंका चोपड़ा 'वारा​णसी' की शूटिंग के लिए हैदराबाद पहुंचीं।,,SUP,SUP,SUP,False,no_flip,,,False,
491,CA_CHAR_05_HomoglyphPerturbation,लेख में मलबे से हुए कुल आर्थिक नुकसान की आधिकारिक राशि बताई गई है।,लेख में किसी कुल आर्थिक नुकसान की आधिकारिक राशि का उल्लेख नहीं है।,लेख में मलबे से हुए कुल आर्थिक नुकसान की आधिकारिक राशि बताई ग़ई है।,,NEI,REF,REF,False,baseline_failure,,,False,
492,CA_CHAR_05_HomoglyphPerturbation,ईवीएम का उपयोग किसी दूसरे देश में नहीं होता।,"निर्वाचन आयोग के स्पष्टीकरण के अनुसार अमेरिका, ब्राजील, नामीबिया और भूटान सहित अन्य देशों में भी इलेक्ट्रॉनिक वोटिंग मशीनों का उपयोग होता है।",ईवीएम का उपयोग किसी दूसरे दे​श में नहीं होता।,,REF,REF,REF,False,no_flip,,,False,
493,CA_CHAR_05_HomoglyphPerturbation,तीसरे चरण के सात मई के प्रेस नोट में डाक मतपत्रों की अंतिम कुल संख्या 10 लाख बताई गई थी।,पीआईबी की हिंदी विज्ञप्ति केवल यह कहती है कि विस्तृत सांख्यिकीय आंकड़े जांच और पुनर्मतदान के बाद प्रकाशित होंगे; इसमें डाक मतपत्रों की अंतिम कुल संख्या नहीं दी गई है।,तीसरे चरण के सात मई के प्रेस नोट मे​ं डाक मतपत्रों की अंतिम कुल संख्या 10 लाख बताई गई थी।,,NEI,REF,REF,False,baseline_failure,,,False,
494,CA_CHAR_05_HomoglyphPerturbation,लेख में बताया गया है कि भारतीय वायुसेना ने लाचेन में फंसे किसी भी पर्यटक को नहीं निकाला।,लेख में एमआई-17 हेलीकॉप्टरों द्वारा कई पर्यटकों को सुरक्षित निकाले जाने की जानकारी दी गई है।,लेख में बताया गया है कि भारतीय वायुसेना ने लाचेन में फ़ंसे किसी भी पर्यटक को नहीं निकाला।,,REF,REF,REF,False,no_flip,,,False,
495,CA_CHAR_05_HomoglyphPerturbation,"वर्ष 2014 से 2023 के अंत तक 1,562 पुराने और अनावश्यक कानून निरस्त किए जा चुके थे।","पीआईबी की वर्षांत समीक्षा 2023 में 2014 से अब तक 1,562 पुराने और अनावश्यक कानून निरस्त किए जाने का उल्लेख है।","वर्ष 2014 से​ 2023 के अंत तक 1,562 पुराने और अनावश्यक कानून निरस्त किए जा चुके थे।",,SUP,SUP,SUP,False,no_flip,,,False,
496,CA_CHAR_05_HomoglyphPerturbation,नसीरुद्दीन शाह ने ‘द केरला स्टोरी’ पर विवाद के बीच कहा था कि उन्होंने यह फिल्म नहीं देखी और देखने का इरादा भी नहीं है।,"रिपोर्ट में नसीरुद्दीन शाह के इंटरव्यू का हवाला दिया गया, जिसमें उन्होंने फिल्म पर चल रही बहस पर टिप्पणी की और कहा कि वे इसे देखने नहीं जा रहे। बयान को संदर्भ सहित प्रकाशित किया गया था।",नसीरुद्दीन शाह ने ‘द केरला स्टोरी’ पर विवाद के बीच कहा था कि उन्होंने यह फिल्म नहीं देखी और देखने का इरादा भी नहीं है​।,,SUP,SUP,SUP,False,no_flip,,,False,
497,CA_CHAR_05_HomoglyphPerturbation,प्रशासन ने लोगों से नदी-नालों के किनारे नहीं जाने की अपील की।,लेख में प्रशासन द्वारा यह अपील किए जाने का उल्लेख है।,प्रशासन ने लोगों से नदी-नालों के​ किनारे नहीं जाने की अपील की।,,SUP,SUP,SUP,False,no_flip,,,False,
498,CA_CHAR_05_HomoglyphPerturbation,सरकार भविष्य में अग्निपथ योजना को 'सैनिक सम्मान योजना' नाम से लागू करेगी।,"न्यूज़चेकर हिंदी के साक्ष्य में मौजूदा वायरल दस्तावेज और उसमें बताए बदलावों को फर्जी कहा गया है, लेकिन भविष्य के किसी नीति-निर्णय का प्रमाण नहीं है।",सरकार भविष्य में अग्निपथ योजना को 'सैनि​क सम्मान योजना' नाम से लागू करेगी।,,NEI,NEI,NEI,False,no_flip,,,False,
499,CA_CHAR_05_HomoglyphPerturbation,विराट कोहली ने सार्वजनिक रूप से घोषणा की कि वह अनुष्का शर्मा और बच्चों के साथ स्थायी रूप से लंदन शिफ्ट हो गए हैं।,"एबीपी न्यूज़ की रिपोर्ट में विराट-अनुष्का के लंदन में देखे जाने और शिफ्टिंग की अटकलों का उल्लेख था, लेकिन विराट कोहली की किसी आधिकारिक घोषणा का हवाला नहीं दिया गया। लेख ने इसे सोशल मीडिया चर्चा के रूप में पेश किया।",विराट कोहली ने सार्वजनिक रू​प से घोषणा की कि वह अनुष्का शर्मा और बच्चों के साथ स्थायी रूप से लंदन शिफ्ट हो गए हैं।,,REF,REF,REF,False,baseline_failure,,,False,
500,CA_CHAR_05_HomoglyphPerturbation,खसरे वाले हर बच्चे में एक ही दिन चकत्ते दिखाई देते हैं।,"डब्ल्यूएचओ खसरे के लक्षणों और चकत्तों की चर्चा करता है, लेकिन हर बच्चे के लिए एक ही दिन की निश्चित समय-सीमा नहीं देता।",खसरे वाले हर बच्चे में एक ही​ दिन चकत्ते दिखाई देते हैं।,,NEI,REF,REF,False,baseline_failure,,,False,
501,CA_CHAR_05_HomoglyphPerturbation,दिसंबर 2025 तक सुकन्या समृद्धि योजना में 4.53 करोड़ से अधिक खाते खोले जा चुके थे।,पीआईबी की हिंदी विज्ञप्ति में दिसंबर 2025 तक सुकन्या समृद्धि योजना के 4.53 करोड़ से अधिक खाते खोले जाने का उल्लेख है।,दिसंबर 2025 तक सुकन्या समृद्धि योजना मे​ं 4.53 करोड़ से अधिक खाते खोले जा चुके थे।,,SUP,,,False,unusable_verdict,,,False,
502,CA_CHAR_05_HomoglyphPerturbation,टीबी संक्रमण घटाने में अच्छी तरह हवादार स्थान महत्वपूर्ण होते हैं।,डब्ल्यूएचओ स्वास्थ्य संस्थानों और अन्य संस्थानों में टीबी संक्रमण घटाने के लिए अच्छी तरह हवादार स्थानों को महत्वपूर्ण बताता है।,टीबी संक्रमण घटाने में अच्छी तरह हवादार स्थान महत्वपूर्ण होते है​ं।,,SUP,SUP,SUP,False,no_flip,,,False,
503,CA_CHAR_05_HomoglyphPerturbation,जमीन विवाद को लेकर दो पक्षों में हुई लड़ाई के वीडियो को सांप्रदायिक दावे से वायरल…,"बुर्का पहने एक महिला और एक शख्स के बीच लड़ाई का एक वीडियो सोशल मीडिया पर तेजी से वायरल हो रहा है। इस वीडियो को सांप्रदायिक एंगल के साथ शेयर कर दावा किया जा रहा है कि प्रयागराज में दबंगों ने एक मुस्लिम महिला पर खुलेआम तमंचा लहराया और फायरिंग की। वीडियो को शेयर कर यूजर सरकार पर निशाना साध रहे हैं। वायरल वीडियो के साथ यूजर ने लिखा है- प्रयागराज में मुस्लिम महिला पर दबंगो ने कथित तौर पर खुलेआम तमंचा लहराते हुए फायरिंग करदी, और मुख्यमंत्री का कहना है की प्रदेश अपराधमुक्त हो गया है। फेसबुक।आर्काइव अनुसंधान से पता चलता है कि… पड़ताल की शुरुआत में हमने वायरल वीडियो के तस्वीरों का रिवर्स इमेज सर्च किया। परिणाम में वायरल वीडियो की तस्वीर हमेंइंस्टाग्रामपर मिला। जानकारी के अनुसार, बुधवार को ईसीपुर चौराहे के पास जमीन के सौदे को लेकर दो पक्षों में कहासुनी हुई। विवाद बढ़ने पर मारपीट शुरू हो गई और इसी दौरान एक युवक ने तमंचे से फायरिंग कर दी। गोली एक युवक की जांघ में लगी, जिससे वह घायल हो गया। बताया जा रहा है कि जमीन के सौदे में एडवांस रकम देने के बावजूद रजिस्ट्री नहीं हो पाई थी। इसी बात को लेकर दोनों पक्षों के बीच लंबे समय से विवाद चल रहा था। सोमवार को पैसे मांगने पर यह विवाद हिंसक रूप ले लिया। मिली जानकारी की मदद लेते हुए अधिक सर्च करने पर वायरल वीडियो की रिपोर्ट हमें‘दैनिक भास्कर’की वेबसाइट पर मिली। इस रिपोर्ट को 2 दिन पहले प्रकाशित किया गया था। रिपोर्ट के अनुसार, घटना प्रयागराज बहादुरपुर के झूंसी थाना क्षेत्र की है। घटना दो पक्षों के बीच पैसों और जमीन को लेकर हुए विवाद का है। दरअसल, दोनों पक्ष जमीन लेन-देन का सौदा कर रहे थे। एक पक्ष ने जमीन खरीदने के लिए एडवांस रकम भी दे दी थी, लेकिन फिर भी रजिस्ट्री नहीं हो पाई थी। इसी को लेकर दोनों के बीच हुए विवाद ने हिंसक रूप ले लिया। हमें दावे से जुड़े ‘प्रयागराज न्यूज़’ की एक रिपोर्ट भी मिली, जिसमें इस घटना का पूरा ब्योरा और आरोपियों की पहचान बताई गई थी। रिपोर्ट के अनुसार आरोपियों की पहचान इस प्रकार हुई, 1. सोनू उर्फ समसुद्दीन अहमद (32) पुत्र स्वर्गीय फरमूद अहमद उर्फ बच्चे, निवासी इसीपुर मलावा खुर्द, झूंसी थाना क्षेत्र, जिला प्रयागराज। 2. इंजमाम (26) पुत्र कमरुल हसन उर्फ गुडडू निवासी 123 सदियाबाद बड़ा बघाड़ा, कर्नलगंज थाना क्षेत्र, ज",जमीन विवाद को लेकर दो पक्षों में हुई लड़ाई के वीडियो को सांप्रदायिक दा​वे से वायरल…,,REF,,,False,unusable_verdict,,,False,
504,CA_CHAR_05_HomoglyphPerturbation,अंगूर के बीज का अर्क कैंसर की रोकथाम करता है।,एनसीसीआईएच के अनुसार अंगूर के बीज के अर्क सहित कई सप्लीमेंट के कैंसर-रोकथाम प्रभावों पर साक्ष्य इतने सीमित हैं कि निष्कर्ष नहीं निकाला जा सकता।,अंग़ूर के बीज का अर्क कैंसर की रोकथाम करता है।,,NEI,,,False,baseline_failure,,,False,
505,CA_CHAR_05_HomoglyphPerturbation,अगरतला में प्रधानमंत्री आवास योजना-शहरी और ग्रामीण के तहत दो लाख से अधिक लाभार्थियों के लिए गृह प्रवेश कार्यक्रम की घोषणा की गई थी।,17 दिसंबर 2022 की विज्ञप्ति में पीएमएवाई-शहरी और ग्रामीण के तहत दो लाख से अधिक लाभार्थियों के लिए गृह प्रवेश कार्यक्रम का उल्लेख है।,अगरतला में प्रधानमंत्री आवास यो​जना-शहरी और ग्रामीण के तहत दो लाख से अधिक लाभार्थियों के लिए गृह प्रवेश कार्यक्रम की घोषणा की गई थी।,,SUP,SUP,SUP,False,no_flip,,,False,
506,CA_CHAR_05_HomoglyphPerturbation,माइग्रेन का प्रभाव केवल दर्द तक सीमित रहता है।,डब्ल्यूएचओ माइग्रेन में प्रकाश के प्रति संवेदनशीलता का उल्लेख करता है।,माइग्रेन का​ प्रभाव केवल दर्द तक सीमित रहता है।,,REF,REF,REF,False,no_flip,,,False,
507,CA_CHAR_05_HomoglyphPerturbation,Karnataka: शिमोगा सरकारी कॉलेज में तिरंगा हटाकर नहीं लहराया गया भगवा झंड़ा,"Byline- शिमोगा के गवर्नमेंट फर्स्ट ग्रेड कॉलेज के प्रिंसिपल और शिमोगा पुलिस अधीक्षक (एसपी) ने फैक्ट क्रेसेंडो को पुष्टि करते हुए कहा कि कॉलेज में खंबे पर तिरंगा ध्वज नहीं था। कर्नाटक में मुस्लिम छात्राओं ने हिजाब पहनने का मुद्दा गरमाता जा रहा है। हिजाब विवाद के चलते मंगलवार को राज्य के विविध शहरों में हिंसा भी शुरु हो गयी। शिमोगा शहर के सरकारी कॉलेज में तो कुछ छात्रों ने पोल पर भगवा झंडा फहराने का वीडियो भी सामने आया। इस वीडियो को लेकर दावा किया जा रहा है कि इन छात्रों ने कॉलेज में तिरंगा ध्वज उतार के भगवा झंडा फहराया। Was the tricolour replaced with a saffron flag in Shivamogga college, as alleged by Karnataka Cong chief DK Shivakumar? He takes my questions on this and the Karnataka campus hijab face-off live:pic.twitter.com/cwlssLoI3X आर्काइव लिंक #KarnatakaHijabRow@INCKarnatakapresident@DKShivakumarhas tweeted saying replacing National flag with Saffron flag at#Shimogais a breakdown of law and order.And the college should be closed for a week.pic.twitter.com/0Rr3RL4cyn आर्काइव लिंक The situation in some Karnataka educational institutions has gone so out of hand that in one case the National flag was replaced by a saffron flag. I think the affected institutions should be closed for a week to restore law and order. Teaching can continue online. अनुसंधान से पता चलता है कि… इस वीडियो के बारे में पूरी जानकारी लेने के लिए फैक्ट क्रेसेंडो ने शिमोगा के गवर्नमेंट फर्स्ट ग्रेड कॉलेज केप्रिंसिपलधनंजय बीआर से संपर्क किया। वे उस समय घटनास्थल पर मौजूद थे। उन्होंने बताया कि जब ये छात्र भगवा झंडा फहराने के लिए पोल पर चढ़ रहे थे तब पोल पर तिरंगा झंडा नहीं था। वो पोल खाली था। हालांकि छात्रोंने भगवा झंड़ा तो लहराया पर उसे लगाने के लिए राष्ट्रीय ध्वज उतारा नहीं था। उन्होंने फैक्ट क्रेसेंडो के साथ भगवा झंडा फहराने से पहले की एक तस्वीर भी शेयर की है। उसमें साफ दिखता है कि खंबे पर तिरंगा नहीं था। आगे फैक्ट क्रेसेंडो ने शिमोगा के पुलिस अधीक्षक बी.एम. लक्ष्मी प्रसाद से बातचीत की। उन्होंने बताया कि राष्ट्रीय ध्वज को भगवे झंड़े से नहीं बदला गया था। भगवा झंडा फहराने के बाद प्रदर्शनकारियों स",Karnataka: शिमोगा सरकारी कॉलेज में तिरंगा हटाकर नहीं लहराया​ गया भगवा झंड़ा,,REF,REF,REF,False,no_flip,,,False,
508,CA_CHAR_05_HomoglyphPerturbation,टी ट्री ऑयल एथलीट फुट को हर मामले में ठीक कर देता है।,"एनसीसीआईएच के अनुसार कुछ अध्ययनों में टी ट्री ऑयल से एथलीट फुट के लक्षणों में लाभ का संकेत मिला है, लेकिन परिणाम सीमित हैं और पूर्ण इलाज निश्चित नहीं है।",टी ट्री ऑयल एथलीट फुट को​ हर मामले में ठीक कर देता है।,,NEI,REF,REF,False,baseline_failure,,,False,
509,CA_CHAR_05_HomoglyphPerturbation,"राजस्थान के भीलवाड़ा में खाद्य सुरक्षा विभाग ने 'शुद्ध आहार, मिलावट पर वार' अभियान के तहत रामस्नेही जलपान गृह पर छापा मारकर मिर्च, तेल और नमकीन के नमूने जब्त किए।","विभाग ने लालमिर्च पाउडर, रिफाइंड सोयाबीन तेल और नमकीन के नमूने लेकर उन्हें जांच के लिए अजमेर स्थित प्रयोगशाला भेजा है।","राजस्थान के भीलवाड़ा में खाद्य सुरक्षा विभाग ने 'शुद्ध आहार, मिलावट पर वार' अभियान के तहत रामस्नेही जलपान गृह पर छापा​ मारकर मिर्च, तेल और नमकीन के नमूने जब्त किए।",,SUP,SUP,SUP,False,no_flip,,,False,
510,CA_CHAR_05_HomoglyphPerturbation,"बजरंग दल ने बांग्लादेश में फहराया भगवा? नहीं, वीडियो ओडिशा का है …","दिसंबर 2025 में, बांग्लादेश में कम से कम चार हिंदू पुरुषों की हत्या की खबरें आईं।इसी बीच सोशल मीडिया पर एक वीडियो वायरल हो रहा है। वीडियो में काले कपड़े पहने हुआ एक शख्स एक बिल्डिंग में लगे होर्डिंग पर चढ़ा दिखाई देता है। वो एक हरे रंग का झंडा निकाल कर फेंक देता है।इसके बाद वो वहां भगवान हनुमान की फोटो वाला एक भगवा झंडा लगा देता है।वायरल वीडियो के साथ दावा किया जा रहा है कि बजरंग दल के सदस्यों ने बांग्लादेश में घुसकर वहां भगवा झंडा फहरा दिया। वायरल वीडियो के साथ यूजर ने लिखा है- बजरंग दल के शेर बांग्लादेश में घुसे, हिंदू सुरक्षा के लिए बड़ा ऐलान #bangladesh #save #hindu #bajrangdal फेसबुक।आर्काइव अनुसंधान से पता चलता है कि… पड़ताल की शुुरुआत में हमने देखा कि वायरल वीडियो में दुकानों के बोर्ड पर लिखे शब्द उल्टे नजर आ रहे हैं, यानी इसका दायां हिस्सा बाईं तरफ दिख रहा है। जब हमने इसे फ्लिप किया तो समझ में आया कि इसमें दुकानों के नाम उड़िया भाषा में लिखे हैं। वायरल वीडियो के तस्वीरों का रिवर्स इमेज सर्च किया, परिणाम में वायरल वीडियो की खबर हमें 6 अक्टूबर 2025 की ChotaNews App की एकX पोस्टमिली। इस पोस्ट में वही वीडियो दूसरे वीडियो के साथ था, और इसके डिस्क्रिप्शन के अनुसार, विजुअल्स में ओडिशा के कटक में दुर्गा विसर्जन के दौरान हुई झड़प दिखाई गई है। डीजे बजाने को लेकर दो ग्रुप के बीच लड़ाई हो गई, जिसमें DCP ऋषिकेश खिलारी समेत छह लोग घायल हो गए। झड़प के दौरान पत्थर फेंके गए, गाड़ियों में आग लगा दी गई, और कटक पुलिस ने प्रदर्शनकारियों को तितर-बितर करने और स्थिति को कंट्रोल में लाने के लिए दखल दिया। దుర్గాదేవి నిమజ్జనంలో ఘర్షణ.. డీజే పెట్టడంపై ఇరు వర్గాల గొడవఒడిశాలోని కటక్‌‌లో దుర్గా నిమజ్జనం సందర్భంగా డీజే పెట్టడంపై రెండు వర్గాల మధ్య మొదలైన గొడవఘర్షణలో డీసీపీ రిషికేశ్‌ ఖిలారీతో సహా ఆరుగురికి గాయాలు ఒకరిపై ఒకరు రాళ్లదాడికి తెగబడి.. వాహనాలకు నిప్పుఆందోళనకారులను…pic.twitter.com/HrCOZ0vXiq पड़ताल में आगे हमें सुशील स्वाधीन साहू नाम के एक यूजर का चैनल मिला। 5 अक्टूबर 2025 को स्वाधीन ने यूट्यूब पर वायरल वीडियो शेयर किया था। यहां वीडियो के साथ कैप्शन में लिखा है, ‘ ‘कटक हिंदू मुस्लिम दंगा। जांच में हमेंद टाइम्स ऑफ़ इण्डिया में वायरल वीडियो का खबर मिला। प्रकाशित खबर के अनुसा","बजरंग दळ ने बांग्लादेश में फहराया भगवा? नहीं, वीडियो ओडिशा का है …",,REF,REF,REF,False,baseline_failure,,,False,
511,CA_CHAR_05_HomoglyphPerturbation,प्रधानमंत्री कौशल विकास योजना 2015 में शुरू की गई थी।,पीआईबी की हिंदी विज्ञप्ति प्रधानमंत्री कौशल विकास योजना को 2015 में शुरू की गई रोजगार और उद्यमिता से जुड़ी प्रमुख कौशल-विकास पहल बताती है।,प्रधा​नमंत्री कौशल विकास योजना 2015 में शुरू की गई थी।,,SUP,SUP,SUP,False,no_flip,,,False,
512,CA_CHAR_05_HomoglyphPerturbation,सेंट जॉन्स वॉर्ट एंटीडिप्रेसेंट दवाओं के प्रभाव में कभी हस्तक्षेप नहीं करता।,एनसीसीआईएच के अनुसार सेंट जॉन्स वॉर्ट एंटीडिप्रेसेंट सहित दवाओं के साथ ऐसी अंतःक्रिया कर सकता है जो उनके इच्छित प्रभाव में बाधा डाले।,से​ंट जॉन्स वॉर्ट एंटीडिप्रेसेंट दवाओं के प्रभाव में कभी हस्तक्षेप नहीं करता।,,NEI,REF,REF,False,baseline_failure,,,False,
513,CA_CHAR_05_HomoglyphPerturbation,मनीष तिवारी ने विधेयक का पूर्ण समर्थन किया और किसी प्रकार की आपत्ति नहीं जताई।,लेख में मनीष तिवारी द्वारा विधेयक का विरोध और कई आपत्तियां दर्ज करने का उल्लेख है।,मनीष तिवा​री ने विधेयक का पूर्ण समर्थन किया और किसी प्रकार की आपत्ति नहीं जताई।,,REF,REF,REF,False,no_flip,,,False,
514,CA_CHAR_05_HomoglyphPerturbation,ऑपरेशन सिंदूर पर राज्यसभा में विशेष चर्चा 29 और 30 जुलाई 2025 को हुई।,संसदीय कार्य मंत्रालय की पीआईबी समीक्षा में ऑपरेशन सिंदूर पर राज्यसभा में 29 और 30 जुलाई 2025 को विशेष चर्चा होने का उल्लेख है।,ऑपरेशन सिंदूर पर राज्यसभा में विशेष चर्चा 29 और 30 जुलाई 2025 को​ हुई।,,SUP,SUP,SUP,False,no_flip,,,False,
515,CA_CHAR_05_HomoglyphPerturbation,महाराजगंज पुलिस ने साइबर ठगी करने वाले अंतरराज्यीय गिरोह के पांच आरोपियों को गिरफ्तार किया।,"पुलिस ने पांच आरोपियों को गिरफ्तार कर 318 मोबाइल फोन, मदरबोर्ड, बाइक और नकदी बरामद की।",महाराजगंज पुलिस ने साइबर ठगी करने​ वाले अंतरराज्यीय गिरोह के पांच आरोपियों को गिरफ्तार किया।,,SUP,SUP,SUP,False,baseline_failure,,,False,
516,CA_CHAR_05_HomoglyphPerturbation,दुर्ग जिले में पुलिस ने गांजा तस्करी के खिलाफ कार्रवाई करते हुए खुर्सीपार और छावनी थाना क्षेत्र में छापेमारी कर 7 तस्करों को गिरफ्तार किया।,छापेमारी के दौरान पुलिस ने आरोपियों से लाखों रुपये मूल्य के मादक पदार्थ और नशीली दवाएं जब्त कीं।,दुर्ग जिले में पुलिस ने गांजा तस्करी के खिलाफ कार्रवाई करते हुए खुर्सी​पार और छावनी थाना क्षेत्र में छापेमारी कर 7 तस्करों को गिरफ्तार किया।,,SUP,NEI,NEI,False,baseline_failure,,,False,
517,CA_CHAR_05_HomoglyphPerturbation,हर सड़क पर एक ही गति सीमा दुर्घटनाओं की रोकथाम के लिए सर्वोत्तम है।,"डब्ल्यूएचओ गति प्रबंधन के महत्व की चर्चा करता है, लेकिन सभी सड़कों के लिए एक ही गति सीमा को सर्वोत्तम नहीं बताता।",हर सड़क पर एक ही गति सीमा दुर्घटनाओं की रोकथाम के लिए सर्वोत्तम है​।,,NEI,REF,REF,False,baseline_failure,,,False,
518,CA_CHAR_05_HomoglyphPerturbation,पूरक स्वास्थ्य पद्धतियों की प्रभावशीलता पर सभी वैज्ञानिक प्रश्न हल हो चुके हैं।,"एनसीसीआईएच के अनुसार कई पूरक पद्धतियों की सुरक्षा, प्रभावशीलता और कार्यविधि के बारे में अभी अनेक अनुत्तरित प्रश्न हैं।",पूरक स्वास्थ्य पद्धतियों की प्रभावशीलता​ पर सभी वैज्ञानिक प्रश्न हल हो चुके हैं।,,NEI,REF,REF,False,baseline_failure,,,False,
519,CA_CHAR_05_HomoglyphPerturbation,मुक्त शर्करा का अधिक सेवन दंत क्षय के जोखिम से जुड़ा है।,डब्ल्यूएचओ मुक्त शर्करा के अधिक सेवन को दंत क्षय का प्रमुख जोखिम कारक बताता है।,मुक्त शर्करा का अधि​क सेवन दंत क्षय के जोखिम से जुड़ा है।,,SUP,SUP,SUP,False,no_flip,,,False,
520,CA_CHAR_05_HomoglyphPerturbation,लहसुन के सप्लीमेंट उच्च रक्तचाप वाले लोगों में रक्तचाप को चिकित्सकीय रूप से महत्वपूर्ण मात्रा में कम करते हैं।,"एनसीसीआईएच के अनुसार सीमित साक्ष्य बताते हैं कि लहसुन रक्तचाप को थोड़ी मात्रा में कम कर सकता है, लेकिन प्रभाव की मात्रा और महत्व पर साक्ष्य सीमित हैं।",लहसुन के सप्लीमेंट उच्च रक्तचाप वाले लोगों में रक्तचाप को चिकित्सकीय रूप से महत्वपू​र्ण मात्रा में कम करते हैं।,,NEI,REF,REF,False,baseline_failure,,,False,
521,CA_CHAR_05_HomoglyphPerturbation,"केंद्र सरकार भविष्य में 'महिला वर्क फ्रॉम होम योजना' के अंतर्गत 25,000 रुपये मासिक सहायता की नई योजना शुरू करेगी।","एशियानेट न्यूज़ हिंदी में मौजूदा वायरल योजना को फर्जी बताया गया है, किंतु भविष्य में ऐसी किसी नई योजना की घोषणा या अस्वीकृति का साक्ष्य नहीं है।","केंद्र सरकार भविष्य में 'महि​ला वर्क फ्रॉम होम योजना' के अंतर्गत 25,000 रुपये मासिक सहायता की नई योजना शुरू करेगी।",,NEI,NEI,NEI,False,no_flip,,,False,
522,CA_CHAR_05_HomoglyphPerturbation,मथुरा में साइबर ठगों के खिलाफ अभियान में 130 लोगों को पकड़ा गया।,"पुलिस ने कई गांवों में छापेमारी कर 130 लोगों को हिरासत में लिया तथा मोबाइल, टैबलेट और लैपटॉप बरामद किए।",मथुरा मे​ं साइबर ठगों के खिलाफ अभियान में 130 लोगों को पकड़ा गया।,,SUP,SUP,SUP,False,no_flip,,,False,
523,CA_CHAR_05_HomoglyphPerturbation,"प्रधानमंत्री फसल बीमा योजना और पुनर्गठित मौसम आधारित फसल बीमा योजना के तहत 10,000 पैक्स प्रतिभागियों को प्रशिक्षण देने का प्रावधान है।","पीआईबी की हिंदी विज्ञप्ति में पीएमएफबीवाई/आरडब्ल्यूबीसीआईएस के तहत पैक्स के 10,000 प्रतिभागियों को प्रशिक्षित करने के लिए प्रशिक्षण कार्यक्रमों को मंजूरी मिलने की जानकारी दी गई है।","प्रधानमंत्री फसल बीमा योजना और पुनर्गठित मौसम आधारित फसल बीमा योजना के​ तहत 10,000 पैक्स प्रतिभागियों को प्रशिक्षण देने का प्रावधान है।",,SUP,SUP,SUP,False,no_flip,,,False,
524,CA_CHAR_05_HomoglyphPerturbation,मणिपुर के विशेष मतदान केंद्रों पर मतदान वेबकास्टिंग या वीडियोग्राफी के तहत आयोजित किया गया था।,पीआईबी की विज्ञप्ति में मणिपुर के विशेष मतदान केंद्रों पर मतदान वेबकास्टिंग/वीडियोग्राफी के तहत आयोजित होने की बात है।,मणिपुर के विशेष मतदान केंद्रों पर मतदान वेबकास्टिंग़ या वीडियोग्राफी के तहत आयोजित किया गया था।,,SUP,SUP,SUP,False,no_flip,,,False,
525,CA_CHAR_05_HomoglyphPerturbation,सलमान खान ने 2024 में अपनी संस्था के जरिए 500 करोड़ रुपये का दान करने की घोषणा की।,"नवभारत टाइम्स की रिपोर्ट में सलमान खान की चैरिटी गतिविधियों और बीइंग ह्यूमन से जुड़े कामों का उल्लेख है, पर 500 करोड़ रुपये की किसी नई घोषणा का प्रमाण नहीं दिया गया।",सलमा​न खान ने 2024 में अपनी संस्था के जरिए 500 करोड़ रुपये का दान करने की घोषणा की।,,REF,REF,REF,False,baseline_failure,,,False,
526,CA_CHAR_05_HomoglyphPerturbation,प्रधानमंत्री आवास योजना-ग्रामीण का उद्देश्य बेघर तथा कच्चे या जीर्ण-शीर्ण घरों में रहने वाले लोगों को पक्का घर उपलब्ध कराना है।,पीआईबी की हिंदी विज्ञप्ति पीएमएवाई-जी का उद्देश्य बेघर परिवारों और कच्चे या जीर्ण-शीर्ण घरों में रहने वाले लोगों को बुनियादी सुविधाओं सहित पक्का घर देना बताती है।,प्रधानमंत्री आवास योजना-ग्रामीण का उद्देश्य बेघर तथा कच्चे या जीर्ण-शीर्ण घरों में रहने वाले लोगों को पक्का घर उपळब्ध कराना है।,,SUP,SUP,SUP,False,no_flip,,,False,
527,CA_CHAR_05_HomoglyphPerturbation,वर्ष 2024 के दौरान संसद के दोनों सदनों ने 16 विधेयक पारित किए।,संसदीय कार्य मंत्रालय की पीआईबी वर्षांत समीक्षा 2024 में संसद के दोनों सदनों द्वारा 16 विधेयक पारित होने की जानकारी है।,वर्ष 2024 के​ दौरान संसद के दोनों सदनों ने 16 विधेयक पारित किए।,,SUP,SUP,SUP,False,no_flip,,,False,
528,CA_CHAR_05_HomoglyphPerturbation,घर से मतदान कराने वाली टीम मतदाता के निवास पर सुरक्षा अधिकारियों के साथ जाती थी।,पीआईबी की विज्ञप्ति में मतदान अधिकारियों की समर्पित टीम के सुरक्षा अधिकारियों के साथ मतदाता के निवास पर जाने का वर्णन है।,घर से मतदान कराने वाली टीम मतदाता के निवास पर सुरक्षा अधिकारियों के​ साथ जाती थी।,,SUP,SUP,SUP,False,no_flip,,,False,
529,CA_CHAR_05_HomoglyphPerturbation,"मतदाता सूची में पंजीकरण के लिए आवेदक का भारतीय नागरिक, 18 वर्ष या अधिक आयु का और संबंधित क्षेत्र का सामान्य निवासी होना आवश्यक है।","निर्वाचन आयोग के FAQ में पंजीकरण की शर्तें भारतीय नागरिकता, पात्र आयु और संबंधित क्षेत्र में सामान्य निवास बताई गई हैं।","मतदाता सूची में पंजीकरण के लिए आवेदक का भारतीय नागरिक, 18 वर्ष या अधिक आयु का और संबंधित क्षे​त्र का सामान्य निवासी होना आवश्यक है।",,SUP,SUP,SUP,False,no_flip,,,False,
530,CA_CHAR_05_HomoglyphPerturbation,"अठारहवीं लोकसभा के छठे सत्र में चुनाव सुधारों पर राज्यसभा में 11, 15 और 16 दिसंबर 2025 को चर्चा हुई।","पीआईबी की वर्षांत समीक्षा में राज्यसभा में 11, 15 और 16 दिसंबर 2025 को चुनाव सुधारों पर चर्चा होने का उल्लेख है।","अठारहवीं लोकसभा के छठे सत्र में चुनाव सुधारों पर राज्यसभा में 11, 15 और 16 दिसंबर 2025 को​ चर्चा हुई।",,SUP,SUP,SUP,False,no_flip,,,False,
531,CA_CHAR_05_HomoglyphPerturbation,प्रधानमंत्री जन धन योजना का उद्देश्य प्रत्येक परिवार को बैंकिंग सुविधा उपलब्ध कराना है।,पीएमजेडीवाई के आधिकारिक हिंदी परिचय पृष्ठ में योजना का उद्देश्य बैंकिंग सेवाओं तक सार्वभौमिक पहुंच बताया गया है।,प्रधानमंत्री ज़न धन योजना का उद्देश्य प्रत्येक परिवार को बैंकिंग सुविधा उपलब्ध कराना है।,,SUP,SUP,SUP,False,no_flip,,,False,
532,CA_CHAR_05_HomoglyphPerturbation,"सीजेपी के प्रदर्शन से जोड़कर वायरल हुआ महिलाओं के साथ पुलिस की हाथापाई का वीडियो, असल में देहरादून के पुराने मामले का है।","जंतर- मंतर पर दिल्ली पुलिस द्वारा महिला प्रदर्शनकारियों की पिटाई का नहीं, बल्कि अन्य मामले का है वायरल वीडियो। अभी हाल ही में 20 जुलाई को कॉकरोच जनता पार्टी (सीजेपी) की तरफ से ‘चलो संसद’ नाम से एक प्रदर्शन का आयोजन किया गया था, जिससे जोड़ते हुए सोशल मीडिया पर एक वीडियो वायरल हो रहा है। इसमें ट्रक के पास मौजूद कुछ महिलाओं और पुलिसकर्मियों के बीच धक्कामुक्की व मारपीट को दिखाया गया है। दावा किया जा रहा है कि यह वीडियो सीजेपी के तरफ से किए गए उसी प्रदर्शन का है, जिसमें पुलिसकर्मी महिला प्रदर्शनकारियों के साथ मारपीट कर रहे हैं। वीडियो के साथ कैप्शन लिखा गया है… रुबिकालियाकतयहखबरेंनहींदिखाओगी…दिल्लीपुलिसकेजवानलड़कियोंऔरऔरतोंकेसाथमारपीटकररहेहैं. फेसबुक पोस्ट।आर्काइव पोस्ट अनुसंधानसेपताचलताहैकि… हमने जांच की शुरुआत में वायरल वीडियो से कीफ्रेम लेकर उसे गूगल रिवर्स इमेज सर्च किया। परिणाम में हमेंiamvikasbaliyanनाम के इंस्टाग्राम अकाउंट पर यही वायरल वीडियो मिला, जिसे 15 अक्टूबर 2025 को अपलोड किया गया था।वीडियो से साथ लिखे कैप्शन के अनुसार, “उत्तराखंड की राजधानी देहरादून स्थित मोहब्बेवाला में एक ट्रक के मकान से टकराने के बाद विवाद हो गया था। हादसे में मकान क्षतिग्रस्त होने के बाद मकान मालिक महिला ने मुआवजे की मांग की। मांग पूरी नहीं होने पर महिला ने कथित तौर पर ट्रक में आग लगाने का प्रयास किया। मौके पर पहुंची पुलिस ने जब उसे रोकने की कोशिश की, तो महिला और पुलिसकर्मियों के बीच धक्का-मुक्की हुई।“ हमेंएबीपी न्यूज़की वेबसाइट पर 15 अक्टूबर 2025 को प्रकाशित एक रिपोर्ट मिली, जिसमें वायरल वीडियो से संबंधित दृश्य दिखाई देते हैं। जबकि रिपोर्ट के अनुसार, उत्तराखंड में देहरादून के मोहब्बेवाला में एक ट्रक मकान से टकराया, जिससे मकान को काफी नुकसान हुआ। मुआवजे की मांग पर महिला गुस्से में ट्रक जलाने की कोशिश करने लगी। लेकिन बातचीत इतनी बढ़ गई कि महिला गुस्से में आ गई। 15 अक्टूबर 2025 को प्रकाशितईटीवीकी रिपोर्ट के अनुसार, “देहरादून के पटेल नगर कोतवाली क्षेत्र में एक ट्रक आशारोड़ी से देहरादून की तरफ जा रहा था। तभी वह बेकाबू हो गया और एक घर की दीवार से टकरा गया। फिर पीड़ित परिवार की महिलाओं ने हंगामा करना शुरू कर दिया और उन्होंने ट्रक को आग लगाने का प्रयास किया। ऐसा करने से रोकने पर महिलाओं ने पु","सीजेपी के प्रदर्शन से जोड़कर वायरल हुआ महिलाओं के साथ पुलिस की हाथापाई का वीडियो, असल मे​ं देहरादून के पुराने मामले का है।",,REF,REF,REF,False,baseline_failure,,,False,
533,CA_CHAR_05_HomoglyphPerturbation,फिल्म उद्योग से जुड़े लोगों की वायरल कोलाज तस्वीर में पोस्टरों पर लिखा संदेश बाद में डिजिटल रूप से जोड़ा गया था।,"रिवर्स सर्च के दौरान इस कोलाज के पुराने संस्करण मिले, जिनमें कलाकार अलग संदेश वाले पोस्टर लिए हुए दिखाई देते हैं। वायरल तस्वीर में पोस्टरों के मूल पाठ को संपादित कर नया संदेश जोड़ा गया था, जिससे उसका अर्थ बदल गया।",फिल्म उद्योग से जुड़े लोगों की वायरल कोलाज तस्वीर में पोस्टरों पर लिखा​ संदेश बाद में डिजिटल रूप से जोड़ा गया था।,,SUP,REF,REF,True,flip,5,True,False,
534,CA_CHAR_05_HomoglyphPerturbation,"लोकसभा चुनाव 2024 के तीसरे चरण के लिए 95 संसदीय निर्वाचन क्षेत्रों में कुल 2,963 नामांकन दाखिल किए गए।","पीआईबी की हिंदी विज्ञप्ति में तीसरे चरण के 95 संसदीय निर्वाचन क्षेत्रों के लिए कुल 2,963 नामांकन दर्ज होने की जानकारी है।","लोकसभा चुनाव 2024 के तीसरे चरण के लिए 95 संसदीय निर्वाचन क्षेत्रों में कुल 2,963 नामांकन दाखिल कि​ए गए।",,SUP,SUP,SUP,False,no_flip,,,False,
535,CA_CHAR_05_HomoglyphPerturbation,लेख के अनुसार अगले सप्ताह राजस्थान और गुजरात में बिल्कुल भी बारिश नहीं होगी।,लेख के सार में इन क्षेत्रों में तेज बारिश का अनुमान बताया गया है।,लेख के अनुसार अगले सप्ताह राजस्थान और गुजरात में बिल्कुळ भी बारिश नहीं होगी।,,REF,REF,REF,False,no_flip,,,False,
536,CA_CHAR_05_HomoglyphPerturbation,आयुष्मान भारत डिजिटल मिशन का उद्देश्य राष्ट्रीय डिजिटल स्वास्थ्य इको-सिस्टम तैयार करना है।,पीआईबी के अनुसार 2021 में शुरू किए गए एबीडीएम का उद्देश्य देश भर में राष्ट्रीय डिजिटल स्वास्थ्य इको-सिस्टम बनाना है।,आयु​ष्मान भारत डिजिटल मिशन का उद्देश्य राष्ट्रीय डिजिटल स्वास्थ्य इको-सिस्टम तैयार करना है।,,SUP,SUP,SUP,False,no_flip,,,False,
537,CA_CHAR_05_HomoglyphPerturbation,वयस्कों को टिटनेस और डिप्थीरिया से बचाव के लिए हर 10 साल में टिटनेस का बूस्टर शॉट (टीडी) लगवाना चाहिए।,सीडीसी (सीडीसी) टिटनेस और डिप्थीरिया से सुरक्षा बनाए रखने के लिए वयस्कों को हर 10 साल में एक टीडी या टीडीएपी बूस्टर शॉट लगवाने की सिफारिश करता है।,वयस्कों को टिटनेस और ड़िप्थीरिया से बचाव के लिए हर 10 साल में टिटनेस का बूस्टर शॉट (टीडी) लगवाना चाहिए।,,SUP,SUP,SUP,False,no_flip,,,False,
538,CA_CHAR_05_HomoglyphPerturbation,मोरक्को सरकार ने हादसे के पीड़ित परिवारों के लिए विशेष वित्तीय राहत पैकेज की घोषणा की।,लेख में किसी वित्तीय राहत पैकेज की घोषणा का उल्लेख नहीं है।,मोरक्को सरकार ने हादसे के पीड़ित परिवारों के लिए विशेष वित्तीय राहत पैकेज की घोषणा​ की।,,NEI,REF,REF,False,baseline_failure,,,False,
539,CA_CHAR_05_HomoglyphPerturbation,मतदाता सूचना पर्ची को मतदान के लिए पहचान के प्रमाण के रूप में स्वीकार किया जाता है।,पीआईबी की हिंदी विज्ञप्ति स्पष्ट कहती है कि मतदाता सूचना पर्ची को मतदाता की पहचान के प्रमाण के रूप में स्वीकार नहीं किया जाएगा।,मतदाता सूचना पर्ची को मतदान के लिए पहचान के प्रमाण के रूप मे​ं स्वीकार किया जाता है।,,REF,REF,REF,False,no_flip,,,False,
540,CA_CHAR_05_HomoglyphPerturbation,घर से मतदान की व्यवस्था में मतदान की गोपनीयता की रक्षा के लिए कोई निर्देश नहीं हैं।,"निर्वाचन आयोग के अनुसार घर से मतदान में गोपनीयता की रक्षा के निर्देश दिए गए हैं, जिनमें जहां संभव हो वहां पूरी प्रक्रिया की वीडियो रिकॉर्डिंग भी शामिल है।",घर से मतदान की व्यवस्था में मतदान की गोपनीयता की रक्षा के लि​ए कोई निर्देश नहीं हैं।,,REF,REF,REF,False,no_flip,,,False,
541,CA_CHAR_05_HomoglyphPerturbation,सड़कें बंद होने के कारण पंचाचूली घूमने गए पर्यटक दारमा घाटी में फंस गए थे।,लेख में पर्यटकों के फंसने का यही कारण बताया गया है।,सड़कें बंद होने के कारण पंचाचूली घूमने गए पर्यटक दारमा घाटी में फ़ंस गए थे।,,SUP,SUP,SUP,False,no_flip,,,False,
542,CA_CHAR_05_HomoglyphPerturbation,"यदि किसी मतदान केंद्र पर टेंडर वोट 14 प्रतिशत से अधिक हो जाएं, तो पुनर्मतदान अनिवार्य है।",निर्वाचन आयोग के ‘मिथक बनाम वास्तविकता’ पृष्ठ में कहा गया है कि ऐसा कोई प्रावधान नहीं है; पुनर्मतदान से संबंधित प्रावधान अलग कानून-धारा में हैं।,"यदि किसी मतदान केंद्र पर टेंडर वोट 14 प्रतिशत से अधिक हो जाएं, तो​ पुनर्मतदान अनिवार्य है।",,REF,REF,REF,False,no_flip,,,False,
543,CA_CHAR_05_HomoglyphPerturbation,अस्थमा के लक्षणों को नियंत्रित करने के लिए केवल मौखिक गोलियां ही कारगर हैं।,विश्व स्वास्थ्य संगठन के अनुसार इनहेल्ड दवाएं अस्थमा के लक्षण नियंत्रित कर सकती हैं।,अस्थमा के लक्षणों को नियंत्रित करने​ के लिए केवल मौखिक गोलियां ही कारगर हैं।,,REF,REF,REF,False,no_flip,,,False,
544,CA_CHAR_05_HomoglyphPerturbation,एचपीवी टीकाकरण गर्भाशय ग्रीवा के कैंसर की रोकथाम में महत्वपूर्ण है।,डब्ल्यूएचओ एचपीवी टीकाकरण को सर्वाइकल कैंसर की रोकथाम का प्रमुख उपाय बताता है।,एचपीवी टीकाकरण गर्भाशय ग्रीवा के कैंसर की रोकथा​म में महत्वपूर्ण है।,,SUP,SUP,SUP,False,no_flip,,,False,
545,CA_CHAR_05_HomoglyphPerturbation,अमाल मलिक ने तनिष्क बागची पर शोषण और उत्पीड़न का आरोप लगाया।,"भास्कर के मुताबिक, Amaal Mallik accuses Tanishk Bagchi of exploitation and harassment.",अमाल मलिक ने तनि​ष्क बागची पर शोषण और उत्पीड़न का आरोप लगाया।,,SUP,SUP,SUP,False,no_flip,,,False,
546,CA_CHAR_05_HomoglyphPerturbation,राष्ट्रपति भवन ने सुभाष चंद्र बोस को अभिनेता प्रसेनजीत चटर्जी समझ लिया था।,ऑल्ट न्यूज़ के अनुसार ऐसा दावा गलत था और वायरल पोस्ट भ्रामक थी।,राष्ट्रपति भवन ने सुभाष चंद्र बोस को अभिनेता प्रसेनजीत चटर्जी​ समझ लिया था।,,REF,REF,REF,False,baseline_failure,,,False,
547,CA_CHAR_05_HomoglyphPerturbation,वायरल तस्वीर में दिखाई दे रहा पोस्टर कैमरे से ली गई मूल फोटो का हिस्सा है।,तस्वीर की तुलना मूल संस्करण से करने पर पता चला कि पोस्टर पर लिखा संदेश बाद में डिजिटल तरीके से जोड़ा गया था। मूल फोटो में ऐसा संदेश मौजूद नहीं था।,वायरल तस्वीर में दिखाई दे रहा पोस्टर कैमरे से ली गई मूल फोटो का​ हिस्सा है।,,REF,REF,REF,False,no_flip,,,False,
548,CA_CHAR_05_HomoglyphPerturbation,क्या गोल्डन टेंपल के पवित्र तालाब में मुंह धोने पर एक मुस्लिम युवक को सिखों ने पीटा ?,"सोशल मीडिया पर एक वीडियो वायरल हो रहा है। इसमें कुछ लोगों को एक शख्‍स को थप्‍पड़ मारते हुए देखा जा सकता है। शख्स एक दुकान में हाथ जोड़े खड़ा दिख रहा है। इस वीडियो के साथ दावा किया जा रहा हैं कि जिस शख्‍स को थप्‍पड़ मारा गया, वह मुस्लिम है। इसने कुछ दिन पहले अमृतसर के स्वर्ण मंदिर के पवित्र सरोवर में कुल्ला किया था। वायरल वीडियो के साथ यूजर ने लिखा है- सिक्खों की दादागिरी हिंदुओं पर ….कुछ साल पहले एक गरीब लाचार बच्चा किसी गुरुद्वारा के घुस गया लंगर खाने के लालच में रात में , क्योंकि वो भूखा था ….खाना तो नही मिला गरीब बच्चा को लेकिन निंले घाघरे वालो ने बच्चा को चोर बताकर पिट पिट कर मार दिया क्योंकि वो एक हिन्दू लड़का था …अब पांच दीन पहले एक मुसलमान ने उसके गुरुद्वारा के अंदर घुसकर उसके तालाब में कुल्ला किया पैर धोया थूका तालाब में फिर नमाज पढ़ा ….अमृतसर के स्वर्ण मंदिर के पवित्र सरोवर को कुल्ला करके गंदा करने वाले हाथ पैर धोने वाले और तोहिद का निशान यानी एकमात्र अल्लाह ही सर्वश्रेष्ठ है दिखाने वाले मुस्लिम की दुकान पर कुछ निहंग पहुंचे…..उसने माफी मांग लिया………… और निहंग लोगों ने माफ कर दिया….# फेसबुक।आर्काइव अनुसंधान से पता चलता है कि… पड़ताल की शुरुआत में हमने वायरल वीडियो के तस्वीरों का रिवर्स इमेज सर्च किया, परिणाम में वायरल वीडियो हमेंNihal Singh Ubhiनाम के फेसबुक पेज पर मिला। यहां पर वीडियो को 26 दिसंबर 2025 को पोस्ट किया गया है। फेसबुक यूजर ने वीडियो को पोस्ट करते हुए पंजाबी भाषा में लिखा है, “सिख धर्म को लेकर गलत भाषा का प्रयोग करने वाले व्यक्ति को धर्म प्रचार कमेटी, अमृतसर ने ठीक से समझाया। उन्होंने पुलिस की मौजूदगी में लिखित में माफी मांगी। मिली जानकारी की मदद लेते हुए अधिक सर्च करने पर हमेंभास्‍कर डॉट कॉमपर भी खबर मिली। इसमें वायरल वीडियो का इस्‍तेमाल किया गया था। खबर में बताया गया कि पंजाब के मलेरकोटला में श्री गुरु गोबिंद सिंह जी पर आपत्तिजनक टिप्पणी की गई। व्यक्ति ने इसको लेकर सोशल मीडिया पर पोस्ट डाली। इस पर सिख संगठन भड़क गए। इस दौरान सिख संगठन के नेता ने व्यक्ति को थप्पड़ भी मारे। इसके बाद व्यक्ति ने अपनी गलती मानी और माफी मांगी। व्यक्ति सुरेश ऋषि जिंदल मलेरकोटला के अहमदगढ़ का रहने वाला है। हमें एक एक्‍स हैंडल पर यह वीडियो मिला। 27 दिसंबर 2025 को",क्या गोल्डन टेंपल के पवित्र तालाब में मुंह धोने पर एक मुस्लिम युवक को सिख़ों ने पीटा ?,,REF,,,False,unusable_verdict,,,False,
549,CA_CHAR_05_HomoglyphPerturbation,2 जनवरी 2026 तक प्रधानमंत्री मुद्रा योजना में कुल 56.32 करोड़ खाते स्वीकृत थे।,पीआईबी हिंदी पृष्ठ के अनुसार 2 जनवरी 2026 तक प्रधानमंत्री मुद्रा योजना के अंतर्गत कुल स्वीकृत खातों की संख्या 56.32 करोड़ थी।,2 जनवरी 2026 तक प्रधानमंत्री​ मुद्रा योजना में कुल 56.32 करोड़ खाते स्वीकृत थे।,,SUP,SUP,SUP,False,no_flip,,,False,
550,CA_CHAR_05_HomoglyphPerturbation,बंगापानी क्षेत्र में दो दिनों से बिजली आपूर्ति बाधित है।,लेख में बंगापानी में दो दिन से बिजली गुल होने की जानकारी दी गई है।,बंगापानी क्षेत्र में दो दिनों से बिजळी आपूर्ति बाधित है।,,SUP,SUP,SUP,False,no_flip,,,False,
551,CA_CHAR_05_HomoglyphPerturbation,1 जुलाई 2025 को 18 वर्ष की आयु प्राप्त कर चुके या 1 अक्टूबर 2025 तक 18 वर्ष के होने वाले युवा मतदाताओं को फॉर्म 6 में आवेदन करने के लिए प्रोत्साहित किया गया।,पीआईबी की विज्ञप्ति में 1 जुलाई 2025 को 18 वर्ष पूरे कर चुके अथवा 1 अक्टूबर 2025 तक 18 वर्ष के होने वाले युवाओं को फॉर्म 6 आवेदन हेतु प्रोत्साहित करने की बात है।,1 जुलाई 2025 को 18 वर्ष की आयु प्राप्त कर चुके या 1 अक्टूबर 2025 तक 18 वर्ष के​ होने वाले युवा मतदाताओं को फॉर्म 6 में आवेदन करने के लिए प्रोत्साहित किया गया।,,SUP,,,False,unusable_verdict,,,False,
552,CA_CHAR_05_HomoglyphPerturbation,लेख में बताया गया है कि टाटा समूह ने मनीष तिवारी के आरोपों का विस्तृत आधिकारिक जवाब जारी कर दिया।,लेख में कहा गया है कि टाटा समूह या एअर इंडिया की ओर से कोई आधिकारिक प्रतिक्रिया नहीं आई है।,लेख में बताया गया है कि टाटा समूह ने मनीष तिवारी के आरोपों का विस्तृत आधि​कारिक जवाब जारी कर दिया।,,REF,REF,REF,False,no_flip,,,False,
553,CA_CHAR_05_HomoglyphPerturbation,रानिकोर उपचुनाव 2018 के लिए नामांकन दाखिल करने की अंतिम तिथि 6 अगस्त 2018 थी।,पीआईबी की हिंदी विज्ञप्ति के चुनाव कार्यक्रम में रानिकोर उपचुनाव के लिए नामांकन की अंतिम तिथि 6 अगस्त 2018 है।,रानिकोर उपचुनाव 2018 के लिए नामांकन दाखिल करने की​ अंतिम तिथि 6 अगस्त 2018 थी।,,SUP,SUP,SUP,False,no_flip,,,False,
554,CA_CHAR_05_HomoglyphPerturbation,बिहार के मधुबनी जिले में बेनीपट्टी थाना क्षेत्र से अपहृत युवक रोहित कुमार को पुलिस ने 24 घंटे के भीतर सकुशल बरामद कर पांच आरोपियों को गिरफ्तार किया।,"कार्रवाई के दौरान पुलिस ने घटना में प्रयुक्त एक स्कॉर्पियो वाहन और छह मोबाइल फोन भी जब्त किए, जबकि एक आरोपी की गिरफ्तारी के लिए छापेमारी जारी है।",बिहार के मधुबनी जिले में बेनीपट्टी थाना क्षेत्र से अपहृत युवक रोहित कुमार को पु​लिस ने 24 घंटे के भीतर सकुशल बरामद कर पांच आरोपियों को गिरफ्तार किया।,,SUP,,,False,baseline_failure,,,False,
555,CA_CHAR_05_HomoglyphPerturbation,लोकसभा आम चुनाव 2024 में कुल मतदाताओं की संख्या लगभग 97.98 करोड़ थी।,निर्वाचन आयोग के लोकसभा चुनाव 2024 एटलस में कुल मतदाता संख्या 97.98 करोड़ दी गई है।,लोकसभा आम चुनाव 2024 में कुल मतदाताओं की संख़्या लगभग 97.98 करोड़ थी।,,SUP,SUP,SUP,False,no_flip,,,False,
556,CA_CHAR_05_HomoglyphPerturbation,नव्या योजना 24 जून 2025 को शुरू की गई महिला एवं बाल विकास मंत्रालय और कौशल विकास मंत्रालय की संयुक्त पहल है।,पीआईबी विज्ञप्ति नव्या को 24 जून 2025 को लॉन्च हुई महिला एवं बाल विकास तथा कौशल विकास एवं उद्यमिता मंत्रालय की सहयोगी पहल बताती है।,नव्या योजना 24 जून 2025 को शुरू की गई महिला एवं बाल विकास मंत्रालय और कौशल वि​कास मंत्रालय की संयुक्त पहल है।,,SUP,SUP,SUP,False,no_flip,,,False,
557,CA_CHAR_05_HomoglyphPerturbation,हर मतदान केंद्र में मतदान करने वालों की संख्या फॉर्म 17सी में दर्ज की जानी थी।,पीआईबी के अनुसार वैधानिक आवश्यकताओं के तहत प्रत्येक मतदान केंद्र पर मतदाताओं की संख्या फॉर्म 17सी में पूर्ण संख्या में दर्ज की जानी है।,हर मतदान केंद्र में मतदान करने वालों की संख्या फॉर्म 17सी में दर्ज की जानी थी​।,,SUP,,,False,unusable_verdict,,,False,
558,CA_CHAR_05_HomoglyphPerturbation,सूरत साइबर क्राइम सेल ने 26.2 लाख रुपये के ऑनलाइन निवेश धोखाधड़ी मामले में पांच आरोपियों को गिरफ्तार किया।,जांच में पता चला कि धोखाधड़ी में इस्तेमाल बैंक खाता देशभर की 149 साइबर शिकायतों और 6.53 करोड़ रुपये से अधिक के संदिग्ध लेनदेन से जुड़ा हुआ था।,सूरत साइबर क्रा​इम सेल ने 26.2 लाख रुपये के ऑनलाइन निवेश धोखाधड़ी मामले में पांच आरोपियों को गिरफ्तार किया।,,SUP,,,False,baseline_failure,,,False,
559,CA_CHAR_05_HomoglyphPerturbation,रश्मिका मंदाना ने अपनी वायरल डीपफेक तस्वीर को असली फोटोशूट बताते हुए शेयर किया।,Newschecker Hindi ने बताया कि वायरल तस्वीर एक एडिटेड/AI-मॉर्फ्ड इमेज है और रश्मिका ने इसे अपना असली फोटोशूट नहीं बताया। उनके आधिकारिक अकाउंट्स पर ऐसी कोई पोस्ट नहीं मिली।,रश्मिका मंदाना ने​ अपनी वायरल डीपफेक तस्वीर को असली फोटोशूट बताते हुए शेयर किया।,,REF,REF,REF,False,no_flip,,,False,
560,CA_CHAR_05_HomoglyphPerturbation,'लॉक अप 2' में रितेश देशमुख ने योगेश रावत पर भड़के।,"TV9 भारतवर्ष की रिपोर्ट के अनुसार, 'लॉक अप 2' में TRP का घमंड दिखाने पर योगेश रावत पर रितेश देशमुख बुरी तरह से भड़के. शो से बेघर करने की धमकी मिलते ही योगेश ने मांगी हाथ जोड़कर माफी। खबर में यही जानकारी स्पष्ट रूप से दर्ज है।",'लॉक अप 2' में रिते​श देशमुख ने योगेश रावत पर भड़के।,,SUP,SUP,SUP,False,no_flip,,,False,
561,CA_CHAR_05_HomoglyphPerturbation,आमिर खान की गौरी स्प्रैट से शादी में उनकी पूर्व पत्नियां शामिल नहीं थीं।,"आजतक की रिपोर्ट के अनुसार, आमिर खान ने गौरी स्प्रैट से रजिस्टर मैरिज की। शादी में उनके तीनों बच्चे (जुनैद, आयरा, आजाद) मौजूद रहे, लेकिन किसी भी तस्वीर या वीडियो में एक्स-वाइफ रीना दत्ता और किरण राव नजर नहीं आईं, और करीबी दोस्त सलमान खान-शाहरुख खान भी समारोह में शामिल नहीं हुए।",आमिर खान की गौरी स्प्रैट से शादी में उनकी पूर्व पत्नि​यां शामिल नहीं थीं।,,SUP,SUP,SUP,False,no_flip,,,False,
562,CA_CHAR_05_HomoglyphPerturbation,महाराष्ट्र की पुण्यश्लोक अहिल्यादेवी होल्कर किसान कर्जमाफी योजना 2026 में 56 लाख किसान परिवारों के 2 लाख रुपये तक के ऋण माफ करने की बात कही गई।,एनडीटीवी इंडिया की रिपोर्ट योजना के तहत लगभग 56 लाख किसान परिवारों का दो लाख रुपये तक का ऋण माफ होने की जानकारी देती है।,महाराष्ट्र की पुण्यश्ळोक अहिल्यादेवी होल्कर किसान कर्जमाफी योजना 2026 में 56 लाख किसान परिवारों के 2 लाख रुपये तक के ऋण माफ करने की बात कही गई।,,SUP,SUP,SUP,False,baseline_failure,,,False,
563,CA_CHAR_05_HomoglyphPerturbation,आकांक्षा दुबे का वायरल वीडियो उनके निधन से ठीक पहले रिकॉर्ड किया गया था।,जांच में स्पष्ट हुआ कि वायरल वीडियो पुराना था और अंतिम वीडियो होने का दावा गलत था।,आकांक्षा दुबे का वायरळ वीडियो उनके निधन से ठीक पहले रिकॉर्ड किया गया था।,,REF,REF,REF,False,no_flip,,,False,
564,CA_CHAR_05_HomoglyphPerturbation,20 जनवरी 2025 तक 73 करोड़ से अधिक आयुष्मान भारत स्वास्थ्य खाते बनाए जा चुके थे।,आधिकारिक विज्ञप्ति में 20 जनवरी 2025 तक 73 करोड़ से अधिक एबीएचए सफलतापूर्वक बनाए जाने का उल्लेख है।,20 जनवरी 2025 तक 73 करोड़ से अधिक आयुष्मान भा​रत स्वास्थ्य खाते बनाए जा चुके थे।,,SUP,SUP,SUP,False,no_flip,,,False,
565,CA_CHAR_05_HomoglyphPerturbation,गुजरात में दुष्कर्म के आरोपियों का जुलूस निकालती पुलिस का वीडियो श्रीगंगानगर घटना का बताकर वायरल…,"राजस्थान के श्री गंगानगर में 13 वर्षीय लड़की के साथ हुए भयावह यौन उत्पीड़न के बाद, पुलिस द्वारा कुछ पुरुषों को सरेआम परेड कराते और पीटने का एक वीडियो सोशल मीडिया पर तेजी से वायरल हो रहा है।वीडियो के साथ दावा किया जा रहा है कि राजस्थान पुलिस ने श्री गंगानगर सामूहिक बलात्कार मामले के आरोपियों को सार्वजनिक रूप से परेड कराई। वायरल वीडियो के साथ लिखा गया है- राजस्थान के श्रीगंगानगर से रूह कंपा देने वाली वारदात..13 साल की एक मासूम बच्ची को अगवा कर 5 दिनों तक होटलों में बंधक बनाया गया, जहाँ दरिंदों ने उसके साथ बर्बरता की सारी हदें पार कर दीं। इस घिनौने रैकेट का भंडाफोड़ करते हुए पुलिस की SIT ने अब तक 14 आरोपियों को गिरफ्तार कर लिया है। प्रशासन ने कार्रवाई करते हुए हैवानियत के ठिकाने बने 3 होटलों को बुलडोजर से जमींदोज कर दिया है। पीड़ित बच्ची का इलाज जारी है। कानून से सख्त से सख्त सजा की मांग। फेसबुक।आर्काइव अनुसंधान से पता चलता है कि… पड़ताल की शुरुआत में हमने वायरल वीडियो के तस्वीरों का रिवर्स इमेज सर्च किया, परिणाम में वायरल वीडियो से मिलता-जुलता वीडियो हमेंबर्ट हिंदीद्वारा 20 अप्रैल 2026 को की गई एक फेसबुक पोस्ट पर मिला । इससे ये साफ है कि वीडियो हाल ही का नहीं है। इस पोस्ट में घटना को गुजरात के खेड़ा जिले में 17 वर्षीय नाबालिग के साथ कथित तौर पर बार-बार बलात्कार और ब्लैकमेल के मामले में गिरफ्तार किए गए आठ आरोपियों के खिलाफ पुलिस कार्रवाई का बताया गया है। मिली जानकारी की मदद लेते हुए अधिक सर्च करने पर हमें दावे से जुड़ी न्यूज रिपोर्ट‘deshgujarat’ की आधिकारिक वेबसाइट पर मिली। 18 अप्रैल 2026 को प्रकाशित रिपोर्ट के अनुसार, गुजरात के खेड़ा जिले के चंदना गांव में पुलिस ने एक नाबालिग हिंदू लड़की के साथ कथित तौर पर तीन साल तक बार-बार यौन शोषण और ब्लैकमेल करने के आरोप में आठ लोगों को गिरफ्तार किया था, जबकि एक आरोपी फरार था। POCSO एक्ट के तहत मामला दर्ज कर आरोपियों को गिरफ्तार किया गया था। पुलिस ने जांच में पाया था कि मुख्य आरोपी परवेज पठान ने लगभग दो साल पहले नाबालिग को “प्यार के जाल” में फंसाया था। फिर उसने नाबालिग की आपत्तिजनक तस्वीरें और वीडियो रिकॉर्ड किए और उसे ब्लैकमेल करना शुरू कर दिया। उसने अपने कई दोस्तों के साथ मिलकर नाबालिग का दुष्कर्म भी किया। एबीपीन्यूजकी एक र",गुजरात में दुष्कर्म के आरोपियों का जुलूस निकालती​ पुलिस का वीडियो श्रीगंगानगर घटना का बताकर वायरल…,,REF,REF,REF,False,no_flip,,,False,
566,CA_CHAR_05_HomoglyphPerturbation,उत्तराखंड सरकार ने केदारनाथ पुनर्निर्माण के लिए नए 1000 करोड़ रुपये के अतिरिक्त पैकेज की घोषणा की।,लेख में ऐसे किसी नए अतिरिक्त वित्तीय पैकेज की घोषणा का उल्लेख नहीं है।,उत्तराखंड सरकार ने केदारनाथ पुनर्निर्माण के लिए नए 1000 करोड़ रुपये के अतिरिक्त पैकेज की​ घोषणा की।,,NEI,REF,REF,False,baseline_failure,,,False,
567,CA_CHAR_05_HomoglyphPerturbation,लेख के अनुसार दारमा घाटी से किसी भी पर्यटक को सुरक्षित नहीं निकाला जा सका।,लेख में सभी पर्यटकों के सुरक्षित निकाले जाने की जानकारी दी गई है।,लेख के अनुसार दारमा घाटी से किसी भी पर्यटक को सुरक्षित नहीं निकाला जा सका​।,,REF,REF,REF,False,no_flip,,,False,
568,CA_CHAR_05_HomoglyphPerturbation,क्या पासपोर्ट चोरी होने के बाद आगरा में मजदूरी करने को मजबूर हुआ ऑस्ट्रेलियाई नागरिक ‘एंडरसन’? नहीं दावा फर्जी…,"सोशल मीडिया पर एक वीडियो शेयर कर दावा किया जा रहा है कि आगरा घूमने आये ऑस्ट्रेलियाई नागरिक एंडरसन का पासपोर्ट और अन्य सामान चोरी हो गया, जिसके चलते उसे ईंट भट्ठे पर मजदूरी करना पड़ रहा है। वीडियो के साथ दावा किया जा रहा है कि पासपोर्ट चोरी होने के कारण आगरा में ऑस्ट्रेलियाई नागरिक एंडरसन को मजदूरी करने के लिए मजबूर होना पड़ा। वायरल वीडियो के साथ यूजर ने लिखा है- अतिथि देवो भव के देश से आई इस तस्वीर ने सबको शर्मसार कर दिया है! 🚨💔 आगरा (उत्तर प्रदेश): ऑस्ट्रेलिया से भारत की संस्कृति और खूबसूरती को निहारने आए ‘एंडर्सन’ नाम के एक विदेशी पर्यटक के साथ आगरा में एक बेहद दुखद और शर्मनाक वाकया पेश आया है। आगरा घूमने के दौरान चोरों ने एंडर्सन का पासपोर्ट, सारे पैसे और उनका पूरा सामान पार कर दिया। विदेशी धरती पर सब कुछ खो जाने के बाद एंडर्सन पूरी तरह लाचार हो गए। हालत यह हो गई है कि अब उन्हें दो वक्त की रोटी और अपना पेट भरने के लिए एक ईंट के भट्टे पर कड़ा शारीरिक श्रम और मजदूरी करनी पड़ रही है। जिस सैलानी का स्वागत पलकों पर होना चाहिए था, वह आज दाने-दाने को मोहताज है। हम सभी देशवासियों से अपील करते हैं कि इस वीडियो को इतना शेयर करें कि यह प्रशासन तक पहुंचे। साथ ही, जिसने भी इनका सामान चुराया है, कृपया इंसानियत के नाते इनका पासपोर्ट और सामान लौटा दें ताकि यह मासूम विदेशी नागरिक अपने वतन सुरक्षित वापस लौट सके। . फेसबुक।आर्काइव अनुसंधान से पता चलता है कि… पड़ताल की शुरुआत में हमने वायरल वीडियो के तस्वीरों का रिवर्स इमेज सर्च किया, परिणाम में वायरल वीडियो से मिलता-जुलता वीडियो हमेंसाहिल देशवालनामक इंस्टाग्राम यूजर के अकाउंट पर मिला, जिसे 16 फरवरी 2025 को अपलोड किया गया था। अधिक सर्च करने पर हमें इंस्टाग्राम यूजर ‘sahildeshwal7500’के अकाउंट पर पोस्ट किया गया एक वीडियो मिला। इसे 25 जून 2026 को अपलोड किया गया था। इसमें इनसेट में वायरल वीडियो के स्क्रीनशॉट को देखा जा सकता है। वीडियो में दी गई जानकारी के अनुसार, एंडरसन के दावे से जिस युवक की कहानी वायरल हो रही है, वह यूपी के बागपत जिले के काठा गांव का है और उसका नाम ‘साहिल देशवाल’ है। वीडियो में साहिल कह रहा है कि यह सब फेक है और मुंशी ने उसका वीडियो बनाकर वायरल कर दिया था। साहिल ईंट-भट्ठे पर काम करता है। पड़ताल के दौरान हमेंनालं",क्या पासपोर्ट चोरी होने के बाद आगरा​ में मजदूरी करने को मजबूर हुआ ऑस्ट्रेलियाई नागरिक ‘एंडरसन’? नहीं दावा फर्जी…,,REF,REF,REF,False,no_flip,,,False,
569,CA_CHAR_05_HomoglyphPerturbation,तंबाकू संपर्क का एक निश्चित सुरक्षित स्तर होता है।,डब्ल्यूएचओ स्पष्ट करता है कि तंबाकू संपर्क का कोई सुरक्षित स्तर नहीं है।,तंबाकू संपर्क का​ एक निश्चित सुरक्षित स्तर होता है।,,REF,REF,REF,False,no_flip,,,False,
570,CA_CHAR_05_HomoglyphPerturbation,पीएम-किसान योजना के तहत लाभ सीधे पात्र लाभार्थियों के बैंक खातों में भेजा जाता है।,विज्ञप्ति में आधुनिक डिजिटल तकनीक के जरिए प्रत्यक्ष लाभ हस्तांतरण से लाभ राशि पात्र लाभार्थियों के बैंक खातों में भेजने का उल्लेख है।,पीएम-किसान योजना के तहत लाभ सीधे पात्र लाभार्थियों के बै​ंक खातों में भेजा जाता है।,,SUP,SUP,SUP,False,no_flip,,,False,
571,CA_CHAR_05_HomoglyphPerturbation,"पुलिस आधुनिकीकरण हेतु राज्यों को सहायता योजना के लिए 4,846 करोड़ रुपये आवंटित किए गए हैं।","पीआईबी हिंदी पृष्ठ के अनुसार एएसयूएमपी योजना के तहत राज्यों और केंद्र शासित प्रदेशों की पुलिस के आधुनिकीकरण के लिए 4,846 करोड़ रुपये आवंटित किए गए हैं।","पुलिस आधुनिकीकरण हेतु राज्यों को सहायता योजना के लिए 4,846 करोड़ रुपये आवंटि​त किए गए हैं।",,SUP,SUP,SUP,False,no_flip,,,False,
572,CA_CHAR_05_HomoglyphPerturbation,संयुक्त राज्य अमेरिका में 10 से 24 वर्ष की आयु के युवाओं में आत्महत्या मृत्यु के प्रमुख कारणों में से एक है।,"सीडीसी (सीडीसी) के आंकड़ों के अनुसार, अमेरिका में आत्महत्या 10-14 आयु वर्ग के लोगों में मृत्यु का दूसरा और 15-24 आयु वर्ग के लोगों में मृत्यु का तीसरा प्रमुख कारण (प्रमुख कारण) है।",संयुक्त राज्य अमेरिका में 10 से 24 वर्ष की आयु के युवाओं में आत्महत्या मृत्यु के​ प्रमुख कारणों में से एक है।,,SUP,SUP,SUP,False,no_flip,,,False,
573,CA_CHAR_05_HomoglyphPerturbation,आंध्र प्रदेश के श्रीकाकुलम में वेंकटेश्वर स्वामी मंदिर में मची भगदड़ में 9 श्रद्धालुओं की मौत हो गई।,"मंदिर की पहली मंजिल पर दर्शन स्थल तक पहुंचने के लिए सीढ़ियों पर उमड़ी भारी भीड़ के बीच लोहे की रेलिंग टूटने से लोग नीचे गिर पड़े, जिससे भगदड़ मच गई।",आंध्र प्रदेश के श्रीकाकुलम में वेंकटेश्वर स्वामी मंदिर में मची भगदड़ में 9 श्रद्धालु​ओं की मौत हो गई।,,SUP,NEI,NEI,False,baseline_failure,,,False,
574,CA_CHAR_05_HomoglyphPerturbation,"धारचूला पहुंचे पर्यटकों ने राज्य सरकार, वायुसेना और जिलाधिकारी डॉ. आशीष चौहान का आभार व्यक्त किया।",लेख में पर्यटकों द्वारा सभी का धन्यवाद करने का उल्लेख है।,"धारचूला पहुंचे पर्यटकों ने राज्य सरकार, वायुसेना और जिलाधिकारी ड़ॉ. आशीष चौहान का आभार व्यक्त किया।",,SUP,SUP,SUP,False,no_flip,,,False,
575,CA_CHAR_05_HomoglyphPerturbation,बादलों वाले दिन भी यूवी किरणें त्वचा तक पहुंचकर त्वचा कैंसर का कारण बन सकती हैं।,"यूवी किरणें बादलों से होकर गुजर सकती हैं। बादलों वाले दिनों में भी, सूरज की 80 प्रतिशत तक यूवी किरणें आपकी त्वचा तक पहुँच सकती हैं और नुकसान पहुंचा सकती हैं।",बादलों वाले दिन भी यूवी किरणें त्वचा तक पहुंचकर त्वचा कै​ंसर का कारण बन सकती हैं।,,SUP,SUP,SUP,False,no_flip,,,False,
576,CA_CHAR_05_HomoglyphPerturbation,मतदाता पहचानपत्र और आधार का जोड़ना हर मतदाता के लिए अनिवार्य है।,"निर्वाचन आयोग के स्पष्टीकरण में चुनाव कानून (संशोधन) अधिनियम, 2021 के तहत आधार-विवरण देना स्वैच्छिक बताया गया है।",मतदाता पहचानपत्र और आधार का जोड़ना​ हर मतदाता के लिए अनिवार्य है।,,REF,REF,REF,False,no_flip,,,False,
577,CA_CHAR_05_HomoglyphPerturbation,प्रधानमंत्री विश्वकर्मा योजना 17 सितंबर 2023 को शुरू की गई थी।,एमएसएमई मंत्रालय की वर्षांत समीक्षा में पीएम विश्वकर्मा के 17 सितंबर 2023 को शुभारंभ का उल्लेख है।,प्रधानमंत्री वि​श्वकर्मा योजना 17 सितंबर 2023 को शुरू की गई थी।,,SUP,SUP,SUP,False,no_flip,,,False,
578,CA_CHAR_05_HomoglyphPerturbation,वैज्ञानिकों के अनुसार कटोरानुमा आकृति के कारण मानसूनी प्रभाव आगे नहीं बढ़ पाता।,लेख में वैज्ञानिकों का यही निष्कर्ष दिया गया है।,वैज्ञानिकों के अनुसार कटोरानुमा आकृति के​ कारण मानसूनी प्रभाव आगे नहीं बढ़ पाता।,,SUP,SUP,SUP,False,no_flip,,,False,
579,CA_CHAR_05_HomoglyphPerturbation,सनी देओल ने 'बंटवारा 1947' के ट्रेलर की रिलीज डेट की घोषणा की।,"अमर उजाला की रिपोर्ट के अनुसार, फिल्म ‘बंटवारा 1947’ का ट्रेलर कब रिलीज होगा, इसकी जानकरी अभिनेता सनी देओल ने साझा की है। यह जानकार साझा करने के साथ ही। खबर में यही जानकारी स्पष्ट रूप से दर्ज है।",सनी दे​ओल ने 'बंटवारा 1947' के ट्रेलर की रिलीज डेट की घोषणा की।,,SUP,SUP,SUP,False,no_flip,,,False,
580,CA_CHAR_05_HomoglyphPerturbation,"2026-27 के ग्रामीण रोजगार कार्यक्रम के लिए 95,692.31 करोड़ रुपये का बजट अनुमान आवंटन बताया गया।","एनडीटीवी इंडिया की रिपोर्ट में 2026-27 के ग्रामीण रोजगार कार्यक्रम के लिए 95,692.31 करोड़ रुपये आवंटित होने का उल्लेख है।","2026-27 के ग्रामीण रोजगार कार्यक्रम के लिए 95,692.31 करोड़ रुपये का​ बजट अनुमान आवंटन बताया गया।",,SUP,SUP,SUP,False,no_flip,,,False,
581,CA_CHAR_05_HomoglyphPerturbation,कोएंजाइम क्यू10 माइग्रेन की आवृत्ति को निश्चित रूप से कम करता है।,एनसीसीआईएच के अनुसार कोएंजाइम क्यू10 से माइग्रेन की आवृत्ति कम होने के सीमित साक्ष्य हैं और अधिक कठोर शोध की आवश्यकता है।,कोएंजाइम क्यू10 मा​इग्रेन की आवृत्ति को निश्चित रूप से कम करता है।,,NEI,NEI,NEI,False,baseline_failure,,,False,
582,CA_CHAR_05_HomoglyphPerturbation,एचआईवी केवल खांसने से हवा के जरिए फैलता है।,"डब्ल्यूएचओ एचआईवी के संचरण को संक्रमित रक्त, स्तन दूध, वीर्य और योनि स्राव जैसे शारीरिक तरल पदार्थों से जोड़ता है; यह हवा से फैलने वाला संक्रमण नहीं है।",एचआईवी केवल खांसने से हवा के​ जरिए फैलता है।,,REF,REF,REF,False,no_flip,,,False,
583,CA_CHAR_05_HomoglyphPerturbation,भारत निर्वाचन आयोग ने इलेक्ट्रॉनिक वोटिंग मशीनों के उपयोग पर प्रतिबंध लगाने की घोषणा की थी।,निर्वाचन आयोग के ‘मिथक बनाम वास्तविकता’ पृष्ठ में ऐसी किसी घोषणा को न होने की बात स्पष्ट की गई है।,भारत निर्वाचन आयोग ने इलेक्ट्रॉनिक वोटिंग मशीनों के उपयोग पर प्रति​बंध लगाने की घोषणा की थी।,,REF,REF,REF,False,no_flip,,,False,
584,CA_CHAR_05_HomoglyphPerturbation,हिना खान ने केतन-सिया मामले पर अपनी राय रखी।,अमर उजाला की खबर में इतना ही है कि पुणे का केतन अग्रवाल हत्याकांड अब भी चर्चा में बना हुआ है। इसमें मंगेतर सिया गोयल पर केतन की हत्या का आरोप लगा है। शेष विवरण रिपोर्ट में नहीं है।,हिना खान ने के​तन-सिया मामले पर अपनी राय रखी।,,NEI,NEI,NEI,False,no_flip,,,False,
585,CA_CHAR_05_HomoglyphPerturbation,इसराइल के हवाई अड्डे पर ईरान के हमले के दावे से असंबंधित वीडियो वायरल…,"वायरल हो रहा यह वीडियो अमेरिकन एयरलाइंस की फ़्लाइट की घटना से सम्बंधित है। इसका इसराइल व ईरान के हालिया संघर्षों से कोई सम्बन्ध नहीं है। ईरान पर इसराइल और अमेरिकी हमलों के संदर्भ से जोड़ते हुए सोशल मीडिया पर एक वीडियो वायरल किया जा रहा है, जिसमें दिखाई दे रहा है कि एक हवाई जहाज़ रनवे पर खड़ा है और उसके एक हिस्से से धुआँ उठ रहा है। साथ ही यात्रियों को आपातकालीन गेट के द्वारा बाहर निकलते हुए देखा जा सकता है। इस वीडियो को साझा करते हुए दावा किया जा रहा है कि ये वीडियो इसराइल का है, जहाँ ईरान की तरफ से एक एयरपोर्ट पर हमला कर दिया गया। वीडियो के साथ कैप्शन लिखा गया है… कहा था जिन्दा खुमेनी अमेरिका के लिए इतने ख़तरनाक नहीं हैं जितना वो मरने के बाद होंगे…अमेरिका को वहां कि ख़ुफ़िया एजेंसी ने चेताया था कि खामनेई के मात्र मरने से अमेरिका जंग नहीं जीत सकता है फिर भी ट्रम्प ने ईरान पर हमला करके दुनिया को जंग के मुहाने पर ला खड़ा किया है….Khamenei कि हत्या के बाद ईरान पागलों कि तरह अरब से लेकर इज़राइल पर हमला कर रहा है, मुझे लगता है नेतान्याहु का अंत तय हो चुका….जंग अब दोगुनी तेज़ी से होने जा रही है। फेसबुक पोस्ट।आर्काइव पोस्ट अनुसंधान से पता चलता है कि… हमने जांच की शुरुआत में वायरल वीडियो के की-फ्रेम्स का रिवर्स इमेज सर्च किया। परिणाम में हमेंGlobal Governance Newsनाम की वेबसाइट पर 28 जुलाई 2025 को प्रकाशित एक रिपोर्ट मिली, जिसमें वीडियो से मिलती-जुलती तस्वीर देखी जा सकती है। बताया गया है कि यह घटना अमेरिकन एयरलाइंस की एक फ्लाइट की थी, जिसके लैंडिंग गियर में डेनवर एयरपोर्ट पर आग लग गई थी। फिर हमें इसी घटना से जुड़ी और भी रिपोर्ट्स मिली। इनमें 27 जुलाई 2025 को छपी प्रकाशित वीडियो रिपोर्ट्स के अनुसार, अमेरिकन एयरलाइंस कीफ़्लाइट बोइंग 737 MAX 8मियामी की ओर जा रही थी, तभी उसके बाएं पिछले लैंडिंग गियर में आग लग गयी। टायर में आग लगने के कारण हवाई जहाज़ को डेनवर इंटरनेशनल एयरपोर्ट पर टेकऑफ़ करना पड़ा।हालांकि जहाज़ में सवार 173 यात्रियों और छह क्रू मेंबर्स को इमरजेंसी स्लाइड्स द्वारा सुरक्षित निकाल लिया गया था। लेकिन एक यात्री को मामूली चोट आई थी, जिसे उपचार के लिए अस्पताल में भर्ती कराया गया था। इससे जुड़ी वीडियो रिपोर्ट्सयहांपर भी देखें। निष्कर्ष तथ्यों के जांच से पता चलता है कि वा",इसराइल के हवाई अड्डे पर ईरान के हमले​ के दावे से असंबंधित वीडियो वायरल…,,REF,REF,REF,False,no_flip,,,False,
586,CA_CHAR_05_HomoglyphPerturbation,पूर्व मुख्य चुनाव आयुक्त टी. एस. कृष्णमूर्ति ने कहा था कि किसी पार्टी ने ईवीएम हैक करके विधानसभा चुनाव जीता।,निर्वाचन आयोग के पृष्ठ में टी. एस. कृष्णमूर्ति के नाम से प्रसारित मीडिया-क्लिप को फर्जी बताया गया है और उनके खंडन का उल्लेख है।,पूर्व मुख्य चुनाव आयुक्त टी. एस. कृष्णमूर्ति ने कहा था कि किसी पार्टी ने ईवीएम हैक करके​ विधानसभा चुनाव जीता।,,REF,REF,REF,False,no_flip,,,False,
587,CA_CHAR_05_HomoglyphPerturbation,सॉ पाल्मेटो बढ़े हुए प्रोस्टेट के मूत्र संबंधी लक्षणों में प्रभावी है।,एनसीसीआईएच के अनुसार उच्च गुणवत्ता वाले अध्ययनों में सॉ पाल्मेटो के लाभ पर असंगत निष्कर्ष मिले हैं और समग्र प्रभाव स्पष्ट नहीं है।,सॉ पाल्मेटो बढ़े हुए प्रोस्टेट के मू​त्र संबंधी लक्षणों में प्रभावी है।,,NEI,REF,REF,False,baseline_failure,,,False,
588,CA_CHAR_05_HomoglyphPerturbation,अलसी रजोनिवृत्ति की हॉट फ्लैश समस्या को निश्चित रूप से कम करती है।,एनसीसीआईएच के अनुसार अलसी और हॉट फ्लैश पर शोध सीमित तथा असंगत है।,अलसी रजोनि​वृत्ति की हॉट फ्लैश समस्या को निश्चित रूप से कम करती है।,,NEI,REF,REF,False,baseline_failure,,,False,
589,CA_CHAR_05_HomoglyphPerturbation,रजनीकांत ने 'कॉकरोच जनता पार्टी' से जुड़ा बयान दिया था।,आजतक फैक्ट चेक में बताया गया कि वायरल पोस्ट में अभिनेता रजनीकांत और सोनम वांगचुक से जुड़ा दावा भ्रामक था। लेख में इस कथित बयान की पुष्टि नहीं होती।,रजनीकांत ने​ 'कॉकरोच जनता पार्टी' से जुड़ा बयान दिया था।,,NEI,REF,REF,False,baseline_failure,,,False,
590,CA_CHAR_05_HomoglyphPerturbation,बिहार चुनाव 2025 में आदर्श आचार संहिता के उल्लंघन से सख्ती से निपटने की बात निर्वाचन आयोग ने कही थी।,पीआईबी की विज्ञप्ति में आयोग ने आदर्श आचार संहिता दिशानिर्देशों के किसी भी उल्लंघन से सख्ती से निपटने की बात कही है।,बिहार चुना​व 2025 में आदर्श आचार संहिता के उल्लंघन से सख्ती से निपटने की बात निर्वाचन आयोग ने कही थी।,,SUP,SUP,SUP,False,baseline_failure,,,False,
591,CA_CHAR_05_HomoglyphPerturbation,'जन नायकन' को ऑस्कर के लिए भारत की आधिकारिक प्रविष्टि चुना गया।,लेख में केवल फिल्म के बॉक्स ऑफिस प्रदर्शन और कमाई का उल्लेख है। ऑस्कर प्रविष्टि से संबंधित कोई जानकारी नहीं दी गई है।,'जन नायकन' को ऑस्कर के लिए भारत की आधिकारि​क प्रविष्टि चुना गया।,,NEI,NEI,NEI,False,no_flip,,,False,
592,CA_CHAR_05_HomoglyphPerturbation,प्रधानमंत्री आवास योजना-ग्रामीण के अंतर्गत घरों का न्यूनतम आकार 25 वर्ग मीटर है।,"पीआईबी हिंदी पृष्ठ में पीएमएवाई-जी के तहत घरों का न्यूनतम आकार 25 वर्ग मीटर बताया गया है, जिसमें स्वच्छ खाना पकाने के लिए समर्पित क्षेत्र भी होता है।",प्रधानमंत्री आवास योजना-ग्रामीण के अंतर्गत घरों का न्यूनतम आकार 25 वर्ग़ मीटर है।,,SUP,SUP,SUP,False,no_flip,,,False,
593,CA_CHAR_05_HomoglyphPerturbation,"आर्थिक समीक्षा 2020-21 में स्वच्छ भारत अभियान, जल जीवन मिशन, पीएम आवास, सौभाग्य और उज्ज्वला को बुनियादी आवश्यकताओं तक पहुंच सुधारने वाली पहलें बताया गया।",वित्त मंत्रालय की आर्थिक समीक्षा विज्ञप्ति में इन सरकारी पहलों को बुनियादी आवश्यकताओं तक पहुंच में सुधार से जोड़ा गया है।,"आर्थिक समीक्षा 2020-21 में स्वच्छ भारत अभियान, जल ज़ीवन मिशन, पीएम आवास, सौभाग्य और उज्ज्वला को बुनियादी आवश्यकताओं तक पहुंच सुधारने वाली पहलें बताया गया।",,SUP,SUP,SUP,False,no_flip,,,False,
594,CA_CHAR_05_HomoglyphPerturbation,सुकन्या समृद्धि योजना में जमा राशि पर वर्तमान में 8.2 प्रतिशत ब्याज मिलता है।,पीआईबी के हिंदी पृष्ठ में सुकन्या समृद्धि योजना की जमा राशि पर वर्तमान अधिसूचित ब्याज दर 8.2 प्रतिशत बताई गई है।,सुकन्या समृद्धि योजना में जमा राशि पर वर्तमान में 8.2 प्रतिशत ब्याज मिळता है।,,SUP,SUP,SUP,False,no_flip,,,False,
595,CA_CHAR_05_HomoglyphPerturbation,मधुबनी में भारत-नेपाल सीमा पर एसएसबी और हरलाखी पुलिस की संयुक्त टीम ने 31 बोतल नशीली कफ सिरप के साथ एक तस्कर को गिरफ्तार किया।,सीमा स्तंभ से लगभग 3.5 किलोमीटर भीतर विशेष निगरानी के दौरान संदिग्ध व्यक्ति को देखकर संयुक्त टीम ने घेराबंदी कर उसे पकड़ लिया और तलाशी में नशीली सिरप बरामद की।,मधुबनी में भारत-नेपाल सीमा पर एसएसबी और हरलाखी पुलिस की संयुक्त टी​म ने 31 बोतल नशीली कफ सिरप के साथ एक तस्कर को गिरफ्तार किया।,,SUP,SUP,SUP,False,no_flip,,,False,
596,CA_CHAR_05_HomoglyphPerturbation,"वेनेजुएला में आए दो शक्तिशाली भूकंपों में अब तक 1,450 लोगों की मौत हो चुकी है।","लेख में सरकार के हवाले से 1,450 लोगों की मौत होने की जानकारी दी गई है।","वेनेजुएला में आए दो शक्तिशा​ली भूकंपों में अब तक 1,450 लोगों की मौत हो चुकी है।",,SUP,SUP,SUP,False,no_flip,,,False,
597,CA_CHAR_05_HomoglyphPerturbation,लोकसभा आम चुनाव 2024 में कुल 543 संसदीय निर्वाचन क्षेत्र थे।,निर्वाचन आयोग के लोकसभा चुनाव 2024 एटलस में कुल संसदीय निर्वाचन क्षेत्रों की संख्या 543 बताई गई है।,लोकसभा आम चु​नाव 2024 में कुल 543 संसदीय निर्वाचन क्षेत्र थे।,,SUP,SUP,SUP,False,no_flip,,,False,
598,CA_CHAR_05_HomoglyphPerturbation,ईवीएम और वीवीपैट बाहरी बिजली के बिना अपने पावर-पैक से चल सकते हैं।,निर्वाचन आयोग के अनुसार ईवीएम और वीवीपैट को बाहरी बिजली आपूर्ति नहीं चाहिए और वे अपने पावर-पैक से संचालित होते हैं।,ईवीएम और वीवीपैट बाहरी बिजली के बिना अपने पावर-पैक से चल सकते​ हैं।,,SUP,SUP,SUP,False,no_flip,,,False,
599,CA_CHAR_05_HomoglyphPerturbation,आमिर खान की तीसरी शादी से जुड़ा वायरल वीडियो फर्जी था।,"फैक्ट-चेक के दौरान वायरल वीडियो के पुराने संस्करण मिले, जिनसे स्पष्ट हुआ कि यह क्लिप आमिर खान की बेटी इरा खान की शादी के समारोह की है। इसे बाद में उनकी कथित तीसरी शादी से जोड़कर भ्रामक दावे के साथ साझा किया गया।",आमि​र खान की तीसरी शादी से जुड़ा वायरल वीडियो फर्जी था।,,REF,REF,REF,False,baseline_failure,,,False,
600,CA_CHAR_05_HomoglyphPerturbation,"उत्तराखंड के रामनगर में दीपावली से पहले खाद्य सुरक्षा विभाग ने मिलावट रोकने के लिए दूध, दही, पनीर और मावा की जांच अभियान चलाया और छह नमूने प्रयोगशाला भेजे।","टीम ने हल्दुआ चेक पोस्ट पर वाहनों की जांच के दौरान करीब 25 किलो मावा, 60 किलो पनीर, 150 लीटर दूध और 40 किलो क्रीम की जांच की, जिनमें से कुछ में मिलावट की आशंका पाई गई।","उत्तराखंड के रामनगर में दीपावली से पहले खाद्य सुरक्षा विभाग ने मिलावट रोकने के लिए दूध, दही, पनीर और मावा​ की जांच अभियान चलाया और छह नमूने प्रयोगशाला भेजे।",,SUP,SUP,SUP,False,no_flip,,,False,
601,CA_CHAR_05_HomoglyphPerturbation,"भरत तिवारी एनकाउंटर के बाद सवर्ण समाज के प्रदर्शन के नाम पर फर्जी वीडियो वायरल, उदयपुर में मनाई गई होली का है वीडियो।","राजस्थान के उदयपुर की होली का पुराना वीडियो, भरत तिवारी मामले से फर्जी रूप में शेयर किया जा रहा है। बिहार के भोजपुर में 17 जून को हुए भारत तिवारी एनकाउंटर मामले में सीएम सम्राट चौधरी ने जांच के आदेश दे दिए हैं। इसी से जोड़ते हुए सोशल मीडिया पर एक वीडियो वायरल हो रहा है, जिसमें किसी जगह पर भारी संख्या में कई लोग मौजूद है जो बंदूक लहराकर हवाई फायरिंग कर रहे हैं। वायरल वीडियो में एक टेक्स्ट भी है, जिसमें लिखा है “भारत तिवारी एनकाउंटर के खिलाफ सवर्ण समाज का बारूद की होली बिहार, नया बिहार”। यह वीडियो शेयर करते हुए दावा किया जा रहा है कि सवर्ण समाज के लोगों ने भरत तिवारी एनकाउंटर के बाद पुलिस के खिलाफ मोर्चा खोल दिया है। यूज़र ने वीडियो के साथ कैप्शन लिखा है… भरततिवारीकाइन्काउन्टरहुआतोबिहारकेलोगोंनेपुलिसकेखिलाफमोर्चाखोलदिया!#india #bihar #bjp फेसबुक पोस्ट।आर्काइव पोस्ट अनुसंधानसेपताचलताहैकि… हमने जांच की शुरुआत में वायरल वीडियो कीफ्रेम लेकर रिवर्स इमेज सर्च किया। परिणाम में हमें यहीं वीडियो,हार्दिक सेननाम के इंस्टाग्राम अकाउंट से 16 मार्च 2025 को अपलोडेड मिला। वीडियो के साथ लिखे कैप्शन में, मेनार, होली जैसे हैशटैग मौजूद थे। साथ ही वीडियो को “बारूद की होली” बताया गया था। इसी अकाउंट पर हमें 16 मार्च 2025 कोअपलोडकिया गया एक और वीडियो मिला, जिसमें वायरल वीडियो वाले दृश्य दिखाई दिए। फिर हमें यह वीडियोudaipurcityoflakesनाम के एक और इंस्टाग्राम अकाउंट पर 5 मार्च को पोस्ट किया हुआ मिला। यहां भी इसे राजस्थान के उदयपुर के मेनार गांव में बारूद की होली का ही बताया गया है। वीडियो के साथ कैप्शन में लिखा गया है, ‘मेवाड़ (उदयपुर, राजस्थान) की बारूद होली — रंगों की नहीं, शौर्य और परंपरा की सबसे अनोखी पहचान है। और पड़ताल किए जाने पर हमें 16 मार्च 2025 को एकयूट्यूब अकाउंटपर मेनार गांव में मनाई जाने वाली होली से जुड़े वीडियो अपलोडेड मिले। इनमें दिख रहे दृश्य वायरल वीडियो से काफी मेल खा रहे थें। 16 मार्च 2025 को प्रकाशितईटीवी की वेबसाइटपर प्रकाशित रिपोर्ट के अनुसार, मेनार गांव में यह होली 15 मार्च 2025 की रात को मनाई गई थी, जिसमें रंग और फूलों की नहीं, बल्कि पटाखे और गोला-बारूद का इस्तमाल किया गया था। अंत में हमने वायरल वीडियो की सत्यता को और अधिक जांचने के लिएudaipurcityoflakesके संचालक कम","भरत ति​वारी एनकाउंटर के बाद सवर्ण समाज के प्रदर्शन के नाम पर फर्जी वीडियो वायरल, उदयपुर में मनाई गई होली का है वीडियो।",,REF,SUP,SUP,True,flip,5,True,False,
602,CA_CHAR_05_HomoglyphPerturbation,"यदि किसी व्यक्ति का ब्लड शुगर लेवल नियंत्रण में नहीं है, तो उसे चावल, गुड़ या शहद का सेवन बिल्कुल नहीं करना चाहिए।","अमेरिकन डायबिटीज़ एसोसिएशन (ADA) के अनुसार, मधुमेह से पीड़ित व्यक्ति संतुलित भोजन योजना के तहत कार्बोहाइड्रेट और अतिरिक्त शर्करा वाले खाद्य पदार्थ सीमित मात्रा में ले सकते हैं। चावल, गुड़ या शहद को पूरी तरह छोड़ना सभी लोगों के लिए आवश्यक नहीं है; भोजन की मात्रा और कुल आहार योजना अधिक महत्वपूर्ण होती है।","यदि किसी व्यक्ति का ब्लड शुगर लेवल नि​यंत्रण में नहीं है, तो उसे चावल, गुड़ या शहद का सेवन बिल्कुल नहीं करना चाहिए।",,REF,REF,REF,False,no_flip,,,False,
603,CA_CHAR_05_HomoglyphPerturbation,बजट 2024-25 में प्रधानमंत्री ग्राम सड़क योजना का चरण IV शुरू करने की घोषणा की गई।,आधिकारिक बजट विज्ञप्ति में पीएमजीएसवाई चरण IV आरंभ करने की घोषणा दर्ज है।,बजट 2024-25 में प्रधानमंत्री ग्राम सड़क योजना का चरण IV शुरू करने की घोषणा की​ गई।,,SUP,SUP,SUP,False,no_flip,,,False,
604,CA_CHAR_05_HomoglyphPerturbation,मई 2024 तक स्टैंड-अप इंडिया योजना के 77.7 प्रतिशत लाभार्थी महिलाएं थीं।,पीआईबी हिंदी पृष्ठ में मई 2024 तक स्टैंड-अप इंडिया योजना के 77.7 प्रतिशत लाभार्थियों के महिलाएं होने का उल्लेख है।,मई 2024 तक स्टैंड-अप इंडिया योजना के 77.7 प्रतिशत ला​भार्थी महिलाएं थीं।,,SUP,SUP,SUP,False,no_flip,,,False,
605,CA_CHAR_05_HomoglyphPerturbation,मीडिया भी वोटर टर्नआउट ऐप के माध्यम से अनुमानित मतदाता मतदान डेटा देख सकता है।,पीआईबी की विज्ञप्ति में मीडिया को भी अनुमानित मतदाता मतदान डेटा कैप्चर करने के लिए वोटर टर्नआउट ऐप का उपयोग करने की बात है।,मीडिया भी वोटर टर्नआउट ऐप के माध्यम से अनुमानित मतदाता मतदान ड़ेटा देख सकता है।,,SUP,SUP,SUP,False,no_flip,,,False,
606,CA_CHAR_05_HomoglyphPerturbation,पोलियो एक अत्यधिक संक्रामक वायरल रोग है।,डब्ल्यूएचओ पोलियोमाइलाइटिस को वायरस से होने वाला अत्यधिक संक्रामक रोग बताता है।,पोलियो एक अत्यधि​क संक्रामक वायरल रोग है।,,SUP,,,False,unusable_verdict,,,False,
607,CA_CHAR_05_HomoglyphPerturbation,तीसरे चरण के विस्तृत लिंग-वार मतदान आंकड़े 11 मई 2024 तक प्रकाशित किए जाने थे।,पीआईबी की हिंदी विज्ञप्ति में जांच और संभावित पुनर्मतदान के बाद 11 मई 2024 तक लिंग-वार नवीनतम मतदान आंकड़े प्रकाशित करने की बात कही गई है।,तीसरे चरण के विस्तृत लिंग-वार मतदान आंकड़े 11 मई 2024 तक प्रकाशित किए जा​ने थे।,,SUP,SUP,SUP,False,no_flip,,,False,
608,CA_CHAR_05_HomoglyphPerturbation,प्रभास ने 'सलार' की कमाई का पूरा हिस्सा अयोध्या राम मंदिर को दान कर दिया।,PIB Fact Check ने सोशल मीडिया पर चल रहे इस दावे को भ्रामक बताया। किसी अधिकृत दान घोषणा या प्रोडक्शन हाउस के बयान में पूरी कमाई दान करने की बात नहीं पाई गई।,प्रभास ने 'सळार' की कमाई का पूरा हिस्सा अयोध्या राम मंदिर को दान कर दिया।,,REF,,,False,unusable_verdict,,,False,
609,CA_CHAR_05_HomoglyphPerturbation,जल जीवन मिशन 2.0 में समुदाय-नेतृत्व वाले ग्रामीण जल सुशासन को मजबूत करने की बात कही गई।,पेयजल एवं स्वच्छता विभाग की हिंदी विज्ञप्ति जल जीवन मिशन 2.0 के अंतर्गत समुदाय-नेतृत्व वाले जल सुशासन को मजबूत करने की बात कहती है।,जल जीवन मिशन 2.0 में समुदाय-नेतृत्व वाले ग्रामीण जल सुशासन को मजबूत करने​ की बात कही गई।,,SUP,SUP,SUP,False,no_flip,,,False,
610,CA_CHAR_05_HomoglyphPerturbation,'जन नायकन' ने तीसरे दिन बॉक्स ऑफिस पर रिकॉर्ड बनाया।,एबीपी न्यूज़: 'जन नायकन' बॉक्स ऑफिस पर धमाकेदार कलेक्शन कर रही है. फिल्म को फैंस खूब पसंद कर रहे हैं.,'जन नायकन' ने तीसरे दि​न बॉक्स ऑफिस पर रिकॉर्ड बनाया।,,SUP,NEI,NEI,False,baseline_failure,,,False,
611,CA_CHAR_05_HomoglyphPerturbation,आमिर खान की बेटी इरा खान की शादी हो चुकी थी।,लेख में वायरल शादी संबंधी दावे का कोई विश्वसनीय प्रमाण नहीं मिला।,आमिर खान की बेटी इरा खान की​ शादी हो चुकी थी।,,REF,,,False,unusable_verdict,,,False,
612,CA_CHAR_05_HomoglyphPerturbation,2021 में कर्णाटक के वीडियो को तमिलनाडु में बिहारी मजदूरों पर हमले के नाम से फैलाया जा रहा है।,"वायरल वीडियो तमिलनाडु से नहीं बल्कि 2021 को कर्णाटक से है जहाँ आपसी रंजिश के चलते एक हिस्ट्री शीटर पर हमला किया गया था। सोशल मीडिया पर एक विचलित कर देने वाले वीडियो को साझा करते हुए दावा किया जा रहा है कि यह वीडियो तमिलनाडू से है जहाँ एक बिहारी मजदूर को कुल्हाड़ी से काटकर हत्या कर दी गयी है। वायरल हो रहे इस वीडियो में हम 4 व्यक्तियों को मिलकर एक लड़के पर कुल्हाड़ी और दूसरे धारदार हथियारों से हमला करते हुए देख सकते है, हमलावारों को पीड़ित पर बार बार इन धारदार हथियारों से वार करते हुए देखा जा सकता है। जिसके बाद वीडियो में पीड़ित ज़मीन पे गिर जाता है। वीडियो के कैप्शन में लिखा गया है कि “बिहारी भाईयों को तमिलनाडु में बेरहमी से पिट पिट कर हत्या और फीर भी चुप है नीतीश सरकार ये सरकार को सिर्फ सता से मतलब है।” ट्विटर लिंक।आर्काइव लिंक अनुसंधान से पता चलता है कि… जाँच की शुरुवात हमने वायरल वीडियो को छोटे फ्रेम्स में तोड़कर गूगल पर रिवर्स इमेज सर्च करने से की, जिसके परिणाम से हमेंफेसबुकपर ये वीडियो गोवा रिपोर्ट कार्ड के पेज पर मिला। 8 अगस्त 2021 को इस वीडियो को शेयर करते हुए लिखा गया है कि वीडियो में गैंगस्टर अनवर शेख़ पर किये गये हमला को देख सकते है। कहा जा रहा है कि ये घटना कर्णाटक के सवान्नुर कसबे से है। ख़बरोंके अनुसार गैंगस्टर टाइगर अनवर को सवान्नुर कसबे के कराटागी कोर्स में दिन दहाड़े कुल्हाड़ी से मारकर हत्या कर दी गयी। रिपोर्ट में ये बताया गया है कि मारा गया व्यक्ति गोवा का एक हिस्ट्रीशीटर था जिसका मर्डर पैसे के लेन देन के चलते हुआ था। टाइम्स ऑफ़ इंडियाद्वारा प्रकाशित खबर के अनुसार अनवर शेख उर्फ टाइगर अनवर की कर्नाटक के हावेरी जिले के सवान्नुर में दिनदहाड़े हत्या कर दी गई थी, इमरान चौधरी नाम के एक व्यक्ति उसे “सुरक्षा राशि” का भुगतान नहीं कर सका , जिसके कारण से उसके द्वारा इस हत्या को अंजाम दिया गया। रिपोर्ट के अनुसार इमरान चौधरी को गिरफ्तार कर लिया गया है और पुलिस हमले में शामिल तीन अन्य लोगों की तलाश कर रही है। जाँच में आगे बढ़ते हुए फैक्ट क्रेसेंडो ने कर्नाटक मेंहावेरी के एस.पी हनुमंतरायसे संपर्क किया उन्होंने हमें बताया कि “वीडियो में दिख रहे पीड़ित का नाम अनवर शेख है जो गोवा में काफी जाना-माना अपराधी है। इसके खिलाफ गोवा में कई अलग अलग अपराधों से जुड़े मुक़दमे दर",2021 में कर्णाटक के वी​डियो को तमिलनाडु में बिहारी मजदूरों पर हमले के नाम से फैलाया जा रहा है।,,REF,,,False,baseline_failure,,,False,
613,CA_CHAR_05_HomoglyphPerturbation,सलमान खान का एक वीडियो शिक्षा मंत्री धर्मेंद्र प्रधान के इस्तीफे पर उनकी हालिया प्रतिक्रिया के तौर पर वायरल हो रहा है।,"साइबरपीस रिसर्च विंग की जांच में सामने आया कि यह वीडियो अक्टूबर 2022 का है, जिसमें सलमान खान अभिनेता चिरंजीवी को उनकी फिल्म 'गॉडफादर' की सफलता पर बधाई दे रहे हैं। धर्मेंद्र प्रधान के इस्तीफे से इस वीडियो का कोई संबंध नहीं है।",सलमान खान का एक वीडियो शिक्षा मंत्री​ धर्मेंद्र प्रधान के इस्तीफे पर उनकी हालिया प्रतिक्रिया के तौर पर वायरल हो रहा है।,,REF,,,False,unusable_verdict,,,False,
614,CA_CHAR_05_HomoglyphPerturbation,करण कुंद्रा ने स्कूबा डाइविंग के दौरान तेजस्वी को अंगूठी पहनाई।,"इंडिया टीवी ने केवल इतना बताया कि करण कुंद्रा और तेजस्वी प्रकाश इन दिनों मॉरिशस में छुट्टियां मना रहे हैं, जहां करण ने बहुत ही रोमांटिक अंदाज में अपनी लेडी लव को प्रपोज किया। बाकी विवरण अनुपलब्ध है।",करण कुंद्रा ने​ स्कूबा डाइविंग के दौरान तेजस्वी को अंगूठी पहनाई।,,NEI,NEI,NEI,False,no_flip,,,False,
615,CA_CHAR_05_HomoglyphPerturbation,उत्तराखंड सरकार ने डाकपत्थर बैराज के आधुनिकीकरण के लिए ₹500 करोड़ की नई परियोजना की घोषणा की।,लेख में ऐसी किसी नई परियोजना या वित्तीय घोषणा का उल्लेख नहीं है।,उत्तराखंड सरकार ने डा​कपत्थर बैराज के आधुनिकीकरण के लिए ₹500 करोड़ की नई परियोजना की घोषणा की।,,NEI,REF,REF,False,baseline_failure,,,False,
616,CA_CHAR_05_HomoglyphPerturbation,नमक पूरी तरह छोड़ने से हर व्यक्ति का रक्तचाप सात दिन में सामान्य हो जाता है।,"डब्ल्यूएचओ नमक कम करने को रक्तचाप घटाने से जोड़ता है, लेकिन सात दिन में हर व्यक्ति के सामान्य होने की गारंटी नहीं देता।",नमक पूरी तरह छोड़़ने से हर व्यक्ति का रक्तचाप सात दिन में सामान्य हो जाता है।,,NEI,REF,REF,False,baseline_failure,,,False,
617,CA_CHAR_05_HomoglyphPerturbation,पीआरईपी (PrEP) एचआईवी-नकारात्मक लोगों में संक्रमण का जोखिम कम करने के लिए दी जाती है।,डब्ल्यूएचओ पीआरईपी को एचआईवी-नकारात्मक लोगों में एचआईवी प्राप्त करने के जोखिम को कम करने के लिए उपयोग की जाने वाली एंटीरेट्रोवायरल रोकथाम बताता है।,पीआरईपी (PrEP) एचआईवी-नकारात्मक लोगों में संक्रमण का जोखिम कम करने के लिए दी​ जाती है।,,SUP,SUP,SUP,False,no_flip,,,False,
618,CA_CHAR_05_HomoglyphPerturbation,अटल पेंशन योजना 2015 में असंगठित क्षेत्र के कामगारों के लिए शुरू की गई थी।,पीआईबी हिंदी पृष्ठ अटल पेंशन योजना को 2015 में शुरू की गई ऐसी अंशदायी योजना बताता है जिसका उद्देश्य असंगठित क्षेत्र के कामगारों में पेंशन कवरेज बढ़ाना है।,अटल पे​ंशन योजना 2015 में असंगठित क्षेत्र के कामगारों के लिए शुरू की गई थी।,,SUP,SUP,SUP,False,no_flip,,,False,
619,CA_CHAR_05_HomoglyphPerturbation,नीरज चोपड़ा की जीत पर केवल अक्षय कुमार ने ही उन्हें बधाई दी थी।,आजतक फैक्ट चेक की जांच में पाया गया कि कई बॉलीवुड हस्तियों ने नीरज चोपड़ा को बधाई दी थी। इसलिए वायरल दावा सही नहीं था।,नीरज चोपड़ा की जीत पर केवल अक्षय कुमार ने ही उन्हें बधाई दी​ थी।,,REF,REF,REF,False,no_flip,,,False,
620,CA_CHAR_05_HomoglyphPerturbation,लेख में बताया गया है कि राज्य को मानसून से कोई आर्थिक नुकसान नहीं हुआ।,"लेख में ₹1,014.08 करोड़ के नुकसान का उल्लेख है।",लेख में बता​या गया है कि राज्य को मानसून से कोई आर्थिक नुकसान नहीं हुआ।,,REF,REF,REF,False,no_flip,,,False,
621,CA_CHAR_05_HomoglyphPerturbation,पीएम ई-ड्राइव योजना ई-ट्रक और ई-एम्बुलेंस जैसी नई वाहन श्रेणियों को भी सहायता देती है।,पीआईबी की हिंदी विज्ञप्ति में पीएम ई-ड्राइव योजना के अंतर्गत ई-ट्रक और ई-एम्बुलेंस जैसी नई श्रेणियों को सहायता देने का उल्लेख है।,पीएम ई-ड्राइव योजना ई-ट्रक और ई-एम्बुलेंस जैसी नई वाहन श्रेणियो​ं को भी सहायता देती है।,,SUP,SUP,SUP,False,no_flip,,,False,
622,CA_CHAR_05_HomoglyphPerturbation,लेख में राज्य की प्रत्येक नदी पर सेंसर स्थापना की सटीक समय-सारिणी और जिला-वार सूची प्रकाशित की गई है।,लेख में ऐसी कोई विस्तृत समय-सारिणी या जिला-वार सूची नहीं दी गई है।,लेख में राज्य की प्रत्येक नदी पर सेंसर स्थापना की​ सटीक समय-सारिणी और जिला-वार सूची प्रकाशित की गई है।,,NEI,REF,REF,False,baseline_failure,,,False,
623,CA_CHAR_05_HomoglyphPerturbation,"पश्चिमी विक्षोभ के कारण देहरादून, उत्तरकाशी, टिहरी और चमोली में मौसम बदला।",लेख में इन जिलों में मौसम बदलने का उल्लेख है।,"पश्चिमी विक्षोभ के कारण देहरादू​न, उत्तरकाशी, टिहरी और चमोली में मौसम बदला।",,SUP,NEI,NEI,True,flip,5,True,False,
624,CA_CHAR_05_HomoglyphPerturbation,निर्वाचन आयोग ने कहा कि असत्यापित आरोपों या विकृतियों के आधार पर अन्य दलों अथवा उनके कार्यकर्ताओं की आलोचना नहीं की जानी चाहिए।,पीआईबी की विज्ञप्ति में आदर्श आचार संहिता के प्रावधान के रूप में असत्यापित आरोपों या विकृतियों के आधार पर आलोचना न करने की बात दी गई है।,निर्वाचन आयोग ने कहा कि असत्यापित आरो​पों या विकृतियों के आधार पर अन्य दलों अथवा उनके कार्यकर्ताओं की आलोचना नहीं की जानी चाहिए।,,SUP,SUP,SUP,False,no_flip,,,False,
625,CA_CHAR_05_HomoglyphPerturbation,भारत में अनिवार्य मतदान लागू है और मत न देने पर कानूनी दंड मिलता है।,निर्वाचन आयोग ने स्पष्ट किया है कि भारत में अनिवार्य मतदान की कोई अवधारणा नहीं है।,भारत मे​ं अनिवार्य मतदान लागू है और मत न देने पर कानूनी दंड मिलता है।,,REF,REF,REF,False,no_flip,,,False,
626,CA_CHAR_05_HomoglyphPerturbation,1 जुलाई 2026 से वीबी जी-राम-जी कानून लागू होने का उल्लेख किया गया।,एनडीटीवी इंडिया की हिंदी रिपोर्ट में 1 जुलाई 2026 से मनरेगा के स्थान पर वीबी जी-राम-जी कानून लागू होने की जानकारी है।,1 ज़ुलाई 2026 से वीबी जी-राम-जी कानून लागू होने का उल्लेख किया गया।,,SUP,SUP,SUP,False,no_flip,,,False,
627,CA_CHAR_05_HomoglyphPerturbation,किसान ई-मित्र किसानों के लिए आवाज़-आधारित कृत्रिम बुद्धिमत्ता चैटबॉट है।,कृषि मंत्रालय की विज्ञप्ति में किसान ई-मित्र को आवाज़-आधारित एआई चैटबॉट बताया गया है।,किसान ई-मित्र किसानों के ळिए आवाज़-आधारित कृत्रिम बुद्धिमत्ता चैटबॉट है।,,SUP,SUP,SUP,False,no_flip,,,False,
628,CA_CHAR_05_HomoglyphPerturbation,लेख में बताया गया है कि अनुराग ठाकुर ने प्रदेश कांग्रेस सरकार की आपदा प्रबंधन की खुलकर प्रशंसा की।,"लेख में उन्होंने प्रदेश सरकार की आलोचना की है, प्रशंसा नहीं।",लेख में बताया गया है कि अनुराग ठाकुर ने प्रदे​श कांग्रेस सरकार की आपदा प्रबंधन की खुलकर प्रशंसा की।,,REF,REF,REF,False,no_flip,,,False,
629,CA_CHAR_05_HomoglyphPerturbation,सिद्धार्थ शुक्ला के अंतिम संस्कार का वायरल दृश्य वास्तविक था।,"आजतक फैक्ट चेक ने बताया कि वायरल दृश्य धारावाहिक 'बालिका वधू' का था, अंतिम संस्कार का नहीं।",सिद्धार्थ शुक्ला के अंति​म संस्कार का वायरल दृश्य वास्तविक था।,,REF,REF,REF,False,no_flip,,,False,
630,CA_CHAR_05_HomoglyphPerturbation,असुरक्षित इंजेक्शन और दूषित सुई साझा करना हेपेटाइटिस सी के संचरण का कारण बन सकता है।,विश्व स्वास्थ्य संगठन के अनुसार असुरक्षित इंजेक्शन और सुई-सिरिंज साझा करने से रक्त के संपर्क द्वारा हेपेटाइटिस सी फैल सकता है।,असुरक्षित इंजेक्शन और दूषित सु​ई साझा करना हेपेटाइटिस सी के संचरण का कारण बन सकता है।,,SUP,SUP,SUP,False,no_flip,,,False,
631,CA_CHAR_05_HomoglyphPerturbation,हैजा के उपचार में सबसे प्रभावी तरीका केवल एंटीबायोटिक दवाएं हैं।,डब्ल्यूएचओ अधिकांश हैजा रोगियों के सफल उपचार में ओरल रिहाइड्रेशन सॉल्यूशन (ओआरएस) को महत्वपूर्ण बताता है।,हैजा के उपचार मे​ं सबसे प्रभावी तरीका केवल एंटीबायोटिक दवाएं हैं।,,REF,REF,REF,False,no_flip,,,False,
632,CA_CHAR_05_HomoglyphPerturbation,सी सॉल्ट या कोशर सॉल्ट में सामान्य टेबल सॉल्ट की तुलना में बहुत कम सोडियम होता है।,अमेरिकन हार्ट एसोसिएशन के अनुसार सी सॉल्ट और कोशर सॉल्ट में टेबल सॉल्ट के समान मात्रा में सोडियम होता है और इन्हें केवल इस आधार पर स्वस्थ विकल्प नहीं माना जा सकता।,सी सॉळ्ट या कोशर सॉल्ट में सामान्य टेबल सॉल्ट की तुलना में बहुत कम सोडियम होता है।,,REF,REF,REF,False,no_flip,,,False,
633,CA_CHAR_05_HomoglyphPerturbation,केंद्र सरकार 'वन स्टूडेंट वन लैपटॉप योजना' के तहत सभी छात्रों को मुफ्त लैपटॉप दे रही है।,वनइंडिया हिंदी फैक्ट चेक में पीआईबी फैक्ट चेक के हवाले से कहा गया है कि केंद्र सरकार ऐसी कोई योजना संचालित नहीं कर रही है।,के​ंद्र सरकार 'वन स्टूडेंट वन लैपटॉप योजना' के तहत सभी छात्रों को मुफ्त लैपटॉप दे रही है।,,REF,REF,REF,False,no_flip,,,False,
634,CA_CHAR_05_HomoglyphPerturbation,दिल्ली के कृष्णा नगर में एक कैब ड्राइवर की चाकू मारकर हत्या के मामले में शराब पीकर लूट की योजना बनाने वाले तीन आरोपियों को गिरफ्तार किया गया।,"जांच में सामने आया कि आरोपियों ने घटना वाले दिन शराब पीने के बाद कैब ड्राइवर को लूटने की योजना बनाई थी, जिसमें एक नाबालिग भी शामिल था।",दिल्ली के कृष्णा नगर में एक कैब ड्राइवर की चाकू मारकर हत्या के मामले में शराब पीकर लूट की योजना बनाने वाले तीन आरोपियों को​ गिरफ्तार किया गया।,,SUP,SUP,SUP,False,no_flip,,,False,
635,CA_CHAR_05_HomoglyphPerturbation,बोकारो पुलिस ने लोन दिलाने का झांसा देकर साइबर ठगी करने वाले दो आरोपियों को गिरफ्तार किया।,"पुलिस ने दोनों आरोपियों के पास से नकदी, मोबाइल फोन और 800 से अधिक नंबरों की डायरी बरामद की।",बोकारो पुलिस ने लोन दिलाने का झांसा देकर साइबर ठगी करने वाळे दो आरोपियों को गिरफ्तार किया।,,SUP,NEI,NEI,False,baseline_failure,,,False,
636,CA_CHAR_05_HomoglyphPerturbation,मतदाता मार्गदर्शिका केवल अंग्रेजी में दी जानी थी।,"पीआईबी की विज्ञप्ति में मतदाता मार्गदर्शिका हिंदी, अंग्रेजी और स्थानीय भाषा में उपलब्ध कराने की बात है।",मतदाता मा​र्गदर्शिका केवल अंग्रेजी में दी जानी थी।,,REF,REF,REF,False,no_flip,,,False,
637,CA_CHAR_05_HomoglyphPerturbation,2 फरवरी 2026 तक प्रधानमंत्री किसान मानधन योजना में 24.95 लाख किसानों का नामांकन दर्ज था।,पीआईबी की हिंदी विज्ञप्ति के अनुसार 2 फरवरी 2026 तक पीएम-किसान मानधन योजना में 24.95 लाख किसानों का नामांकन हुआ था।,2 फरवरी 2026 तक प्रधानमंत्री किसान मानधन योजना में 24.95 लाख किसानों का नामांकन दर्ज था​।,,SUP,SUP,SUP,False,no_flip,,,False,
638,CA_CHAR_05_HomoglyphPerturbation,मुख्यमंत्री ने कहा कि निचले इलाकों के लिए किसी प्रकार का अलर्ट जारी करने की आवश्यकता नहीं थी।,लेख में स्पष्ट रूप से निचले क्षेत्रों के लिए अलर्ट जारी होने का उल्लेख है।,मुख्यमंत्री ने कहा कि निचले इलाकों के लिए किसी प्रकार का अलर्ट जारी करने की आवश्यकता​ नहीं थी।,,REF,REF,REF,False,no_flip,,,False,
639,CA_CHAR_05_HomoglyphPerturbation,छह परिवारों ने रात में सुरक्षित स्थान पर शरण ली।,लेख में छह परिवारों के सुरक्षित स्थान पर जाने की जानकारी दी गई है।,छह परिवारों ने रात में सुरक्षित स्था​न पर शरण ली।,,SUP,SUP,SUP,False,baseline_failure,,,False,
640,CA_CHAR_05_HomoglyphPerturbation,रणवीर सिंह 'डॉन 3' विवाद सुलझाने के लिए एक्सेल एंटरटेनमेंट को मांगे गए पूरे 40 करोड़ रुपये चुकाने के लिए राजी हो गए हैं।,"LatestLY की रिपोर्ट के अनुसार, रणवीर सिंह ने केवल अपनी 10 करोड़ रुपये की साइनिंग राशि लौटाने पर सहमति जताई है और आगामी फिल्म 'प्रलय' में प्रोडक्शन हाउस को हिस्सेदारी देने का प्रस्ताव रखा है, लेकिन पूरे 40 करोड़ रुपये चुकाने की पुष्टि नहीं है।",रणवीर सिंह 'डॉन 3' विवाद सुलझाने के लिए एक्सेल एंटरटेनमेंट को मांगे गए पूरे 40 करोड़ रुपये चुकाने के​ लिए राजी हो गए हैं।,,NEI,REF,REF,False,baseline_failure,,,False,
641,CA_CHAR_05_HomoglyphPerturbation,"जहां तक संभव हो, प्रत्येक निर्वाचन क्षेत्र में कम से कम एक मतदान केंद्र विशेष रूप से महिलाओं और दिव्यांगजनों द्वारा प्रबंधित करने का निर्देश था।","पीआईबी की विज्ञप्ति में जहां तक संभव हो, प्रत्येक निर्वाचन क्षेत्र में कम से कम एक मतदान केंद्र महिलाओं और दिव्यांगजनों द्वारा विशेष रूप से प्रबंधित करने का निर्देश है।","जहां तक संभव हो, प्रत्येक निर्वाचन क्षेत्र में कम से कम एक मतदान केंद्र विशेष रूप से महिलाओं और दिव्यांगजनों द्वारा प्रबंधित करने का नि​र्देश था।",,SUP,SUP,SUP,False,no_flip,,,False,
642,CA_CHAR_05_HomoglyphPerturbation,"प्रधानमंत्री मुद्रा योजना में शिशु, किशोर और तरुण तीन ऋण श्रेणियां हैं।","आज तक की हिंदी रिपोर्ट में प्रधानमंत्री मुद्रा योजना के तहत शिशु, किशोर और तरुण तीन श्रेणियों का उल्लेख है।","प्रधानमंत्री मुद्रा योजना में शिशु, कि​शोर और तरुण तीन ऋण श्रेणियां हैं।",,SUP,SUP,SUP,False,no_flip,,,False,
643,CA_CHAR_05_HomoglyphPerturbation,प्रधानमंत्री फसल बीमा योजना और पुनर्गठित मौसम आधारित फसल बीमा योजना के लिए 200 प्रशिक्षण कार्यक्रम मंजूर किए गए थे।,पीआईबी हिंदी विज्ञप्ति में पीएमएफबीवाई/आरडब्ल्यूबीसीआईएस के अंतर्गत पैक्स प्रतिभागियों के प्रशिक्षण के लिए 200 प्रशिक्षण कार्यक्रमों के चरणबद्ध कार्यान्वयन को मंजूरी दिए जाने का उल्लेख है।,प्रधानमंत्री फसळ बीमा योजना और पुनर्गठित मौसम आधारित फसल बीमा योजना के लिए 200 प्रशिक्षण कार्यक्रम मंजूर किए गए थे।,,SUP,SUP,SUP,False,no_flip,,,False,
644,CA_CHAR_05_HomoglyphPerturbation,जल जीवन मिशन का लक्ष्य ग्रामीण क्षेत्रों में 100 प्रतिशत नल जल कनेक्शन उपलब्ध कराना है।,पीआईबी हिंदी पृष्ठ के अनुसार जल जीवन मिशन को 2028 तक बढ़ाया गया है और इसका लक्ष्य ग्रामीण क्षेत्रों में 100 प्रतिशत नल जल कनेक्शन उपलब्ध कराना है।,जल जीवन मिशन का लक्ष्य ग्रामीण क्षेत्रों में 100 प्रतिशत नल जल कनेक्शन उपळब्ध कराना है।,,SUP,SUP,SUP,False,no_flip,,,False,
645,CA_CHAR_05_HomoglyphPerturbation,महाराजगंज में टेलीग्राम के जरिए साइबर ठगी करने वाले गिरोह के छह लोगों को पकड़ा गया।,पुलिस ने सरगना सहित पांच आरोपियों और एक बाल अपचारी को गिरफ्तार किया।,महाराजगंज में टेलीग्राम के​ जरिए साइबर ठगी करने वाले गिरोह के छह लोगों को पकड़ा गया।,,SUP,REF,REF,True,flip,5,True,False,
646,CA_CHAR_05_HomoglyphPerturbation,"ढाका कॉलेज का एक पुराना गैर-संबंधित वीडियो, बांग्लादेश में हिंदू युवक दीपू चंद्र दास की लिंचिंग से जोड़ कर वायरल…","18 दिसंबर 2025 को मैमनसिंह ज़िले में धार्मिक भावनाओं को ठेस पहुंचाने की अफवाहों के बाद एक बांग्लादेशी हिंदू युवक, दीपू चंद्र दास को बेरहमी से पीट-पीटकर मार डाला गया और उसके शव को एक हाईवे पर जला दिया गया। पुलिस और RAB अधिकारियों ने बाद में कहा कि ईशनिंदा के आरोप का समर्थन करने वाला कोई सबूत नहीं मिला है। अब सोशल मीडिया पर एक वीडियो वायरल हो रहा है, जिसमें कुछ बांग्लादेशी पुलिसवाले एक शख्स को कॉलर से पकड़कर घसीटते हुए दिखाई दे रहे हैं। इस वीडियो को शेयर करते हुए दावा किया जा रहा है कि ये दीपू दास के आखिरी पलों का वीडियो है। इसके बाद पुलिस ने उन्हें कट्टरपंथियों के हवाले कर दिया था। वायरल वीडियो के साथ यूजर ने लिखा है- दीपू चंद्र दास का आख़िरी वीडियो सामने आया है।वीडियो में वह साफ़ कहते दिख रहे हैं –“मैंने किसी का अपमान नहीं किया, मुझे माफ़ कर दो।”इसके बावजूद, पुलिस की मौजूदगी में उन्हें भीड़ के हवाले कर दिया गया।उसके बाद जो हुआ, वह पूरी दुनिया ने देखा।यह सिर्फ़ एक व्यक्ति की हत्या नहीं,यह सरकारी नाकामी, पुलिस की लापरवाही और मानवाधिकारों की खुली हत्या है।सवाल ये है:• क्या भीड़ को कानून से ऊपर रखा गया?• क्या सरकार और पुलिस अपनी जिम्मेदारी से बच सकती है? पूरा सच देखिए, समझिए और आवाज़ उठाइए। फेसबुक।आर्काइव अनुसंधान से पता चलता है कि… पड़ताल की शुरुआत में हमने वायरल वीडियो के तस्वीरों का रिवर्स इमेज सर्च किया, परिणाम में वायरल वीडियो की खबर हमें YouTube चैनल@dhakatoday_newsपर अपलोड किया हुआ मिला। “पुलिस की पिटाई के बाद कॉलेज स्टूडेंट रोने लगा” टाइटल वाले इस वीडियो में वही आदमी दिख रहा है जिसने पीछे ‘मोमिन’ नाम लिखी जर्सी पहनी हुई है। ये वीडियो 18 नवंबर को अपलोड़ किया गया है। इस वीडियो और वायरल क्लिप दोनों में, एक पुलिस ऑफिसर द्वारा उस आदमी को जाने देते हुए दिखाई देता है। हमें यह भी पता चला कि उस आदमी ने एक टी-शर्ट पहनी हुई थी, जिसकी बाईं ओरढाका कॉलेजका लोगो और दाईं ओर “सेशन 2022–23” लिखा हुआ था। हमने टी-शर्ट पर दिख रहे लोगो की तुलना ढाका कॉलेज के ऑफिशियल लोगो से की और पाया कि वे बिल्कुल एक जैसे थे। इससे ये साफ है कि वीडियो ढाका कॉलेज का है। 22 दिसंबर 2025 के एक एक्स पोस्ट में, एकबांग्लादेशी फैक्ट चेकर ने वायरल वीडियो को खारिज करते हुए कहा कि इसे गलत दावे के साथ साझा","ढा​का कॉलेज का एक पुराना गैर-संबंधित वीडियो, बांग्लादेश में हिंदू युवक दीपू चंद्र दास की लिंचिंग से जोड़ कर वायरल…",,REF,REF,REF,False,no_flip,,,False,
647,CA_CHAR_05_HomoglyphPerturbation,उत्तराखंड सरकार ने सरखेत में आपदा प्रभावित विद्यालय के लिए आवासीय छात्रावास बनाने की नई योजना की घोषणा की।,लेख में आवासीय छात्रावास या ऐसी किसी नई योजना की घोषणा का उल्लेख नहीं है।,उत्तराखंड सरका​र ने सरखेत में आपदा प्रभावित विद्यालय के लिए आवासीय छात्रावास बनाने की नई योजना की घोषणा की।,,NEI,REF,REF,False,baseline_failure,,,False,
648,CA_CHAR_05_HomoglyphPerturbation,टीबी केवल फेफड़ों को प्रभावित करने वाली बीमारी है।,"विश्व स्वास्थ्य संगठन के अनुसार, हालांकि टीबी आमतौर पर फेफड़ों (पल्मोनरी टीबी) को प्रभावित करता है, यह गुर्दे, रीढ़ और मस्तिष्क जैसे अन्य अंगों (एक्स्ट्रापल्मोनरी टीबी) को भी प्रभावित कर सकता है।",टीबी केवल फेफड़ों को प्रभावि​त करने वाली बीमारी है।,,REF,REF,REF,False,no_flip,,,False,
649,CA_CHAR_05_HomoglyphPerturbation,क्या थलापति विजय के बाद धनुष भी रखेंगे राजनीति में कदम? एक बयान के बाद गरमाईं अटकलें। साथ ही इससे जुड़ी हर आधिकारिक जानकारी और तारीख भी उजागर हो चुकी है।,"इंडिया टीवी के अनुसार, धनुष ने अपने फैंस से समाज सेवा में योगदान देने की अपील की, जिससे उनके राजनीति में आने की अटकलें तेज हो गईं। — इससे अधिक जानकारी रिपोर्ट में शामिल नहीं है।",क्या थलापति विजय के बाद धनुष भी रखेंगे राजनीति में कदम? एक बयान के बाद गरमाईं अटकलें। सा​थ ही इससे जुड़ी हर आधिकारिक जानकारी और तारीख भी उजागर हो चुकी है।,,NEI,NEI,NEI,False,no_flip,,,False,
650,CA_CHAR_05_HomoglyphPerturbation,संविधान की 75 वर्षों की गौरवशाली यात्रा पर राज्यसभा में 16 और 17 दिसंबर 2024 को विशेष चर्चा हुई।,पीआईबी की वर्षांत समीक्षा में इसी विषय पर राज्यसभा में 16 और 17 दिसंबर 2024 को विशेष चर्चा होने की जानकारी है।,संविधान की 75 वर्षों की गौरवशाली यात्रा पर राज्यसभा में 16 और 17 दिसंबर 2024 को वि​शेष चर्चा हुई।,,SUP,SUP,SUP,False,no_flip,,,False,
651,CA_CHAR_05_HomoglyphPerturbation,कार्तिक आर्यन ने गणेश चतुर्थी पर लालबागचा राजा के दर्शन किए और तस्वीरें साझा कीं।,एबीपी न्यूज़ ने बताया कि कार्तिक आर्यन गणेश चतुर्थी के मौके पर लालबागचा राजा पहुंचे। खबर में उनके दर्शन की तस्वीरों और सोशल मीडिया पोस्ट का उल्लेख था।,कार्तिक आर्यन ने गणेश चतुर्थी पर लालबागचा रा​जा के दर्शन किए और तस्वीरें साझा कीं।,,SUP,SUP,SUP,False,no_flip,,,False,
652,CA_CHAR_05_HomoglyphPerturbation,रिहाना ने किसानों के विरोध प्रदर्शन और कंगना रनौत पर वायरल ट्वीट किया था।,BOOM की जांच में ट्वीट फर्जी पाया गया और आधिकारिक खाते से नहीं था।,रिहाना ने किसानों के विरोध प्रदर्शन और कंगना रनौ​त पर वायरल ट्वीट किया था।,,REF,REF,REF,False,no_flip,,,False,
653,CA_CHAR_05_HomoglyphPerturbation,राष्ट्रीय मतदाता दिवस 2021 पर 24x7 ऑनलाइन डिजिटल रेडियो सेवा 'रेडियो हेलो वोटर्स' शुरू की गई।,पीआईबी की विज्ञप्ति में राष्ट्रीय मतदाता दिवस 2021 पर 24x7 ऑनलाइन डिजिटल रेडियो सेवा 'रेडियो हेलो वोटर्स' का शुभारंभ होने का उल्लेख है।,राष्ट्रीय मतदाता दिवस 2021 पर 24x7 ऑनलाइन डिजिटल रेडियो सेवा 'रेड़ियो हेलो वोटर्स' शुरू की गई।,,SUP,SUP,SUP,False,no_flip,,,False,
654,CA_CHAR_05_HomoglyphPerturbation,जम्मू और उधमपुर में रहने वाले घाटी के विस्थापित कश्मीरी प्रवासियों के लिए फॉर्म-एम भरने की जटिल प्रक्रिया समाप्त कर दी गई थी।,पीआईबी की विज्ञप्ति में जम्मू और उधमपुर में रहने वाले घाटी के विस्थापित लोगों के लिए फॉर्म-एम भरने की जटिल प्रक्रिया समाप्त करने की बात है।,जम्मू और उधमपु​र में रहने वाले घाटी के विस्थापित कश्मीरी प्रवासियों के लिए फॉर्म-एम भरने की जटिल प्रक्रिया समाप्त कर दी गई थी।,,SUP,SUP,SUP,False,no_flip,,,False,
655,CA_CHAR_05_HomoglyphPerturbation,केंद्र सरकार ने कुल्लू के सेब उत्पादकों के लिए विशेष परिवहन सब्सिडी योजना की घोषणा की।,लेख में सेब उत्पादकों के लिए किसी विशेष परिवहन सब्सिडी योजना की घोषणा का उल्लेख नहीं है।,केंद्र सरकार ने कुल्लू के से​ब उत्पादकों के लिए विशेष परिवहन सब्सिडी योजना की घोषणा की।,,NEI,REF,REF,False,baseline_failure,,,False,
656,CA_CHAR_05_HomoglyphPerturbation,लोकसभा चुनाव 2024 के बाद ईवीएम की बर्न्ट मेमोरी या माइक्रोकंट्रोलर जांच के लिए कुल 11 आवेदन मिले थे।,पीआईबी के अनुसार 1 जून 2024 की एसओपी के बाद ईवीएम बर्न्ट मेमोरी/माइक्रोकंट्रोलर जांच व सत्यापन के लिए कुल 11 आवेदन प्राप्त हुए।,लोकसभा चुनाव 2024 के​ बाद ईवीएम की बर्न्ट मेमोरी या माइक्रोकंट्रोलर जांच के लिए कुल 11 आवेदन मिले थे।,,SUP,SUP,SUP,False,no_flip,,,False,
657,CA_CHAR_05_HomoglyphPerturbation,डूबने की रोकथाम के लिए हर जलाशय के चारों ओर ठीक दो मीटर ऊंची बाड़ जरूरी है।,"डब्ल्यूएचओ पानी तक पहुंच नियंत्रित करने वाली बाधाओं की बात करता है, लेकिन हर स्थान के लिए ठीक दो मीटर ऊंचाई का सार्वभौमिक नियम नहीं देता।",डूबने की​ रोकथाम के लिए हर जलाशय के चारों ओर ठीक दो मीटर ऊंची बाड़ जरूरी है।,,NEI,REF,REF,False,baseline_failure,,,False,
658,CA_CHAR_05_HomoglyphPerturbation,लेख में बारिश से प्रभावित क्षेत्रों के लिए राज्य सरकार द्वारा विशेष बिजली राहत पैकेज की घोषणा का उल्लेख है।,लेख में किसी विशेष राहत पैकेज या सरकारी घोषणा का उल्लेख नहीं है।,लेख में बारिश से प्रभावित क्षेत्रों के लिए राज्य सरकार द्वारा विशेष बिजली राहत पैकेज की घोषणा का उळ्लेख है।,,NEI,REF,REF,False,baseline_failure,,,False,
659,CA_CHAR_05_HomoglyphPerturbation,लेख के अनुसार बिपरजॉय चक्रवात केवल प्रशांत महासागर तक सीमित रहा और भारत को प्रभावित नहीं किया।,लेख में स्पष्ट रूप से बताया गया है कि बिपरजॉय ने भारत और पाकिस्तान दोनों को प्रभावित किया.,लेख के​ अनुसार बिपरजॉय चक्रवात केवल प्रशांत महासागर तक सीमित रहा और भारत को प्रभावित नहीं किया।,,REF,REF,REF,False,no_flip,,,False,
660,CA_CHAR_05_HomoglyphPerturbation,निमोनिया के हर मामले में छाती का एक्स-रे अनिवार्य है।,"डब्ल्यूएचओ निमोनिया की पहचान और उपचार की चर्चा करता है, लेकिन हर मामले में एक्स-रे की सार्वभौमिक अनिवार्यता स्थापित नहीं करता।",निमोनि​या के हर मामले में छाती का एक्स-रे अनिवार्य है।,,NEI,REF,REF,False,baseline_failure,,,False,
661,CA_CHAR_05_HomoglyphPerturbation,मतदाता सेवा पोर्टल पर फॉर्म 8 से ईपीआईसी को अद्यतन/प्रतिस्थापित करने या दिव्यांग मतदाता अंकित करने का अनुरोध किया जा सकता है।,"निर्वाचन आयोग के मतदाता सेवा पोर्टल पर फॉर्म 8 के लिए ईपीआईसी अद्यतन, प्रतिस्थापन और दिव्यांग मतदाता अंकन की सेवाएं सूचीबद्ध हैं।",मतदाता सेवा पोर्टल पर फ़ॉर्म 8 से ईपीआईसी को अद्यतन/प्रतिस्थापित करने या दिव्यांग मतदाता अंकित करने का अनुरोध किया जा सकता है।,,SUP,SUP,SUP,False,no_flip,,,False,
662,CA_CHAR_05_HomoglyphPerturbation,"उत्तर प्रदेश के एटा जिले में जैथरा और जसरथपुर थाना पुलिस की संयुक्त मुठभेड़ में दो बदमाशों को गिरफ्तार किया गया, जिनके पास से अवैध तमंचे और नगदी बरामद हुई।","पुलिस ने आरोपियों के कब्जे से दो अवैध तमंचे (315 बोर), जिंदा व खोखा कारतूस, 3500 रुपये नकद और एक बिना नंबर की स्प्लेंडर मोटरसाइकिल बरामद की।","उत्तर प्रदेश के एटा जिले में जैथरा और जसरथपुर थाना पुलिस की संयुक्त मुठभेड़ मे​ं दो बदमाशों को गिरफ्तार किया गया, जिनके पास से अवैध तमंचे और नगदी बरामद हुई।",,SUP,SUP,SUP,False,no_flip,,,False,
663,CA_CHAR_05_HomoglyphPerturbation,डीएम मयूर दीक्षित ने कहा कि परिजनों को आपदा मद से आर्थिक सहयोग देने का प्रयास किया जाएगा।,लेख में डीएम का यही बयान प्रकाशित है।,डीएम मयूर दीक्षित ने कहा कि परिजनों को आपदा मद से आर्थिक सहयोग देने का प्रयास किया​ जाएगा।,,SUP,SUP,SUP,False,no_flip,,,False,
664,CA_CHAR_05_HomoglyphPerturbation,महराजगंज में सामूहिक दुष्कर्म के मामले में तीन आरोपियों को गिरफ्तार किया गया।,पुलिस ने 16 वर्षीय किशोरी से सामूहिक दुष्कर्म के मामले में तीन आरोपियों को गिरफ्तार किया।,महराजगंज में सामूहिक दुष्कर्म के मामले में तीन आरोपियों को गिरफ्तार किया गया​।,,SUP,SUP,SUP,False,no_flip,,,False,
665,CA_CHAR_05_HomoglyphPerturbation,उत्तराखंड के हरिद्वार स्थित मनसा देवी मंदिर में करंट लगने की अफवाह के बाद मची भगदड़ में 6 श्रद्धालुओं की मौत हो गई और 29 लोग घायल हुए।,"मुख्यमंत्री पुष्कर सिंह धामी ने इस हादसे पर दुख व्यक्त किया, वहीं एक चश्मदीद ने बताया कि मंदिर परिसर की सीढ़ियों में करंट लगने की अफवाह के बाद श्रद्धालुओं में अफरातफरी मच गई थी।",उत्तराखंड के हरिद्वार स्थित मनसा देवी मंदिर में करंट लगने की अफ़वाह के बाद मची भगदड़ में 6 श्रद्धालुओं की मौत हो गई और 29 लोग घायल हुए।,,SUP,,,False,baseline_failure,,,False,
666,CA_CHAR_05_HomoglyphPerturbation,अपूर्वा मुखीजा ने कहा कि उन्हें आत्महत्या के ख्याल आने लगे थे।,TV9 भारतवर्ष ने केवल इतना बताया कि लॉकअप 2 इस वक्त सबसे ज्यादा चर्चा में बना हुआ है. शो में अपूर्वा मखीजा की वाइल्ड कार्ड एंट्री हुई है. बाकी विवरण अनुपलब्ध है।,अपूर्वा मुखीजा ने कहा कि उन्हें आत्महत्या​ के ख्याल आने लगे थे।,,NEI,NEI,NEI,False,no_flip,,,False,
667,CA_CHAR_05_HomoglyphPerturbation,आदर्श आचार संहिता के तहत राजनीतिक दल और उम्मीदवार अन्य दलों के नेताओं के निजी जीवन की उन बातों की आलोचना कर सकते हैं जो उनकी सार्वजनिक गतिविधियों से असंबंधित हों।,पीआईबी की विज्ञप्ति में आदर्श आचार संहिता के तहत निजी जीवन के उन पहलुओं की आलोचना से दूर रहने का निर्देश है जो सार्वजनिक गतिविधियों से संबंधित न हों।,आदर्श आचार संहिता के तहत राजनीतिक दल और उम्मीदवार अन्य दलों के नेताओं के निजी जीवन की उन बा​तों की आलोचना कर सकते हैं जो उनकी सार्वजनिक गतिविधियों से असंबंधित हों।,,REF,REF,REF,False,no_flip,,,False,
668,CA_CHAR_05_HomoglyphPerturbation,"आंसू गैस का गोला वापस फेंकते प्रदर्शनकारी का यह वीडियो नेपाल का है, CJP प्रदर्शन का नहीं…..","दिल्ली में 20 जुलाई को हुए सीजेपी के ‘संसद मार्च’ में पुलिस और प्रदर्शनकारियों के बीच तीखी झड़प देखने को मिली थी। ये प्रदर्शन इतना उग्र था कि सुरक्षाबलों को आंसू गैस के गोले छोड़ने पड़े थे। इसी से जोड़कर सोशल मीडिया पर एक वीडियो वायरल हो रहा है, जिसमें एक प्रदर्शनकारी को सुरक्षाबलों द्वारा दागे गए आंसू गैस का गोला वापस फेंकते हुए दिखाया गया है। दावा किया जा रहा है कि यह वीडियो सीजेपी के ‘संसद मार्च’ के दौरान हुए पुलिस व प्रदर्शनकारियों के झड़प का है। वायरल वीडियो के साथ यूजर ने लिखा- #सोनम वांगचुक जी के एक युवा समर्थक की हिम्मत और जोश के साथ हुए कड़वा स 5 – कड़वा सच देखकर वहा मोजूद युवी खुश आंसूपीस का गोलात्युवाओ पार फेर्ता एका छात्र नेअपनी हिम्मत दिखाकर वापस पुलिस की तरफ फेंक दिया फेसबुक।आर्काइव अनुसंधान से पता चलता है कि… पड़ताल की शुरुआत में हमने वायरल वीडियो के तस्वीरों का रिवर्स इमेज सर्च किया। परिणाम में वायरल वीडियो हमें सितंबर 2025 के एकयूट्यूब चैनलपर मिला। इसके अनुसार, यह वीडियो नेपाल में हुए विरोध-प्रदर्शनों का है। इससे पुष्टि होती है कि यह वीडियो CJP के विरोध-प्रदर्शन से पहले का है । एक अन्य यूट्यूब चैनल ‘@sauravshrestha486’ ने भी 8 सितंबर 2025 को वीडियो पोस्ट करते हुए इसे नेपाल के जेन-जी आंदोलन का वीडियो बताया है। मिली जानकारी की मदद लेते हुए अधिक सर्च करने पर हमें वायरल वीडियो से जुड़ी कई मीडिया रिपोर्ट्स मिली। जिसेयहांऔरयहांदेख सकते है। इनमें ऐसे विज़ुअल्स थे जो वायरल वीडियो से काफी मेल खाते हैं। इनके अनुसार, सितंबर 2025 में नेपाल में सरकार-विरोधी ‘Gen Z आंदोलन के दौरान झड़प हुई थी, जिसमें 77 लोगों की मौत हो गई थी। इस आधार पर हमनेगूगल मैप्स पर “Dolphin Education Kathmandu Nepal” सर्च किया। जिससे हमें सही जगह मिल गई। हमने पाया कि मैप पर इमारत और आस-पास की जगहें वीडियो में दिखाई गई चीज़ों से मेल खा रही थीं। इसलिए यह पक्का हो गया कि फ़ुटेज नेपाल के काठमांडू में रिकॉर्ड किया गया था। ‘अमर उजाला’की 8 मार्च 2026 की रिपोर्ट के अनुसार, नेपाल में 8 और 9 सितंबर 2025 को हुए आंदोलन में 76 लोगों की मौत हो गई थी। इस आंदोलन की वजह से तत्कालीन प्रधानमंत्री केपी शर्मा ओली को इस्तीफा देना पड़ा था। निष्कर्ष– तथ्य-जांच के बाद हमने पाया कि, एक छात्र द्वारा पुलिस अधिकारि","आंसू गैस का गो​ला वापस फेंकते प्रदर्शनकारी का यह वीडियो नेपाल का है, CJP प्रदर्शन का नहीं…..",,REF,,,False,unusable_verdict,,,False,
669,CA_CHAR_05_HomoglyphPerturbation,भारत सरकार ने कृत्रिम झील को हटाने के लिए तत्काल नई सुरंग बनाने की घोषणा की।,लेख में ऐसी किसी नई सुरंग या सरकारी परियोजना की घोषणा का उल्लेख नहीं है।,भारत सरका​र ने कृत्रिम झील को हटाने के लिए तत्काल नई सुरंग बनाने की घोषणा की।,,NEI,,,False,baseline_failure,,,False,
670,CA_CHAR_05_HomoglyphPerturbation,प्रधानमंत्री कौशल विकास योजना 1.0 के तहत 19 लाख से अधिक उम्मीदवारों को प्रशिक्षण दिया गया था।,पीआईबी हिंदी पृष्ठ में पीएमकेवीवाई 1.0 के दौरान 19 लाख से अधिक उम्मीदवारों को प्रशिक्षण दिए जाने की जानकारी है।,प्रधानमंत्री कौशल विकास योजना 1.0 के तहत 19 लाख से अधि​क उम्मीदवारों को प्रशिक्षण दिया गया था।,,SUP,,,False,unusable_verdict,,,False,
671,CA_CHAR_05_HomoglyphPerturbation,पैक्स के लिए आदर्श उपविधियां उन्हें 25 से अधिक व्यावसायिक गतिविधियां करने में सक्षम बनाती हैं।,पीआईबी हिंदी विज्ञप्ति में पैक्स के आदर्श उपविधियों को 25 से अधिक व्यावसायिक कार्यकलाप करने में सक्षम बनाने वाला बताया गया है।,पैक्स के लिए आदर्श उपविधियां उन्हें 25 से अधिक व्यावसा​यिक गतिविधियां करने में सक्षम बनाती हैं।,,SUP,SUP,SUP,False,no_flip,,,False,
672,CA_CHAR_05_HomoglyphPerturbation,"अतीक अहमद एनकाउंटर मामले में नीतीश कुमार की पुरानी प्रतिक्रिया, भरत तिवारी मामले से जोड़कर वायरल।","भरत तिवारी एनकाउंटर मामले से जोड़कर वायरल हो रहा है नीतीश कुमार का पुराना वीडियो। भोजपुर के बिलौटी गांव में 17 जून 2026 को हुए भरत भूषण तिवारी एनकाउंटर को लेकर इंटरनेट पर कई भ्रामक पोस्ट वायरल हो रहे हैं। इसी से जोड़ते हुए बिहार के पूर्व सीएम नीतीश कुमार का वीडियो वायरल हो रहा है, जिसमें वे मीडिया के सामने यह कहते हैं कि‘जोअपराधियों को सफाया, मने मार दीजिए उसको। ये कोई तरीका है? इसका मतलब जो जेल में जाएगा, तो उसको मार दीजिए? ऐसा कोई नियम है? आप बताइए तो। अरे वो तो कोर्ट न फैसला करता है कि अगर किसी को ये भी सजा होती है, कि उसको फांसी की सजा हो, तो फांसी हो जाती है।‘यूज़र्स इस वीडियो को शेयर करते हुए दावा कर रहे हैं कि पूर्व सीएम नीतीश कुमार ने भरत तिवारी एनकाउंटर मामले में पुलिस की आलोचना करते हुए बिहार के वर्तमान सरकार पर सवाल उठाये हैं। वायरल वीडियो के साथ यूज़र ने कैप्शन लिखा है… पूर्वमुख्यमंत्रीनीतीशकुमारआएभरततिवारीकेसपोर्टमें फेसबुक पोस्ट।आर्काइव पोस्ट अनुसंधानसेपताचलताहैकि… हमनें जांच की शुरुआत में वायरल वीडियो के कीफ्रेम्स को रिवर्स सर्च किया। परिणाम में हमें 17 अप्रैल 2023 कोएएनआईके एक्स हैंडल से पोस्ट किया गया वीडियो मिला। इस वीडियो में वायरल क्लिप वाले हिस्से दिखाई देते हैं। वहीं पोस्ट के साथ लिखे कैप्शन के अनुसार, नीतीश कुमार ने यह बयान प्रयागराज में अतीक अहमद और उसके भाई अशरफ की पुलिस कस्टडी में हुई हत्या पर दिया था। तब उन्होंने यूपी की योगी आदित्यनाथ सरकार पर सवाल खड़े किए थें और कहा था कि पुलिस को उनकी सुरक्षा का पूरा ध्यान रखना चाहिए था। वीडियो में करीब 2 मिनट 46 सेकंड के फ्रेम में पत्रकारों की तरफ से यूपी के ‘योगी मॉडल’ पर सवाल पूछा जाता है, जिसके जवाब में नीतीश कुमार वही बातें कहते हैं, जो वायरल वीडियो में है। #WATCH| Police should have taken care of their security. UP government should think about the law and order in the state. The Court is there to provide justice, killing the criminals is never a solution: Bihar CM Nitish Kumar on the killing of Atiq Ahmed & Ashraf in Prayagrajpic.twitter.com/ssHncBxRYM इसके बाद हमें 17 अप्रैल 2023 कोआजतकके यूट्यूब चैनल पर भी यही वीडियो अपलोड किया हुआ मिला, जिसमें वे अतीक अहमद व अशरफ की पुलिस अभिरक्षा में हुई हत","अतीक अहमद एनकाउंटर मामले में नीतीश कुमार की पुरानी प्रतिक्रिया, भरत तिवारी मामले से​ जोड़कर वायरल।",,REF,SUP,SUP,True,flip,5,True,False,
673,CA_CHAR_05_HomoglyphPerturbation,2021 को दिल्ली में लूटपाट के वीडियो को तमिलनाडु में बिहारी मजदूर पर हो रहे अत्याचार के नाम से वायरल।,"वायरल वीडियो 2021 को दिल्ली में लूटपाट के दौरान हुए हत्या की है। तमिलनाडु में बिहारी मजदूरों के साथ बर्बरता की जा रही है,ख़बरोंके मुताबिक वहां कई सारे मजदूरों के साथ मारपीट और उनकी हत्या की जा रही है। इसी बीच सोशल मीडिया पर दिल दहला देने वाला एक वीडियो काफी तेजी से वायरल हो रहा है। इस वीडियो में हम दो व्यक्तियों को एक आदमी को बेरहमी से पीटते हुए देखा जा सकता है। हिंसा का ये वीडियो एक सीसीटीवि फुटेज है जिसको सोशल मीडिया पर शेयर करते हुए दावा किया जा रहा है की ये वीडियो तमिलनाडु के तिरुपुर से है जहाँ बिहारी मजदूरों पर अत्याचार किया जा रहा है। सोशल मीडिया पर वायरल पोस्ट के कैप्शन में लिखा गया है की “तमिलनाडू तिरुपुर कोइम्बतुर में बिहारी को कैसे मर रहे है देखो।” फेसबुक पोस्ट।आर्काइव लिंक अनुसंधान से पता चलता है की… जाँच की शुरुवात हमने वीडियो को संबंधित कीवर्ड सर्च कर ढूँढने से की, जिसके परिणाम से हमें 24 दिसंबर 2021 को प्रकाशितअमर उजालाकी खबर मिली। रिपोर्ट के अनुसार ये मामला दिक्षिण दिल्ली के संगम विहार के इलाके से है, जहाँ सात-आठ लड़कों ने लूटपाट के दौरान हुई नोंकझोंक के बाद दो युवकों पर बड़े-बड़े पत्थरों से हमला कर दिया। वारदात के बाद आरोपी पीड़ितों से तीन हजार रुपये लूटकर फरार हो गए। राहगीरों ने मामले की सूचना पुलिस को दी। दोनों को एम्स के ट्रामा सेंटर में भर्ती कराया गया, जहां एक युवक की बुधवार को इलाज के दौरान मौत हो गई। मृतक की शिनाख्त जतिन (24) के रूप में हुई। टाइम्स ऑफ़ इंडियाके रिपोर्ट में लिखा गया है की दक्षिणी दिल्ली के संगम विहार में डकैती की कोशिश का विरोध करने पर 24 वर्षीय एक व्यक्ति की कथित तौर पर पीट-पीट कर हत्या कर दी गई और उसका दोस्त गंभीर रूप से घायल हो गया। । आरोपियों ने पिटाई करने के बाद पीड़ितों को एक छोटी नहर में फेंक दिया। पुलिस ने बताया कि एक आरोपी को गिरफ्तार कर लिया गया है। नवभारत टाइम्सके अनुसार, पीड़ितों में एक का नाम जतिन, दूसरे का पंकज है। वीडियो में दिखता है कि जतिन और पंकज जब लड़कों के इस ग्रुप के पास से गुजरते हैं तो उनकी हल्की कहासुनी होती है, लेकिन लड़के आगे बढ़ जाते हैं। इसके बाद बदमाशों का ये ग्रुप गुस्से में पीछे लौटता है और दोनों पर टूट पड़ता है। जानकारी के मुताबिक, जतिन और पंकज अपने एक दोस्त की बर्थडे पार्टी से देर रात घर लौट रह",2021 को दिल्ली में लूटपाट के वीडियो को तमिलनाडु में बिहारी मजदूर पर हो रहे अत्याचार के​ नाम से वायरल।,,REF,REF,REF,False,baseline_failure,,,False,
674,CA_CHAR_05_HomoglyphPerturbation,"प्रधानमंत्री किसान सम्मान निधि के अंतर्गत पात्र किसानों को प्रतिवर्ष 6,000 रुपये मिलते हैं।","पीआईबी की हिंदी विज्ञप्ति में पीएम-किसान के अंतर्गत पात्र किसानों को प्रतिवर्ष 6,000 रुपये वित्तीय सहायता दिए जाने का उल्लेख है।","प्रधानमंत्री किसान सम्मान निधि के अंतर्गत पात्र किसानों को प्रतिवर्ष 6,000 रुपये मिलते है​ं।",,SUP,SUP,SUP,False,no_flip,,,False,
675,CA_CHAR_05_HomoglyphPerturbation,"सीओपीडी के लक्षणों में केवल खांसी ही नहीं, बल्कि सांस लेने में कठिनाई भी शामिल है।",डब्ल्यूएचओ सांस लेने में कठिनाई को सीओपीडी के सामान्य लक्षणों में शामिल करता है।,"सीओपीडी के लक्षणों में केवल खांसी ही नहीं, बल्कि​ सांस लेने में कठिनाई भी शामिल है।",,SUP,SUP,SUP,False,no_flip,,,False,
676,CA_CHAR_05_HomoglyphPerturbation,"विदेश में रहने वाला भारतीय नागरिक, यदि उसने अन्य देश की नागरिकता नहीं ली है और अन्य शर्तें पूरी करता है, तो अपने पासपोर्ट में दर्ज भारत के निवास-स्थान वाले निर्वाचन क्षेत्र में पंजीकृत हो सकता है।",निर्वाचन आयोग के FAQ में ऐसे प्रवासी भारतीय की पात्रता और उसके पासपोर्ट में दर्ज भारत के निवास-स्थान वाले निर्वाचन क्षेत्र में पंजीकरण का प्रावधान बताया गया है।,"विदेश में रहने वाला भारतीय नागरिक, यदि उसने अन्य देश की नागरिकता नहीं ली है और अन्य शर्तें पूरी करता है, तो अपने पासपोर्ट में दर्ज भारत के​ निवास-स्थान वाले निर्वाचन क्षेत्र में पंजीकृत हो सकता है।",,SUP,SUP,SUP,False,no_flip,,,False,
677,CA_CHAR_05_HomoglyphPerturbation,पीएम पोषण योजना सरकारी और सरकारी सहायता प्राप्त स्कूलों के बच्चों की पोषण स्थिति सुधारने के लिए बनाई गई है।,"आधिकारिक पृष्ठ पीएम पोषण को बच्चों का पोषण सुधारने, शिक्षा बढ़ाने और भूख से निपटने की राष्ट्रीय पहल बताता है।",पीएम पोषण योजना सरकारी और सरकारी सहायता प्राप्त स्कूलों के बच्चों की​ पोषण स्थिति सुधारने के लिए बनाई गई है।,,SUP,SUP,SUP,False,no_flip,,,False,
678,CA_CHAR_05_HomoglyphPerturbation,"विश्व स्वास्थ्य संगठन के अनुसार, 5जी मोबाइल नेटवर्क कोविड-19 वायरस फैलाते हैं क्योंकि वायरस रेडियो तरंगों के माध्यम से यात्रा कर सकते हैं।",विश्व स्वास्थ्य संगठन (डब्ल्यूएचओ) ने स्पष्ट रूप से बताया है कि वायरस रेडियो तरंगों या मोबाइल नेटवर्क पर यात्रा नहीं कर सकते। कोविड-19 उन कई देशों में भी फैला है जहां 5जी नेटवर्क मौजूद नहीं हैं।,"विश्व स्वास्थ्य संगठन के अनुसार, 5जी मोबाइल नेटवर्क कोविड-19 वायरस फैलाते है​ं क्योंकि वायरस रेडियो तरंगों के माध्यम से यात्रा कर सकते हैं।",,REF,REF,REF,False,no_flip,,,False,
679,CA_CHAR_05_HomoglyphPerturbation,केंद्र सरकार ने कर्मचारी भविष्य निधि योजना 2026 को अधिसूचित किया।,एनडीटीवी इंडिया की हिंदी रिपोर्ट में केंद्र सरकार द्वारा कर्मचारी भविष्य निधि योजना 2026 अधिसूचित करने का उल्लेख है।,के​ंद्र सरकार ने कर्मचारी भविष्य निधि योजना 2026 को अधिसूचित किया।,,SUP,SUP,SUP,False,no_flip,,,False,
680,CA_CHAR_05_HomoglyphPerturbation,वित्त वर्ष 2024 में प्रधानमंत्री कौशल विकास योजना में महिलाओं की भागीदारी 52.3 प्रतिशत बताई गई।,महिला सशक्तिकरण संबंधी आधिकारिक विज्ञप्ति पीएमकेवीवाई में महिलाओं की भागीदारी वित्त वर्ष 2024 में 52.3 प्रतिशत बताती है।,वि​त्त वर्ष 2024 में प्रधानमंत्री कौशल विकास योजना में महिलाओं की भागीदारी 52.3 प्रतिशत बताई गई।,,SUP,SUP,SUP,False,no_flip,,,False,
681,CA_CHAR_05_HomoglyphPerturbation,"युवाओं और बच्चों में प्रोसेस्ड फूड, जंक फूड और अधिक चीनी वाली चीजों का सेवन फैटी लिवर होने के सबसे बड़े जोखिम कारकों में से एक है।","विशेषज्ञों के अनुसार, आज के समय में बच्चों और युवाओं में जंक फूड, प्रोसेस्ड फूड और ज्यादा मीठी चीजों (अधिक शर्करा) का अत्यधिक सेवन फैटी लिवर के जोखिम को काफी तेजी से बढ़ा रहा है।","युवाओं और बच्चों में प्रोसेस्ड फूड, जंक फूड और अधिक चीनी वाली चीजों का से​वन फैटी लिवर होने के सबसे बड़े जोखिम कारकों में से एक है।",,SUP,SUP,SUP,False,no_flip,,,False,
682,CA_CHAR_05_HomoglyphPerturbation,"मेनिनजाइटिस में केवल बुखार ही नहीं, बल्कि सिरदर्द भी एक सामान्य लक्षण है।",डब्ल्यूएचओ सिरदर्द को मेनिनजाइटिस के सामान्य लक्षणों में शामिल करता है।,"मेनिनजाइटि​स में केवल बुखार ही नहीं, बल्कि सिरदर्द भी एक सामान्य लक्षण है।",,SUP,SUP,SUP,False,no_flip,,,False,
683,CA_CHAR_05_HomoglyphPerturbation,'जन नायकन' ने दूसरे दिन 92 करोड़ के पार कमाई की।,एबीपी न्यूज़ पर छपी खबर में थलापति विजय की फिल्म 'जन नायकन' ने शनिवार को बॉक्स ऑफिस पर गर्दा उड़ा दिया.,'जन नायकन' ने दूसरे​ दिन 92 करोड़ के पार कमाई की।,,SUP,NEI,NEI,False,baseline_failure,,,False,
684,CA_CHAR_05_HomoglyphPerturbation,कैंसर हमेशा संक्रामक रोग होता है।,"डब्ल्यूएचओ कैंसर को असामान्य कोशिका वृद्धि से संबंधित रोगों का समूह बताता है, न कि सामान्यतः व्यक्ति-से-व्यक्ति फैलने वाला संक्रमण।",कैंसर हमेशा संक्रामक रोग होता है​।,,REF,REF,REF,False,no_flip,,,False,
685,CA_CHAR_05_HomoglyphPerturbation,स्वरा भास्कर की गर्भावस्था पर वायरल ट्वीट आधिकारिक था।,"BOOM की जांच में वायरल ट्वीट फर्जी पाया गया, लेकिन लेख इस रूप में आधिकारिक प्रकाशन की पुष्टि नहीं करता।",स्वरा भा​स्कर की गर्भावस्था पर वायरल ट्वीट आधिकारिक था।,,REF,REF,REF,False,no_flip,,,False,
686,CA_CHAR_05_HomoglyphPerturbation,मलेरिया एक लाइलाज बीमारी है जिसका कोई उपचार मौजूद नहीं है।,विश्व स्वास्थ्य संगठन के अनुसार मलेरिया एक रोकथाम योग्य और उपचार योग्य बीमारी है; समय पर निदान और प्रभावी उपचार गंभीर बीमारी और मृत्यु के जोखिम को कम करते हैं।,मलेरिया एक लाइला​ज बीमारी है जिसका कोई उपचार मौजूद नहीं है।,,REF,REF,REF,False,no_flip,,,False,
687,CA_CHAR_05_HomoglyphPerturbation,लोकसभा चुनाव 2024 के पांचवें चरण में लगभग 8.95 करोड़ मतदाता थे।,पीआईबी की हिंदी विज्ञप्ति में पांचवें चरण के लिए 8.95 करोड़ मतदाताओं का विवरण दिया गया है।,लोकसभा चुनाव 2024 के पांचवें चरण मे​ं लगभग 8.95 करोड़ मतदाता थे।,,SUP,SUP,SUP,False,no_flip,,,False,
688,CA_CHAR_05_HomoglyphPerturbation,केंद्रीय सड़क परिवहन मंत्रालय के आंकड़ों के अनुसार वर्ष 2014 से 2023 के बीच भारत में सड़क दुर्घटनाओं में करीब 15.3 लाख लोगों की मृत्यु हुई।,"यह आंकड़ा चंडीगढ़ जैसे केंद्रशासित प्रदेश की कुल जनसंख्या से भी अधिक है, जबकि इस दौरान देश में वाहनों की संख्या दोगुने से भी ज्यादा बढ़ गई।",केंद्रीय सड़क परिवहन मंत्रालय के​ आंकड़ों के अनुसार वर्ष 2014 से 2023 के बीच भारत में सड़क दुर्घटनाओं में करीब 15.3 लाख लोगों की मृत्यु हुई।,,SUP,NEI,NEI,False,baseline_failure,,,False,
689,CA_CHAR_05_HomoglyphPerturbation,"बुलडोजर एक्शन के बाद रोते-बिलखते आदमी का यह वीडियो पश्चिम बंगाल का नहीं , बांग्लादेश का है….","सोशल मीडिया पर एक वीडियो शेयर किया जा रहा है, जिसमें एक व्यक्ति को बुरी तरह से रोते हुए देखा जा सकता है। साथ ही कुछ महिलाएं भी रोती हुई नज़र आ रही है। वीडियो को शेयर कर दावा किया जा रहा है कि यह वीडियो पश्चिम बंगाल में अवैध रूप से रह रहे बांग्लादेशियों की एक बस्ती में हुई बुलडोजर कार्रवाई के बाद का है। वीडियो के साथ दावा किया जा रहा है कि बंगाल में बीजेपी की सरकार आने के बाद बुलडोजर कार्रवाई की शुरुआत हो गई। वायरल वीडियो के साथ यूजर ने लिखा है- पश्चिम बंगाल में बांग्लादेशियों की बस्ती पर बुलडोजर एक्शन हो रहा है,यह सब वन विभाग और सरकारी जमीन पर बसे थे , वीडियो में पीछे देखिए एक व्यक्ति तो बांग्लादेश क्रिकेट टीम के जर्सी में खड़ा है फेसबुक।आर्काइव अनुसंधान से पता चलता है कि… पड़ताल की शुरुआत में हमने वायरल वीडियो के तस्वीरों का रिवर्स इमेज सर्च किया । परिणाम में वायरल वीडियो हमें ‘Kaler KanthoDigital’ के फेसबुक पेज पर मिला। यहां पर इस घटना का पूरा लाइव वीडियो मौजूद है। यहीं पर वायरल वीडियो को 6 मिनट पर देखा जा सकता है। 20 मई के इस लाइव वीडियो में देखा जा सकता है कि भारी पुलिस बल की मौजूदगी में सड़क किनारे बनी दुकानों को तोड़ा जा रहा है। रिपोर्ट के मुताबिक ये घटना बांग्लादेश के मीरपुर की है, जहां प्रशासन ने बौनियाबाद स्लम इलाके में अवैध कब्जों पर कार्रवाई की। कार्रवाई के दौरान पुलिस और लोगों में झड़प भी हुई थी। इसके अलावा वायरल वीडियो हमेंSobar Kanthaनाम के बांग्लादेशी न्यूज आउटलेट की इस फेसबुक पोस्ट में मिला । जिसे 20 मई 2026 को अपलोड किया गया था। इस वायरल वीडियो को देखने पर हमें बैकग्राउंड में दुकान का एक बोर्ड नजर आया, जिसके ऊपर बांग्ला भाषा में “खान वस्त्र बितन” लिखा हुआ था।इसके साथ ही इस बोर्ड में दुकान का पता भी लिखा हुआ था, जिस पर “मीरपुर, ढाका, बांग्लादेश” लिखा था। जांच में आगे हमनेGoogle Mapsपर इस दुकान को सर्च किया। गूगल मैप्स पर इस दुकान पर लगा साइनबोर्ड वायरल वीडियो में दिख रही जानकारी से मेल खा रहा था। इससे यह पुष्टि हो गई कि यह वीडियो बांग्लादेश का है, न कि पश्चिम बंगाल का। हमने दोनों ही दुकान का विश्लेषण किया है। निम्न में विश्लेषण देखें। बांग्लादेशीमीडिया में छपी रिपोर्ट्स के मुताबिक, बांग्लादेश के मीरपुर में अधिकारियों ने बौनियाबाद झुग्गी क्षे","बुलडोजर एक्शन के बाद रोते-बिलखते आदमी का यह वीडि​यो पश्चिम बंगाल का नहीं , बांग्लादेश का है….",,REF,REF,REF,False,baseline_failure,,,False,
690,CA_CHAR_05_HomoglyphPerturbation,उज्जैन में तोड़फोड़ करने वालों पर पुलिसिया कार्रवाई के वीडियो को फर्जी सांप्रदायिक दावे से किया जा रहा है शेयर।,"लड़कियों से छेड़छाड़ और मुस्लिम युवकों की पिटाई का नहीं है वीडियो, उत्पात मचाने वाले आरोपियों का पुलिस ने निकाला था जुलूस। सोशल मीडिया पर एक वीडियो वायरल हो रहा है, जिसमें तीन युवकों को एक साथ बांधकर डंडे से पीटते हुए जुलूस निकाला जा रहा है। दावा किया जा रहा है कि ये तीनों लड़के मुस्लिम थें जिनको पुलिस ने लड़कियों के साथ छेड़छाड़ करने के आरोप में गिरफ्तार किया और पिटाई कर जुलूस निकाला। यूज़र ने वीडियो के साथ कैप्शन लिखा है … मिलिएमोहम्मदसमीर,मोहम्मदनदीमऔरमोहम्मदआसिफअलीसे।उनकामुख्यकामकॉलेजकेबाहरछात्राओंकोपरेशानकरनाथा।उन्होंनेस्कूलआने–जानेवालीलड़कियोंकीजिंदगीनरकबनादीथी।लेकिनपुलिसनेशानदारकामकिया।उन्हेंक्यासजामिलनीचाहिए? फेसबुक पोस्ट।आर्काइव पोस्ट अनुसंधानसेपताचलताहैकि… हमने जांच की शुरुआत में वायरल से वीडियो से फ्रेम लेकर रिवर्स इमेज सर्च किया। परिणाम में हमें यह वीडियोउज्जैन संचारनाम के फेसबुक अकाउंट से 17 अप्रैल को अपलोड किया हुआ मिला। वीडियो के साथ लिखे कैप्शन के अनुसार, अज्ञात बदमाशों ने घरों पर हमला कर पत्थरबाजी करते हुए गाड़ियों में तोड़फोड़ की थी। जिससे इलाके में दहशत फैल गई। घटना की सूचना मिलने पर पुलिस ने किशन अहिरवार(20), पिता मगनलाल, विकास सरोनिया (25), पिता रमेश सरोनिया, विशाल (20), पिता रमेश चंद्र को गिरफ्तार किया था। घटना से जुड़ी वीडियो रिपोर्ट को इंदौर-उज्जैन के स्थानीय मीडिया पोर्टलजन प्रकाशनके यूट्यूब अकाउंट से 17 अप्रैल को अपलोड किया हुआ देख सकते हैं। बताया गया है कि तोड़फोड़ की घटना में पुलिस ने मामले में पांच में से तीन आरोपियों किशन अहिरवार, विकास सनोरिया और विशाल को गिरफ्तार कर लिया गया था और दो अन्य आरोपियों ऋषि मिश्रा और साहिल गुर्जर फरार थे। आगे पड़ताल में हमें 17 अप्रैल कोदैनिक भास्करकी वेबसाइट पर प्रकाशित रिपोर्ट मिली। इसमें वायरल वीडियो वाले दृश्य को शेयर किया गया है। वहीं रिपोर्ट में बताया गया कि उज्जैन के ढांचा भवन क्षेत्र में 16 अप्रैल की देर रात 10-12 अज्ञात बदमाशों ने घरों पर हमला कर पत्थरबाजी की और गाड़ियों में तोड़फोड़ की। घटना रात करीब एक बजे हुई जिसकी सूचना मिलने पर पुलिस मौके पर पहुंची और जांच शुरू की। इसके बाद 17 अप्रैल को करीब 5 बजे पुलिस ने तीन आरोपियों को मारते हुए उनका जुलूस निकाला था। इनमें गिरफ्तार किए गए आरोपियों की पहचान",उज्जैन में तोड़फोड़ करने वालों पर पुलिसिया कार्रवाई के वीडियो को फर्जी सांप्रदायिक दावे से किया जा रहा​ है शेयर।,,REF,REF,REF,False,no_flip,,,False,
691,CA_CHAR_05_HomoglyphPerturbation,फिलीपींस सरकार ने भूकंप प्रभावित प्रत्येक परिवार को 1 मिलियन पेसो की सहायता देने की घोषणा की।,लेख में ऐसी किसी वित्तीय सहायता या मुआवजा योजना का उल्लेख नहीं है।,फिलीपींस सरकार ने भूकंप प्रभावित प्रत्येक परिवार को 1 मिलियन पेसो​ की सहायता देने की घोषणा की।,,NEI,REF,REF,False,baseline_failure,,,False,
692,CA_CHAR_05_HomoglyphPerturbation,देवघर पुलिस ने साइबर अपराध के आरोप में दो सगे भाइयों को गिरफ्तार किया।,"पुलिस ने दोनों आरोपियों के पास से मोबाइल फोन, सिम कार्ड और अन्य इलेक्ट्रॉनिक उपकरण जब्त किए।",देवघर पुलिस ने साइबर अपराध के आरो​प में दो सगे भाइयों को गिरफ्तार किया।,,SUP,NEI,NEI,False,baseline_failure,,,False,
693,CA_CHAR_05_HomoglyphPerturbation,पूजा भट्ट ने दिल्ली विश्वविद्यालय की एडवाइजरी पर आलोचना की।,न्यूज़बाइट्स हिंदी की खबर में कहा गया है कि दिल्ली विश्वविद्यालय द्वारा छात्रों को जंतर-मंतर पर जारी विरोध प्रदर्शनों से दूर रहने की हिदायत दिए जाने के बाद अभिनेत्री और निर्देशक पूजा भट्ट ने इस एडवाइजरी की कड़े शब्दों में आलोचना की...,पूजा भट्ट ने दिल्ली विश्वविद्यालय की एडवाइजरी पर आलो​चना की।,,SUP,SUP,SUP,False,no_flip,,,False,
694,CA_CHAR_05_HomoglyphPerturbation,प्रधानमंत्री मुद्रा योजना के अंतर्गत छोटे व्यवसायों को 20 लाख रुपये तक के बिना जमानत ऋण दिए जा सकते हैं।,पीआईबी हिंदी विज्ञप्ति में प्रधानमंत्री मुद्रा योजना के अंतर्गत छोटे व्यवसायों को 20 लाख रुपये तक के बिना जमानत ऋण देने का उल्लेख है।,प्रधानमंत्री मुद्रा योजना के अंतर्गत छोटे​ व्यवसायों को 20 लाख रुपये तक के बिना जमानत ऋण दिए जा सकते हैं।,,SUP,SUP,SUP,False,no_flip,,,False,
695,CA_CHAR_05_HomoglyphPerturbation,मई 2026 तक पीएमएवाई-शहरी के 125.31 लाख स्वीकृत घरों में से लगभग 98.10 लाख का निर्माण हुआ था।,पीआईबी हिंदी पृष्ठ में पीएमएवाई-यू के 125.31 लाख स्वीकृत घरों और मई 2026 तक लगभग 98.10 लाख निर्मित घरों की जानकारी है।,मई 2026 तक पीएमएवाई-शहरी के 125.31 लाख स्वीकृत घरों में से लगभग 98.10 लाख का नि​र्माण हुआ था।,,SUP,SUP,SUP,False,no_flip,,,False,
696,CA_CHAR_05_HomoglyphPerturbation,बाजार में मिलने वाले डाइटरी सप्लीमेंट अल्जाइमर रोग को ठीक या उलट सकते हैं।,अमेरिकी खाद्य एवं औषधि प्रशासन के अनुसार अल्जाइमर रोग की प्रगति को रोकने या उलटने वाला कोई इलाज सिद्ध नहीं हुआ है; बिना मंजूरी वाले उत्पादों के ऐसे दावे प्रमाणित नहीं हैं।,बाजार में मिलने वाले डाइटरी सप्लीमेंट अल्जाइमर रोग को ठीक या​ उलट सकते हैं।,,REF,REF,REF,False,no_flip,,,False,
697,CA_CHAR_05_HomoglyphPerturbation,15 मई 2024 तक cVIGIL की 409 शिकायतें प्रक्रिया के अधीन थीं।,पीआईबी की हिंदी विज्ञप्ति में उस समय शेष 409 cVIGIL मामलों के प्रक्रिया के अधीन होने का उल्लेख है।,15 मई 2024 तक cVIGIL की 409 शिकायतें प्रक्रिया​ के अधीन थीं।,,SUP,SUP,SUP,False,no_flip,,,False,
698,CA_CHAR_05_HomoglyphPerturbation,नेपाल में मस्जिद ढहाए जाने के दावे से वायरल हुआ वीडियो असल में पाकिस्तान का है….,"सोशल मीडिया पर एक वीडियो वायरल हो रहा है , जिसमें एक मस्जिद पर जेसीबी चलता हुआ दिखाई दे रहा है।वीडियो के साथ दावा किया जा रहा है कि नेपाल में जेसीबी चला कर मस्जिद ढहा दी गई। वायरल वीडियो के साथ यूजर ने लिखा है- नेपाल में धनुषा के सखुवा में मस्जिद स्वाहा , नेपाल के हिंदुओं को भी पता हे पत्थरबाजी की एक ही सजा अवैध मस्जिद जमीन से जुदा जमींन से जुदा ,नेपाल के हिंदु ने शांतिदूतों को जवाब देना सिख लिया हे फेसबुक।आर्काइव अनुसंधान से पता चलता है कि… पड़ताल की शुरुआत में हमने वायरल वीडियो के तस्वीरों का रिवर्स इमेज सर्च किया, परिणाम में वायरल वीडियो हमेंपाकिस्तानी सोशल मीडिया यूज़र्स की पोस्ट में शेयर किया हुआ मिला। पोस्ट के अनुसार, यह वीडियो पाकिस्तान का है और इसमें पाकिस्तान के सियालकोट जिले के डस्का शहर में स्थित नूर मस्जिद को गिराते हुए दिखाया गया है, जिसे डस्का की सबसे पुरानी मस्जिद माना जाता है। ڈسکہ کی سب سے پرانی مسجد نور کو شہید کر دیا گیا۔pic.twitter.com/MFIPAgMaF8 मिली जानकारी की मदद लेते हुए अधिक सर्च करने पर हमें कुछ पाकिस्तानीइंस्टाग्राम अकाउंटपर भी वायरल वीडियो अपलोड किया हुआ मिला। पोस्ट में लिखा है, अतिक्रमण के खिलाफ बड़े अभियान के दौरान डसका के जैसरवाला इलाके में अवैध रूप से बनी 60 दुकानें और 16 मकान गिराए जाएंगे। पड़ताल में हमें कई मीडिया रिपोर्ट्स मिली। जिसेयहां,यहां औरयहांपरदेख सकते हैं, जिनमें इस तोड़फोड़ के बारे में बताया गया था। यह डस्का के जैसरवाला इलाके में अतिक्रमण हटाने की मुहिम के दौरान हुई, जहां कॉलेज रोड पर नूर मस्जिद को भी अतिक्रमण के कारण हटा दिया गया था। डस्का की असिस्टेंट कमिश्नर सादिया जफर की देखरेख में चले इस ऑपरेशन में भारी मशीनों का इस्तेमाल करके लगभग 60 अवैध रूप से बनी दुकानों और 16 घरों को तोड़ा गया, जबकि कई लोगों ने खुद ही अतिक्रमण हटा लिया। जांच में हमें सियालकोट पुलिस का एक X पोस्ट का भी मिला। जिसमें पुलिस ने डस्का में नूर मस्जिद को गिराए जाने का दावा करने वालीएक X पोसका जवाब देते हुए कहा कि ज़िला प्रशासन डस्का में कॉलेज रोड पर जामिया नूर मस्जिद के एक हिस्से को फिर से बना रहा है। प्रशासन ने पुनर्निर्माण के बारे में एक बैनर भी लगाया है और लोगों से अपील की है कि वे किसी भी ऐसे नेगेटिव प्रोपेगेंडा पर विश्वास न करें और न ही उसे फैल",नेपाल में मस्जिद ढहाए जाने के दावे से वायरल हुआ वीडियो असल में पाकिस्तान का​ है….,,REF,REF,REF,False,no_flip,,,False,
699,CA_CHAR_05_HomoglyphPerturbation,सिद्धार्थ शुक्ला का वायरल वीडियो उनके निधन से ठीक पहले रिकॉर्ड किया गया था।,विश्वास न्यूज़ ने पुष्टि की कि वायरल वीडियो पुराना था और उसे गलत दावे के साथ साझा किया गया।,सिद्धार्थ शुक्ला का वा​यरल वीडियो उनके निधन से ठीक पहले रिकॉर्ड किया गया था।,,REF,REF,REF,False,no_flip,,,False,
700,CA_CHAR_05_HomoglyphPerturbation,अभिनेता श्रेयस तलपड़े के निधन की खबर सोशल मीडिया पर प्रसारित की गई थी।,अभिनेता ने स्वयं सोशल मीडिया पर स्पष्ट किया कि वह स्वस्थ हैं और उनके निधन की खबर पूरी तरह निराधार है। वायरल पोस्ट ने उनके परिवार और प्रशंसकों में अनावश्यक चिंता पैदा की।,अभिनेता श्रे​यस तलपड़े के निधन की खबर सोशल मीडिया पर प्रसारित की गई थी।,,REF,REF,REF,False,no_flip,,,False,
701,CA_CHAR_05_HomoglyphPerturbation,आलिया भट्ट ने अपनी बेटी राहा का चेहरा पहली बार सार्वजनिक रूप से पैपराजी के सामने दिखाया था।,पीटीआई भाषा की रिपोर्ट में बताया गया कि आलिया भट्ट और रणबीर कपूर ने क्रिसमस के मौके पर राहा को मीडिया के सामने लाया। तस्वीरों और वीडियो में बच्ची का चेहरा पहली बार साफ दिखा।,आलिया भट्ट ने अपनी बे​टी राहा का चेहरा पहली बार सार्वजनिक रूप से पैपराजी के सामने दिखाया था।,,SUP,SUP,SUP,False,no_flip,,,False,
702,CA_CHAR_05_HomoglyphPerturbation,जून 2026 तक जल जीवन मिशन के अंतर्गत 15.86 करोड़ से अधिक ग्रामीण परिवारों को नल से पानी का कनेक्शन मिला था।,पीआईबी की हिंदी विज्ञप्ति के अनुसार जून 2026 तक 15.86 करोड़ से अधिक ग्रामीण परिवारों को नल से स्वच्छ पाइप जल की सुविधा मिली थी।,जून 2026 तक जल जीवन मिशन के​ अंतर्गत 15.86 करोड़ से अधिक ग्रामीण परिवारों को नल से पानी का कनेक्शन मिला था।,,SUP,SUP,SUP,False,no_flip,,,False,
703,CA_CHAR_05_HomoglyphPerturbation,ऑपरेशन साइबर वज्र के तहत आजमगढ़ पुलिस ने 11 साइबर अपराधियों को गिरफ्तार किया।,समाचार के अनुसार आजमगढ़ पुलिस ने ऑपरेशन साइबर वज्र के तहत 11 शातिर साइबर अपराधियों को गिरफ्तार किया।,ऑपरेशन सा​इबर वज्र के तहत आजमगढ़ पुलिस ने 11 साइबर अपराधियों को गिरफ्तार किया।,,SUP,SUP,SUP,False,no_flip,,,False,
704,CA_CHAR_05_HomoglyphPerturbation,उत्तराखंड सरकार ने सभी मृतकों के परिवारों को 50 लाख रुपये मुआवजा देने की घोषणा की।,लेख में किसी मुआवजा राशि या 50 लाख रुपये की घोषणा का उल्लेख नहीं है।,उत्तराखंड़ सरकार ने सभी मृतकों के परिवारों को 50 लाख रुपये मुआवजा देने की घोषणा की।,,NEI,REF,REF,True,flip,5,True,False,
705,CA_CHAR_05_HomoglyphPerturbation,मैक्सिको सरकार ने विमान दुर्घटना के पीड़ितों के परिवारों के लिए विशेष मुआवजा पैकेज की घोषणा की।,लेख में किसी मुआवजे या वित्तीय सहायता की घोषणा का उल्लेख नहीं है।,मैक्सिको सरकार ने वि​मान दुर्घटना के पीड़ितों के परिवारों के लिए विशेष मुआवजा पैकेज की घोषणा की।,,NEI,REF,REF,False,baseline_failure,,,False,
706,CA_CHAR_05_HomoglyphPerturbation,कार्यशाला के दौरान हिमाचल प्रदेश में सभी नए निर्माण कार्यों पर तत्काल रोक लगाने की सरकारी घोषणा की गई।,लेख में ऐसी किसी सरकारी घोषणा या निर्माण कार्यों पर रोक का उल्लेख नहीं है।,कार्यशाला के​ दौरान हिमाचल प्रदेश में सभी नए निर्माण कार्यों पर तत्काल रोक लगाने की सरकारी घोषणा की गई।,,NEI,REF,REF,False,baseline_failure,,,False,
707,CA_CHAR_05_HomoglyphPerturbation,डायरेक्ट-एक्टिंग एंटीवायरल दवाएं अधिकांश हेपेटाइटिस सी संक्रमणों को ठीक कर सकती हैं।,विश्व स्वास्थ्य संगठन के अनुसार डायरेक्ट-एक्टिंग एंटीवायरल दवाएं हेपेटाइटिस सी वाले 95 प्रतिशत से अधिक लोगों को ठीक कर सकती हैं।,डायरे​क्ट-एक्टिंग एंटीवायरल दवाएं अधिकांश हेपेटाइटिस सी संक्रमणों को ठीक कर सकती हैं।,,SUP,SUP,SUP,False,no_flip,,,False,
708,CA_CHAR_05_HomoglyphPerturbation,"गाजियाबाद के सूर्या हत्याकांड के आरोपी असद का नहीं है वायरल वीडियो, दावा फर्जी…","उत्तर प्रदेश में गाजियाबाद के खोड़ा क्षेत्र में हुए सूर्या हत्याकांड के बाद मुख्‍य आरोपी असद के नाम से एक वीडियो वायरल हो रहा है। इसमें एक युवक को हत्या करने की बात स्वीकार करते हुए दिखाया गया है। वीडियो को शेयर करते हुए दावा किया जा रहा है कि यह वीडियो सूर्या हत्याकांड के आरोपी असद का है। वायरल वीडियो के साथ यूजर ने लिखा है- गाजियाबाद के खोड़ा में सूर्या की हत्या.. करने के बाद असद ने रात को 11:00 बजे के आसपास की वीडियो इंस्टाग्राम पर डाला था ,उसमें वह कह रहा है की भाइयों तुम्हारे भाई ने आज एक मर्डर कर दिया अब तो मैं कुछ समय के लिए अंदर जा रहा हूं अपना प्यार बनाए रखना,,,लेकिन यह सूअर अंदर नहीं जहन्नुम भेज दिया गया…इस। सु #अर को पता नहीं था कि यह योगीराज है अखिलेश यादव की सरकार नहीं है की एक हिंदू की हत्या करने के लिए इसे यश भारती सम्मान या सांसद विधायक का टिकट दिया जाए। #hindu फेसबुक।आर्काइव अनुसंधान से पता चलता है कि… पड़ताल की शुरुआत में हमने वायरल वीडियो के तस्वीरों का रिवर्स इमेज सर्च किया, परिणाम में वायरल वीडियो हमें अप्रैल 2026 को छपीमीडिया रिपोर्ट में मिलीं। इन रिपोर्ट में वही वीडियो फुटेज था जिसमें एक युवक हत्या की बात कबूल कर रहा था। इससे यह पक्का होता है कि वायरल वीडियो उत्तर प्रदेश के गाज़ियाबाद में 28 मई 2026 को हुई सूर्य प्रताप चौहान की हत्या से पहले का है। रिपोर्ट में वीडियो में दिख रहे व्यक्ति की पहचान करण कुमार के तौर पर की गई। उस पर 2 अप्रैल 2026 को दिल्ली के शालीमार बाग इलाके में 20 साल के नितेश उर्फ निक्की की हत्या का आरोप था। बाद में करण ने अपराध कबूल करते हुए एक वीडियो रिकॉर्ड किया और उसे पोस्ट किया। मिली जानकारी की मदद लेते हुए अधिक सर्च करने पर हमें‘एनडीटीवी’ के यूट्यूब चैनल पर भी 3 अप्रैल 2026 को वायरल वीडियो से संबंधित न्यूज़ रिपोर्ट मिली। जिसके अनुसार, करण कुमार ने अपने इंस्टाग्राम हैंडल से वीडियो पोस्ट कर कहा कि उसने किसी की हत्या कर दी है। इंडिया टुडे’ की वेबसाइट पर 4 अप्रैल 2026 को छपी खबर के अनुसार, दिल्ली के शालीमार बाग क्षेत्र में एकनाबालिगसमेत तीन लोगों ने युवक नितेश की मामूली विवाद के बाद चाकू मारकर हत्या कर दी थी । करण ने युवक पर चाकू से कई वार किए। इसके बाद मुख्य आरोपी करण ने वीडियो पोस्ट कर कहा कि उसने एक व्यक्ति की हत्य","गाजियाबाद के सूर्या हत्या​कांड के आरोपी असद का नहीं है वायरल वीडियो, दावा फर्जी…",,REF,REF,REF,False,no_flip,,,False,
709,CA_CHAR_05_HomoglyphPerturbation,बिहार से एक १० साल पुराने वीडियो को वर्तमान असम में मुसलमानों पर हो रही हिंसा का बता भ्रामक रूप से साझा किया जा रहा है |,"असम के दरंग जिले में २३ सितंबर को अतिक्रमण हटाने गई पुलिस और स्थानीय लोगों के बीच झड़प में दो स्थानीय लोगों कीमौत हो गयीथी | इस घटना से सम्बंधित एक वीडियो सामने आया था जिसमे एक व्यक्ति को जमींन पर पड़े दूसरे(मृत) व्यक्ति की छाती पर कूदते देखा जा रहा था, बाद में इस व्यक्ति की पहचान एक फोटो जर्नलिस्ट के रूप में हुई थी| इसी क्रम में सोशल मीडिया पर एक औरवीडियोवायरल होता दिख रहा है, जिसमें हम एक पुलिसकर्मी को एक बेहोश व्यक्ति की छाती पर कूदते हुये देख सकते है | इस वीडियो को वर्तमान का असम से बताते हुए यह दावा किया जा रहा है कि दरंग जैसी घटना असम में हर जगह हो रही है | पहले एक फोटोग्राफर एक व्यक्ति के साथ अमानवीय तरीके से पेश आया जिसके पश्चात अब वह हरकत हम पुलिसकर्मियों को भी करते हुए देख सकते है | आगे इस वीडियो के माध्यम से दावा किया जा रहा है कि असम में दिनदहाड़े इसी तरह मुसलमानों की हत्या की जा रही है | आर्काइव लिंक अनुसंधान से पता चलता है कि… फैक्ट क्रेसेंडो ने शोध कर पाया है कि वायरल हो रहा वीडियो बिहार का है और लगभग एक दशक पुराना है, ये वीडियो वर्ष २०११ में बिहार के अररिया जिले में पुलिस व प्रदर्शनकारियों के बीच हुई झड़प से है | जाँच की शुरुवात हमने इस वायरल हो रही वीडियो को इन्विड टूल के मदद से छोटे कीफ्रेम्स में तोड़कर व गूगल पर रिवर्स इमेज सर्च करने से की, जिसके परिणाम से हमेंNSTV Indiaद्वारा उनके यूट्यूब चैनल पर ये वीडियो२२ जून २०११को अपलोड किया हुआ पाया | इस वीडियो के कैप्शन में लिखा गया है कि अररिया पुलिस द्वारा फायरिंग की गई, कहा जा रहा है कि यह घटना४ जून २०११की है | इसके आलावा हमें यह वीडियो एक यूट्यूब यूजर द्वारा भी अपलोड किया हुआ पाया | वीडियो के कैप्शन में लिखा गया है कि“फोर्ब्सगंज,अररिया,बिहार,भारत पुलिस फायरिंग ३ जून,२०११ तेज़ न्यूज़ फ्लाई“| वीडियो के विवरण में११ जून,२०११को प्रकाशितबीबीसी न्यूज़के एक रिपोर्ट का लिंक है, जिसमें बिहार के अररिया जिले के फोर्ब्सगंज ब्लॉक में विरोध प्रदर्शन और पुलिस की बर्बरता की घटना के बारे में विवरण दिया गया है। रिपोर्ट में कहा गया है,”घटना३ जूनकी,फोर्ब्सगंज ब्लॉक के भजनपुर गांवसे है जहाँकम से कम चार लोगों की मौत हो गई,ये तब हुआजब पुलिस ने गांव से बाहर जाने वाली सड़क पर विरोध कर रहे लोगों पर गोलियां चलाईं।” तद्पश्चात फैक",बिहार से एक १० साल पुराने वीडियो को वर्तमान असम में मुसलमानों पर हो रही हिंसा का​ बता भ्रामक रूप से साझा किया जा रहा है |,,REF,SUP,SUP,False,baseline_failure,,,False,
710,CA_CHAR_05_HomoglyphPerturbation,"लेटेंट टीबी संक्रमण वाले व्यक्ति में टीबी बैक्टीरिया होते हैं, लेकिन वह बीमार नहीं होता और दूसरों को संक्रमित नहीं करता।","रोग नियंत्रण एवं रोकथाम केंद्र (CDC) के अनुसार, लेटेंट टीबी संक्रमण में व्यक्ति के शरीर में टीबी के जीवाणु मौजूद रहते हैं, लेकिन वे निष्क्रिय अवस्था में होते हैं। ऐसे व्यक्ति में टीबी रोग के लक्षण नहीं होते और वह दूसरों में टीबी का संक्रमण नहीं फैलाता।","लेटेंट टीबी​ संक्रमण वाले व्यक्ति में टीबी बैक्टीरिया होते हैं, लेकिन वह बीमार नहीं होता और दूसरों को संक्रमित नहीं करता।",,SUP,SUP,SUP,False,no_flip,,,False,
711,CA_CHAR_05_HomoglyphPerturbation,राष्ट्रीय मतदाता दिवस 2024 पर 'समावेशी चुनाव' विषय वाला स्मारक डाक टिकट जारी किया गया था।,पीआईबी की हिंदी विज्ञप्ति में निर्वाचन आयोग के 75वें वर्ष और 2024 संसदीय चुनावों के आलोक में 'समावेशी चुनाव' विषय पर स्मारक डाक टिकट जारी होने की जानकारी है।,राष्ट्रीय मतदाता दिवस 2024 पर 'समावेशी चुनाव' विषय वाला स्मारक डाक टि​कट जारी किया गया था।,,SUP,SUP,SUP,False,no_flip,,,False,
712,CA_CHAR_05_HomoglyphPerturbation,ईरान में यहूदियों को सरेआम फांसी पर लटकाए जाने के दावे से वायरल वीडियो असल में फिल्म की शूटिंग का है…,"सोशल मीडिया पर एक व्यक्ति को क्रेन से लटकाए जाने का एक वीडियो तेजी से वायरल हो रहा है। वायरल वीडियो 48 सेकेंड का है, जिसमें वर्दीधारियों की मौजूदगी में एक शख्स को क्रेन से लटकाया जाता है। फिर उसके नीचे से मौजूद स्टूल खींच दी जाती है और वह शख्स तड़पने लगता है।वायरल वीडियो के साथ दावा किया जा रहा है कि ईरान में मोसाद एजेंट का आरोप लगाकर यहूदियों को सरेआम फांसी पर लटकाया जा रहा है। वायरल वीडियो के साथ यूजर ने लिखा है- युद्ध समाप्त होने के बाद, ईरानी इस्लामिक शासन ने 700 से ज्यादा यहूदी ईरानियों को गिरफ्तार किया है, जो ईरान की संपूर्ण यहूदी आबादी का दसवां हिस्सा है। उन्हें झूठा आरोप लगाया जा रहा है कि वे ‘मोसाद एजेंट’ हैं और उन्हें क्रेन पर सरेआम लटकाया जा रहा है। फेसबुक।आर्काइव अनुसंधान से पता चलता है कि… पड़ताल की शुरुआत में हमने वायरल वीडियो के कुछ तस्वीरों का रिवर्स इमेज सर्च किया। परिणाम में वायरल वीडियो हमें एकएक्स हैंडलपर मिला। वीडियो को 29 जून को अपलोड किया गया है। वहीं पोस्ट के कमेंट में इस वीडियो को किसी ने फिल्म की शूटिंग का बताया है। The video has nothing to do with the hanging of the Mossad spy traitor, but the video is a movie scene.https://t.co/cUFTduxSkFpic.twitter.com/DahUx3FkjV अधिक सर्च करने पर हमेंAlireza Donyadideके नाम से बना यूट्यूब अकाउंट मिला। 16 अप्रैल 2024 को अपलोड इस वीडियो में वायरल वीडियो वाले दृश्य मौजूद है। वीडियो के साथ मौजूद टाइटल में लिखा हुआ था, “एक्टर को लटकाये जाने के बैकस्टेज का दृश्य”। यहां वीडियो को ध्यानपूर्वक देखने पर हमने पाया कि फांसी लगने और तड़पने के बाद भी वह व्यक्ति सामान्य रूप से बोलता है और पीछे से कुछ निर्देश आने पर वह अचेत होने की एक्टिंग करता है। इससे यह स्पष्ट हो रहा था कि यह वीडियो नाटकीय है। जांच में हमें यह वीडियो 17 जनवरी 2025 को एकइंस्टाग्राम अकाउंटसे अपलोड किया गया मिला। इस वीडियो के साथ मौजूद पर्शियन कैप्शन में इसे “बी बदन” नामक एक फिल्म की शूटिंग का बताया गया था। निष्कर्ष-तथ्य-जांच के हमने पाया कि , ईरान में यहूदियों को सरेआम फांसी पर लटकाए जाने के दावे से वायरल हो रहा यह वीडियो, असल में एक फिल्म की शूटिंग का दृश्य है। Title:ईरान में यहूदियों को सरेआम फांसी पर लटकाए जाने के दावे से वायरल वीडियो असल में",ईरान में यहूदियों को सरेआम फांसी पर लटकाए जाने के दा​वे से वायरल वीडियो असल में फिल्म की शूटिंग का है…,,REF,SUP,SUP,False,baseline_failure,,,False,
713,CA_CHAR_05_HomoglyphPerturbation,मतदाता अपने मतदान केंद्र का विवरण और मतदान तिथि चुनावी खोज पोर्टल के माध्यम से देख सकते हैं।,पीआईबी की हिंदी विज्ञप्ति में मतदाताओं को चुनावी खोज पोर्टल से मतदान केंद्र का विवरण और मतदान की तारीख देखने की सुविधा बताई गई है।,मतदाता अपने मतदान केंद्र का वि​वरण और मतदान तिथि चुनावी खोज पोर्टल के माध्यम से देख सकते हैं।,,SUP,SUP,SUP,False,no_flip,,,False,
714,CA_CHAR_05_HomoglyphPerturbation,मई 2024 तक प्रधानमंत्री जन धन योजना से 52.3 करोड़ बैंक खाते खुले थे।,आर्थिक समीक्षा संबंधी विज्ञप्ति में प्रधानमंत्री जन धन योजना के 52.3 करोड़ बैंक खाते खोलने का उल्लेख है।,मई 2024 तक प्रधानमंत्री जन धन योजना से 52.3 करोड़ बैंक खाते खुले थे​।,,SUP,SUP,SUP,False,no_flip,,,False,
715,CA_CHAR_05_HomoglyphPerturbation,समेकित स्वास्थ्य पारंपरिक और पूरक पद्धतियों को समन्वित तरीके से जोड़ सकता है।,एनसीसीआईएच के अनुसार समेकित स्वास्थ्य पारंपरिक और पूरक दृष्टिकोणों को समन्वित देखभाल में साथ लाता है।,समेकित स्वास्थ्य पारंपरिक और पूरक पद्धतियों को समन्वित तरीके से जोड़ सकता​ है।,,SUP,SUP,SUP,False,no_flip,,,False,
716,CA_CHAR_05_HomoglyphPerturbation,प्रधानमंत्री ग्राम सड़क योजना-III के तहत 1.25 लाख किलोमीटर महत्वपूर्ण ग्रामीण सड़कों को पक्का करने का लक्ष्य रखा गया।,"पीआईबी हिंदी पृष्ठ में पीएमजीएसवाई-III का लक्ष्य कृषि बाजारों, शिक्षण संस्थानों और स्वास्थ्य सुविधाओं से जोड़ने वाली 1.25 लाख किलोमीटर ग्रामीण सड़कों को पक्का करना बताया गया है।",प्रधा​नमंत्री ग्राम सड़क योजना-III के तहत 1.25 लाख किलोमीटर महत्वपूर्ण ग्रामीण सड़कों को पक्का करने का लक्ष्य रखा गया।,,SUP,,,False,unusable_verdict,,,False,
717,CA_CHAR_05_HomoglyphPerturbation,नमक शुद्ध कैल्शियम से बना होता है।,डब्ल्यूएचओ नमक को सोडियम क्लोराइड और आहार सोडियम का प्रमुख स्रोत बताता है।,नमक शुद्ध कैल्शियम से बना हो​ता है।,,REF,,,False,baseline_failure,,,False,
718,CA_CHAR_05_HomoglyphPerturbation,1975 वियतनाम युद्ध से एयरलिफ्ट किए गए नवजात बच्चों की तस्वीर एपस्टीन फाइल्स मामले से जोड़कर भ्रामक दावे से वायरल…,"यह तस्वीर 1999 की नहीं बल्कि 1975 में वियतनाम से बच्चों को एयरलिफ्ट कराये जाने के दौरान की है। अभी हाल ही में अमेरिकी न्याय विभाग द्वारा यौन अपराधी व मानव तस्कर जेफरी एपस्टीन की जांच से जुड़े लाखों पन्नों के दस्तावेज, वीडियो और तस्वीरों को सार्वजनिक किया गया था। जिससे जोड़ते हुए सोशल मीडिया पर कई पोस्ट काफी वायरल हो रहे हैं। इसी कड़ी में एक पोस्ट वायरल किया जा रहा है, जिसमें एक तस्वीर दिख रही है। तस्वीर में एक आदमी छोटे-छोटे बच्चों को अलग-अलग बक्सों में रखता हुआ नजर आ रहा है। इसे साझा करते हुए दावा किया जा रहा है कि यह 1999 के तुर्की भूकंप के दौरान किडनैप किए गए बच्चे हैं। जिनको चोरी करके जेफरी एपस्टीन के लिए भेजा गया था, और उसने हर बच्चे के बदले 300 डालर दिए थे।वायरल पोस्ट को इस कैप्शन से साझा किया जा रहा है… उन्होंने1999केभूकंपकेदौरानतुर्कीसेलड़कियोंकोकिडनैपकियाथा!एपस्टीनकेएकव्हिसलब्लोअरनेकहाः“हमनेकिडनैपकिएगएहरबच्चेकेलिए$300चार्जकिए!” फेसबुक पोस्ट।आर्काइव पोस्ट अनुसंधानसेपताचलताहैकि… हमने जांच की शुरुआत में वायरल तस्वीर को गूगल रिवर्स इमेज पर सर्च किया। परिणाम में हमेंअमेरिका की रक्षा खुफिया एजेंसीवेबसाइट पर यह तस्वीर 2014 में पोस्ट की हुई मिली। यहां बताया गया था कि 1975 में साउथ वियतनाम के लड़ाई के दौरान, राष्ट्रपति गेराल्ड फोर्ड ने नॉर्थ वियतनाम के बड़े हमले के सामने साइगॉन से वियतनामी अनाथ बच्चों को निकालने का आदेश दिया। इस मिशन को ऑपरेशन बेबीलिफ्ट नाम दिया गया था। जिसकी शुरुआत 4 अप्रैल, 1975 को हुई थी। इस दौरान 3,000 से ज़्यादा अनाथ बच्चों को निकाला गया था। मिली जानकारी की मदद से आगे खोज करने पर हमेंवियतनाम की एक मीडिया वेबसाइटपर एक और मीडिया रिपोर्ट मिली,जिसमें वायरल तस्वीर मौजूद थी। वहीं रिपोर्ट में बताया गया था 3 अप्रैल 1975 को, जब वियतनाम युद्ध समाप्त होने वाला था, तब अमेरिकी राष्ट्रपति जेराल्ड फोर्ड ने घोषणा की कि सभी अनाथ वियतनामी बच्चों को तुरंत साइगॉन से हवाई मार्ग से निकाला जाना चाहिए। इस योजना को “ऑपरेशन बेबीलिफ्ट” नाम दिया गया था। अमेरिका ने दावा किया कि वियतनाम से निकाले गए अधिकांश बच्चे अनाथ थे, जिन्होंने संभवतः युद्ध में अपने माता-पिता को खो दिया था, या जिन्हें छोड़ दिया गया था, या जो युद्ध के दौरान अमेरिकी सैनिकों और वियतनामी महिलाओं के बच्चे थ",1975 वियतनाम युद्ध से एयरलिफ्ट किए गए नवजात बच्चों की तस्वी​र एपस्टीन फाइल्स मामले से जोड़कर भ्रामक दावे से वायरल…,,REF,,,False,baseline_failure,,,False,
719,CA_CHAR_05_HomoglyphPerturbation,अरंडी के तेल की मालिश करने से आंखों का मोतियाबिंद बिना सर्जरी के ठीक हो जाता है।,राष्ट्रीय नेत्र संस्थान के अनुसार मोतियाबिंद से छुटकारा पाने का एकमात्र स्थापित तरीका सर्जरी है।,अरंडी के तेल की मालिश करने से आंखों का मोतियाबिंद बिना सर्जरी के ठीक हो जाता है​।,,REF,REF,REF,False,baseline_failure,,,False,
720,CA_CHAR_05_HomoglyphPerturbation,ईवीएम में मतदाता के एक वोट के बाद मशीन आगे के बटन दबाने पर भी उसी मतदाता के कई वोट दर्ज कर सकती है।,निर्वाचन आयोग के अनुसार एक वोट दर्ज होने के बाद बैलेट यूनिट आगे के बटन दबाने पर प्रतिक्रिया नहीं देती और अगला मत केवल पीठासीन अधिकारी द्वारा सक्षम किया जाता है।,ईवीएम में मतदाता के एक वोट के बाद मशीन आगे​ के बटन दबाने पर भी उसी मतदाता के कई वोट दर्ज कर सकती है।,,REF,REF,REF,False,no_flip,,,False,
721,CA_CHAR_05_HomoglyphPerturbation,"केंद्र सरकार ने वायनाड पुनर्वास के लिए ₹10,000 करोड़ के विशेष पैकेज की घोषणा की।","लेख में किसी ₹10,000 करोड़ के विशेष पैकेज की घोषणा का उल्लेख नहीं है।","केंद्र सरकार ने​ वायनाड पुनर्वास के लिए ₹10,000 करोड़ के विशेष पैकेज की घोषणा की।",,NEI,REF,REF,False,baseline_failure,,,False,
722,CA_CHAR_05_HomoglyphPerturbation,सलमान खान की दुबई की व्यवसायी महिला से गुप्त शादी हुई थी।,आजतक फैक्ट चेक ने वायरल दावे का कोई प्रमाण नहीं पाया।,सलमान खान की दुबई की व्यवसायी महिला से​ गुप्त शादी हुई थी।,,REF,REF,REF,False,no_flip,,,False,
723,CA_CHAR_05_HomoglyphPerturbation,लेख के अनुसार वायुसेना ने चीन सीमा की अग्रिम चौकी के लिए कोई रसद नहीं भेजी।,लेख में 15 क्विंटल रसद भेजे जाने का स्पष्ट उल्लेख है।,लेख के अनुसार वा​युसेना ने चीन सीमा की अग्रिम चौकी के लिए कोई रसद नहीं भेजी।,,REF,REF,REF,False,no_flip,,,False,
724,CA_CHAR_05_HomoglyphPerturbation,शेखर सुमन ने छात्रों पर लाठीचार्ज पर भावुक प्रतिक्रिया दी।,न्यूज़बाइट्स हिंदी: अभिनेता और होस्ट शेखर सुमन अपने शो 'शेखर टुनाइट' के हालिया एपिसोड में दिल्ली में 'कॉकरोच जनता पार्टी' (CJP) के 'चलो संसद' मार्च के दौरान छात्रों पर हुए पुलिस लाठीचार्ज पर बात करते हुए काफी...,शेखर सुमन ने छात्रों पर ला​ठीचार्ज पर भावुक प्रतिक्रिया दी।,,SUP,SUP,SUP,False,no_flip,,,False,
725,CA_CHAR_05_HomoglyphPerturbation,प्रशासन ने चेतावनी दी कि रविवार से एक नया तूफानी सिस्टम और भारी बारिश ला सकता है।,लेख में रविवार से नए तूफानी सिस्टम के आने की चेतावनी का उल्लेख है।,प्रशासन ने चेतावनी दी कि रविवार से एक नया तूफ़ानी सिस्टम और भारी बारिश ला सकता है।,,SUP,SUP,SUP,False,no_flip,,,False,
726,CA_CHAR_05_HomoglyphPerturbation,अमेरिकी संघीय सरकार ने टेक्सास बाढ़ पीड़ितों के लिए 10 अरब डॉलर के विशेष राहत पैकेज की घोषणा की।,लेख में ऐसे किसी विशेष राहत पैकेज की घोषणा का उल्लेख नहीं है।,अमेरिकी​ संघीय सरकार ने टेक्सास बाढ़ पीड़ितों के लिए 10 अरब डॉलर के विशेष राहत पैकेज की घोषणा की।,,NEI,REF,REF,False,baseline_failure,,,False,
727,CA_CHAR_05_HomoglyphPerturbation,"बजरंग दल ने बांग्लादेश में फहराया भगवा? नहीं, वीडियो ओडिशा का है …","दिसंबर 2025 भारत के पड़ोसी मुल्क बांग्लादेश में बीते दिसंबर 2025 से लेकर अब तक 6 हिन्दुओं की हत्या ने अराजकता का माहौल कायम कर दिया है। इसी बीच सोशल मीडिया पर एक वीडियो वायरल हो रहा है, जिसमें काले कपड़े पहना हुआ एक हुआ एक शख्स एक बिल्डिंग में लगे होर्डिंग पर चढ़ा दिखाई देता है। वो एक हरे रंग का झंडा निकाल कर फेंक देता है।इसके बाद वो वहां भगवान हनुमान की फोटो वाला एक भगवा झंडा लगा देता है।वायरल वीडियो के साथ दावा किया जा रहा है कि बजरंग दल के सदस्यों ने बांग्लादेश में घुसकर वहां भगवा झंडा फहरा दिया। यूजर ने वीडियो के साथ लिखा है- बजरंग दल के शेर बांग्लादेश में घुसे, हिंदू सुरक्षा के लिए बड़ा ऐलान #bangladesh #save #hindu #bajrangdal फेसबुक।आर्काइव अनुसंधान से पता चलता है कि… पड़ताल की शुरुआत में हमने देखा कि वायरल वीडियो में दुकानों के बोर्ड पर लिखे शब्द उल्टे नजर आ रहे हैं, यानी इसका दायां हिस्सा बाईं तरफ दिख रहा है। जब हमने इसे फ्लिप किया तो समझ में आया कि इसमें दुकानों के नाम उड़िया भाषा में लिखे हैं। इसकी मदद से हमने वायरल वीडियो के तस्वीरों का रिवर्स इमेज सर्च किया, परिणाम में वायरल वीडियो की खबर हमें 6 अक्टूबर 2025 की ChotaNews App की एकX पोस्टपर मिली। इस पोस्ट में वही वीडियो दूसरे वीडियो के साथ था, और इसके डिस्क्रिप्शन के अनुसार, विजुअल्स में ओडिशा के कटक में दुर्गा विसर्जन के दौरान हुई झड़प दिखाई गई थी। डीजे बजाने को लेकर दो ग्रुप के बीच लड़ाई हो गई, जिसमें DCP ऋषिकेश खिलारी समेत छह लोग घायल हो गए। झड़प के दौरान पत्थर फेंके गए, गाड़ियों में आग लगा दी गई, और कटक पुलिस ने प्रदर्शनकारियों को तितर-बितर करने और स्थिति को कंट्रोल में लाने के लिए दखल दिया। దుర్గాదేవి నిమజ్జనంలో ఘర్షణ.. డీజే పెట్టడంపై ఇరు వర్గాల గొడవఒడిశాలోని కటక్‌‌లో దుర్గా నిమజ్జనం సందర్భంగా డీజే పెట్టడంపై రెండు వర్గాల మధ్య మొదలైన గొడవఘర్షణలో డీసీపీ రిషికేశ్‌ ఖిలారీతో సహా ఆరుగురికి గాయాలు ఒకరిపై ఒకరు రాళ్లదాడికి తెగబడి.. వాహనాలకు నిప్పుఆందోళనకారులను…pic.twitter.com/HrCOZ0vXiq पड़ताल में आगे हमें सुशील स्वाधीन साहू नाम के एक यूजर का चैनल मिला। 5 अक्टूबर 2025 को स्वाधीन ने यूट्यूब पर वायरल वीडियो शेयर किया था। यहां वीडियो के साथ कैप्शन में लिखा है, ‘ ‘कटक हिंदू मुस्लिम दंगा। जांच में हमेंद","बजरंग दळ ने बांग्लादेश में फहराया भगवा? नहीं, वीडियो ओडिशा का है …",,REF,REF,REF,False,baseline_failure,,,False,
728,CA_CHAR_05_HomoglyphPerturbation,लेख के अनुसार ऊर्जा मंत्रालय ने सितंबर 2023 में कार्यबल का गठन किया था।,लेख में कार्यबल के गठन का वर्ष सितंबर 2021 बताया गया है।,लेख के अनुसार ऊर्जा मंत्रालय ने सितंबर 2023 में कार्यबल का गठन किया था​।,,REF,REF,REF,False,no_flip,,,False,
729,CA_CHAR_05_HomoglyphPerturbation,समरीन कौर अर्शदीप सिंह की गर्लफ्रेंड हैं।,वीडियो की तुलना मूल क्लिप से करने पर पता चला कि इसमें ऑडियो और संदर्भ बदले गए थे। अभिनेता की ओर से ऐसा बयान देने का कोई प्रमाण नहीं मिला।,समरी​न कौर अर्शदीप सिंह की गर्लफ्रेंड हैं।,,REF,NEI,NEI,True,flip,5,True,False,
730,CA_CHAR_05_HomoglyphPerturbation,आपूर्ति बाधित होने से दुकानों में सामान बहुत कम बचा था।,लेख में आपूर्ति ठप होने के कारण सामान न के बराबर होने की बात कही गई है।,आपूर्ति बाधित होने से दुकानों में सामा​न बहुत कम बचा था।,,SUP,SUP,SUP,False,no_flip,,,False,
731,CA_CHAR_05_HomoglyphPerturbation,विमान ने अकापुल्को से उड़ान भरी थी और टोलुका जा रहा था।,लेख में विमान की उड़ान अकापुल्को से टोलुका के लिए होने की जानकारी दी गई है।,विमान ने अकापुल्को से उड़ान भरी थी​ और टोलुका जा रहा था।,,SUP,SUP,SUP,False,no_flip,,,False,
732,CA_CHAR_05_HomoglyphPerturbation,तीसरे चरण में 93 संसदीय निर्वाचन क्षेत्रों में शाम 8 बजे तक लगभग 61.45 प्रतिशत मतदान दर्ज किया गया था।,पीआईबी के अनुसार तीसरे चरण के 93 संसदीय निर्वाचन क्षेत्रों में शाम 8 बजे तक लगभग 61.45 प्रतिशत मतदान दर्ज हुआ।,तीसरे चरण मे​ं 93 संसदीय निर्वाचन क्षेत्रों में शाम 8 बजे तक लगभग 61.45 प्रतिशत मतदान दर्ज किया गया था।,,SUP,SUP,SUP,False,no_flip,,,False,
733,CA_CHAR_05_HomoglyphPerturbation,"बांग्लादेश में चोरी का पुराना वीडियो भारत के नाम से वायरल, ऑडियो एडिट कर लगाए ‘जय श्री राम’ के नारे।","चोरी के आरोप में पकड़ी गई बांग्लादेशी लड़की का वीडियो भारत का बताकर वायरल, जय श्री राम नारा लगाने का दावा सरासर फर्जी। सोशल मीडिया पर एक दिल दहला देने वाला वीडियो वायरल हो रहा है, जिसमें एक दुकान में एक लड़की के साथ कुछ लोग मारपीट कर रहे हैं। दावा किया जा रहा है कि वीडियो में दिख रही लड़की मुस्लिम है जिसके साथ हिंदू युवक ने मारपीट की और जबरन जय श्री राम के नारे लगवाए। वीडियो के साथ कैप्शन लिखा गया है… मुस्लिमलड़कीसेजबरनजयश्रीरामबुलवारहेहै,यूरेशियनआर्यासनातनीहिन्दूब्रह्मणधर्मकेलोग फेसबुक पोस्ट।आर्काइव लिंक अनुसंधानसेपताचलताहैकि… हमने जांच की शुरुआत में वायरल वीडियो से कीफ्रेम निकाले और गूगल लेंस से रिवर्स इमेज सर्च किया। परिणाम में हमें 17 सितंबर, 2025 कोबीडी ट्यूब मास्टर न्यूजनाम के एक फेसबुक पेज पर वायरल वीडियो की वीडियो रिपोर्ट मिली। साथ में दिए गए विवरण के अनुसार, लड़की को दुकान से चोरी करते हुए पकड़े जाने के बाद कथित तौर पर पीटा गया था। विवरण में #ढाका और #चिट्टागोंग जैसे हैशटैग थे, जिससे संकेत मिलता है कि यह घटना बांग्लादेश की हो सकती है। साथ ही वीडियो में हमें ऐसे कोई सबूत नहीं मिले, जिससे पता चले कि लड़की को किसी भी प्रकार का धार्मिक नारा लगाने के लिए मजबूर किया गया हो। इसके बाद हमें बांग्लादेश के स्थानीय समाचार आउटलेटसिलहटर न्यूजद्वारा 16 सितंबर, 2025 को प्रकाशित विस्तृत वीडियो रिपोर्ट मिली। यहां पर लड़की की पहचान बारिसल जिले के वज़ीरपुर निवासी अनिका के रूप में की गई, जिसे मीरपुर कॉलेज मार्केट में चोरी करने की कोशिश करते हुए पकड़ा गया था। आगे बताया गया कि उसकी चाची ने उसे चोरी करने के लिए उकसाया था, यह कहते हुए कि कारखाना जहां वो काम करती थी से मिलने वाला वेतन जीवनयापन के खर्चों के लिए पूरा नहीं था। हमने पाया कि इस वीडियो में भी “जय श्री राम” का नारा नहीं सुनाई दे रहा है और न ही इससे जुड़ी किसी भी बात का जिक्र किया गया है। आगे हमें 16 सितंबर, 2025 को एकबांग्लादेशी यूज़रद्वारा साझा की गई एक अन्य फेसबुक पोस्ट मिली। यहां भी बांग्ला कैप्शन में लड़की का नाम अनिका ही बताया गया है, जिसे कथित तौर पर मीरपुर कॉलेज मार्केट में एक दुकान से चोरी करने की कोशिश में पकड़ा गया था। अनिका बांग्लादेश के बारीसाल की रहने वाली थी जो एक कपड़ा कारखाने में काम करती थी। लेकिन आर्थिक त","बांग्लादेश में चोरी का पुराना वीडियो भारत के नाम से वायरल, ऑडियो एडिट कर लगा​ए ‘जय श्री राम’ के नारे।",,REF,REF,REF,False,no_flip,,,False,
734,CA_CHAR_05_HomoglyphPerturbation,"लोकसभा आम चुनाव 2014 में कुल पंजीकृत मतदाता संख्या 83,40,82,814 थी।","निर्वाचन आयोग के लोकसभा चुनाव एटलस की ऐतिहासिक तालिका में 2014 के कुल मतदाता 83,40,82,814 बताए गए हैं।","लोकसभा आम चुनाव 2014 में कु​ल पंजीकृत मतदाता संख्या 83,40,82,814 थी।",,SUP,SUP,SUP,False,no_flip,,,False,
735,CA_CHAR_05_HomoglyphPerturbation,मान्यता प्राप्त राजनीतिक दलों के उम्मीदवारों के प्रतिनिधि घर से मतदान की मतदान-टीम के साथ नहीं जा सकते।,निर्वाचन आयोग के अनुसार उम्मीदवारों को घर से मतदान लेने वाले मतदाताओं की सूची और दलों को मतदान-टीम की यात्रा-सारणी दी जाती है; वे नियमों के अनुसार प्रतिनिधि भेज सकते हैं।,मान्यता प्राप्त राजनीतिक दलों के उम्मीदवारों के प्रतिनिधि घर से मतदान की मतदान-टीम के साथ नहीं जा​ सकते।,,REF,REF,REF,False,no_flip,,,False,
736,CA_CHAR_05_HomoglyphPerturbation,पीएम सूर्य घर: मुफ्त बिजली योजना का लक्ष्य वित्त वर्ष 2026-27 तक एक करोड़ आवासीय घरों में रूफटॉप सोलर सिस्टम स्थापित करना है।,पीआईबी की हिंदी विज्ञप्ति में फरवरी 2024 में शुरू पीएम सूर्य घर योजना का लक्ष्य वित्त वर्ष 2026-27 तक एक करोड़ आवासीय घरों में रूफटॉप सोलर स्थापित करना बताया गया है।,पीएम सूर्य घर: मुफ्त बिजली योजना का​ लक्ष्य वित्त वर्ष 2026-27 तक एक करोड़ आवासीय घरों में रूफटॉप सोलर सिस्टम स्थापित करना है।,,SUP,SUP,SUP,False,no_flip,,,False,
737,CA_CHAR_05_HomoglyphPerturbation,मध्य प्रदेश के डिंडौरी जिले में शहपुरा विकासखंड के बिछिया क्षेत्र में खाद्य सुरक्षा विभाग ने मिलावटी खाद्य पदार्थों के विरुद्ध दो प्रतिष्ठानों पर छापामार कार्रवाई की।,कलेक्टर अंजू पवन भदौरिया के मार्गदर्शन में खाद्य सुरक्षा प्रशासन ने मिलावटी एवं अमानक खाद्य पदार्थों के विरुद्ध विशेष निरीक्षण अभियान चलाया।,मध्य प्रदेश के डिंडौरी जिले में शहपुरा विकासखंड के बिछिया क्षेत्र में खाद्य सुरक्षा विभाग ने मिलावटी खाद्य पदा​र्थों के विरुद्ध दो प्रतिष्ठानों पर छापामार कार्रवाई की।,,SUP,NEI,NEI,False,baseline_failure,,,False,
738,CA_CHAR_05_HomoglyphPerturbation,विक्की कौशल की फिल्म 'सैम बहादुर' ने घरेलू बॉक्स ऑफिस पर पहले हफ्ते में 35 करोड़ रुपये से अधिक कमाए।,दैनिक जागरण की बॉक्स ऑफिस रिपोर्ट के अनुसार फिल्म ने पहले सप्ताह के अंत तक भारत में 35 करोड़ रुपये का आंकड़ा पार कर लिया था। लेख में दिनवार कलेक्शन का सार भी दिया गया।,विक्की कौशल की फिल्म 'सैम बहादुर' ने घरेलू बॉक्स ऑफिस पर पहले हफ्ते में 35 करोड़़ रुपये से अधिक कमाए।,,SUP,SUP,SUP,False,no_flip,,,False,
739,CA_CHAR_05_HomoglyphPerturbation,उच्च रक्तचाप केवल तब मौजूद होता है जब व्यक्ति को सिरदर्द हो।,डब्ल्यूएचओ बताता है कि अधिकांश उच्च रक्तचाप वाले लोगों में कोई लक्षण नहीं होते।,उच्च रक्तचाप केवल तब मौज़ूद होता है जब व्यक्ति को सिरदर्द हो।,,REF,REF,REF,False,no_flip,,,False,
740,CA_CHAR_05_HomoglyphPerturbation,बिग बॉस 17 के प्रतियोगी अभिषेक कुमार ने शो जीतकर ट्रॉफी उठाई।,"दैनिक जागरण की रिपोर्ट में बिग बॉस 17 का विजेता मुनव्वर फारूकी बताया गया, जबकि अभिषेक कुमार को रनर-अप के रूप में लिखा गया। ट्रॉफी मुनव्वर को मिली थी।",बिग बॉस 17 के प्रति​योगी अभिषेक कुमार ने शो जीतकर ट्रॉफी उठाई।,,REF,REF,REF,False,no_flip,,,False,
741,CA_CHAR_05_HomoglyphPerturbation,कान और सुनने की देखभाल को प्राथमिक स्वास्थ्य देखभाल में शामिल किया जा सकता है।,डब्ल्यूएचओ कान और सुनने की देखभाल को स्वास्थ्य प्रणालियों और प्राथमिक स्वास्थ्य देखभाल में एकीकृत करने पर जोर देता है।,कान और सुनने की देखभाल को प्राथमिक स्वास्थ्य देख़भाल में शामिल किया जा सकता है।,,SUP,SUP,SUP,False,no_flip,,,False,
742,CA_CHAR_05_HomoglyphPerturbation,"लोकसभा चुनाव 2024 के दूसरे चरण में 13 राज्यों/केंद्र शासित प्रदेशों में 1,210 उम्मीदवार चुनाव लड़ रहे थे।","पीआईबी की हिंदी विज्ञप्ति में दूसरे चरण के लिए 13 राज्यों/केंद्र शासित प्रदेशों में 1,210 उम्मीदवारों के चुनाव लड़ने की जानकारी है।","लोकसभा चुनाव 2024 के दूसरे चरण में 13 राज्यों/केंद्र शासित प्रदे​शों में 1,210 उम्मीदवार चुनाव लड़ रहे थे।",,SUP,SUP,SUP,False,no_flip,,,False,
743,CA_CHAR_05_HomoglyphPerturbation,घर से मतदान केवल 80 वर्ष से कम आयु के दिव्यांग मतदाताओं के लिए उपलब्ध है।,निर्वाचन आयोग के स्पष्टीकरण के अनुसार वैकल्पिक डाक मतपत्र/घर से मतदान सुविधा उन दिव्यांग मतदाताओं और 80 वर्ष से अधिक आयु के वरिष्ठ नागरिकों के लिए है जो मतदान केंद्र तक नहीं पहुंच सकते।,घर से मतदा​न केवल 80 वर्ष से कम आयु के दिव्यांग मतदाताओं के लिए उपलब्ध है।,,REF,REF,REF,False,no_flip,,,False,
744,CA_CHAR_05_HomoglyphPerturbation,घर से मतदान सुविधा में बूथ स्तर अधिकारी पात्र मतदाताओं के घर जाकर फॉर्म 12डी देते हैं और प्राप्ति की पावती लेते हैं।,निर्वाचन आयोग के प्रेस नोट में बूथ स्तर अधिकारियों द्वारा पात्र मतदाताओं के घर जाकर फॉर्म 12डी उपलब्ध कराने और पावती लेने की प्रक्रिया वर्णित है।,घर से मतदान सुविधा में बूथ स्तर अधिकारी पात्र मतदाताओं के घर जाकर फॉर्म 12डी देते हैं और प्राप्ति की​ पावती लेते हैं।,,SUP,SUP,SUP,False,no_flip,,,False,
745,CA_CHAR_05_HomoglyphPerturbation,सर्वाइकल पूर्व-कैंसर परिवर्तनों का पता केवल लक्षण दिखाई देने के बाद ही चल सकता है।,डब्ल्यूएचओ स्क्रीनिंग से पूर्व-कैंसर परिवर्तनों की पहचान संभव बताता है।,सर्वाइकल पूर्व-कैंसर परिवर्तनों का पता केवल लक्षण दिखाई देने के बाद ही चळ सकता है।,,REF,REF,REF,False,no_flip,,,False,
746,CA_CHAR_05_HomoglyphPerturbation,"रिपोर्ट में केंद्र सरकार द्वारा राष्ट्रीय आपदा पूल के लिए 50,000 करोड़ रुपये का विशेष कोष बनाने की घोषणा की गई।","लेख में किसी 50,000 करोड़ रुपये के विशेष कोष या सरकारी घोषणा का उल्लेख नहीं है।","रिपोर्ट में केंद्र सरकार द्वारा​ राष्ट्रीय आपदा पूल के लिए 50,000 करोड़ रुपये का विशेष कोष बनाने की घोषणा की गई।",,NEI,REF,REF,False,baseline_failure,,,False,
747,CA_CHAR_05_HomoglyphPerturbation,नसीरुद्दीन शाह ने एक इंटरव्यू में कहा कि दक्षिण भारतीय अभिनेता अभिनय करना नहीं जानते।,द लल्लनटॉप की रिपोर्ट के अनुसार वायरल क्लिप को संदर्भ से काटकर फैलाया गया था। पूरे बयान में उन्होंने यह वाक्य नहीं कहा और चर्चा फिल्म उद्योग की कार्यशैली पर थी।,नसीरुद्दीन शाह ने एक इंटरव्यू में कहा कि दक्षिण भारतीय अभिनेता अभिनय करना​ नहीं जानते।,,REF,REF,REF,False,no_flip,,,False,
748,CA_CHAR_05_HomoglyphPerturbation,हर मतदान केंद्र पर दिव्यांग मतदाताओं के लिए रैंप उपलब्ध कराने के निर्देश नहीं दिए गए हैं।,निर्वाचन आयोग ने सभी मुख्य निर्वाचन अधिकारियों को प्रत्येक मतदान केंद्र पर उचित ढलान वाला रैंप सुनिश्चित करने के निर्देश दिए हैं।,हर मतदान केंद्र पर दिव्यांग मतदाताओं के लिए रैंप उपलब्ध करा​ने के निर्देश नहीं दिए गए हैं।,,REF,REF,REF,False,no_flip,,,False,
749,CA_CHAR_05_HomoglyphPerturbation,रेड क्लोवर हड्डियों की कमजोरी को रोकने में प्रभावी है।,एनसीसीआईएच के अनुसार हड्डी स्वास्थ्य पर रेड क्लोवर के अध्ययन सीमित हैं और ठोस निष्कर्ष नहीं निकाला जा सकता।,रेड क्लोवर हड्डियों की कमजोरी को रोकने में प्रभा​वी है।,,NEI,NEI,NEI,False,baseline_failure,,,False,
750,CA_CHAR_05_HomoglyphPerturbation,आमिर खान की दोनों पूर्व पत्नियां उनकी तीसरी शादी में शामिल हुईं।,"साइबरपीस रिसर्च विंग की जांच के अनुसार, वायरल वीडियो असल में 2024 में आमिर खान की बेटी आयरा खान की शादी का पुराना फुटेज है, जिसे गलत तरीके से आमिर की तीसरी शादी से जोड़ा जा रहा है। आजतक की रिपोर्ट में भी रीना-किरण की मौजूदगी का कोई प्रमाण नहीं मिलता।",आमिर खान की दोनों पूर्व पत्नियां उनकी​ तीसरी शादी में शामिल हुईं।,,REF,REF,REF,False,no_flip,,,False,
751,CA_CHAR_05_HomoglyphPerturbation,"बच्चो को पीटने का वायरल वीडियो डीपीएस वलसाड स्कूल के टीचर का नहीं, जानिए सच","डीपीएस वलसाड ने फैक्ट क्रेसेंडो को बताया है कि उनके स्कूल में शकील अहमद अंसारी नामक कोई टीचर नहीं है । यह घटना उनके स्कूल से नहीं है । सोशल मीडिया पर एक वीडियो राजबाघ के डीपीएस स्कूल टीचर के नाम से फैलाया जा रहा है । इस वीडियो में एक आदमी एक छोटे बच्चे को बेरहमी से पीटता है। जबकि उस कमरे में मौजूद दुसरे बच्चे यह देख रहे है । इस वीडियो के साथ दावा किया जा रहा है कि वीडियो में दिख रहा व्यक्ति वलसाड के राजबाघ का डीपीएस स्कूल के शिक्षक शकील अहमद अंसारी है, जो बेरहमी से अपने छात्रों पर अत्याचार करते हुए नज़र आ रहे है । सोशल मीडिया पर वायरल हो रहे पोस्ट के कैप्शन में लिखा गया है कि“आप के whatsapp पे जितने भी नंबर एवं ग्रुप हैं एक भी छूटने नहीं चाहिए, ये वीडियो सबको भेजिए ये वलसाड के DPS SCHOOL Rajbag का टीचर शकील अहमद अंसारी है इसको इतना शेयर करो की ये टीचर और स्कूल दोनों बंद हो जाए । वीडियो वायरल होने से काफी फ़र्क पड़ता है ओर कार्यवाही होती है जिसे दया न ।” (शब्दशः) ट्वीट लिंक।आर्काइव लिंक अनुसंधान से पता चलता है कि… जाँच की शुरुआत हमने इस वीडियो को इन्विड वी वेरीफाई टूल के मदद से छोटे कीफ्रेम्स में तोडा और यांडेक्स पर रिवर्स इमेज सर्च किया। जिसके परिणाम से हमें अगस्त २०१४ कोडेली मेलद्वारा प्रकाशित खबर मिली । इस खबर के अनुसार वायरल हो रही वीडियो इजिप्त से है । यह वीडियो इजिप्त के एक अनाथाश्रम से है जहाँ के मैनेजर को बच्चों को पीटते हुए दिख रहे है। इस आदमी का नाम ओसामा मोहम्मद ओथमान है । कहा जा रहा है कि यह वीडियो उस आदमी की पत्नी ने रिकॉर्ड किया था। यह वीडियो वायरल होने पर ओसामा ने यह स्पष्ट किया था कि उन्होंने बच्चों को दुर्व्यवहार करने से रोकने के उद्देश्य से पीटा था । रिपोर्ट में गिज़ा स्थित अनाथाश्रम का नाम दर मक्का अल मोकरामा बताया गया है । आरोपी को गिज़ा पुलिस ने गिरफ्तार किया गया था । फैक्ट क्रेस्केंडो ने गुजरात के वलसाड में डीपीएस स्कूल के कार्यालय से संपर्क किया। कार्यकारी अधिकारी जेफरी चेट्टियार ने हमें बताया कि वे वलसाड जिले के एकमात्र डीपीएस स्कूल हैं । वे जिले के वापी शहर में स्थित हैं। “वीडियो में दिख रहा व्यक्ति न तो डीपीएस स्कूल का शिक्षक है और न ही हमारे स्कूल में ऐसी कोई घटना हुई है। दरअसल हमारे स्कूल में शकील अहमद अंसारी नाम का कोई शिक्षक नहीं है,” उन","बच्चो को​ पीटने का वायरल वीडियो डीपीएस वलसाड स्कूल के टीचर का नहीं, जानिए सच",,REF,REF,REF,False,baseline_failure,,,False,
752,CA_CHAR_05_HomoglyphPerturbation,"दिल्ली सरकार के जन कल्याण शिविरों में राशन कार्ड, आयुष्मान कार्ड और पेंशन जैसी सेवाएं एक जगह उपलब्ध कराई गईं।","एनडीटीवी इंडिया की हिंदी रिपोर्ट में जन कल्याण शिविरों में राशन कार्ड, आयुष्मान कार्ड, आधार अपडेट और पेंशन सेवा मिलने की जानकारी है।","दिल्ली सरकार के जन कल्याण शिविरों में राशन कार्ड, आयुष्मान कार्ड और पेंशन जैसी सेवाएं एक जगह उपलब्ध करा​ई गईं।",,SUP,SUP,SUP,False,no_flip,,,False,
753,CA_CHAR_05_HomoglyphPerturbation,लेख के अनुसार मौसम विज्ञान केंद्र ने सोमवार को भी भारी वर्षा का पूर्वानुमान जारी किया।,लेख में सोमवार से मैदानी क्षेत्रों में मौसम साफ रहने की बात कही गई है।,लेख के अनुसार मौसम विज्ञान केंद्र ने सोमवार को भी भारी वर्षा का​ पूर्वानुमान जारी किया।,,REF,REF,REF,False,no_flip,,,False,
754,CA_CHAR_05_HomoglyphPerturbation,सिंगरौली के जियावन थाना क्षेत्र में सामूहिक दुष्कर्म के मामले में पुलिस ने तीन आरोपियों को गिरफ्तार कर न्यायालय में पेश किया।,पुलिस अधीक्षक शियाज के.एम. के निर्देश पर त्वरित कार्रवाई करते हुए तीनों आरोपियों को गिरफ्तार कर न्यायिक अभिरक्षा में जिला जेल भेजा गया।,सिंगरौली के जियावन थाना क्षेत्र में सामूहिक दुष्कर्म के मामले में पुलिस ने​ तीन आरोपियों को गिरफ्तार कर न्यायालय में पेश किया।,,SUP,SUP,SUP,False,no_flip,,,False,
755,CA_CHAR_05_HomoglyphPerturbation,केंद्रीय मंत्रिमंडल ने पीएम-किसान योजना के तहत 20वीं किस्त जारी करने की मंजूरी दी।,पीआईबी विज्ञप्ति में पीएम-किसान की 20वीं किस्त जारी करने के लिए मंत्रिमंडल की मंजूरी का उल्लेख है।,के​ंद्रीय मंत्रिमंडल ने पीएम-किसान योजना के तहत 20वीं किस्त जारी करने की मंजूरी दी।,,SUP,SUP,SUP,False,no_flip,,,False,
756,CA_CHAR_05_HomoglyphPerturbation,मई 2026 तक पोषण ट्रैकर के तहत 5.5 करोड़ से अधिक लाभार्थियों को कम से कम 15 दिनों के लिए पूरक पोषण कार्यक्रम मिला।,पीआईबी हिंदी पृष्ठ में मई 2026 के आंकड़ों के अनुसार 5.5 करोड़ से अधिक लाभार्थियों को कम से कम 15 दिनों के लिए पूरक पोषण कार्यक्रम मिलने की जानकारी है।,मई 2026 तक पोषण ट्रैकर के तहत 5.5 करोड़ से अधिक लाभार्थियों को​ कम से कम 15 दिनों के लिए पूरक पोषण कार्यक्रम मिला।,,SUP,,,False,unusable_verdict,,,False,
757,CA_CHAR_05_HomoglyphPerturbation,"छात्रों के सपोर्ट में DCP सुमित झा ने नहीं दिया इस्तीफा, एडिटेड वीडियो वायरल….","सोशल मीडिया पर एक 47 सेकेंड का वीडियो वायरल हो रहा है। वायरल वीडियो में डीसीपी सुमित झा कथित तौर पर तत्काल प्रभाव से इस्तीफे की घोषणा करते और यह कहते हुए सुनाई दे रहे हैं कि “मुझ पर छात्र प्रदर्शनों के बारे में झूठ बोलने और उन्हें अपराधी बताने का दबाव डाला जा रहा है। मैं ऐसी किसी भी व्यवस्था का हिस्सा नहीं रह सकता, इसलिए अब सरकार के साथ नहीं बल्कि छात्रों के साथ हूं। वायरल वीडियो के साथ दावा किया जा रहा है कि दिल्ली पुलिस के डीसीपी सुमित झा ने छात्रों के प्रदर्शन के समर्थन में अपने पद से से इस्तीफा दे दिया है। वायरल वीडियो के साथ यूजर ने लिखा है- DCP Sumit Jha का इस्तीफा! ‘अब झूठ नहीं बोल सकता!’ दिल्ली पुलिस के डीसीपी सुमित झा ने इस्तीफा दे दिया है! उन्होंने कहा— “मुझे छात्र विरोध प्रदर्शनों पर झूठ बोलने के लिए मजबूर किया जा रहा है, मैं यह अब और नहीं कर सकता। मैं इस्तीफा दे रहा हूं क्योंकि मैं अब झूठ नहीं बोल सकता।”छात्रों के आंदोलन पर सच दबाने की कोशिशों का यह सबसे बड़ा खुलासा है! आपकी इस पर क्या राय है? कमेंट में बताएं! फेसबुक।आर्काइव अनुसंधान से पता चलता है कि… पड़ताल की शुरुआत में हमने वायरल वीडियो के तस्वीरों का रिवर्स इमेज सर्च किया, परिणाम में वायरल वीडियो से मिलता-जुलता वीडियो हमेंडीडी न्यूजके एक्स अकाउंट पर मिला। यहां पर वीडियो 23 जुलाई 2026 को अपलोड किया गया है। इस वीडियो में उन्होंने पाकिस्तान से संचालित होने वाले सोशल मीडिया अकाउंट्स की जानकारी देते हुए कहा था कि 400 से ज्यादा सोशल मीडिया हैंडल्स फर्जी और भ्रामक खबरें फैला रहे हैं। उनका मकसद छात्रों का ध्यान भटकाना है। इसलिए अपील है कि किसी भी पोस्ट को शेयर करने से पहले फैक्ट चेक करें और किसी के बहकावे में न आएं। इस वीडियो में उन्होंने कहीं भी अपने इस्तीफे की बात नहीं की थी। #WATCH| Delhi Police says 480 Pakistan-based social media handles involved in coordinated misinformation campaigns have been identified and blocked.The police has appealed to students and youth to remain vigilant and avoid being misled by foreign social media accounts…pic.twitter.com/dEUCllkqBS हमने वायरल वीडियो और हमें मिले वीडियो का विश्लेषण किया। जिसमें साफ देखा जा सकता है कि वीडियो एडिटेड है। इसके अलावा हमें दिल्ली पुलिस","छात्रों के सपोर्ट में DCP सुमित झा ने नहीं दिया​ इस्तीफा, एडिटेड वीडियो वायरल….",,REF,,,False,unusable_verdict,,,False,
758,CA_CHAR_05_HomoglyphPerturbation,लेख में बताया गया है कि केदारनाथ पुनर्निर्माण कार्य वर्ष 2013 में ही पूरी तरह समाप्त हो गए थे।,लेख में दूसरे चरण के पुनर्निर्माण कार्य अभी भी जारी होने का उल्लेख है।,लेख में बताया गया है कि केदारनाथ पुनर्निर्माण कार्य वर्ष 2013 में ही​ पूरी तरह समाप्त हो गए थे।,,REF,,,False,unusable_verdict,,,False,
759,CA_CHAR_05_HomoglyphPerturbation,प्रधानमंत्री गरीब कल्याण योजना के तहत सरकार हर महीने 80 करोड़ लोगों को राशन दे रही थी।,आज तक की हिंदी रिपोर्ट में प्रधानमंत्री गरीब कल्याण योजना के तहत हर महीने 80 करोड़ लोगों को राशन देने का उल्लेख है।,प्रधानमंत्री गरीब कल्याण योजना के तहत सरका​र हर महीने 80 करोड़ लोगों को राशन दे रही थी।,,SUP,,,False,unusable_verdict,,,False,
760,CA_CHAR_05_HomoglyphPerturbation,महाराष्ट्र में नाबालिग पर हुआ चाकू हमला ‘लव जिहाद’ का प्रकरण नहीं; जानिए सच,"दिन दहाड़े नाबालिग स्कूली छात्रा पर चाकू से हमला करने वाले एक सिरफिरे आशिक का एक वीडियो तेजी से वायरल हो रहा है। महाराष्ट्र में हुई इस घटना को झूठे सांप्रदायिक दावे के साथ शेयर किया जा रहा है। सोशल मीडिया पर कुछ लोग आरोपी युवक को मुस्लिम बता कर दावा कर रहे है कि उसने लड़की को ‘लव जिहाद’ में फंसाने की कोशिश की और मना करने पर चाकू से हमला कर दिया। फैक्ट क्रेसेंडो ने इस दावे की जांच की और पाया कि यह दावा झूठा है। वीडियो में दिखाई दे रहा आरोपी युवक मुस्लिम नहीं है। वायरल दावा क्या है? वीडियो में एक लड़का सड़क पर एक स्कूल की लड़की के गले पर चाकू लगाते हुए धमकाते नजर आता है। लड़की डर के मारे उसे समझाने की कोशिश करती है। लड़की की मां और आसपास के लोग आरोपी को शांत करने की कोशिश करते हैं। थोड़ी देर बाद, एक व्यक्ति पीछे से लड़के को पकड़ लेता है और लड़की को छुड़ा लिया जाता है। इसके बाद भीड़ आरोपी की पिटाई करती है। इस वीडियो के साथ लोग दावा करते हुए लिख रहे है कि,“महाराष्ट्र की घटना: स्कूल की लड़की को लव जिहाद में फंसाने की कोशिश में नाकाम होने पर चाकू से गला काटने की कोशिश में मारा गया जिहादी।” Facebook|Archive अनुसंधान से पता चलता है कि… कीवर्ड से ढूंढने पर पता चला कि यह घटना 22 जुलाई को महाराष्ट्र के सातारा शहर में हुई थी। मीडिया रिपोर्ट्सऔर पुलिस जानकारी के अनुसार, आरोपी की पहचान आर्यन वाघमले के रूप में हुई है। वह 18 साल का बारहवीं क्लास का छात्र है। पीडित लड़की 16 साल की है और दसवीं कक्षा की छात्रा है। पुलिस के मुताबिक, आरोपी युवक पहले उसी स्कूल में पढ़ता था जहाँ पीड़िता पढ़ती है। लड़का काफी समय से लड़की का पीछा कर रहा था। 22 जुलाई को लड़की स्कूल से घर लौट रही थी तभी आरोपी ने करंजे बसाप्पा पेठ इलाके में अचानक उसका रास्ता रोका और चाकू निकालकर लड़की की गर्दन पर लगा दिया. स्थानीय लोगों और दो छुट्टी पर मौजूद पुलिसकर्मियों ने मिलकर आरोपी को काबू में किया और लड़की को सुरक्षित बचा लिया। आरोपी को पुलिस ने हिरासत में ले लिया है। सातारा के पुलिस अधीक्षक तुषार दोशी ने बताया कि आरोपी लड़के का नाम आर्यन वाघमले है। लड़की और उसके परिवार ने पहले भी आरोपी की शिकायत की थी, जिसके बाद उसे समझाया गया था। इसके बावजूद वह लड़की को परेशान करता रहा। लड़के के खिलाफ POCSO एक्ट और अन्य गंभीर धाराओं के",महाराष्ट्र में नाबालिग पर हुआ चा​कू हमला ‘लव जिहाद’ का प्रकरण नहीं; जानिए सच,,REF,REF,REF,False,no_flip,,,False,
761,CA_CHAR_05_HomoglyphPerturbation,लेख में बताया गया है कि रिक्टर पैमाने पर 3.0 से 3.9 तीव्रता के भूकंप हर वर्ष भारी तबाही मचाते हैं।,लेख में कहा गया है कि इस तीव्रता के भूकंप सामान्यतः कोई हानि नहीं पहुंचाते।,लेख में बताया गया है कि रिक्टर पैमाने पर 3.0 से​ 3.9 तीव्रता के भूकंप हर वर्ष भारी तबाही मचाते हैं।,,REF,REF,REF,False,no_flip,,,False,
762,CA_CHAR_05_HomoglyphPerturbation,मुजफ्फरनगर के खतौली क्षेत्र में गौकशी के दो मामलों में वांछित एक बदमाश को पुलिस मुठभेड़ में पैर में गोली लगने के बाद गिरफ्तार किया गया।,"गिरफ्तार आरोपी के पास से 12 बोर का अवैध तमंचा, जिंदा व खोखा कारतूस, बिना नंबर प्लेट की मोटरसाइकिल और गौकशी में प्रयुक्त उपकरण बरामद हुए।",मुजफ्फ़रनगर के खतौली क्षेत्र में गौकशी के दो मामलों में वांछित एक बदमाश को पुलिस मुठभेड़ में पैर में गोली लगने के बाद गिरफ्तार किया गया।,,SUP,SUP,SUP,False,baseline_failure,,,False,
763,CA_CHAR_05_HomoglyphPerturbation,"पीएम-किसान की वार्षिक सहायता बढ़ाकर 12,000 रुपये कर दी गई है।","वनइंडिया हिंदी की रिपोर्ट में सरकार के संसदीय उत्तर के हवाले से कहा गया है कि 6,000 से 12,000 रुपये करने का कोई प्रस्ताव स्वीकृत नहीं हुआ है।","पीएम-किसान की वार्षिक सहायता बढ़ाकर 12,000 रुपये कर दी ग़ई है।",,REF,REF,REF,False,no_flip,,,False,
764,CA_CHAR_05_HomoglyphPerturbation,दिल्ली-देहरादून एक्सप्रेसवे के चालू होते ही मुस्लिमों ने खोले इसके नट-बोल्ट? पूरी तरह भ्रामक है वायरल दावा।,"सोशल मीडिया पर एक वीडियो वायरल है, जिसमें कुछ बच्चे ब्रिज पर लगे नट-बोल्ट खोलकर भागते नजर आ रहे हैं। वीडियो को सोशल मीडिया पर सांप्रदायिक दावे के साथ शेयर किया जा रहा है। दावा किया जा रहा है कि दिल्ली देहरादून एक्सप्रेसवे के उद्घाटन के एक हफ्ते के अंदर ही मुस्लिम समुदाय के लोग इसके नट बोल्ट चोरी करते नजर आए। वायरल वीडियो के सथा यूजर ने लिखा है- मामला दिल्ली-देहरादून एक्सप्रेसवे का बताया जा रहा है। एक्सप्रेसवे खुलने के सिर्फ एक हफ्ते के भीतर ही ये लड़के वहां से नट-बोल्ट चोरी करते नजर आ रहे हैं। फेसबुक।आर्काइव अनुसंधान से पता चलता है कि… पड़ताल की शुरुआत में हमने वायरल वीडियो के तस्वीरों का रिवर्स इमेज सर्च किया । परिणाम में वायरल वीडियो हमें कांग्रेस की तरफ से 12 जून, 2025 को किये गए एकएक्सपोस्ट में मिला। यहां पर ये साफ होता है कि वीडियो हाल ही का नहीं है। खबर के अनुसार ये घटना डबल डेकर ब्रिज की है। उस वक्त कांग्रेस ने सवाल उठाया था कि में करोड़ों के डबल डेकर ब्रिज के उद्घाटन के बाद एक ही दिन में नट-बोल्ट या तो ढीले हो गए या चोरी हो गए। पटना के डबल डेकर ब्रिज से गायब हो रहे है नट-बोल्ट – क्या अब जान की कीमत भी ‘ठेकेदारी’ तय करेगी?”पटना में बने करोड़ों के डबल डेकर ब्रिज से एक ही दिन में नट-बोल्ट या तो ढीले हो गए या चोरी कर लिए गए।ये सिर्फ लापरवाही नहीं, बल्कि भ्रष्टाचार की जड़ें इतनी गहरी हैं कि अब पुल भी…pic.twitter.com/OZirXCSvCb मिली जानकारी की मदद लेते हुए अधिक सर्च करने पर हमें दैनिक जागरण की 14 जून 2025 की रिपोर्ट मिली। खबर में बताया गया है किबिहारके राज्य पुल निर्माण निगम ने मामले की जानकारी मिलते ही ब्रिज पर लगे नट – बोल्ट पर बेल्डिंग करवा दी थी। इसके अलावानवभारत टाइम्स की रिपोर्ट के मुताबिक, उद्घाटन के अगले ही दिन, कुछ लड़के सिक्योरिटी रेलिंग के नट बोल्ट खोलते नजर आए थे । न्यूज 18 ने वीडियो बनाने वाले शुभम कुमार नाम के शख्स से बात की थी। उन्होंने बताया था कि 12 जून की सुबह जब उन्होंने और उनके भैया संतोष ने कुछ बच्चों को नट खोलते देखा तो उन्होंने उन्हें डांटा। इस पर वो सारे नट वहीं छोड़कर भाग गए। वीडियो के वायरल होने के बाद प्रशासन ने रेलिंग के सभी नट-बोल्ट की वेल्डिंग करवाई थी। हमने गूगल मैप्स पर मौजूद पटना के डबल डेकर फ्लाईओवर की तस्वीर की तुलना वायरल",दिल्ली-देहरादून एक्सप्रेसवे के​ चालू होते ही मुस्लिमों ने खोले इसके नट-बोल्ट? पूरी तरह भ्रामक है वायरल दावा।,,REF,REF,REF,False,no_flip,,,False,
765,CA_CHAR_05_HomoglyphPerturbation,अवसाद केवल बुजुर्ग लोगों को हो सकता है।,विश्व स्वास्थ्य संगठन के अनुसार अवसाद किसी को भी हो सकता है।,अवसाद केवल बुजुर्ग लोगों को हो सकता​ है।,,REF,REF,REF,False,no_flip,,,False,
766,CA_CHAR_05_HomoglyphPerturbation,कई स्थानों पर सड़क का आधा हिस्सा बह गया था।,लेख में कई जगह आधी सड़क बहने का उल्लेख है।,कई स्थानों पर सड़क का आधा हि​स्सा बह गया था।,,SUP,SUP,SUP,False,baseline_failure,,,False,
767,CA_CHAR_05_HomoglyphPerturbation,अमेरिकन जिनसेंग लंबे समय तक लेने पर पूरी तरह सुरक्षित है।,"एनसीसीआईएच के अनुसार सर्दी रोकने के लिए अमेरिकन जिनसेंग लंबे समय तक लिया जा सकता है, लेकिन इसकी दीर्घकालिक सुरक्षा के बारे में बहुत कम जानकारी है।",अमेरिकन जिनसेंग लंबे समय तक लेने पर पूरी तरह सु​रक्षित है।,,NEI,NEI,NEI,False,baseline_failure,,,False,
768,CA_CHAR_05_HomoglyphPerturbation,प्रधानमंत्री सभी नागरिकों को मुफ्त कार देने की योजना चला रहे हैं।,आकाशवाणी समाचार की हिंदी रिपोर्ट के अनुसार मुफ्त कार देने वाला वीडियो-आधारित दावा पीआईबी फैक्ट चेक में फर्जी पाया गया।,प्रधानमंत्री सभी नागरिकों को मुफ्त कार देने की योज़ना चला रहे हैं।,,REF,REF,REF,False,no_flip,,,False,
769,CA_CHAR_05_HomoglyphPerturbation,लेख में प्रभावित परिवारों को स्थायी पुनर्वास के लिए सरकार द्वारा घोषित मुआवजे की सटीक राशि बताई गई है।,लेख में किसी निश्चित मुआवजा राशि का उल्लेख नहीं है।,लेख में प्रभावित परिवारों को स्थायी पुनर्वास के लिए सरकार द्वारा घोषित मुआवजे की​ सटीक राशि बताई गई है।,,NEI,REF,REF,False,baseline_failure,,,False,
770,CA_CHAR_05_HomoglyphPerturbation,लेख में बताया गया है कि वर्तमान में उत्तरकाशी से देहरादून तक 60 किलो भार उठाने वाले ड्रोन नियमित रूप से संचालित हो रहे हैं।,लेख में वर्तमान ड्रोन की भार क्षमता सीमित बताई गई है और 60 किलो वाले ड्रोन प्रस्तावित हैं।,लेख में बताया गया है कि वर्तमान में उत्तरकाशी से​ देहरादून तक 60 किलो भार उठाने वाले ड्रोन नियमित रूप से संचालित हो रहे हैं।,,REF,REF,REF,False,no_flip,,,False,
771,CA_CHAR_05_HomoglyphPerturbation,एक वायरल पोस्ट में दावा किया गया कि आलिया भट्ट ने लोकसभा चुनाव लड़ने के लिए कांग्रेस की सदस्यता ले ली है।,PIB Fact Check ने वायरल कार्ड को फर्जी बताया और कहा कि आलिया भट्ट के राजनीति में शामिल होने की ऐसी कोई आधिकारिक घोषणा नहीं है। कार्ड पर दिखाया गया लोगो और भाषा भी किसी सरकारी संचार से मेल नहीं खाती।,एक वायरल पोस्ट में दावा किया गया कि आलिया भट्ट ने लोकसभा चुना​व लड़ने के लिए कांग्रेस की सदस्यता ले ली है।,,REF,REF,REF,False,no_flip,,,False,
772,CA_CHAR_05_HomoglyphPerturbation,महाराजगंज पुलिस ने पुराने मोबाइल के जरिए साइबर ठगी करने वाले गिरोह के पांच आरोपियों को गिरफ्तार किया।,लेख के अनुसार कंबल और बर्तन के बदले मोबाइल लेकर साइबर ठगी करने वाले अंतरराज्यीय गिरोह के पांच आरोपियों को गिरफ्तार किया गया।,महाराजगंज पुलिस ने पुराने मोबा​इल के जरिए साइबर ठगी करने वाले गिरोह के पांच आरोपियों को गिरफ्तार किया।,,SUP,SUP,SUP,False,no_flip,,,False,
773,CA_CHAR_05_HomoglyphPerturbation,उत्तर प्रदेश के हापुड़ में एक गद्दा फैक्ट्री में भीषण आग लगने से एक मजदूर की जिंदा जलकर मौत हो गई जबकि एक अन्य झुलस गया।,"घटना के अनुसार आग फैक्ट्री परिसर में तेजी से फैली, जिससे अंदर मौजूद कर्मचारी समय रहते बाहर नहीं निकल पाए और एक मजदूर की मौके पर ही मौत हो गई।",उत्तर प्रदेश के हापुड़ में एक गद्दा फैक्ट्री में भीषण आग लगने से एक मजदूर की जिंदा जलकर मौत हो​ गई जबकि एक अन्य झुलस गया।,,SUP,SUP,SUP,False,no_flip,,,False,
774,CA_CHAR_05_HomoglyphPerturbation,"वरिष्ठ नागरिकों और दिव्यांग मतदाताओं के लिए मतदान केंद्रों पर व्हीलचेयर, निःशुल्क आने-जाने की सुविधा, अलग कतार और ब्रेल सुविधाओं के निर्देश हैं।","निर्वाचन आयोग के स्पष्टीकरण में वरिष्ठ नागरिकों तथा दिव्यांग मतदाताओं के लिए व्हीलचेयर, निःशुल्क पिक-एंड-ड्रॉप, अलग कतार और ब्रेल सुविधाओं का उल्लेख है।","वरिष्ठ नागरिकों और दिव्यांग मतदाताओं के लिए मतदा​न केंद्रों पर व्हीलचेयर, निःशुल्क आने-जाने की सुविधा, अलग कतार और ब्रेल सुविधाओं के निर्देश हैं।",,SUP,SUP,SUP,False,no_flip,,,False,
775,CA_CHAR_05_HomoglyphPerturbation,प्रधानमंत्री रोजगार सृजन कार्यक्रम का कार्यान्वयन खादी और ग्रामोद्योग आयोग के माध्यम से किया जाता है।,पीआईबी की हिंदी विज्ञप्ति में पीएमईजीपी को एमएसएमई मंत्रालय के तहत खादी और ग्रामोद्योग आयोग के माध्यम से कार्यान्वित बताया गया है।,प्रधानमंत्री रोजगार सृजन कार्यक्रम का कार्यान्वयन खादी और ग्रामोद्योग आयोग़ के माध्यम से किया जाता है।,,SUP,SUP,SUP,False,no_flip,,,False,
776,CA_CHAR_05_HomoglyphPerturbation,"1 जनवरी 2024 के संदर्भ में मतदाता सूची में थर्ड जेंडर मतदाताओं की संख्या 48,044 थी।","पीआईबी की विज्ञप्ति में 'थर्ड जेंडर' के रूप में नामांकित मतदाताओं की संख्या 48,044 दी गई है।","1 जनवरी 2024 के संदर्भ में मतदा​ता सूची में थर्ड जेंडर मतदाताओं की संख्या 48,044 थी।",,SUP,SUP,SUP,False,no_flip,,,False,
777,CA_CHAR_05_HomoglyphPerturbation,वर्ष 2025 में संसद के दोनों सदनों ने केवल 19 विधेयक पारित किए।,संसदीय कार्य मंत्रालय की पीआईबी वर्षांत समीक्षा वर्ष 2025 में संसद के दोनों सदनों द्वारा 39 विधेयक पारित होने की बात कहती है।,वर्ष 2025 में संसद के दोनो​ं सदनों ने केवल 19 विधेयक पारित किए।,,REF,REF,REF,False,no_flip,,,False,
778,CA_CHAR_05_HomoglyphPerturbation,लेख के अनुसार 'रिंग ऑफ फायर' अटलांटिक महासागर के मध्य में स्थित है।,लेख में 'रिंग ऑफ फायर' को प्रशांत बेसिन के चारों ओर स्थित बताया गया है।,लेख के अनुसार 'रिंग ऑफ़ फायर' अटलांटिक महासागर के मध्य में स्थित है।,,REF,REF,REF,False,no_flip,,,False,
779,CA_CHAR_05_HomoglyphPerturbation,एंटीबायोटिक का अत्यधिक उपयोग एएमआर के विकास को धीमा करता है।,डब्ल्यूएचओ के अनुसार एंटीमाइक्रोबियल का गलत और अत्यधिक उपयोग दवा-प्रतिरोधी रोगजनकों के विकास और प्रसार को बढ़ाता है।,एंटीबायोटिक का अत्यधिक उपयोग एएमआर के​ विकास को धीमा करता है।,,REF,REF,REF,False,no_flip,,,False,
780,CA_CHAR_05_HomoglyphPerturbation,अनुष्का शर्मा ने एक पशु आश्रय गृह के फंडरेजर को अपनी इंस्टाग्राम स्टोरी पर साझा किया।,द लल्लनटॉप ने अनुष्का की इंस्टाग्राम स्टोरी का हवाला देते हुए बताया कि उन्होंने घायल पशुओं के इलाज के लिए चलाए जा रहे फंडरेजर का लिंक साझा किया। संबंधित आश्रय गृह ने भी स्टोरी रीशेयर कर धन्यवाद लिखा।,अनुष्का शर्मा ने एक पशु आश्रय गृह के फंडरेजर को​ अपनी इंस्टाग्राम स्टोरी पर साझा किया।,,SUP,SUP,SUP,False,no_flip,,,False,
781,CA_CHAR_05_HomoglyphPerturbation,मलबे ने सड़क किनारे की दुकानों के शटर तोड़ दिए।,लेख में दुकानों के शटर टूटने की जानकारी दी गई है।,मलबे​ ने सड़क किनारे की दुकानों के शटर तोड़ दिए।,,SUP,SUP,SUP,False,no_flip,,,False,
782,CA_CHAR_05_HomoglyphPerturbation,अभिनेता जितेंद्र ने इस वायरल पोस्ट पर कानूनी कार्रवाई करने की घोषणा की थी।,जांच का केंद्र वायरल पोस्ट की सत्यता था। लेख में यह उल्लेख नहीं है कि अभिनेता ने इस मामले में किसी कानूनी कार्रवाई की घोषणा की हो।,अभिनेता जितेंद्र ने इस वायरल पोस्ट पर कानूनी कार्रवाई करने की​ घोषणा की थी।,,NEI,REF,REF,False,baseline_failure,,,False,
783,CA_CHAR_05_HomoglyphPerturbation,फॉर्म 17सी की हस्ताक्षरित प्रतियां उपस्थित मतदान एजेंटों के साथ साझा की जाती थीं।,पीआईबी की विज्ञप्ति में पीठासीन अधिकारी और उपस्थित मतदान एजेंटों द्वारा हस्ताक्षरित फॉर्म 17सी की प्रतियां सभी उपस्थित मतदान एजेंटों से साझा करने का उल्लेख है।,फॉर्म 17सी की​ हस्ताक्षरित प्रतियां उपस्थित मतदान एजेंटों के साथ साझा की जाती थीं।,,SUP,SUP,SUP,False,no_flip,,,False,
784,CA_CHAR_05_HomoglyphPerturbation,कियारा आडवाणी की 2016 की एक पार्टी फोटो को हाल में सिद्धार्थ मल्होत्रा से अलगाव की तस्वीर बताकर शेयर किया गया।,Newschecker Hindi ने रिवर्स इमेज सर्च में पाया कि तस्वीर कई साल पहले एक फिल्मी इवेंट की है। रिपोर्ट के अनुसार फोटो का हालिया शादीशुदा जीवन या तलाक की अफवाह से कोई संबंध नहीं है।,कियारा आडवाणी की 2016 की एक पार्टी फोटो को हाल में सिद्धार्थ मल्होत्रा से अलगाव की तस्वीर बताकर शेयर कि​या गया।,,REF,REF,REF,False,baseline_failure,,,False,
785,CA_CHAR_05_HomoglyphPerturbation,पानी के आसपास बच्चों की निगरानी डूबने की रोकथाम का महत्वपूर्ण उपाय है।,विश्व स्वास्थ्य संगठन बच्चों की सक्षम और निकट निगरानी को डूबने से बचाव के उपायों में शामिल करता है।,पानी के आसपास बच्चों की निगरानी डूबने की रो​कथाम का महत्वपूर्ण उपाय है।,,SUP,SUP,SUP,False,no_flip,,,False,
786,CA_CHAR_05_HomoglyphPerturbation,विटामिन ई सामान्य सर्दी के लक्षणों को कम करता है।,एनसीसीआईएच के अनुसार विटामिन ई के लिए यह दिखाने हेतु पर्याप्त साक्ष्य नहीं हैं कि यह सर्दी रोकता या लक्षणों में राहत देता है।,विटामिन ई सामान्य सर्दी​ के लक्षणों को कम करता है।,,NEI,REF,REF,False,baseline_failure,,,False,
787,CA_CHAR_05_HomoglyphPerturbation,"उत्तराखंड सरकार ने बदरीनाथ हाईवे पर भूस्खलन रोकने के लिए नई ₹2,000 करोड़ की परियोजना की घोषणा की।",लेख में ऐसी किसी नई वित्तीय परियोजना या बजट घोषणा का उल्लेख नहीं है।,"उत्तराखंड सरका​र ने बदरीनाथ हाईवे पर भूस्खलन रोकने के लिए नई ₹2,000 करोड़ की परियोजना की घोषणा की।",,NEI,REF,REF,False,baseline_failure,,,False,
788,CA_CHAR_05_HomoglyphPerturbation,वेलेरियन चिंता के उपचार में प्रभावी है।,एनसीसीआईएच के अनुसार चिंता में वेलेरियन के लाभ पर निष्कर्ष निकालने के लिए पर्याप्त साक्ष्य नहीं हैं।,वेलेरियन चि​ंता के उपचार में प्रभावी है।,,NEI,REF,REF,False,baseline_failure,,,False,
789,CA_CHAR_05_HomoglyphPerturbation,आपातकालीन गर्भनिरोधक लेने के लिए कोई न्यूनतम आयु सीमा आवश्यक है।,विश्व स्वास्थ्य संगठन के अनुसार प्रजनन आयु की किसी भी महिला या लड़की को आपातकालीन गर्भनिरोधक की आवश्यकता हो सकती है और इसके उपयोग के लिए कोई आयु सीमा नहीं है।,आपातकालीन गर्भनिरोधक लेने के ळिए कोई न्यूनतम आयु सीमा आवश्यक है।,,REF,REF,REF,False,no_flip,,,False,
790,CA_CHAR_05_HomoglyphPerturbation,"एक मतदान केंद्र में अधिकतम 1,500 मतदाता हो सकते थे।","पीआईबी की विज्ञप्ति में मतदान केंद्र में मतदाताओं की अधिकतम संख्या 1,500 बताई गई है।","एक मतदा​न केंद्र में अधिकतम 1,500 मतदाता हो सकते थे।",,SUP,SUP,SUP,False,no_flip,,,False,
791,CA_CHAR_05_HomoglyphPerturbation,अस्थमा बच्चों और वयस्कों दोनों को प्रभावित करती है।,विश्व स्वास्थ्य संगठन के अनुसार अस्थमा एक दीर्घकालिक फेफड़ों की बीमारी है जो सभी उम्र के लोगों को प्रभावित करती है।,अस्थमा बच्चों और वयस्कों दोनों को प्रभावित करती​ है।,,SUP,SUP,SUP,False,no_flip,,,False,
792,CA_CHAR_05_HomoglyphPerturbation,"CJP के विरोध-प्रदर्शनों के खिलाफ दिल्ली पुलिस के समर्थन में युवाओं का प्रदर्शन करने का दावा गलत, पुराना वीडियो वायरल…","अभी हाल ही में 20 जून को दिल्ली में कॉकरोच जनता पार्टी ने पुलिस की रोक के बावजूद “चलो संसद” मार्च निकाला, जिसके कारण झड़पें हुईं, छात्रों पर पुलिस ने लाठीचार्ज किया, हिंसा हुई और लोगों को हिरासत में लिया गया। इन घटनाक्रमों के बीच, सोशल मीडिया पर एक वीडियो शेयर किया गया, जिसमें दावा किया गया है कि युवाओं का एक समूह CJP के विरोध-प्रदर्शनों के खिलाफ दिल्ली पुलिस के समर्थन में इंडिया गेट पर इकट्ठा हुआ था। वायरल वीडियो के साथ यूजर ने लिखा है- दिल्ली | इंडिया गेट पर जवाबी विरोध प्रदर्शन,युवाओं का एक समूह इंडिया गेट पर इकट्ठा हुआ और उन्होंने दिल्ली पुलिस के प्रति अपना समर्थन व्यक्त किया और जंतर-मंतर प्रदर्शनों से जुड़े प्रदर्शनकारियों के एजेंडे का विरोध किया। प्रदर्शनकारियों ने दिल्ली पुलिस के समर्थन में नारे लगाए और कहा, “दिल्ली पुलिस, हम आपके साथ हैं।” यह जमावड़ा राष्ट्रीय राजधानी में हाल ही में हुए प्रदर्शनों को लेकर जारी विवाद के बीच हुआ है। फेसबुक।आर्काइव अनुसंधान से पता चलता है कि… पड़ताल की शुरुआत में हमने वायरल वीडियो के तस्वीरों का रिवर्स इमेज सर्च किया, परिणाम में हमें वायरल वीडियो से मिलती हुई तस्वीर‘अलामी’नाम की फोटोग्राफी वेबसाइट मिली, जिसमें वही लोग दिख रहे थे जो वायरल क्लिप में थे।जानकारी के अनुसार, यह फोटो 25 नवंबर 2025 को नई दिल्ली में ली गई थी।इससे पुष्टि होती है कि वायरल वीडियो नवंबर 2025 के इसी विरोध प्रदर्शन का है और इसका CJP के प्रदर्शनों से कोई संबंध नहीं है। इसमें ‘यूथ स्टैंड्स फॉर सोसाइटी’ (YSS) के सदस्य कर्तव्य पथ पर शांतिपूर्ण विरोध प्रदर्शन करते हुए दिख रहे हैं। वे दिल्ली पुलिस के प्रति समर्थन जता रहे हैं और कथित माओवादी कमांडर माडवी हिडमा और उसका समर्थन करने वाले समूहों का विरोध कर रहे हैं। प्रदर्शनकारियों के हाथों में ऐसे प्लेकार्ड थे जिन पर लिखा था – “हम दिल्ली पुलिस का समर्थन करते हैं,” “राष्ट्र-विरोधियों को बचाना बंद करो,” “राष्ट्र हिडमा के खिलाफ है,” और “राष्ट्र नक्सलवाद के खिलाफ है।” मिली जानकारी की मदद लेते हुए अधिक सर्च करने पर हमें नवंबर 2025 की कईमीडिया रिपोर्टमिलीं, जिनमें इसी विरोध प्रदर्शन के बारे में बताया गया था। रिपोर्ट के अनुसार, यह प्रदर्शन इंडिया गेट पर वायु प्रदूषण के खिलाफ हुए विरोध प्रदर्शन के दो दिन बाद किया गया था। उ","CJP के विरोध-प्रदर्शनों के खिलाफ दिल्ली पुलिस के समर्थन मे​ं युवाओं का प्रदर्शन करने का दावा गलत, पुराना वीडियो वायरल…",,REF,REF,REF,False,no_flip,,,False,
793,CA_CHAR_05_HomoglyphPerturbation,प्रधानमंत्री फसल बीमा योजना को वर्ष 2025-26 तक जारी रखने की मंजूरी दी गई थी।,पीआईबी विज्ञप्ति में पीएमएफबीवाई और पुनर्गठित मौसम आधारित फसल बीमा योजना को 2025-26 तक जारी रखने की मंजूरी का उल्लेख है।,प्रधानमंत्री फ़सल बीमा योजना को वर्ष 2025-26 तक जारी रखने की मंजूरी दी गई थी।,,SUP,SUP,SUP,False,no_flip,,,False,
794,CA_CHAR_05_HomoglyphPerturbation,"महाराजगंज में प्रधानमंत्री आवास योजना के दूसरे चरण में 8,774 पात्र आवेदकों को योजना में शामिल किया गया।","अमर उजाला की हिंदी रिपोर्ट के अनुसार महाराजगंज में पीएम आवास योजना-द्वितीय चरण के तहत 8,774 पात्र आवेदक शामिल किए गए थे।","महाराजगंज में प्रधानमंत्री आवास योजना के दूसरे चरण मे​ं 8,774 पात्र आवेदकों को योजना में शामिल किया गया।",,SUP,SUP,SUP,False,no_flip,,,False,
795,CA_CHAR_05_HomoglyphPerturbation,अपूर्वा मखीजा ने शिवांगी जोशी और हर्षद चोपड़ा का मजाक उड़ाया।,TV9 भारतवर्ष की खबर में इतना ही है कि नेटफ्लिक्स के रियलिटी शो 'लॉकअप 2' में अपूर्वा मखीजा ने आते ही सभी रिश्तों की पोल खोल दी है. शेष विवरण रिपोर्ट में नहीं है।,अपूर्वा मखीजा ने शिवांगी जोशी​ और हर्षद चोपड़ा का मजाक उड़ाया।,,NEI,NEI,NEI,False,no_flip,,,False,
796,CA_CHAR_05_HomoglyphPerturbation,पीएम विश्वकर्मा योजना पारंपरिक कारीगरों और शिल्पकारों को आधुनिक उपकरणों तथा तकनीक से जोड़ने के लिए बनाई गई है।,पीआईबी की हिंदी सामग्री में पीएम विश्वकर्मा योजना के तहत कारीगरों और शिल्पकारों को सहायता देने तथा उनके काम को सशक्त करने का वर्णन है।,पीएम विश्वकर्मा योजना पारंपरिक कारीगरों और शिल्पकारों को आधुनिक उपकरणों तथा तकनीक से जोड़ने के लि​ए बनाई गई है।,,SUP,SUP,SUP,False,no_flip,,,False,
797,CA_CHAR_05_HomoglyphPerturbation,निरहुआ की बात सुनकर आम्रपाली दुबे कैमरे पर रो पड़ीं।,"प्रभात खबर के अनुसार, आम्रपाली दुबे 'भोजपुरी बवाल' के नए प्रोमो में निरहुआ और मां की बात सुनकर भावुक हो गईं. — इससे अधिक जानकारी रिपोर्ट में शामिल नहीं है।",निरहुआ की बात सुनकर आम्रपाली दुबे​ कैमरे पर रो पड़ीं।,,NEI,NEI,NEI,False,baseline_failure,,,False,
798,CA_CHAR_05_HomoglyphPerturbation,2020 के कोरोना टाइम का वीडियो CJP प्रोटेस्ट से जोड़कर भ्रामक दावे से वायरल।,"जंतर- मंतर पर सीजेपी के किसी प्रोटेस्ट का नहीं है यह वीडियो, बल्कि कोरोना के समय लगे लॉकडाउन का है। नीट पेपर लीक, परीक्षा अनियमितताओं और केंद्रीय शिक्षा मंत्री धर्मेंद्र प्रधान के इस्तीफे को लेकर कॉकरोच जनता पार्टी के नेतृत्व में भारी विरोध प्रदर्शन देखने को मिला। प्रदर्शन को और बल देने के लिए पिछले दिनों 20 जुलाई को संसद मार्च का आह्वान किया गया था, जिसमें देश केअलग-अलग राज्यों से प्रदर्शनकारी दिल्ली पहुंचे थें। इस दौरान पुलिस ने प्रदर्शनकारियों पर लाठीचार्ज किया था, जिसमें कई लोग घायल हो गए थें। इसी से जोड़ते हुए इंटरनेट पर एक वीडियो वायरल किया गया है,जिसमें एक फ्लाईओवर पर और उसके नीचे बड़ी संख्या में लोगों का हुजूम नज़र आ रहा है और कतार में खड़ी कई बसें दिख रही हैं। दावा किया जा रहा है कि यह वीडियो सीजेपी के नेतृत्व में जंतर-मंतर पर हुए विरोध प्रदर्शन में शामिल होने के लिए पहुंचे लोगों का है, जिसके कारण दिल्ली की सीमाओं पर लंबा ट्रैफिक जाम लग गया। यूज़र ने वीडियो शेयर करते हुए यह कैप्शन लिखा है… जंतरमंतरकेलिएनिकलेलोग,दिल्लीबॉर्डरजाम। फेसबुक पोस्ट।आर्काइव पोस्ट अनुसंधानसेपताचलताहैकि… हमने जांच की शुरुआत में वायरल वीडियो से की-फ्रेम्स को गूगल लेंस की मदद से रिवर्स इमेज सर्च किया। परिणाम में हमेंहरियाणा यूथ कांग्रेसके आधिकारिक फेसबुक पेज पर यही वायरल वीडियो मिला। यहां वीडियो को 28 मार्च 2020 को पोस्ट किया गया था। वीडियो के साथ कैप्शन लिखा गया था, “आज आनंद विहार आईएसबीटी की स्थिति देखकर बेहद हैरानी होती है। हजारों प्रवासी मजदूर, जो काम और भोजन के अभाव में परेशान हैं, मजबूरी में अपने घरों की ओर लौटने के लिए निकल पड़े हैं।वे इस तरह की स्थिति के हकदार नहीं हैं। सरकार को तुरंत कदम उठाते हुए उनके सुरक्षित घर पहुंचने के लिए उचित व्यवस्था करनी चाहिए।” इससे इतनी बात तो यही साफ़ होती है कि वीडियो अभी का है ही नहीं। पड़ताल में हमें मिलीद टाइम्स ऑफ इंडियाकी 28 मार्च 2020 की एक रिपोर्ट के अनुसार, कोरोना लॉकडाउन के दौरान रोजगार और भोजन की कमी के चलते आनंद विहार बस अड्डे पर हजारों प्रवासी मजदूर अपने गृह राज्यों लौटने के लिए जमा हुए थे। इस रिपोर्ट के दृश्य वायरल वीडियो से मेल खाते हैं, जिसमें श्रमिक घर लौटने के लिए लंबी कतारों में खड़े दिखाई दे रहे हैं। निष्कर्ष तथ्यों के जांच से य",2020 के कोरोना टाइम का वीडियो CJP प्रोटेस्ट से जोड़कर भ्रा​मक दावे से वायरल।,,REF,REF,REF,False,baseline_failure,,,False,
799,CA_CHAR_05_HomoglyphPerturbation,दारमा घाटी में पर्यटकों के 10 दोपहिया वाहन भी फंसे हुए हैं।,लेख में 10 दोपहिया वाहनों के फंसे होने का उल्लेख है।,दारमा घाटी में पर्यटकों के 10 दोपहिया​ वाहन भी फंसे हुए हैं।,,SUP,SUP,SUP,False,no_flip,,,False,
800,CA_CHAR_05_HomoglyphPerturbation,उत्तर प्रदेश पुलिस ने ऑपरेशन साइ-वज्र के तहत 773 साइबर अपराधियों को गिरफ्तार किया।,समाचार के अनुसार सात जुलाई से चलाए गए अभियान में पुलिस ने 773 साइबर अपराधियों को गिरफ्तार किया।,उत्तर प्रदेश पुलिस ने​ ऑपरेशन साइ-वज्र के तहत 773 साइबर अपराधियों को गिरफ्तार किया।,,SUP,SUP,SUP,False,baseline_failure,,,False,
801,CA_CHAR_05_HomoglyphPerturbation,"13 वर्षीय नाबालिग लड़की के साथ दुष्कर्म मामले के अपराधियों का नहीं है ये वीडियो, सरासर फर्जी है वायरल दावा…","राजस्थान के श्रीगंगानगर में 13 साल की नाबालिग के साथ हुई रेप की घटना से जोड़ते हुए सोशल मीडिया पर एक वीडियो तेजी से वायरल हो रहे हैं।जिसमें पुलिसवाले कुछ लोगों के हाथ में रस्सी बांधकर उन्हें ले जा रहे हैं। पुलिसवाले इन लोगों को मार भी रहे हैं। दावा किया जा रहा है कि ये श्रीगंगानगर रेप केस के आरोपी है, जिनके साथ पुलिस ने ऐसा व्यवहार किया। वायरल वीडियो के साथ यूजर ने लिखा है- यहीं हैं वो 13 साल की “बिटियां” के साथ दरिंदगी कर मार देने वाले दरिंदे इन दरिंदों को ऐसी सज़ा दी जाएं जो दुनियां में मिसाल बने मगर फिर से वही ब्लडी डेमोक्रेसी..एक 13 साल की बच्ची कोचिंग जाने के लिए रिक्शा पकड़ती है रिक्शे वाला उसे 50 हज़ार में एक होटल के मालिक को बेच देता है….जिसे ये 5 दिन तक 32 लोग उस बच्ची को नोचते रहते हैं चंद पैसों के लिए होटल मालिक ने मात्र 13 साल की बिटियां को 32 लोगो के सामने परोस दिया….इन 5 दिनों में उसका शरीर ही नहीं आत्मा भी मर गईं होगी!! फेसबुक।आर्काईव अनुसंधान से पता चलता है कि… पड़ताल की शुरुआत में हमने वायरल वीडियो के तस्वीरों का रिवर्स इमेज सर्च किया, परिणाम में हमें वायरल वीडियो से मेल खाता हुआ वीडियो 18 मार्च 2026 को प्रकाशित’आज तक‘ की रिपोर्ट में मिला। इससे ये साफ हे कि वीडियो हाल ही का नहीं है। यह घटना झिलिया गाँव के एक फ़ार्महाउस पर हुए हिंसक हमले का है। रिपोर्ट में बताया गया है कि 15-20 हथियारबंद लोगों ने फ़ार्महाउस पर हमला किया, संपत्ति को नुकसान पहुँचाया और वहाँ मौजूद लोगों को धमकाया, जिसके बाद पुलिस ने 18 आरोपियों को गिरफ़्तार किया। मिली जानकारी की मदद लेते हुए अधिक सर्च करने पर हमें ‘लल्लनटॉप‘ की एक रिपोर्ट मिली। रिपोर्ट के मुताबिक, ये वीडियो गुजरात के पाटन ज़िले के हैं, जहाँ पुलिस ने चनासमा तालुका के झिलिया गाँव में एक फ़ार्महाउस पर हमला करने के आरोप में गिरफ़्तार 18 लोगों को सबके सामने घुमाया था। खबर के अनुसार मंदिर के दान से जुड़े कथित विवाद के बाद हथियारबंद होकर तोड़-फोड़ करने और दहशत फैलाने के आरोप में इन लोगों को गिरफ़्तार किया गया था। पुलिस ने आरोपियों को सबके सामने माफ़ी भी मंगवाई गई। दैनिक भास्करकी 23 मार्च की रिपोर्ट के मुताबिक, ये फार्म हाउस, भावेश देसाई नामक व्यक्ति का है। फार्म हाउस के अलावा आरोपियों ने पुलिस वाहन पर भी हमला किया था। इंड","13 वर्षीय नाबालिग लड़की के​ साथ दुष्कर्म मामले के अपराधियों का नहीं है ये वीडियो, सरासर फर्जी है वायरल दावा…",,REF,REF,REF,False,no_flip,,,False,
802,CA_CHAR_05_HomoglyphPerturbation,जैस्मिन भसीन ने अली गोनी से शादी के सवाल पर टालमटोल की।,TV9 भारतवर्ष की स्टोरी बताती है कि टीवी एक्ट्रेस जैस्मिन भसीन और अली गोनी से अक्सर ये सवाल पूछा जाता है कि वो दोनों शादी कब करेंगे. पर तारीख या आंकड़े नहीं दिए गए।,जैस्मिन भसीन ने अली गोनी से शादी के सवाल पर टालमटोल की​।,,NEI,,,False,baseline_failure,,,False,
803,CA_CHAR_05_HomoglyphPerturbation,मेथी मासिक धर्म के दर्द को प्रभावी रूप से कम करती है।,"एनसीसीआईएच के अनुसार मासिक धर्म के दर्द में मेथी पर बहुत कम अध्ययन हैं, साक्ष्य की गुणवत्ता कम है और प्रभाव अनिश्चित हैं।",मेथी मासिक धर्म के दर्द को प्रभा​वी रूप से कम करती है।,,NEI,REF,REF,True,flip,,,True,judge_unavailable
804,CA_CHAR_05_HomoglyphPerturbation,कोविड के संदर्भ में सभाओं और रैलियों के लिए सार्वजनिक स्थानों का आवंटन यथासंभव सुविधा ऐप से करने का निर्देश था।,पीआईबी की विज्ञप्ति में कोविड के मद्देनज़र सभाओं और रैलियों के लिए सार्वजनिक स्थानों के आवंटन हेतु सुविधा ऐप का यथासंभव उपयोग करने का निर्देश है।,कोविड के संदर्भ में सभाओं और रैलियों के लिए सार्वजनिक स्थानों का आवंटन यथासंभव सुविधा ऐप से करने का निर्दे​श था।,,SUP,,,False,unusable_verdict,,,False,
805,CA_CHAR_05_HomoglyphPerturbation,लेटेंट टीबी संक्रमण वाले 25% रोगियों में 5 साल बाद सक्रिय टीबी विकसित हो जाती है।,"सीडीसी (सीडीसी) के अनुसार, बिना इलाज के लगभग 5 से 10% संक्रमित लोगों को अपने जीवन में किसी समय टीबी रोग विकसित हो जाएगा। टीबी विकसित करने वाले लगभग आधे लोग संक्रमण के पहले दो वर्षों के भीतर ऐसा करते हैं।",लेटेंट टीबी संक्रमण वाले 25% रोगियों में 5 साल बाद सक्रिय टीबी विकसित हो जाती है​।,,REF,,,False,unusable_verdict,,,False,
806,CA_CHAR_05_HomoglyphPerturbation,अरशद वारसी का गोवा स्थित कासा जेन विला पर्यटकों के लिए निःशुल्क ठहरने की सुविधा देता है।,"रिपोर्ट में बताया गया है कि इस हेरिटेज विला में ठहरने के लिए लगभग ₹75,000 प्रति रात का किराया लिया जाता है, यह निःशुल्क उपलब्ध नहीं है।",अरशद वारसी का गोवा स्थित कासा जेन विला पर्यटकों के​ लिए निःशुल्क ठहरने की सुविधा देता है।,,REF,REF,REF,False,no_flip,,,False,
807,CA_CHAR_05_HomoglyphPerturbation,वैज्ञानिक अध्ययन व्यक्तिगत सफलता की कहानी की तुलना में स्वास्थ्य प्रभाव के लिए अधिक विश्वसनीय साक्ष्य देते हैं।,"एनसीसीआईएच के अनुसार शोध अध्ययनों से प्राप्त साक्ष्य विज्ञापन, वेबसाइट दावे या व्यक्तिगत अनुभव से अधिक मजबूत और विश्वसनीय होते हैं।",वैज्ञानिक अध्ययन व्यक्तिगत सफलता की कहानी की तुलना में स्वास्थ्य प्रभाव के लिए अधिक विश्वसनीय साक्ष्य देते है​ं।,,SUP,SUP,SUP,False,no_flip,,,False,
808,CA_CHAR_05_HomoglyphPerturbation,तंबाकू का उपयोग मुंह के कैंसर के जोखिम से जुड़ा है।,"डब्ल्यूएचओ तंबाकू उपयोग को मुख संबंधी रोग, विशेषकर मुंह का कैंसर, के प्रमुख जोखिम कारकों में शामिल करता है।",तंबाकू का उपयोग मुंह के कैंसर के जोखि​म से जुड़ा है।,,SUP,SUP,SUP,False,no_flip,,,False,
809,CA_CHAR_05_HomoglyphPerturbation,मलबा आने से सड़क रोखड़ में तब्दील हो गई।,लेख में सड़क के रोखड़ में बदल जाने की जानकारी दी गई है।,मलबा आने से सड़क रोखड़ में तब्दीळ हो गई।,,SUP,SUP,SUP,False,no_flip,,,False,
810,CA_CHAR_05_HomoglyphPerturbation,भारत में मतदाता के रूप में पंजीकरण के लिए केवल 16 वर्ष की आयु पूरी होना पर्याप्त है।,न्यू इंडिया समाचार में अनुच्छेद 326 के संदर्भ में 18 वर्ष की आयु पूरी करने वाले और कानून के तहत अयोग्य न घोषित नागरिक को मतदाता पंजीकरण का अधिकार बताया गया है।,भारत में मतदाता के रूप में पंज़ीकरण के लिए केवल 16 वर्ष की आयु पूरी होना पर्याप्त है।,,REF,REF,REF,False,no_flip,,,False,
811,CA_CHAR_05_HomoglyphPerturbation,मेडिटेशन बच्चों और किशोरों में एडीएचडी के लक्षणों में प्रभावी है।,"एनसीसीआईएच के अनुसार एडीएचडी लक्षणों में मेडिटेशन सहायक है या नहीं, यह स्पष्ट नहीं है।",मे​डिटेशन बच्चों और किशोरों में एडीएचडी के लक्षणों में प्रभावी है।,,NEI,NEI,NEI,False,baseline_failure,,,False,
812,CA_CHAR_05_HomoglyphPerturbation,पर्यटकों ने ग्रामीणों से सड़क खुलने पर वाहन धारचूला पहुंचाने का अनुरोध किया।,लेख में पर्यटकों का यह अनुरोध प्रकाशित है।,पर्यटकों ने ग्रामीणों से सड़क खुलने पर वाहन धारचूळा पहुंचाने का अनुरोध किया।,,SUP,SUP,SUP,False,no_flip,,,False,
813,CA_CHAR_05_HomoglyphPerturbation,मुनव्वर फारूकी और फलक नाज सहित कई टीवी सेलेब्स ने CJP प्रोटेस्ट का समर्थन किया।,एबीपी न्यूज़ ने केवल इतना बताया कि NEET पेपर लीक और शिक्षा व्यवस्था को लेकर चल रहे CJP प्रोटेस्ट को कई टीवी सितारों का समर्थन मिला है. बाकी विवरण अनुपलब्ध है।,मु​नव्वर फारूकी और फलक नाज सहित कई टीवी सेलेब्स ने CJP प्रोटेस्ट का समर्थन किया।,,NEI,NEI,NEI,False,no_flip,,,False,
814,CA_CHAR_05_HomoglyphPerturbation,जल शक्ति मंत्रालय ने 20 मई 2026 को सातवें सुजल ग्राम संवाद का आयोजन किया।,पेयजल और स्वच्छता विभाग की विज्ञप्ति में 20 मई 2026 को बहुभाषी सुजल ग्राम संवाद का सातवां संस्करण आयोजित करने का उल्लेख है।,जल शक्ति मंत्रालय ने 20 मई 2026 को सातवें सुजल ग्राम संवाद का​ आयोजन किया।,,SUP,SUP,SUP,False,no_flip,,,False,
815,CA_CHAR_05_HomoglyphPerturbation,नवजात शिशु को स्तनपान कराने से सडन इन्फेंट डेथ सिंड्रोम (एसआईडीएस) का खतरा काफी कम हो जाता है।,"सीडीसी (सीडीसी) की सिफारिशों के अनुसार, एसआईडीएस के जोखिम को कम करने के लिए शिशु को स्तनपान (स्तनपान) कराना सबसे प्रभावी और सुरक्षित तरीकों में से एक है।",नवजात शि​शु को स्तनपान कराने से सडन इन्फेंट डेथ सिंड्रोम (एसआईडीएस) का खतरा काफी कम हो जाता है।,,SUP,SUP,SUP,False,no_flip,,,False,
816,CA_CHAR_05_HomoglyphPerturbation,तब्बू HBO सीरीज 'Dune: Prophecy' में Sister Francesca का किरदार निभाएंगी।,रिपोर्ट में बताया गया कि तब्बू को 'Dune: Prophecy' में Sister Francesca के रूप में कास्ट किया गया है। यह जानकारी अंतरराष्ट्रीय मनोरंजन रिपोर्टों और सीरीज की कास्टिंग अपडेट से मेल खाती है।,तब्बू HBO सीरीज 'Dune: Prophecy' में Sister Francesca का​ किरदार निभाएंगी।,,SUP,SUP,SUP,False,no_flip,,,False,
817,CA_CHAR_05_HomoglyphPerturbation,टेटनस की रोकथाम टीकाकरण से संभव है।,डब्ल्यूएचओ टीकाकरण को टेटनस रोकथाम का प्रमुख उपाय बताता है।,टेटनस की रोकथाम टीकाकरण से​ संभव है।,,SUP,SUP,SUP,False,baseline_failure,,,False,
818,CA_CHAR_05_HomoglyphPerturbation,सुकन्या समृद्धि योजना 22 जनवरी 2015 को बेटी बचाओ बेटी पढ़ाओ अभियान के हिस्से के रूप में शुरू की गई थी।,पीआईबी की हिंदी विज्ञप्ति में सुकन्या समृद्धि योजना को 22 जनवरी 2015 को बेटी बचाओ बेटी पढ़ाओ अभियान के हिस्से के रूप में शुरू की गई लघु बचत योजना बताया गया है।,सुकन्या समृद्धि योजना 22 जनवरी 2015 को बेटी बचाओ बेटी पढ़ाओ अभियान के​ हिस्से के रूप में शुरू की गई थी।,,SUP,SUP,SUP,False,no_flip,,,False,
819,CA_CHAR_05_HomoglyphPerturbation,अनीता आडवाणी ने दावा किया कि राजेश खन्ना को अपने अडॉप्शन का सच पता चला था।,"इंडिया टीवी: राजेश खन्ना की निजी जिंदगी हमेशा चर्चा में रही। अब वह इस दुनिया में नहीं हैं, लेकिन इसके बाद भी उनका नाम चर्चा में है, जिसकी वजह हैं दिवंगत सुपरस्टार की रूमर्ड गर्लफ्रेंड अनीता अडवाणी।",अनीता आडवा​णी ने दावा किया कि राजेश खन्ना को अपने अडॉप्शन का सच पता चला था।,,SUP,NEI,NEI,False,baseline_failure,,,False,
820,CA_CHAR_05_HomoglyphPerturbation,राष्ट्रीय मीडिया पुरस्कार 2022 में केवल प्रिंट मीडिया के लिए पुरस्कार रखे गए थे।,"पीआईबी की विज्ञप्ति में प्रिंट, टेलीविजन, रेडियो और ऑनलाइन/सोशल मीडिया के लिए चार पुरस्कारों की जानकारी है।",राष्ट्रीय मीडिया पुरस्कार 2022 मे​ं केवल प्रिंट मीडिया के लिए पुरस्कार रखे गए थे।,,REF,REF,REF,False,no_flip,,,False,
821,CA_CHAR_05_HomoglyphPerturbation,"केंद्र सरकार ने हिमाचल आपदा के लिए अतिरिक्त 5,000 करोड़ रुपये के नए राहत पैकेज की घोषणा की।",लेख में ऐसे किसी नए अतिरिक्त राहत पैकेज की घोषणा का उल्लेख नहीं है।,"केंद्र सरकार ने हिमाचल आपदा के लिए अतिरिक्त 5,000 करोड़ रुपये के नए राहत पैकेज की​ घोषणा की।",,NEI,REF,REF,False,baseline_failure,,,False,
822,CA_CHAR_05_HomoglyphPerturbation,रामगढ़ पुलिस ने 44 लाख रुपये के साइबर लेन-देन मामले में निखिल कुमार को गिरफ्तार किया।,पुलिस ने निखिल कुमार को गिरफ्तार कर उसके पास से चार मोबाइल और चार फर्जी सिम कार्ड बरामद किए।,रामगढ़ पुलिस ने 44 लाख रुपये के साइबर लेन-देन मामले में निखिल कुमार को ग़िरफ्तार किया।,,SUP,NEI,NEI,False,baseline_failure,,,False,
823,CA_CHAR_05_HomoglyphPerturbation,पाकिस्तान सरकार ने भूकंप प्रभावित लोगों के लिए 50 अरब रुपये के विशेष राहत पैकेज की घोषणा की।,लेख में किसी राहत पैकेज या वित्तीय सहायता की घोषणा का उल्लेख नहीं है।,पाकिस्तान सरकार ने भूकंप प्रभावित लोगों के लि​ए 50 अरब रुपये के विशेष राहत पैकेज की घोषणा की।,,NEI,REF,REF,False,baseline_failure,,,False,
824,CA_CHAR_05_HomoglyphPerturbation,टेटनस में जबड़े में अकड़न और मांसपेशियों में ऐंठन हो सकती है।,डब्ल्यूएचओ टेटनस के लक्षणों में जबड़े की अकड़न और दर्दनाक मांसपेशीय ऐंठन शामिल करता है।,टेटनस में जबड़े में अकड़़न और मांसपेशियों में ऐंठन हो सकती है।,,SUP,SUP,SUP,False,no_flip,,,False,
825,CA_CHAR_05_HomoglyphPerturbation,मतदाता सूची से आधार जोड़ने के लिए आधार-विवरण देना स्वैच्छिक है; केवल आधार न देने के कारण मतदाता का नाम नहीं हटाया जा सकता।,"निर्वाचन आयोग के ‘मिथक बनाम वास्तविकता’ पृष्ठ में चुनाव कानून (संशोधन) अधिनियम, 2021 के तहत आधार-विवरण देना स्वैच्छिक बताया गया है और केवल आधार न देने पर नाम न हटाने की बात कही गई है।",मतदाता सूची से आधार जोड़ने के​ लिए आधार-विवरण देना स्वैच्छिक है; केवल आधार न देने के कारण मतदाता का नाम नहीं हटाया जा सकता।,,SUP,SUP,SUP,False,no_flip,,,False,
826,CA_CHAR_05_HomoglyphPerturbation,'मॉम' के सीक्वल 'मॉम 2' का निर्माण हो रहा है।,अमर उजाला की स्टोरी बताती है कि 2017 में आई फिल्म ‘मॉम’ का सीक्वल बनने जा रहा है। फिल्म से जुड़ी काफी जानकारी सामने आई है। जानिए इसमें कौन निभाएगा लीड। पर इससे जुड़ी आधिकारिक तारीख या आंकड़े रिपोर्ट में नहीं दिए गए।,'मॉम' के सीक्वल 'मॉम 2' का​ निर्माण हो रहा है।,,NEI,SUP,SUP,False,baseline_failure,,,False,
827,CA_CHAR_05_HomoglyphPerturbation,विजय ने 'जन नायकन' के लिए मोटी फीस वसूली।,"अमर उजाला के अनुसार, फिल्म 'जन नायकन' सिनेमाघरों में आज 23 जुलाई को रिलीज हुई है। — इससे अधिक जानकारी रिपोर्ट में शामिल नहीं है।",विजय ने 'जन नायकन' के लिए मोटी फी​स वसूली।,,NEI,NEI,NEI,False,no_flip,,,False,
828,CA_CHAR_05_HomoglyphPerturbation,नियमित रक्तदान के लिए पुरुषों और महिलाओं की न्यूनतम अंतराल अवधि अलग होती है।,पुरुष हर 12 सप्ताह में रक्तदान कर सकते हैं और महिलाएं हर 16 सप्ताह में रक्तदान कर सकती हैं।,नियमित रक्तदान के लिए पुरुषों और महिलाओं की न्यूनतम अंतराल अवधि अलग हो​ती है।,,SUP,SUP,SUP,False,no_flip,,,False,
829,CA_CHAR_05_HomoglyphPerturbation,मनोज मुंतशिर ने 'आदिपुरुष' पर शर्म जताई।,"अमर उजाला की रिपोर्ट के अनुसार, फिल्म ‘आदिपुरूष’ की ट्रोलिंग को लेकर मनोज मुंतशिर ने रिलीज के तीन साल बाद अपनी भावनाएं साझा कीं। जानें क्या कहा मनोज। खबर में यही जानकारी स्पष्ट रूप से दर्ज है।",मनोज मुंतशिर ने 'आदिपु​रुष' पर शर्म जताई।,,SUP,NEI,NEI,False,baseline_failure,,,False,
830,CA_CHAR_05_HomoglyphPerturbation,विमान हादसे में कम से कम सात लोगों की मौत हुई।,लेख में स्थानीय प्रशासन द्वारा सात लोगों की मौत की पुष्टि किए जाने का उल्लेख है।,विमा​न हादसे में कम से कम सात लोगों की मौत हुई।,,SUP,SUP,SUP,False,no_flip,,,False,
831,CA_CHAR_05_HomoglyphPerturbation,पश्चिमी दिल्ली में मात्र 150 रुपये के विवाद में एक युवक की हत्या के मामले में पुलिस ने तीन आरोपियों को गिरफ्तार किया।,सीसीटीवी फुटेज खंगालने और स्थानीय लोगों से पूछताछ के आधार पर पुलिस ने कुछ ही घंटों में तीन संदिग्धों की पहचान कर उन्हें गिरफ्तार कर लिया।,पश्चिमी दिल्ली में मात्र 150 रुपये के विवाद में एक युवक की हत्या के​ मामले में पुलिस ने तीन आरोपियों को गिरफ्तार किया।,,SUP,NEI,NEI,False,baseline_failure,,,False,
832,CA_CHAR_05_HomoglyphPerturbation,लेख के अनुसार वॉशिंगटन में बाढ़ के कारण किसी भी क्षेत्र को खाली नहीं कराया गया।,"लेख में कई शहर खाली कराए जाने और 78,000 लोगों को निकाले जाने की जानकारी दी गई है।",लेख के​ अनुसार वॉशिंगटन में बाढ़ के कारण किसी भी क्षेत्र को खाली नहीं कराया गया।,,REF,REF,REF,False,no_flip,,,False,
833,CA_CHAR_05_HomoglyphPerturbation,"लोकसभा चुनाव 2024 में NOTA के 47,182 वोट डाक मतपत्रों से आए थे।","निर्वाचन आयोग के एटलस में 542 संसदीय क्षेत्रों में 2024 के NOTA मतों में 47,182 डाक मतपत्र होने का उल्लेख है।","लोकसभा चुनाव 2024 में NOTA के 47,182 वोट ड़ाक मतपत्रों से आए थे।",,SUP,SUP,SUP,False,no_flip,,,False,
834,CA_CHAR_05_HomoglyphPerturbation,पश्चिमी विक्षोभ पिछले एक सप्ताह से सक्रिय था।,लेख में पश्चिमी विक्षोभ के एक सप्ताह से सक्रिय रहने की जानकारी दी गई है।,पश्चिमी वि​क्षोभ पिछले एक सप्ताह से सक्रिय था।,,SUP,SUP,SUP,False,no_flip,,,False,
835,CA_CHAR_05_HomoglyphPerturbation,विटामिन के सप्लीमेंट हेपेटाइटिस सी वाले लोगों में लिवर कैंसर का जोखिम कम करते हैं।,एनसीसीआईएच के अनुसार हेपेटाइटिस सी में विटामिन के जैसे सप्लीमेंट द्वारा लिवर कैंसर जोखिम कम करने के साक्ष्य बहुत सीमित हैं।,विटामिन के​ सप्लीमेंट हेपेटाइटिस सी वाले लोगों में लिवर कैंसर का जोखिम कम करते हैं।,,NEI,REF,REF,False,baseline_failure,,,False,
836,CA_CHAR_05_HomoglyphPerturbation,करण कुंद्रा ने समुद्र में स्कूबा डाइविंग के दौरान तेजस्वी प्रकाश को प्रपोज किया।,भास्कर की रिपोर्ट में दर्ज है कि Karan Kundrra proposes Tejasswi Prakash during scuba diving in Mauritius.,करण कुंद्रा ने समुद्र में स्कूबा डाइविंग के दौ​रान तेजस्वी प्रकाश को प्रपोज किया।,,SUP,SUP,SUP,False,no_flip,,,False,
837,CA_CHAR_05_HomoglyphPerturbation,"तीसरे चरण में कुल 1,331 उम्मीदवार चुनावी मैदान में थे।","पीआईबी के अनुसार आम चुनाव 2024 के तीसरे चरण में कुल 1,331 उम्मीदवार चुनावी मैदान में थे।","तीसरे चरण में कुळ 1,331 उम्मीदवार चुनावी मैदान में थे।",,SUP,SUP,SUP,False,no_flip,,,False,
838,CA_CHAR_05_HomoglyphPerturbation,धर्मेंद्र प्रधान के इस्तीफे के बाद भी अभिजीत दीपके के जंतर-मंतर पर डटे रहने का दावा पूरी तरह गलत।,"धर्मेंद्र प्रधान के केंद्रीय शिक्षा मंत्री पद से इस्तीफा देने के बाद सीजेपी का छात्र आंदोलन खत्म हो चुका है। अब इसी से जोड़ते हुए सीजेपी के संस्थापक अभिजीत दीपके का एक वीडियो सोशल मीडिया पर वायरल हो रहा है। इस वीडियो में उन्हें पुलिस के सामने हाथ जोड़ते और घुटने पर बैठते हुए दिखाया गया है। दावा किया जा रहा है कि केंद्रीय शिक्षा मंत्री धर्मेंद्र प्रधान के इस्तीफे के बाद भी अभिजीत दीपके जंतर मंतर खाली नहीं करना चाहते हैं जिसके लिए वे घुटनों के बल बैठकर पुलिस से गुहार लगा रहे हैं। वायरल वीडियो के साथ यूजर ने लिखा है-शिक्षा मंत्री धर्मेंद्र प्रधान के इस्तीफा देने के बाद भी….कॉकरोच अभिजीत दीपके जंतर मंतर छोड़ नहीं रहे और PROTEST भी बंद नहीं कर रहे थे।जैसे ही यह खबर आई कि पुलिस कमिश्नर ने एक ऑर्डर जारी किया है, जिसमें दंगाई और असामाजिक तत्वों की पहचान करके.. उनके खिलाफ एक्शन लेने और ज़रूरत पड़ने पर पासपोर्ट कैंसिल करने और उन्हें 12 महीने तक तिहाड़ जेल में रखने जैसे कदम उठाने का आदेश दिया गया है,,, खुद को बड़ा लीडर मानने वाला ‘कॉकरोच लीडर’ सचमुच घुटनों के बल बैठ गया और रहम की भीख मांगने लगा.. फेसबुक।आर्काइव अनुसंधान से पता चलता है कि… पड़ताल की शुरुआत में हमने वायरल वीडियो के तस्वीरों का रिवर्स इमेज सर्च किया, परिणाम में वायरल वीडियो हमेंसीजेपी समर्थक एक्स अकाउंटपर मिला। यहां पर वीडियो 9 जुलाई को पोस्ट किया गया है। इससे ये साफ है कि वीडियो धर्मेंद्र प्रधान के इस्तीफे से पहले का है। इसके कैप्शन में अभिजीत दीपके ने लिखा, “मैं पुलिस अधिकारियों से अनुरोध करता हूं कि वे हमें टेंट लगाने दें ताकि भूख हड़ताल पर बैठे छात्रों को बारिश से बचाया जा सके। I request the police authorities to please let us set up tents so that the students who are on hunger strike can be protected from rain.–@abhijeet_dipkepic.twitter.com/he1TKEDHBl मिली जानकारी की मदद लेते हुए अधिक सर्च करने पर वायरल वीडियो की रिपोर्ट ‘एबीपी न्यूज’ और ‘दैनिक भास्कर’ की वेबसाइट पर मिलीं। 9 जुलाई 2026 को प्रकाशित रिपोर्ट के अनुसार, अभिजीत दीपके भूख हड़ताल पर बैठे छात्रों को बारिश से बचाने के लिए पुलिस से टेंट लगाने की इजाजत मांग रहे थे। इसलिए उन्होंने पुलिसवालों के सामने हाथ जोड़ने शुरू कर दिए। उन्होंने पुलिस पर टेंट",धर्मेंद्र प्रधान के इस्तीफे के बाद भी अभिजीत दीपके के​ जंतर-मंतर पर डटे रहने का दावा पूरी तरह गलत।,,REF,REF,REF,False,no_flip,,,False,
839,CA_CHAR_05_HomoglyphPerturbation,"प्रधानमंत्री किसान सम्मान निधि में वार्षिक सहायता तीन समान 2,000 रुपये की किश्तों में दी जाती है।","पीआईबी हिंदी पृष्ठ में पीएम-किसान की 6,000 रुपये की वार्षिक सहायता को तीन समान 2,000 रुपये की किश्तों में देने की जानकारी है।","प्रधानमंत्री किसान सम्मान निधि में वार्षिक सहायता तीन समान 2,000 रुपये की किश्तों में दी ज़ाती है।",,SUP,SUP,SUP,False,no_flip,,,False,
840,CA_CHAR_05_HomoglyphPerturbation,चक्रवात दित्वा के कारण चेन्नई हवाई अड्डा पूरी तरह बंद कर दिया गया।,लेख में चेन्नई हवाई अड्डे के संचालन के बारे में कोई जानकारी नहीं दी गई है।,चक्रवात दित्वा के कारण चे​न्नई हवाई अड्डा पूरी तरह बंद कर दिया गया।,,NEI,NEI,NEI,False,no_flip,,,False,
841,CA_CHAR_05_HomoglyphPerturbation,एनीमिया वाले व्यक्ति को चाय जीवन भर पूरी तरह छोड़ देनी चाहिए।,"डब्ल्यूएचओ आयरन-युक्त भोजन के साथ चाय जैसे आयरन अवशोषण घटाने वाले पदार्थों से बचने की सलाह देता है, लेकिन जीवन भर चाय पूरी तरह छोड़ने का नियम नहीं देता।",एनीमिया वाले व्यक्ति को चाय ज़ीवन भर पूरी तरह छोड़ देनी चाहिए।,,NEI,REF,REF,False,baseline_failure,,,False,
842,CA_CHAR_05_HomoglyphPerturbation,लेख में कहा गया है कि पाकिस्तान ने बाढ़ रोकने के लिए देशभर में सभी ग्लेशियरों को कृत्रिम रूप से ढक दिया है।,लेख में ऐसी किसी सरकारी परियोजना या ग्लेशियरों को ढकने का उल्लेख नहीं है।,लेख में कहा गया है कि पाकिस्तान ने बाढ़ रोकने​ के लिए देशभर में सभी ग्लेशियरों को कृत्रिम रूप से ढक दिया है।,,NEI,REF,REF,False,baseline_failure,,,False,
843,CA_CHAR_05_HomoglyphPerturbation,कर्मचारी भविष्य निधि योजना 2026 को केंद्र सरकार ने अधिसूचित किया।,एनडीटीवी इंडिया की हिंदी रिपोर्ट केंद्र सरकार द्वारा कर्मचारी भविष्य निधि योजना 2026 अधिसूचित होने की जानकारी देती है।,कर्मचारी भविष्य निधि योजना 2026 को​ केंद्र सरकार ने अधिसूचित किया।,,SUP,SUP,SUP,False,no_flip,,,False,
844,CA_CHAR_05_HomoglyphPerturbation,सपा नेता राजेश यादव ने ठाकुरों और ब्राह्मणों के खिलाफ दिया भड़काऊ बयान ? क्या है सच…,"सपा नेता राजेश यादव ने फैक्ट क्रेसेंडो को असली वीडियो दिया है। वायरल हो रहे वीडियो को एडिट किया गया है और इसके खिलाफ पुलिस स्टेशन में शिकायत भी दर्ज की है। उत्तर प्रदेश में पहले चरण का मतदान खत्म होते ही सोशल मीडिया पर एक वीडियो तेजी से वायरल किया जा रहा है। जिसमें दावा किया गया है कि समाजवादी पार्टी के एक नेता ने यूपी में ठाकुर और ब्राह्मणों के खिलाफ गलत बयानबाजी की हैं। इस वीडियो में सपा नेता का कहना है कि अगर उनकी पार्टी सत्ता में आती है, तो “ठाकुर को ठकुरा कहा जाएगा और पंडित को पंडिता कहकर बुलाया जाएगा’…साथ ही वे ये भी कहते हैं कि अगर समाजवादी पार्टी की सरकार बनती है, तो इन समुदायों के लोगों को जान से हाथ धोना पड़ेगा। बता दें कई यूजर्स की तरफ से दावा किया जा रहा है कि सपा ने उत्तर प्रदेश के शाहजहांपुर जिले की कटरा विधानसभा सीट से समाजवादी पार्टी के उम्मीदवार ने गलत बयान दिया हैं। पोस्ट के कैप्शन में लिखा हुआ है कि “समाजवादी पार्टी को वोट करने वाले ठाकुरों और पंडितों सुन लो, समाजवादी सरकार आने के बाद ठाकुर को ठाकुरता, पंडित को पंडिता कहा जायेगा, और सबको मार दिया जाएगा। फेसबुक पोस्ट|आर्काइव लिंक *शाहजहांपुर कटरा विधानसभा के सपा प्रत्याशी को देख लो आप के प्रति कितना जहर भरा हैं*ठाकुर और पंडितो को दौड़ा_२ कर मारने का काम करेंगे पूर्व विधायक राजेश यादव, इस तरह के नेताओं पर कब कारवाही करेगी यूपी पुलिस।और कुछ लोग कहते हैं सपा ब्राह्मणों का सम्मान करेगीpic.twitter.com/ZdM7yqd4YH आर्काइव लिंक अनुसंधान से पता चलता है कि… हमने गूगल पर कीवर्ड सर्च करके जांच शुरू की, जिसके बाद हमे परिणाम में शाहजहांपुर पुलिस द्वारा एक ट्वीट मिला, जिसमें लिखा गया है कि वायरल वीडियो भ्रामक है और सपा नेता ने सदर बाजार थाने में पूरे मामले की शिकायत दर्ज करवाई है। सोशल मीडिया पर वायरल सम्बन्धित वीडियो के सम्बंध में वादी द्वारा *वीडियो को एडिट कर भ्रामकता फैलाने* के सम्बंध में थाना सदर बाजार पर अभियोग पंजीकृत कराया गया है, विवेचनात्मक कार्यवाही की जा रही है। अपनी जांच को आगे बढ़ाते हुए फैक्ट क्रेसेंडो ने सपा नेता राजेश यादव केपीआरओ अजीत यादवसे संपर्क किया, उन्होंने वायरल वीडियो की पुष्टि करते हुए कहा कि ये वीडियो एडिट किया गया है। और राजेश यादव के भाषण के कुछ हिस्सों को तोड़-मरोड़कर पेश किया गया",सपा नेता राजेश यादव ने ठा​कुरों और ब्राह्मणों के खिलाफ दिया भड़काऊ बयान ? क्या है सच…,,REF,REF,REF,False,no_flip,,,False,
845,CA_CHAR_05_HomoglyphPerturbation,रणबीर कपूर ने 'धूम 4' में होने की अफवाहों पर चुप्पी तोड़ी।,इंडिया टीवी ने भारती सिंह के इंटरव्यू में उनकी टिप्पणी प्रकाशित की। रिपोर्ट के अनुसार उन्होंने कहा कि वे अपने अनुभवों पर मजाक करती हैं और किसी दर्शक को निशाना बनाना उनका उद्देश्य नहीं है।,रणबीर कपूर ने 'धूम 4' में होने की अफवाहों पर चु​प्पी तोड़ी।,,SUP,NEI,NEI,False,baseline_failure,,,False,
846,CA_CHAR_05_HomoglyphPerturbation,कमल हासन ने सरकार की तारीफ की।,न्यूज़बाइट्स हिंदी की रिपोर्ट में सिर्फ इतना बताया गया कि NEET पेपर लीक विवाद को लेकर देशभर में जारी विरोध प्रदर्शनों के बीच तमिल सुपरस्टार और राज्यसभा सांसद कमल हासन ने बातचीत के लिए सरकार की इच्छा का स्वागत किया है। तारीख या आंकड़ों का उल्लेख नहीं है।,कमल हा​सन ने सरकार की तारीफ की।,,NEI,SUP,SUP,True,flip,5,True,False,
847,CA_CHAR_05_HomoglyphPerturbation,मार्च 2026 में जल जीवन मिशन 2.0 को मंजूरी दी गई थी।,पीआईबी हिंदी पृष्ठ में जल जीवन मिशन 2.0 को मार्च 2026 में मंजूरी मिलने का उल्लेख है।,मार्च 2026 में जल जीवन मिशन 2.0 को मंजूरी दी​ गई थी।,,SUP,SUP,SUP,False,no_flip,,,False,
848,CA_CHAR_05_HomoglyphPerturbation,प्रधानमंत्री ने राज्य के आपदा प्रभावित क्षेत्रों में चल रहे राहत और बचाव कार्यों की जानकारी ली।,लेख में प्रधानमंत्री द्वारा राहत एवं बचाव कार्यों की जानकारी लेने का उल्लेख है।,प्रधानमंत्री ने राज्य के आपदा प्रभावित क्षेत्रों में चल रहे राहत और बचा​व कार्यों की जानकारी ली।,,SUP,SUP,SUP,False,no_flip,,,False,
849,CA_CHAR_05_HomoglyphPerturbation,"बिहार के 261 शहरी स्थानीय निकायों के 5,683 वार्डों में विशेष शिविर आयोजित किए जा रहे थे।","पीआईबी की बिहार विशेष गहन पुनरीक्षण विज्ञप्ति में 261 शहरी स्थानीय निकायों के 5,683 वार्डों में विशेष शिविरों का उल्लेख है।","बिहार के 261 शहरी स्थानीय निकायों के 5,683 वा​र्डों में विशेष शिविर आयोजित किए जा रहे थे।",,SUP,SUP,SUP,False,no_flip,,,False,
850,CA_CHAR_05_HomoglyphPerturbation,यश 'रामायण' में रावण की भूमिका से डर रहे हैं।,इंडिया टीवी ने बताया कि अमेरिका के कॉमिक-कॉन में नितेश तिवारी की 'रामायण' का प्रचार शुरू हुआ।,यश 'रामायण' में रावण की भूमिका से​ डर रहे हैं।,,SUP,NEI,NEI,False,baseline_failure,,,False,
851,CA_CHAR_05_HomoglyphPerturbation,रवीना टंडन की बेटी राशा तेलुगु डेब्यू के लिए तैयार हैं।,इंडिया टीवी ने केवल इतना बताया कि महेश बाबू ने एक पोस्ट शेयर करते हुए भतीजे जया कृष्णा घट्टामनेनी और राशा थडानी के तेलुगु डेब्यू पर खुशी जाहिर की है। बाकी विवरण अनुपलब्ध है।,रवीना टंडन की बेटी राशा तेलुगु डेब्यू के​ लिए तैयार हैं।,,NEI,NEI,NEI,False,baseline_failure,,,False,
852,CA_CHAR_05_HomoglyphPerturbation,मध्य मैक्सिको में इमरजेंसी लैंडिंग की कोशिश के दौरान एक छोटा निजी विमान दुर्घटनाग्रस्त हो गया।,लेख में इमरजेंसी लैंडिंग के दौरान छोटे निजी विमान के दुर्घटनाग्रस्त होने की जानकारी दी गई है।,मध्य मैक्सिको में इमरजेंसी लैंडिंग की​ कोशिश के दौरान एक छोटा निजी विमान दुर्घटनाग्रस्त हो गया।,,SUP,SUP,SUP,False,no_flip,,,False,
853,CA_CHAR_05_HomoglyphPerturbation,प्रधानमंत्री जीवन ज्योति बीमा योजना 9 मई 2015 को शुरू की गई थी।,जन सुरक्षा योजनाओं की आधिकारिक विज्ञप्ति में पीएमजेजेबीवाई को 9 मई 2015 को शुरू की गई योजनाओं में शामिल किया गया है।,प्रधानमंत्री जीवन ज्योति बीमा योजना 9 मई 2015 को शुरू की ग़ई थी।,,SUP,SUP,SUP,False,no_flip,,,False,
854,CA_CHAR_05_HomoglyphPerturbation,अश्वगंधा एथलेटिक प्रदर्शन को निश्चित रूप से बेहतर करता है।,"एनसीसीआईएच के अनुसार एथलेटिक प्रदर्शन में अश्वगंधा उपयोगी है या नहीं, यह निर्धारित करने के लिए पर्याप्त साक्ष्य नहीं हैं।",अश्वगंधा एथलेटिक प्रदर्शन को नि​श्चित रूप से बेहतर करता है।,,NEI,REF,REF,False,baseline_failure,,,False,
855,CA_CHAR_05_HomoglyphPerturbation,26 मार्च 2026 तक प्रधानमंत्री आवास योजना-ग्रामीण के चरण I और II के तहत 3.90 करोड़ घर स्वीकृत किए गए थे।,पीआईबी की हिंदी विज्ञप्ति में 26 मार्च 2026 तक पीएमएवाई-जी चरण I और II के अंतर्गत 3.90 करोड़ घरों को मंजूरी दिए जाने की जानकारी है।,26 मार्च 2026 तक प्रधानमंत्री आवास योजना-ग्रामीण के चरण I और II के तहत 3.90 करोड़ घर स्वीकृत कि​ए गए थे।,,SUP,SUP,SUP,False,no_flip,,,False,
856,CA_CHAR_05_HomoglyphPerturbation,"मेनिनजाइटिस केवल त्वचा को नहीं, बल्कि मस्तिष्क और रीढ़ की हड्डी के आसपास के ऊतकों को प्रभावित करता है।",विश्व स्वास्थ्य संगठन मेनिनजाइटिस को मस्तिष्क और रीढ़ की हड्डी के आसपास के ऊतकों की सूजन बताता है।,"मेनिनज़ाइटिस केवल त्वचा को नहीं, बल्कि मस्तिष्क और रीढ़ की हड्डी के आसपास के ऊतकों को प्रभावित करता है।",,SUP,SUP,SUP,False,no_flip,,,False,
857,CA_CHAR_05_HomoglyphPerturbation,भारत में 61 प्रतिशत से अधिक पुराने कचरे का प्रसंस्करण किया जा चुका था।,पीआईबी की हिंदी विज्ञप्ति में डंपसाइट रेमेडिएशन कार्यक्रम के तहत 61 प्रतिशत से अधिक पुराने कचरे के प्रसंस्करण की जानकारी है।,भारत में 61 प्रतिशत से अधिक पुराने कचरे का प्रसंस्करण किया जा चुका​ था।,,SUP,SUP,SUP,False,no_flip,,,False,
858,CA_CHAR_05_HomoglyphPerturbation,"इराक में एक पिता द्वारा अपनी बेटी पर हमला करने का वीडियो, पाकिस्तान में एक शिक्षक द्वारा एक ईसाई छात्रा की पिटाई के रूप में भ्रामक दावे से वायरल…","यह वीडियो पाकिस्तान का नहीं है और न ही इसका कोई धार्मिक संबंध है। यह इराक के बगदाद में एक पिता द्वारा अपनी ही बेटी की पिटाई का वीडियो है जिसे झूठे सांप्रदायिक दावे से फैलाया जा रहा है। एक शख्स द्वारा एक छोटी बच्ची की बड़ी बेरहमी से पिटाई कर देने वाला वीडियो सोशल मीडिया पर हो रहा है। वीडियो में दिखाई देता है कि एक शख्स एक बच्ची की पाइप से बुरी तरह पिटाई करता है जिस पर वह बच्ची चिल्लाती है और छटपटाती है। दिल दहलाने वाले इस वीडियो को सांप्रदायिक रंग दे कर साझा करते हुए यह दावा किया जा रहा है कि यह पाकिस्तान का वीडियो है, जहां पर इस बच्ची की इस तरह पिटाई इसलिए की गई क्यूंकि वह गले में क्रॉस पहनकर स्कूल चली आयी थी और पिटाई करने वाला शख्स उसी स्कूल का टीचर है।यूज़र ने वीडियो को इस कैप्शन के साथ साझा किया है। पाकिस्तानकावीडियोहैबच्चीसायद11-12सालकीहोगीजिसेमुस्लिमशिक्षककेद्वारास्कूलमेंअलगकमरेमेंलेजाकरप्लास्टिककेपाइपसेबुरीतरहसेपीटाजारहाहै!बुरीतरहमारनेवालाइसलड़कीकेमुस्लिमटीचरहैजानतेहैंइसबच्चीकाअपराधक्याहै??सिर्फयेकियेएकईसाईबच्चीहै,पाकिस्तानकेस्कूलमेंक्रॉसबालीमालागलेमेंपहनकरचलीगयीथी….येबातइसकेमुस्लिमटीचरकोइतनीबुरीलगीकिउसनेइसबच्चीकोमारतेमारतेअधमराकरडाला…जहाँइस्लामदीनकावर्चस्वचलताहैवहाँभाईऔरचारानहींचलतीसीधाहमलाआजसभीमुस्लिमदेशमेंयहीहालहैएकभीमुस्लिमदेशसेक्युलरनहींहै,जहाँइस्लामकाराजवहाँकेअल्पसंख्यककायहीहालमिलेगा!चाहेपाकिस्तान,बांग्लादेश,सीरिया,ईराक,यमन,तुर्की…..इत्यादिमुस्लिमदेशोंमेंअल्पसंख्यककोखत्मकरइस्लामिकदेशबनादियाजाताहैंभारतकेमुस्लिमभीगजवाएहिन्दकेफिराकमेंतेजीसेअपनाजनसंख्याबढ़ारहाहै!भारतकेकुछऐसेराज्यहैजहाँपेकट्टरपंथीमुस्लिमजेहादीहावीहोरखाहैचाहेकेरलहोयाकश्मीरहोयापश्चिमबंगालहोयाहैदराबाद,मध्यप्रदेश,उत्तरप्रदेश,बिहार,महाराष्ट्र,दिल्लीइत्यादिराज्योंमेंमुस्लिमआबादीतेजीसेबढ़नेकेसाथहिन्दुओंपेहमलाबढ़ताजारहाहै! फेसबुक पोस्ट। आर्काइव पोस्ट अनुसंधानसेपताचलताहैकि… हमने जांच की शुरुआत में वायरल वीडियो के कीफ्रेम को रिवर्स इमेज किया। परिणाम में हमें एकइराकी मीडिया आउटलेटके फेसबुक पेज पर 30 अक्टूबर 2025 को एक पोस्ट साझा किया हुआ मिला। इसमें हमें वायरल वीडियो से एक तस्वीर साझा की हुई मिली। इसके साथ लिखे कैप्शन से पता चलता है कि वीडियो इराक के बगदाद का है जहां पर अपनी छोटी बेटी को बुरी तरह पीटने","इराक में एक पिता द्वारा अपनी बेटी पर हमला करने का वीडियो, पाकिस्तान में एक शिक्षक द्वारा एक ईसाई छात्रा की पिटाई के रूप में भ्रामक दावे से​ वायरल…",,REF,REF,REF,False,baseline_failure,,,False,
859,CA_CHAR_05_HomoglyphPerturbation,एसएस राजामौली को 'वाराणसी' फिल्म का टाइटल मिल गया।,द लल्लनटॉप की स्टोरी बताती है कि डायरेक्टर एसएस राजामौली ने 'वाराणसी' के टाइटल विवाद को कैसे सुलझाया?। पर इससे जुड़ी आधिकारिक तारीख या आंकड़े रिपोर्ट में नहीं दिए गए।,एसएस राजामौ​ली को 'वाराणसी' फिल्म का टाइटल मिल गया।,,NEI,NEI,NEI,False,no_flip,,,False,
860,CA_CHAR_05_HomoglyphPerturbation,बिहार के भोजपुर जिले में पुलिस ने ऑनलाइन गेमिंग ऐप के जरिए ठगी करने वाले गिरोह के 9 सदस्यों को गिरफ्तार किया।,दानापुर के एक फ्लैट पर छापेमारी के दौरान सामने आया कि यह गिरोह देश के विभिन्न राज्यों के लोगों को निशाना बनाकर ऑनलाइन ठगी करता था।,बिहार के भोजपुर जिले में पुलिस ने​ ऑनलाइन गेमिंग ऐप के जरिए ठगी करने वाले गिरोह के 9 सदस्यों को गिरफ्तार किया।,,SUP,SUP,SUP,False,baseline_failure,,,False,
861,CA_CHAR_05_HomoglyphPerturbation,लेख के अनुसार मौसम विभाग ने भारी बारिश की कोई चेतावनी जारी नहीं की थी।,लेख में ऑरेंज और येलो अलर्ट जारी होने की जानकारी दी गई है।,लेख के अनुसार मौसम विभाग ने भारी बारिश की कोई चेतावनी जारी नहीं की​ थी।,,REF,REF,REF,False,no_flip,,,False,
862,CA_CHAR_05_HomoglyphPerturbation,नई स्मार्ट विद्युत वितरण प्रणाली के तहत प्रत्येक घर में सौर ऊर्जा संयंत्र लगाना अनिवार्य किया जाएगा।,लेख में प्रत्येक घर में सौर ऊर्जा संयंत्र अनिवार्य करने का कोई उल्लेख नहीं है।,नई स्मार्ट विद्युत वितरण प्रणाली के तहत प्रत्येक घर में सौ​र ऊर्जा संयंत्र लगाना अनिवार्य किया जाएगा।,,NEI,REF,REF,False,baseline_failure,,,False,
863,CA_CHAR_05_HomoglyphPerturbation,भारत सरकार ने कैडेवर डॉग्स कार्यक्रम के लिए 500 करोड़ रुपये के विशेष बजट की घोषणा की।,लेख में इस प्रकार के किसी विशेष बजट या वित्तीय घोषणा का उल्लेख नहीं है।,भारत सरकार ने कैडेवर डॉग्स का​र्यक्रम के लिए 500 करोड़ रुपये के विशेष बजट की घोषणा की।,,NEI,REF,REF,False,baseline_failure,,,False,
864,CA_CHAR_05_HomoglyphPerturbation,देवघर में गिरफ्तार एक साइबर आरोपी पहले भी साइबर अपराध के मामले में जेल जा चुका था।,समाचार में बताया गया है कि गिरफ्तार आरोपियों में से एक पूर्व में भी साइबर अपराध के मामले में जेल जा चुका है।,दे​वघर में गिरफ्तार एक साइबर आरोपी पहले भी साइबर अपराध के मामले में जेल जा चुका था।,,SUP,SUP,SUP,False,no_flip,,,False,
865,CA_CHAR_05_HomoglyphPerturbation,2019 के लोकसभा चुनाव में उत्तर प्रदेश के फूलपुर संसदीय क्षेत्र में 48.7 प्रतिशत मतदान हुआ था।,पीआईबी के अनुसार उत्तर प्रदेश के 51-फूलपुर संसदीय क्षेत्र में 2019 में सबसे कम 48.7 प्रतिशत मतदान हुआ था।,2019 के लोकसभा चुनाव में उत्तर प्रदेश के फूलपुर संसदीय क्षेत्र में 48.7 प्रतिशत मतदान हुआ था​।,,SUP,SUP,SUP,False,no_flip,,,False,
866,CA_CHAR_05_HomoglyphPerturbation,बैक्टीरियल मेनिनजाइटिस हमेशा बिना किसी जटिलता के अपने आप ठीक हो जाता है।,विश्व स्वास्थ्य संगठन के अनुसार बैक्टीरियल मेनिनजाइटिस वाले लगभग छह में से एक व्यक्ति की मृत्यु होती है।,बैक्टीरियळ मेनिनजाइटिस हमेशा बिना किसी जटिलता के अपने आप ठीक हो जाता है।,,REF,REF,REF,False,no_flip,,,False,
867,CA_CHAR_05_HomoglyphPerturbation,दिल्ली के सीलमपुर क्षेत्र में एक 20 वर्षीय युवक की चाकू मारकर हत्या के मामले में पुलिस ने 18 घंटे के भीतर तीन आरोपियों को गिरफ्तार कर लिया।,"डीडीए पार्क में मिले मृतक तौहीद की हत्या में शामिल शाहनवाज, नूर हसन और अनस नामक तीन आरोपियों को सबूतों के आधार पर पकड़ा गया।",दिल्ली के सीलमपुर क्षेत्र में एक 20 वर्षीय युवक की चाकू मारकर हत्या के मामले में पुलिस ने 18 घंटे के भीतर तीन आरोपियों को​ गिरफ्तार कर लिया।,,SUP,SUP,SUP,False,no_flip,,,False,
868,CA_CHAR_05_HomoglyphPerturbation,वोटर टर्नआउट ऐप चुनाव के केवल अंतिम चरण का अनुमानित मतदान डेटा दिखाता है।,पीआईबी की विज्ञप्ति में वोटर टर्नआउट ऐप से चुनाव के प्रत्येक चरण का अनुमानित मतदाता डेटा प्रदर्शित होने की बात है।,वोटर टर्नआउट ऐप चु​नाव के केवल अंतिम चरण का अनुमानित मतदान डेटा दिखाता है।,,REF,REF,REF,False,no_flip,,,False,
869,CA_CHAR_05_HomoglyphPerturbation,पुडुचेरी को 330.06 करोड़ रुपये की सहायता दी गई।,लेख में पुडुचेरी को केवल 33.06 करोड़ रुपये दिए जाने का उल्लेख है।,पुडुचेरी को 330.06 करोड़ रु​पये की सहायता दी गई।,,REF,REF,REF,False,no_flip,,,False,
870,CA_CHAR_05_HomoglyphPerturbation,प्राकृतिक डाइटरी सप्लीमेंट हमेशा दवाओं के साथ पूरी तरह सुरक्षित रूप से काम करते हैं।,एनसीसीआईएच दवा-सप्लीमेंट अंतःक्रियाओं को प्रमुख सुरक्षा चिंता बताता है और प्राकृतिक होना सुरक्षा की गारंटी नहीं है।,प्राकृतिक डाइटरी सप्लीमेंट हमेशा दवाओं के साथ पू​री तरह सुरक्षित रूप से काम करते हैं।,,REF,REF,REF,False,no_flip,,,False,
871,CA_CHAR_05_HomoglyphPerturbation,दिलजीत दोसांझ ने 'सरदार जी 3' के बाद करीना कपूर और कृति सैनन के साथ नहीं की बात; वीडियो पुराना है।,"विश्वास न्यूज़ के अनुसार, विश्वास न्यूज की पड़ताल में पता चला कि करीना कपूर, कृति सैनन और रिया कपूर से बात करते दिलजीत दोसांझ का यह वीडियो साल 2024 का है, जब फिल्म 'क्रू' की रिलीज से पहले सभी कलाकार इंस्टाग्राम लाइव... — इससे अधिक जानकारी रिपोर्ट में शामिल नहीं है।",दिलजीत दो​सांझ ने 'सरदार जी 3' के बाद करीना कपूर और कृति सैनन के साथ नहीं की बात; वीडियो पुराना है।,,NEI,REF,REF,False,baseline_failure,,,False,
872,CA_CHAR_05_HomoglyphPerturbation,मतदान केंद्रों पर रैंप बनाने संबंधी निर्देश केवल कुछ राज्यों के लिए हैं।,निर्वाचन आयोग ने सभी राज्यों और केंद्र शासित प्रदेशों के मुख्य निर्वाचन अधिकारियों को प्रत्येक मतदान केंद्र पर उचित ढलान वाला रैंप सुनिश्चित करने के निर्देश दिए हैं।,मतदान केंद्रों पर रैंप बना​ने संबंधी निर्देश केवल कुछ राज्यों के लिए हैं।,,REF,REF,REF,False,baseline_failure,,,False,
873,CA_CHAR_05_HomoglyphPerturbation,प्रधानमंत्री मातृ वंदना योजना गर्भवती और स्तनपान कराने वाली महिलाओं को वित्तीय सहायता देती है।,पीआईबी विज्ञप्ति पीएमएमवीवाई को गर्भवती और स्तनपान कराने वाली महिलाओं की वित्तीय सहायता योजना बताती है।,प्रधानमंत्री मातृ वंदना योजना गर्भवती और स्तनपान कराने वाली महिलाओं को वित्तीय सहायता देती है​।,,SUP,SUP,SUP,False,no_flip,,,False,
874,CA_CHAR_05_HomoglyphPerturbation,प्रधानमंत्री विकसित भारत रोजगार योजना का लाभ पहली बार नौकरी शुरू करने वाले पंजीकृत कर्मचारियों के लिए बताया गया है।,एनडीटीवी इंडिया की हिंदी रिपोर्ट प्रधानमंत्री विकसित भारत रोजगार योजना को पहली नौकरी करने वाले पंजीकृत कर्मचारियों से जोड़ती है।,प्रधानमंत्री विकसि​त भारत रोजगार योजना का लाभ पहली बार नौकरी शुरू करने वाले पंजीकृत कर्मचारियों के लिए बताया गया है।,,SUP,SUP,SUP,False,no_flip,,,False,
875,CA_CHAR_05_HomoglyphPerturbation,प्रधानमंत्री मुद्रा योजना ने अप्रैल 2025 में 10 वर्ष पूरे किए।,पीआईबी की हिंदी विज्ञप्ति में प्रधानमंत्री मुद्रा योजना के अप्रैल 2025 में 10 वर्ष पूरे होने का उल्लेख है।,प्रधानमंत्री मुद्रा योजना ने​ अप्रैल 2025 में 10 वर्ष पूरे किए।,,SUP,SUP,SUP,False,no_flip,,,False,
876,CA_CHAR_05_HomoglyphPerturbation,संभल में पूर्णागिरी जा रहे श्रद्धालुओं से मारपीट मामले में भ्रामक और फेक सांप्रदायिक दावा वायरल…,"संभल में मुसलमानों ने पूर्णागिरी जा रहे श्रद्धालुओं पर हमला नहीं किया, फल विक्रेताओं से पैसों के लेनदेन पर हुई लड़ाई के वीडियो को गलत आधार पर फैलाया जा रहा है। उत्तर प्रदेश का संभल चर्चा में बना हुआ है। शाही जामा मस्जिद के सर्वे के दौरान हुई हिंसा के बाद से यूपी का ये जिला सुर्ख़ियों में छाया हुआ है। इसी क्रम में एक वीडियो वायरल हुआ है, जिसमें एक सड़क पर एक बस के आगे कुछ लोगों की भीड़ दिखाई दे रही है। इसमें से कुछ लोग आपस में लड़ते हैं और एक-दूसरे को लाठी से पीटते हैं। यूज़र्स इस वीडियो शेयर करते हुए दावा कर रहे हैं कि संभल में मुस्लिमों ने पूर्णागिरी जा रहे श्रद्धालुओं पर भजन बंद कराने को लेकर हमला कर दिया। वीडियो शेयर करते हुए भड़काऊ कैप्शन लिखा गया है जोकि इस प्रकार है… संभल में फिर नाग बिलों से निकले…माँ पूर्णगिरी जा रही बस पर संभल में हमला खाने पीने को रुकी बस में बज रहा था भजन तो भजन को बंद कराने पे अड़े जिहादियों ने देवी भक्तों को मार मार के अधमरा किया.. उम्मीद है संभल पुलिस तगड़ा जवाब देगी https://vimeo.com/1070299774 फेसबुक पोस्ट।आर्काइव पोस्ट अनुसंधानसेपताचलताहैकि… हमने जांच की शुरुआत में गूगल पर सम्बंधित कीवर्ड से सर्च किया। परिणाम में हमें 22 मार्च 2025 कीआजतकके हवाले से प्रकाशित एक रिपोर्ट मिली। इस रिपोर्ट में वायरल वीडियो को शेयर किया गया है। जबकि खबर के अनुसार संभल में पूर्णागिरि दर्शन के लिए जा रहे श्रद्धालुओं और फल विक्रेताओं के बीच विवाद हो गया था। झगड़ा इतना बढ़ गया कि देखते ही देखते हिंसक झड़प होने लगी। दोनों पक्षों ने एक-दूसरे पर लाठी-डंडों से हमला कर दिया, जिससे हाईवे पर अफरा-तफरी का माहौल बन गया। यह घटना संभल सदर कोतवाली क्षेत्र के जनता पेट्रोल पंप के पास हुई थी। नखासा थाना इलाके के मंडली समसपुर गांव के श्रद्धालु एक बस में सवार होकर मां पूर्णागिरि के दर्शन के लिए जा रहे थे। देर रात श्रद्धालुओं की बस हाईवे किनारे रुकी, जहां वे फल खरीदने के लिए बाजार में पहुंचे। इसी दौरान फलों की कीमत को लेकर श्रद्धालुओं और विक्रेताओं के बीच बहस हो गई, जो बाद में मारपीट में बदल गई।सूचना मिलते ही सरथल चौकी पुलिस मौके पर पहुंची, लेकिन मारपीट कर रहे फल विक्रेता फिर भी दबंगई दिखाते रहे। पुलिस ने हालात को नियंत्रित करने के लिए कई लोगों को हिरासत में लिया और पूरे मामल",संभल में पूर्णागिरी ज़ा रहे श्रद्धालुओं से मारपीट मामले में भ्रामक और फेक सांप्रदायिक दावा वायरल…,,REF,REF,REF,False,no_flip,,,False,
877,CA_CHAR_05_HomoglyphPerturbation,आत्महत्या की रोकथाम पूरी तरह अवैज्ञानिक और अप्रमाणित तरीकों पर निर्भर करती है।,डब्ल्यूएचओ के अनुसार आत्महत्या रोकने के लिए प्रभावी प्रमाण-आधारित हस्तक्षेप उपलब्ध हैं।,आत्महत्या की रोकथाम पूरी​ तरह अवैज्ञानिक और अप्रमाणित तरीकों पर निर्भर करती है।,,REF,REF,REF,False,no_flip,,,False,
878,CA_CHAR_05_HomoglyphPerturbation,'चौहान' के टीजर में जीशान अय्यूब की आवाज का गलत इस्तेमाल हुआ।,अमर उजाला की स्टोरी बताती है कि एक्टर जीशान अय्यूब ने अजय देवगन की फिल्म 'चौहान' के अनाउंसमेंट टीजर में अपनी आवाज के कथित इस्तेमाल को लेकर सफाई दी है। पर इससे जुड़ी आधिकारिक तारीख या आंकड़े रिपोर्ट में नहीं दिए गए।,'चौहान' के टीजर मे​ं जीशान अय्यूब की आवाज का गलत इस्तेमाल हुआ।,,NEI,NEI,NEI,False,no_flip,,,False,
879,CA_CHAR_05_HomoglyphPerturbation,"बंगाल में लोगों को घर से निकालकर सीआरपीएफ की पिटाई का वायरल वीडियो फर्जी, असलियत में यह बांग्लादेश की घटना है।","बांग्लादेश के पंचागढ़ की घटना का वीडियो, बंगाल में CRPF की सख्ती के भ्रामक दावे से वायरल। पश्चिम बंगाल में विधानसभा चुनाव के लिए तैयारी पूर्ण हो चुकी है। राज्य में दो चरणों में होने जा रही वोटिंग के लिए अब कुछ ही घंटे शेष है। चुनाव को शांतिपूर्ण ढंग से संपन्न कराया जाए इसके लिए शासन-प्रशासन ने कमर कस रखी है। इसी संदर्भ से जोड़ते हुए इंटरनेट पर एक वीडियो वायरल किया जा रहा है, जिसमें सुरक्षाबलों को हाथ में डंडे लेकर कुछ उपद्रवियों से सख्ती से निपटते हुए दिखाया गया है। वीडियो को बंगाल चुनाव से जोड़ते हुए यह दावा किया जा रहा है कि यह पश्चिम बंगाल का दृश्य है जहां उपद्रवियों से निपटने के लिए CRPF के जवानों ने ऐसी कार्रवाई की है। फेसबुक पर यह वीडियो इस कैप्शन के साथ शेयर किया जा रहा है… बंगाल में CRPF की एंट्री से माहौल बदल गया गुंडो को जमीन फाड़कर निकाला जा रहा है अब बातचीत नहीं सीधा तगड़ा एक्शन शुरू बंगाल में मियां राज नहीं सिर्फ हिंदू राज चलेगा। फेसबुक पोस्ट।आर्काइव पोस्ट अनुसंधान से पता चलता है कि… हमने जांच की शुरुआत में वायरल वीडियो से कीफ्रेम्स को लेकर रिवर्स सर्च किया। परिणाम में हमेंNews21 बांग्लाके फेसबुक पेज पर यहीं वायरल वीडियो अपलोड किया हुआ मिला, जिसे 11 जनवरी 2026 को पोस्ट किया गया था। वीडियो के साथ लिखे कैप्शन के अनुसार, यह घटना बांग्लादेश के पंचागढ़ जिले की है, जहां उस्मान हादी की हत्या के विरोध में प्रदर्शन कर रहे लोगों पर वहां की सेना ने कार्रवाई की थी। मिली जानकारी की मदद से आगे खोज करने पर हमें बांग्लादेश की समाचार वेबसाइटProbash Timesके फेसबुक पेज पर भी यही वीडियो 12 जनवरी 2026 को अपलोड किया हुआ मिला। पोस्ट के साथ लिखे कैप्शन के अनुसार, पंचागढ़ जिले में उस्मान हादी की हत्या के बाद न्याय की मांग को लेकर हो रहे विरोध प्रदर्शन के दौरान सेना और प्रदर्शनकारियों के बीच टकराव हो गया था। इस दौरान सेना द्वारा किए गए लाठीचार्ज में कम से कम 20 छात्र घायल हो गए थे। बांग्लादेशी समाचार संस्थानDBC News TVके आधिकारिक फेसबुक पेज पर भी हमें यहीं वीडियो मिला, जिसे 11 जनवरी 2026 को पोस्ट किया गया था। पता चलता है कि वीडियो पंचागढ़ में उस्मान हादी की हत्या के बाद न्याय की मांग कर रहे प्रदर्शनकारियों को तितर-बितर करने के लिए बांग्लादेशी सेना द्वारा किए गए लाठीचार्ज का है।","बंगाल में लोगों को घर से निकालकर सीआरपीएफ की पिटाई का​ वायरल वीडियो फर्जी, असलियत में यह बांग्लादेश की घटना है।",,REF,REF,REF,False,baseline_failure,,,False,
880,CA_CHAR_05_HomoglyphPerturbation,लेख में आपदा प्रभावित प्रत्येक परिवार को दी गई मुआवजा राशि का विवरण दिया गया है।,लेख में किसी मुआवजा राशि का उल्लेख नहीं है।,लेख में आपदा प्रभावित प्रत्येक परिवार को दी गई मुआवजा रा​शि का विवरण दिया गया है।,,NEI,REF,REF,False,baseline_failure,,,False,
881,CA_CHAR_05_HomoglyphPerturbation,मतदाता ईवीएम का बटन बार-बार दबाकर एक से अधिक वोट डाल सकता है।,निर्वाचन आयोग के अनुसार एक बटन दबाने पर वोट दर्ज हो जाता है और अगला वोट तभी सक्षम होता है जब पीठासीन अधिकारी कंट्रोल यूनिट से बैलेट जारी करे।,मतदाता ईवीएम का बटन बार-बार दबाकर एक से अधिक वोट डाल सकता है​।,,REF,REF,REF,False,no_flip,,,False,
882,CA_CHAR_05_HomoglyphPerturbation,वीबी-जी राम जी अधिनियम में वर्ष में 125 दिनों के ग्रामीण रोजगार की गारंटी का उल्लेख किया गया।,अमर उजाला की हिंदी रिपोर्ट में वीबी-जी राम जी अधिनियम के तहत 125 दिन रोजगार की गारंटी का उल्लेख है।,वीबी-जी राम जी अधिनियम में वर्ष में 125 दिनों के​ ग्रामीण रोजगार की गारंटी का उल्लेख किया गया।,,SUP,SUP,SUP,False,no_flip,,,False,
883,CA_CHAR_05_HomoglyphPerturbation,कंट्रोल यूनिट की इलेक्ट्रॉनिक गिनती और वीवीपैट पर्ची-गिनती में अंतर होने पर वीवीपैट पर्ची की गिनती मान्य होती है।,निर्वाचन आयोग के FAQ में नियम 56D(4)(b) के तहत अंतर होने पर वीवीपैट पर्ची की गिनती को मान्य बताया गया है।,कंट्रोल यूनिट की इलेक्ट्रॉनिक गिनती और वीवी​पैट पर्ची-गिनती में अंतर होने पर वीवीपैट पर्ची की गिनती मान्य होती है।,,SUP,SUP,SUP,False,no_flip,,,False,
884,CA_CHAR_05_HomoglyphPerturbation,वीवीपैट पर्चियों को मतगणना के दस दिन बाद बिना किसी शर्त नष्ट कर दिया जाता है।,निर्वाचन आयोग के अनुसार यदि जांच/सत्यापन का अनुरोध नहीं है तो मतगणना पूरी होने के दस दिन बाद वीवीपैट से पेपर रोल हटाए जाते हैं; पर्चियां सीलबंद लिफाफों में एक वर्ष तक और चुनाव याचिका रहने पर उससे अधिक समय तक सुरक्षित रखी जाती हैं।,वीवीपैट पर्चियों को मतगणना के दस दिन बाद बिना​ किसी शर्त नष्ट कर दिया जाता है।,,REF,REF,REF,False,no_flip,,,False,
885,CA_CHAR_05_HomoglyphPerturbation,बिहार विधानसभा चुनाव 2025 और आठ विधानसभा क्षेत्रों के उपचुनावों की घोषणा के साथ 6 अक्टूबर 2025 को आदर्श आचार संहिता लागू हुई।,पीआईबी की हिंदी विज्ञप्ति में 6 अक्टूबर 2025 को बिहार विधानसभा चुनाव और आठ उपचुनावों की घोषणा के साथ आदर्श आचार संहिता लागू होने की जानकारी है।,बिहार वि​धानसभा चुनाव 2025 और आठ विधानसभा क्षेत्रों के उपचुनावों की घोषणा के साथ 6 अक्टूबर 2025 को आदर्श आचार संहिता लागू हुई।,,SUP,SUP,SUP,False,no_flip,,,False,
886,CA_CHAR_05_HomoglyphPerturbation,वायुसेना ने चार दिन तक राहत और बचाव अभियान चलाया।,लेख में चार दिन तक रेस्क्यू अभियान चलने का उल्लेख है।,वायुसेना ने​ चार दिन तक राहत और बचाव अभियान चलाया।,,SUP,SUP,SUP,False,no_flip,,,False,
887,CA_CHAR_05_HomoglyphPerturbation,"लोकसभा चुनाव 2019 में कुल 5,07,990 डाक मतपत्र अस्वीकृत हुए थे।","निर्वाचन आयोग के एटलस में 2019 चुनाव में 5,07,990 डाक मत अस्वीकृत होने की जानकारी है।","लोकसभा चुनाव 2019 में कुळ 5,07,990 डाक मतपत्र अस्वीकृत हुए थे।",,SUP,SUP,SUP,False,no_flip,,,False,
888,CA_CHAR_05_HomoglyphPerturbation,लेख के अनुसार इमारत गिरने की घटना में किसी की भी मौत नहीं हुई।,लेख में 22 लोगों की मौत होने की जानकारी दी गई है।,लेख के​ अनुसार इमारत गिरने की घटना में किसी की भी मौत नहीं हुई।,,REF,REF,REF,False,no_flip,,,False,
889,CA_CHAR_05_HomoglyphPerturbation,लहसुन की कलियां चबाने से कान का बहरापन एक हफ्ते में ठीक हो जाता है।,"एनसीसीआईएच के अनुसार, लहसुन में कुछ रोगाणुरोधी गुण हो सकते हैं, लेकिन श्रवण हानि (बहरापन) को केवल लहसुन चबाकर एक हफ्ते में ठीक करने का कोई वैज्ञानिक या नैदानिक आधार नहीं है।",लहसु​न की कलियां चबाने से कान का बहरापन एक हफ्ते में ठीक हो जाता है।,,NEI,REF,REF,False,baseline_failure,,,False,
890,CA_CHAR_05_HomoglyphPerturbation,सूरत में एकतरफा प्यार में हुई हत्या का वीडियो धर्म परिवर्तन के झूठे दावे के साथ वायरल; जानिए सच,"सूरत पुलिस खुलासा किया है कि पीड़िता और आरोपी दोनों एक ही समुदाय से है और मामले में कोई भी सांप्रदायिक वजह नहीं थी। सूरत जिले में एक लड़की का खुलेआम गला काटकर निर्मम हत्या करने का वीडियो काफी वायरल हुआ। इस वीडियो को अब सांप्रदायिक रंग दिया जा रहा है। दावा किया जा रहा है कि हिंदू लड़की ने इस्लाम धर्म कबूल करने से इनकार कर दिया इसलिए मुस्लिम लड़के ने उसकी चाकू से गला रेतकर हत्या कर दी। पोस्ट के कैप्शन में लिखा है –‘#सूरतमें हिंदू लड़की ने मुसलमान बनने से मना कर दिया कट्टरपंथीमुसलमानने लड़की को मार डाला।’ (चेतावनी: वीडियो में हिंसक एवं विचलित करने वाले दृश्य है) फेसबुक पोस्ट अनुसंधान से पता चलता है कि… वीडियो के बारे में कीवर्ड सर्च करने से 13 फरवरी को प्रकाशितदैनिक भास्करकी खबर मिली। रिपोर्ट के अनुसार यह मामला सूरत जिले की कामरेज तहसील के पासोदरा गांव का है। आरोपी का नाम फेनिल पंकज गोयाणी और पीड़ित लड़की नाम ग्रीष्मा है। पुलिस की जानकारी के मुताबिक आरोपी फेनिल पिछले एक साल से पीड़िता को परेशान कर रहा था। आरोपी फेनिल 12 फरवरी को लड़की के घर गया था। पीड़िता के बड़े पापा सुभाषभाई फेनिल को समझाने लगे तो उनके पेट में चाकू घोंप दिया। इसके बाद उसने पीड़िता को पकड़कर गर्दन पर चाकू रख दिया। मां और भाई छोड़ने की गुहार लगा रहे थे, लेकिन फेनिल ने सभी के सामने गला रेतकर हत्या कर दी। मीडिया रिपोर्ट के अनुसार, आरोपी ने अपनी कलाई काटकर और जहरीला पाउडर खाकर आत्महत्या करने की भी कोशिश की। बीबीसी न्यूज हिंदी के मुताबिक एकतरफा प्यार का मामला बताया जा रहा है। जी न्यूज गुजरातीने अपनी रिपोर्ट में बताया कि पीड़िता अमरोली कॉलेज की छात्रा थी। एक साल से आरोपी उसे परेशान कर रहा था और उससे शादी करना चाहता था। पीड़िता अपने घरवालों को इसके बारे में जानकारी दी थी और उन्होंने फेनिल को समझाने की कोशिश भीं की थी। पुलिस ने बताया था कि आरोपी फेनिल बेहोश है और उसे अस्पताल में भर्ती कराया गया है। छुट्‌टी मिलने के बाद गिरफ्तार किया जाएगा। किसी भी न्यूज रिपोर्ट में धर्म परिवर्तन या सांप्रदायिकता की बात नहीं कही गई है। फैक्ट क्रेसेंडो ने सूरत पुलिस अधीक्षक (ग्रामीण) उषा राधा से संपर्क किया। उन्होंने लड़की ने मुस्लिम धर्म परिवर्तन करने की बात ख़ारिज की। “इस हत्या को एकतरफा प्यार में अंजाम दिया गया था। आरोपी औ",सूरत में एकतरफा प्यार में हुई हत्या का​ वीडियो धर्म परिवर्तन के झूठे दावे के साथ वायरल; जानिए सच,,REF,REF,REF,False,no_flip,,,False,
891,CA_CHAR_05_HomoglyphPerturbation,जल जीवन मिशन से लगभग नौ करोड़ ग्रामीण महिलाओं को प्रतिदिन पानी लाने के बोझ से मुक्ति मिली।,आधिकारिक हिंदी विज्ञप्ति में ग्रामीण घरों में नल जल उपलब्ध होने से लगभग नौ करोड़ ग्रामीण महिलाओं को पानी लाने के दैनिक बोझ से मुक्ति मिलने की बात कही गई है।,जल जीवन मिशन से लगभग नौ करो​ड़ ग्रामीण महिलाओं को प्रतिदिन पानी लाने के बोझ से मुक्ति मिली।,,SUP,SUP,SUP,False,no_flip,,,False,
892,CA_CHAR_05_HomoglyphPerturbation,वित्त वर्ष 2025-26 में प्रधानमंत्री उज्ज्वला योजना के तहत 25 लाख अतिरिक्त एलपीजी कनेक्शन जारी करने की मंजूरी दी गई।,पीआईबी हिंदी सामग्री के अनुसार एलपीजी कवरेज बढ़ाने के लिए वित्त वर्ष 2025-26 में पीएमयूवाई के 25 लाख अतिरिक्त कनेक्शन स्वीकृत किए गए।,वित्त वर्ष 2025-26 में प्रधानमंत्री उज्ज्वला योजना के तहत 25 लाख अतिरिक्त एलपीजी कनेक्शन जारी करने की मंजूरी दी​ गई।,,SUP,SUP,SUP,False,no_flip,,,False,
893,CA_CHAR_05_HomoglyphPerturbation,घर से मतदान के लिए फॉर्म 12डी का आवेदन चुनाव की घोषणा से अधिसूचना जारी होने के पांच दिन बाद तक रिटर्निंग अधिकारी के पास पहुंचना चाहिए।,निर्वाचन आयोग के प्रेस नोट में 85 वर्ष से अधिक आयु और दिव्यांग मतदाताओं के लिए फॉर्म 12डी आवेदन की समय-सीमा चुनाव घोषणा से अधिसूचना के पांच दिन बाद तक बताई गई है।,घर से मतदान के लिए फॉर्म 12डी का आवे​दन चुनाव की घोषणा से अधिसूचना जारी होने के पांच दिन बाद तक रिटर्निंग अधिकारी के पास पहुंचना चाहिए।,,SUP,SUP,SUP,False,no_flip,,,False,
894,CA_CHAR_05_HomoglyphPerturbation,राजनीति से दिलचस्पी न होने पर भी राजनीति आपमें है।,"भास्कर के अनुसार, बहुत-से लोग, खास तौर पर चालीस-पचास साल के, नौकरीपेशा लोग और हमारी उम्र के लोग भी मुझसे कहते हैं, ‘सर, मुझे राजनीति में कोई दिलचस्पी नहीं है।’।",राजनीति से​ दिलचस्पी न होने पर भी राजनीति आपमें है।,,SUP,NEI,NEI,False,baseline_failure,,,False,
895,CA_CHAR_05_HomoglyphPerturbation,अमरोहा में ऑपरेशन साइबर वज्र के दौरान आठ साइबर अपराधी गिरफ्तार किए गए।,पुलिस ने 130 संदिग्ध बैंक खातों और 101 मोबाइल नंबरों के सत्यापन के बाद आठ साइबर अपराधियों को गिरफ्तार किया।,अमरोहा में ऑपरेशन साइबर वज्र के दौरान आठ साइबर अपराधी गिरफ्तार किए ग़ए।,,SUP,,,False,unusable_verdict,,,False,
896,CA_CHAR_05_HomoglyphPerturbation,लेख के अनुसार 18 से 28 डिग्री तापमान वाले क्षेत्रों में केवल 20 प्रतिशत बादल फटने की घटनाएं हुईं।,लेख में ऐसे क्षेत्रों में 80 प्रतिशत घटनाएं होने की जानकारी दी गई है।,लेख के अनुसार 18 से 28 डिग्री तापमान वाले क्षेत्रों में केवल 20 प्रतिशत बादळ फटने की घटनाएं हुईं।,,REF,REF,REF,False,no_flip,,,False,
897,CA_CHAR_05_HomoglyphPerturbation,रियलिटी शो 'द अलायंस' में निखिल चिनप्पा ने कुशल टंडन पर तंज कसा।,एबीपी न्यूज़ ने केवल इतना बताया कि रियलिटी शो 'द अलायंस' से बाहर होने के बाद निखिल चिनप्पा ने कुशल टंडन पर तंज कसा है. बाकी विवरण अनुपलब्ध है।,रियलिटी शो​ 'द अलायंस' में निखिल चिनप्पा ने कुशल टंडन पर तंज कसा।,,NEI,SUP,SUP,False,baseline_failure,,,False,
898,CA_CHAR_05_HomoglyphPerturbation,सड़क किनारे स्थित दुकानों के भीतर मलबा घुस गया।,लेख में दुकानों के भीतर मलबा घुसने का उल्लेख है।,सड़क किनारे स्थित दुका​नों के भीतर मलबा घुस गया।,,SUP,,,False,unusable_verdict,,,False,
899,CA_CHAR_05_HomoglyphPerturbation,योग इरिटेबल बाउल सिंड्रोम के लक्षणों को प्रभावी रूप से कम करता है।,"एनसीसीआईएच के अनुसार इरिटेबल बाउल सिंड्रोम में योग, ध्यान, माइंडफुलनेस और विश्राम तकनीकों पर बहुत कम शोध हुआ है।",योग इरिटेबल बाउल सिंड्रोम के लक्षणों को​ प्रभावी रूप से कम करता है।,,NEI,NEI,NEI,False,no_flip,,,False,
900,CA_CHAR_05_HomoglyphPerturbation,मॉर्गन फ्रीमैन ने कतर विश्व कप के दौरान इस्लाम कबूल किया था।,BOOM की जांच में इस दावे का समर्थन करने वाला कोई प्रमाण नहीं मिला।,मॉर्गन फ्रीमैन ने कतर विश्व कप के दौरान इस्लाम कबूल किया था​।,,REF,REF,REF,False,no_flip,,,False,
901,CA_CHAR_05_HomoglyphPerturbation,वाराणसी कमिश्नरेट की साइबर क्राइम पुलिस ने म्यूल बैंक खातों के जरिए ठगी करने वाले अंतरराज्यीय गिरोह के पांच आरोपियों को गिरफ्तार किया।,"आरोपियों के पास से 43 एटीएम कार्ड, 15 एंड्रॉयड मोबाइल, तीन आईफोन और 12 सिम कार्ड सहित अन्य आपत्तिजनक सामग्री बरामद हुई।",वाराणसी कमिश्नरेट की साइबर क्राइम पुलिस ने म्यूल बैंक खातों के जरिए ठगी करने वाले अंतरराज्यीय गिरोह के पांच आरोपियों को गिरफ्ता​र किया।,,SUP,SUP,SUP,False,baseline_failure,,,False,
902,CA_CHAR_05_HomoglyphPerturbation,मुंह के कैंसर का हर मामला केवल तंबाकू के कारण होता है।,डब्ल्यूएचओ और सीडीसी तंबाकू के साथ-साथ शराब और एचपीवी संक्रमण को भी मुंह के कैंसर के स्थापित स्वतंत्र जोखिम कारकों में शामिल करते हैं।,मुंह के कैंसर का हर मामळा केवल तंबाकू के कारण होता है।,,REF,,,False,unusable_verdict,,,False,
903,CA_CHAR_05_HomoglyphPerturbation,दिल्ली के द्वारका इलाके में एक ब्लाइंड मर्डर केस को सीसीटीवी फुटेज की मदद से सुलझाकर पुलिस ने दो आरोपियों को गिरफ्तार किया।,द्वारका नॉर्थ थाना क्षेत्र में हुई हत्या के मामले में सीसीटीवी विश्लेषण और तकनीकी सर्विलांस के आधार पर अनिल ठाकुर और राजू कुमार नामक दो आरोपियों को पकड़ा गया।,दिल्ली के द्वारका इलाके में एक ब्लाइंड़ मर्डर केस को सीसीटीवी फुटेज की मदद से सुलझाकर पुलिस ने दो आरोपियों को गिरफ्तार किया।,,SUP,SUP,SUP,False,no_flip,,,False,
904,CA_CHAR_05_HomoglyphPerturbation,लहसुन के सप्लीमेंट प्रतिरक्षा प्रणाली को मजबूत करके सर्दी और फ्लू से बचाते हैं।,एनसीसीआईएच के अनुसार प्रतिरक्षा बढ़ाने के लिए लहसुन पर बहुत कम शोध हुआ है; उपलब्ध छोटे अध्ययनों में सीमाएं हैं।,लहसुन के सप्लीमेंट प्रतिरक्षा प्रणाळी को मजबूत करके सर्दी और फ्लू से बचाते हैं।,,NEI,REF,REF,False,baseline_failure,,,False,
905,CA_CHAR_05_HomoglyphPerturbation,रणबीर कपूर की फिल्म 'एनिमल' ने भारत में रिलीज के पहले ही दिन 100 करोड़ रुपये नेट कमा लिए थे।,"लाइव हिन्दुस्तान की बॉक्स ऑफिस रिपोर्ट में फिल्म की भारत में पहले दिन की नेट कमाई करीब 63 करोड़ रुपये बताई गई। रिपोर्ट में 100 करोड़ का आंकड़ा वर्ल्डवाइड ग्रॉस कलेक्शन के संदर्भ में भी अलग तरह से रखा गया था, भारत नेट के रूप में नहीं।",रणबीर कपूर की फिल्म 'एनिमल' ने भारत में रिलीज के पहले​ ही दिन 100 करोड़ रुपये नेट कमा लिए थे।,,REF,REF,REF,False,no_flip,,,False,
906,CA_CHAR_05_HomoglyphPerturbation,"सुनने की हानि की रोकथाम केवल आनुवंशिक जांच से नहीं, बल्कि तेज आवाज से बचाव और सुरक्षित सुनने की आदतों से भी संभव है।",डब्ल्यूएचओ तेज आवाज के संपर्क को कम करने और सुरक्षित सुनने को रोकथाम उपाय बताता है।,"सुनने की हानि की रोकथाम केवल आनुवंशिक जांच से नहीं, बल्कि तेज आवा​ज से बचाव और सुरक्षित सुनने की आदतों से भी संभव है।",,SUP,SUP,SUP,False,no_flip,,,False,
907,CA_CHAR_05_HomoglyphPerturbation,मच्छर से बचाव करने पर डेंगू का जोखिम हर परिस्थिति में शून्य हो जाता है।,"डब्ल्यूएचओ मच्छर काटने से बचाव को रोकथाम उपाय बताता है, लेकिन जोखिम पूरी तरह शून्य होने की गारंटी नहीं देता।",मच्छर से बचाव करने पर डेंगू का जोखिम हर परिस्थिति मे​ं शून्य हो जाता है।,,NEI,REF,REF,False,baseline_failure,,,False,
908,CA_CHAR_05_HomoglyphPerturbation,"पार्किंसंस रोग का प्रभाव केवल शारीरिक कंपन तक सीमित नहीं, बल्कि अवसाद, चिंता और डिमेंशिया जैसे मानसिक लक्षणों तक भी फैलता है।","विश्व स्वास्थ्य संगठन के अनुसार, पार्किंसंस रोग कंपन पैदा करने के अलावा अवसाद, चिंता, मतिभ्रम और डिमेंशिया जैसे गंभीर मानसिक लक्षण भी पैदा कर सकता है।","पार्किंसंस रोग का प्रभाव केवल शारीरिक कंपन तक सीमित नहीं, बल्कि अवसाद, चिंता और डिमेंशिया​ जैसे मानसिक लक्षणों तक भी फैलता है।",,SUP,SUP,SUP,False,no_flip,,,False,
909,CA_CHAR_05_HomoglyphPerturbation,सीतामढ़ी पुलिस ने छापेमारी कर 44 बोतल कोरेक्स सिरप और 290 प्रतिबंधित टैबलेट के साथ एक नशीली दवा तस्कर राजीव पासवान को रंगे हाथ गिरफ्तार किया।,"पुलिस उपनिरीक्षक प्रवीण कुमार के नेतृत्व में टीम ने सूचना के सत्यापन के बाद छापेमारी की, जिसमें भागने का प्रयास कर रहे तस्कर को घेराबंदी कर पकड़ा गया।",सीतामढ़ी पुलिस ने छापेमारी कर 44 बोतल कोरेक्स सिरप और 290 प्रतिबंधित टैबळेट के साथ एक नशीली दवा तस्कर राजीव पासवान को रंगे हाथ गिरफ्तार किया।,,SUP,NEI,NEI,False,baseline_failure,,,False,
910,CA_CHAR_05_HomoglyphPerturbation,लेख के अनुसार राष्ट्रीय आपदा प्रबंधन के अधिकारियों ने कार्यशाला का उद्घाटन नहीं किया।,लेख में स्पष्ट रूप से राष्ट्रीय आपदा प्रबंधन के अधिकारियों द्वारा शुभारंभ करने का उल्लेख है।,लेख के अनुसार राष्ट्रीय आपदा प्रबंधन के अधिकारियों ने कार्यशाला का उद्घा​टन नहीं किया।,,REF,REF,REF,False,no_flip,,,False,
911,CA_CHAR_05_HomoglyphPerturbation,"दिल्ली पुलिस ने नशे के खिलाफ अभियान में हाइड्रोपोनिक वीड, गांजा, हेरोइन और एमडीएमए सहित करोड़ों रुपये के मादक पदार्थ बरामद कर पांच तस्करों को गिरफ्तार किया।","पुलिस ने आरोपियों के कब्जे से 1.180 किलोग्राम हाइड्रोपोनिक वीड, 10.530 किलोग्राम गांजा, 396.33 ग्राम हेरोइन और 9.76 ग्राम एमडीएमए जब्त किया।","दिल्ली पुलिस ने नशे के​ खिलाफ अभियान में हाइड्रोपोनिक वीड, गांजा, हेरोइन और एमडीएमए सहित करोड़ों रुपये के मादक पदार्थ बरामद कर पांच तस्करों को गिरफ्तार किया।",,SUP,SUP,SUP,False,no_flip,,,False,
912,CA_CHAR_05_HomoglyphPerturbation,72वें राष्ट्रीय फिल्म पुरस्कार 2026 में कार्तिक आर्यन और ममूटी को संयुक्त रूप से सर्वश्रेष्ठ अभिनेता का पुरस्कार मिला।,"पीआईबी (सूचना और प्रसारण मंत्रालय) की आधिकारिक प्रेस विज्ञप्ति के अनुसार यामी गौतम ने 'आर्टिकल 370' के लिए सर्वश्रेष्ठ अभिनेत्री का पुरस्कार जीता, जबकि ममूटी ('ब्रह्मयुगम') और कार्तिक आर्यन ('चंदू चैंपियन') ने सर्वश्रेष्ठ अभिनेता (मुख्य भूमिका) का पुरस्कार साझा किया। घोषणा 18 जुलाई 2026 को नई दिल्ली के नेशनल मीडिया सेंटर में हुई।",72वें राष्ट्रीय फिल्म पुरस्का​र 2026 में कार्तिक आर्यन और ममूटी को संयुक्त रूप से सर्वश्रेष्ठ अभिनेता का पुरस्कार मिला।,,SUP,SUP,SUP,False,no_flip,,,False,
913,CA_CHAR_05_HomoglyphPerturbation,केंद्र सरकार ने प्रधानमंत्री गरीब कल्याण अन्न योजना को 1 जनवरी 2024 से लगभग 81.35 करोड़ लाभार्थियों के लिए पाँच वर्ष तक निःशुल्क जारी रखने का निर्णय लिया।,खाद्य एवं सार्वजनिक वितरण विभाग के पृष्ठ के अनुसार पीएमजीकेएवाई को 1 जनवरी 2024 से पाँच वर्ष के लिए बढ़ाया गया और इससे लगभग 81.35 करोड़ लाभार्थी आच्छादित हैं।,केंद्र सरकार ने प्रधानमंत्री गरीब कल्याण अन्न योजना को 1 जनवरी 2024 से लगभग 81.35 करोड़ लाभार्थियों के ळिए पाँच वर्ष तक निःशुल्क जारी रखने का निर्णय लिया।,,SUP,SUP,SUP,False,no_flip,,,False,
914,CA_CHAR_05_HomoglyphPerturbation,रेबीज़ का संक्रमण दुनिया भर में केवल कुत्तों के काटने से होता है।,"अमेरिका में रेबीज़ ज्यादातर जंगली जानवरों जैसे चमगादड़, रैकून और लोमड़ियों में पाया जाता है। दुनिया के अन्य हिस्सों में कुत्ते प्रमुख वाहक हैं, और बिल्लियां भी रेबीज़ फैला सकती हैं।",रेबीज़ का संक्रमण दुनिया भर में केवल कुत्तों के काटने​ से होता है।,,REF,REF,REF,False,no_flip,,,False,
915,CA_CHAR_05_HomoglyphPerturbation,"हृदय रोग का जोखिम केवल आहार से निर्धारित होता है, शारीरिक निष्क्रियता से नहीं।",डब्ल्यूएचओ शारीरिक निष्क्रियता को हृदय और रक्त वाहिका संबंधी रोग के प्रमुख व्यवहारिक जोखिम कारकों में शामिल करता है।,"हृदय रोग का जोखिम केवल आहार से निर्धारित होता है, शारीरिक निष्क्रियता से नही​ं।",,REF,REF,REF,False,no_flip,,,False,
916,CA_CHAR_05_HomoglyphPerturbation,मातली से शवों को सड़क मार्ग से जिला अस्पताल पहुंचाया गया।,लेख में मातली से सड़क मार्ग द्वारा शव जिला अस्पताल लाने की जानकारी है।,मातली से शवों को सड़क मार्ग से​ जिला अस्पताल पहुंचाया गया।,,SUP,SUP,SUP,False,no_flip,,,False,
917,CA_CHAR_05_HomoglyphPerturbation,केदारनाथ की ऊपरी पहाड़ियों पर हल्की बर्फबारी हुई।,लेख में केदारनाथ की ऊपरी पहाड़ियों पर हल्की बर्फबारी का उल्लेख है।,केदारनाथ की ऊपरी पहाड़ियों पर हल्की बर्फबारी​ हुई।,,SUP,SUP,SUP,False,no_flip,,,False,
918,CA_CHAR_05_HomoglyphPerturbation,'रामायण' का ट्रेलर रिलीज न होने पर फैंस नाराज हुए।,न्यूज़बाइट्स हिंदी की खबर में कहा गया है कि रणबीर कपूर की पौराणिक फिल्म 'रामायण' को लेकर सोशल मीडिया पर नाराजगी देखने को मिल रही है।,'रामायण' का ट्रेलर रिलीज न होने पर फैंस नाराज हु​ए।,,SUP,SUP,SUP,False,no_flip,,,False,
919,CA_CHAR_05_HomoglyphPerturbation,लोकसभा चुनाव 2024 में महिला मतदाताओं की प्रतिशत हिस्सेदारी सबसे अधिक पुडुचेरी में 53.03 प्रतिशत थी।,निर्वाचन आयोग के एटलस में 2024 में महिला मतदाता हिस्सेदारी पुडुचेरी में सर्वाधिक 53.03 प्रतिशत बताई गई है।,लोकसभा चुनाव 2024 में महिला मतदा​ताओं की प्रतिशत हिस्सेदारी सबसे अधिक पुडुचेरी में 53.03 प्रतिशत थी।,,SUP,SUP,SUP,False,no_flip,,,False,
920,CA_CHAR_05_HomoglyphPerturbation,जींद साइबर पुलिस ने सोशल मीडिया ठगी के मामले में एक महिला को गिरफ्तार किया।,पुलिस ने उत्तर प्रदेश की रहने वाली आरोपी महिला को 1.88 लाख रुपये की साइबर ठगी के आरोप में गिरफ्तार किया।,जींद साइबर पुलिस ने सोशल मीडिया ठगी के मामले में एक महिला को गिरफ़्तार किया।,,SUP,REF,REF,True,flip,5,True,False,
921,CA_CHAR_05_HomoglyphPerturbation,"श्री गंगानगर रेप केस के आरोपी को सरेआम फांसी देने का दावा फर्जी, वीडियो U.P. में मुहर्रम जुलूस के दौरान किए गए एक स्टंट का है..","राजस्थान के श्रीगंगानगर ज़िले में 13 साल की लड़की के कथित अपहरण और गैंगरेप की घटना से भारी आक्रोश फैल गया है। राजस्थान पुलिस के अनुसार, अब तक 21 आरोपियों को गिरफ़्तार किया जा चुका है और मामले की जांच जारी है। इस संदर्भ में, सोशल मीडिया पर एक वीडियो शेयर किया जा रहा है , जिसमें क्रेन से कफ़न में लिपटे चार लोगों को ऊपर उठाया जा रहा है। दावा किया जा रहा है कि यह वीडियो राजस्थान के श्रीगंगानगर में 13 साल की लड़की के साथ कथित तौर पर रेप करने के आरोपियों का है, जिन्हें सरेआम फांसी दी गई। वायरल वीडियो के साथ यूजर ने लिखा है- श्रीगंगानगर नाबालिग दुष्कर्म मामला: 32 आरोपी गिरफ्तार, अब न्याय… फेसबुक।आर्काइव अनुसंधान से पता चलता है कि… पड़ताल की शुरुआत में हमने वायरल वीडियो के तस्वीरों का रिवर्स इमेज सर्च किया, परिणाम में हमें वायरल वीडियो से मिलता-जुलता वीडियो 27 जून 2026 को किए गए एकइंस्टाग्रामपोस्ट में मिला। वीडियो में लिखा है “चंडौस, ज़िला अलीगढ़।” मिली जानकारी की मदद लेते हुए हमें दावे से जुड़ी एक पोस्ट ‘Glorixmedia Glorixmedia’ नाम के फेसबुक प्रोफाइल पर मिली। पोस्ट को 11 जुलाई 2026 को शेयर किया गया था। खबर के मुताबिक, वीडियो उत्तर प्रदेश के अलीगढ़ के शाहपुर-रामपुर इलाके का है, जहां मुहर्रम के जुलूस के दौरान ‘अब्बासी अखाड़े’ ने एक पारंपरिक धार्मिक झांकी निकाली थी। वीडियो में कुछ लोगों को अब्बासी अखाड़े की टी-शर्ट पहने हुए भी देखा जा सकता है। यह वीडियो इसी जगह का इसकी पुष्टि करने के लिए, हमनेGoogle Mapsपर “Prem Medical Store, Main Road, Chandaus, Aligarh” का इस्तेमाल करके जियोलोकेशन सर्च किया। हमें वही इमारतें और दुकानें दिखीं जो वायरल वीडियो में थीं, जिससे यह पुष्टि हुई कि फुटेज वाकई अलीगढ़ के चंदाउस में ही शूट किया गया था। इसी प्रकार से हमें कई न्यूज़ रिपोर्ट मिलीं, जिनमें अलीगढ़ के चंदाउस में मुहर्रम जुलूसकी कवरेज थी। इन रिपोर्टों के अनुसार, जुलूस 26 जून 2026 को निकाला गया था, जिसमें अलग-अलग अखाड़ों के प्रतिभागियों ने मार्शल आर्ट्स का प्रदर्शन किया और अन्य स्टंट किए। स्थानीय अधिकारियों की देखरेख में कड़े सुरक्षा इंतज़ामों के बीच यह कार्यक्रम शांतिपूर्ण ढंग से संपन्न हुआ। हमें 30 जुलाई 2023 का एकYouTubeवीडियो भी मिला, जिसमें ऐसे ही दृश्य दिखाई दे रहे थे। वीडियो के विवर","श्री गंगानगर रेप केस के आरोपी को सरेआम फांसी देने का दावा फर्जी, वीडियो U.P. में मुहर्रम जुलूस के दौरा​न किए गए एक स्टंट का है..",,REF,REF,REF,False,no_flip,,,False,
922,CA_CHAR_05_HomoglyphPerturbation,लोकसभा चुनाव 2024 के छठे चरण में 8 राज्यों/केंद्र शासित प्रदेशों की 58 संसदीय सीटों के लिए मतदान हुआ।,पीआईबी की हिंदी विज्ञप्ति में छठे चरण के लिए 8 राज्यों/केंद्र शासित प्रदेशों की 58 संसदीय सीटों का उल्लेख है।,लोकसभा चुनाव 2024 के छठे​ चरण में 8 राज्यों/केंद्र शासित प्रदेशों की 58 संसदीय सीटों के लिए मतदान हुआ।,,SUP,SUP,SUP,False,no_flip,,,False,
923,CA_CHAR_05_HomoglyphPerturbation,"यदि उम्मीदवार या प्रायोजक दल अपने टीवी चैनल, केबल चैनल या समाचार पत्र का उपयोग चुनावी संभावनाएं बढ़ाने के लिए करे, तो मानक दर कार्ड के अनुसार खर्च चुनाव व्यय विवरण में शामिल करना होता है।","पीआईबी की विज्ञप्ति में स्वयं के टीवी/केबल चैनल या समाचार पत्र के उपयोग पर, वास्तविक भुगतान न होने पर भी, मानक दर कार्ड के अनुसार खर्च चुनाव व्यय विवरण में शामिल करने का निर्देश है।","यदि उम्मीदवार या प्रायोजक दल अपने टीवी चैनल, केबल चैनल या समाचार पत्र का उपयोग चुनावी संभावनाएं बढ़ाने के लिए करे​, तो मानक दर कार्ड के अनुसार खर्च चुनाव व्यय विवरण में शामिल करना होता है।",,SUP,SUP,SUP,False,no_flip,,,False,
924,CA_CHAR_05_HomoglyphPerturbation,जल जीवन मिशन अगस्त 2019 में शुरू होने से पहले केवल 3.23 करोड़ ग्रामीण परिवारों के पास नल से पानी का कनेक्शन था।,पीआईबी हिंदी पृष्ठ में अगस्त 2019 में जेजेएम शुरू होने से पहले 3.23 करोड़ ग्रामीण परिवारों के पास नल जल कनेक्शन होने का उल्लेख है।,जल जीवन मिशन अगस्त 2019 में शु​रू होने से पहले केवल 3.23 करोड़ ग्रामीण परिवारों के पास नल से पानी का कनेक्शन था।,,SUP,SUP,SUP,False,no_flip,,,False,
925,CA_CHAR_05_HomoglyphPerturbation,वास्तविक मतदान से पहले ईवीएम के कार्य को तीन बार जांचा जाता है।,"निर्वाचन आयोग के पृष्ठ में वास्तविक मतदान से पहले पहली-स्तरीय जांच, उम्मीदवार-सेटिंग और मतदान आरंभ होने से पूर्व ईवीएम की तीन बार जांच का उल्लेख है।",वास्तविक मतदान से पहले ईवीएम के कार्य को तीन बा​र जांचा जाता है।,,SUP,SUP,SUP,False,no_flip,,,False,
926,CA_CHAR_05_HomoglyphPerturbation,उज्जैन में इंस्टाग्राम के जरिए हनी ट्रैप में फंसाकर एक युवक का अपहरण कर 10 लाख रुपये की फिरौती वसूलने वाले गिरोह के 10 आरोपियों को पुलिस ने दो दिन के भीतर गिरफ्तार किया।,नानाखेड़ा थाना प्रभारी नरेंद्र कुमार यादव के अनुसार आरोपी युवती ने नौकरी का बहाना बनाकर पीड़ित से संपर्क किया और मिलने के दौरान उसे बंधक बना लिया गया।,उज्जैन में इंस्टाग्राम के जरिए हनी ट्रैप में फंसाकर एक युवक का अपहरण कर 10 लाख रुपये की फिरौती वसूलने वाले गिरोह के 10 आरोपियों को पुलिस ने​ दो दिन के भीतर गिरफ्तार किया।,,SUP,NEI,NEI,False,baseline_failure,,,False,
927,CA_CHAR_05_HomoglyphPerturbation,'ओह माय डॉग' पर सेंसर बोर्ड ने 7 बदलाव किए।,"न्यूज़बाइट्स हिंदी के अनुसार, निर्देशक अमित राय की फिल्म 'ओह माय डॉग' सिनेमाघरों में रिलीज के लिए तैयार है। — इससे अधिक जानकारी रिपोर्ट में शामिल नहीं है।",'ओह माय डॉग' पर सेंसर बोर्ड़ ने 7 बदलाव किए।,,NEI,NEI,NEI,False,no_flip,,,False,
928,CA_CHAR_05_HomoglyphPerturbation,असुरक्षित भोजन से 200 से अधिक प्रकार की बीमारियां हो सकती हैं।,"डब्ल्यूएचओ के अनुसार बैक्टीरिया, वायरस, परजीवी या रासायनिक पदार्थों से दूषित असुरक्षित भोजन 200 से अधिक बीमारियों का कारण बन सकता है।",असुरक्षित भोजन से 200 से अधिक प्रकार की बीमारियां हो​ सकती हैं।,,SUP,SUP,SUP,False,no_flip,,,False,
929,CA_CHAR_05_HomoglyphPerturbation,8 जुलाई 2024 तक आयुष्मान भारत प्रधानमंत्री जन आरोग्य योजना के 34.73 करोड़ आयुष्मान कार्ड बनाए जा चुके थे।,आर्थिक समीक्षा संबंधी विज्ञप्ति में 8 जुलाई 2024 तक 34.73 करोड़ आयुष्मान कार्ड बनने का उल्लेख है।,8 जुलाई 2024 तक आयुष्मान भारत प्रधानमंत्री जन आरोग्य योजना के 34.73 करोड़ आयुष्मान कार्ड बना​ए जा चुके थे।,,SUP,SUP,SUP,False,no_flip,,,False,
930,CA_CHAR_05_HomoglyphPerturbation,अवसाद का उपचार हर व्यक्ति में ठीक छह सप्ताह में पूरा हो जाता है।,"डब्ल्यूएचओ उपचार उपलब्ध होने की पुष्टि करता है, लेकिन सभी लोगों के लिए छह सप्ताह की निश्चित अवधि स्थापित नहीं करता।",अवसाद का उपचार हर व्यक्ति में ठीक छह सप्ताह मे​ं पूरा हो जाता है।,,NEI,REF,REF,False,baseline_failure,,,False,
931,CA_CHAR_05_HomoglyphPerturbation,"सरकार अगले बजट में पीएम-किसान की वार्षिक सहायता 12,000 रुपये कर देगी।","वनइंडिया हिंदी की रिपोर्ट में वर्तमान समय में 12,000 रुपये करने का कोई प्रस्ताव स्वीकृत न होने की जानकारी है, पर अगले बजट के निर्णय का प्रमाण नहीं है।","सरकार अगले बजट में पीएम-किसान की​ वार्षिक सहायता 12,000 रुपये कर देगी।",,NEI,NEI,NEI,False,no_flip,,,False,
932,CA_CHAR_05_HomoglyphPerturbation,धनुष की राजनीति में कदम रखने को लेकर अटकलें हैं।,आजतक फैक्ट चेक ने वायरल शादी की तस्वीरों की जांच में पाया कि वे किसी विज्ञापन शूट और पुराने इवेंट से जुड़ी थीं। दोनों कलाकारों की टीमों ने शादी की खबर को गलत बताया।,धनुष की राजनीति में कदम रखने को लेकर अटकले​ं हैं।,,REF,NEI,NEI,False,baseline_failure,,,False,
933,CA_CHAR_05_HomoglyphPerturbation,एक फिल्म की शूटिंग का वीडियो झारखंड में महिला के साथ दुष्कर्म के झूठे दावे से वायरल..,"सोशल मीडिया पर एक वीडियो तेजी से वायरल हो रहा है, जिसमें देखा जा सकता है कि महिला झाड़ियों में पड़ी हुई है और पुलिस उसे चेक कर रही है। वीडियो के साथ दावा किया जा रहा है कि झारखंड में छह लड़कों ने मिलकर इस लड़की के साथ दुष्कर्म किया और फिर उसे झाड़ियों में फेंक दिया। वायरल वीडियो के साथ यूजर ने लिखा है- 6 लड़कों ने मिलकर एक लड़की की इज्जत लुटी मर कर झाड़ियों में फेंका फेसबुक।आर्काइव अनुसंधान से पता चलता है कि… पड़ताल की शुरुआत में हमने वायरल पोस्ट के कुछ तस्वीरो का रिवर्स इमेज सर्च किया। परिणाम में वायरल तस्वीर हमें एकइंस्टाग्रामपोस्ट पर शेयर की हुई मिली। कैप्शन में बताया गया था कि यह वीडियो “लुजेग” नामक एक फिल्म की शूटिंग का है। वीडियो में एक पुलिस की वर्दी पहने लोग एक महिला को एम्बुलेंस में अस्पताल ले जाते हुए दिखाई दे रहे हैं। एक कैमरामैन इस दृश्य को फिल्माते हुए दिखाई दे रहा है, यहाँ तक कि वर्दीधारी अभिनेताओं में से एक को निर्देश देते हुए और एक क्लोज़-अप शॉट भी ले रहा है। मिली जानकारी की मदद लेते हुए हमे एकयूट्यूबचैनल मिला, जिसमें वीडियो में वायरल वीडियो में नजर आ रही लड़की को देखा जा सकता है। जानकारी की मुताबिक ये लुजेग (Lujeg) फिल्म से जुड़ा है। मई 2025 में यूट्यूब पर कई ब्लॉगर ने फिल्म की शूटिंग से जुड़े वीडियो को शेयर किया है। हमें सोशल मीडिया पर फिल्म “लुजेग” की शूटिंग से जुड़े कई औरवीडियोमिले । ऐसे ही एक वीडियो में, वायरल क्लिप में घायल दिख रही महिला एम्बुलेंस के अंदर अपने चेहरे पर मास्क लगाए हुए दिखाई दे रही है। इससे पता चलता है कि ये दृश्य किसी फिल्म की शूटिंग के हैं, किसी वास्तविक घटना की नहीं। https://www.instagram.com/reel/DJqMWG5utq_/?utm_source=ig_web_copy_link निष्कर्ष-तथ्य-जांच के हमने पाया कि , झाड़ियों में पड़ी महिला का वायरल वीडियो किसी असली घटना का नहीं, बल्कि एक फिल्म की शूटिंग का है। झारखंड में छह लड़कों द्वारा मिलकर लड़की के साथ दुष्कर्म करने और फिर उसे झाड़ियों में फेंकने का दावा फर्जी है। Title:एक फिल्म की शूटिंग का वीडियो झारखंड में महिला के साथ दुष्कर्म के झूठे दावे से वायरल.. Result:False",एक फिल्म की शूटिंग का वीडियो झारखंड में महिला​ के साथ दुष्कर्म के झूठे दावे से वायरल..,,REF,SUP,SUP,False,baseline_failure,,,False,
934,CA_CHAR_05_HomoglyphPerturbation,"पीएमएवाई-शहरी की क्रेडिट-लिंक्ड सब्सिडी योजना के तहत 59,318 करोड़ रुपये से अधिक ब्याज सब्सिडी वितरित की गई।","पीआईबी के हिंदी पृष्ठ में पीएमएवाई-यू की सीएलएसएस के अंतर्गत 59,318 करोड़ रुपये से अधिक ब्याज सब्सिडी वितरण का उल्लेख है।","पीएमएवाई-शहरी की क्रेडिट-लिंक्ड सब्सिडी योजना के तहत 59,318 करोड़ रुपये से​ अधिक ब्याज सब्सिडी वितरित की गई।",,SUP,SUP,SUP,False,no_flip,,,False,
935,CA_CHAR_05_HomoglyphPerturbation,प्रधानमंत्री गरीब कल्याण अन्न योजना के तहत लगभग 80 करोड़ एनएफएसए लाभार्थियों को अतिरिक्त और मुफ्त खाद्यान्न दिया गया था।,उपभोक्ता कार्य मंत्रालय की विज्ञप्ति में पीएम-जीकेएवाई के अंतर्गत लगभग 80 करोड़ एनएफएसए लाभार्थियों को अतिरिक्त और निःशुल्क चावल या गेहूं वितरण शुरू करने का उल्लेख है।,प्रधानमंत्री गरीब कल्याण अन्न योजना के तहत लगभग 80 करोड़ एनएफएसए लाभार्थियों को अतिरिक्त और मुफ्त खाद्यान्न दिया गया था​।,,SUP,SUP,SUP,False,no_flip,,,False,
936,CA_CHAR_05_HomoglyphPerturbation,भारत सरकार ने इसी लेख में चमोली की सभी जलविद्युत परियोजनाओं को स्थायी रूप से बंद करने की घोषणा की।,लेख में ऐसी किसी घोषणा का उल्लेख नहीं है।,भा​रत सरकार ने इसी लेख में चमोली की सभी जलविद्युत परियोजनाओं को स्थायी रूप से बंद करने की घोषणा की।,,NEI,REF,REF,False,baseline_failure,,,False,
937,CA_CHAR_05_HomoglyphPerturbation,"फरसा वाले बाबा की हत्या के बाद पुलिस पर पथराव का दो महीने पुराना वीडियो, सीजेपी से जोड़कर भ्रामक दावों के साथ वायरल।","कॉकरोच जनता पार्टी कैंपेन से जोड़कर शेयर किया जा रहा है असंबंधित वीडियो। दो महीने पुरानी घटना का है वीडियो। हाल में ही में भारत के मुख्य न्यायाधीश जस्टिस सूर्यकांत के दिए एक बयान के बाद सोशल मीडिया पर शुरू हुए कॉकरोच जनता पार्टी कैंपेन से जोड़कर एक वीडियो वायरल हो रहा है। इसमें कुछ लोगों को सड़क पर उतरकर वीआईपी वाहनों पर पथराव करते हुए दिखाया गया है। वीडियो शेयर करते हुए दावा किया जा रहा है कि कॉकरोच जनता पार्टी से जुड़े लोग अब सड़कों पर उतरकर वीआईपी वाहनों पर पथराव कर रहे हैं। पोस्ट में कैप्शन लिखा गया है… Cockroachसड़कोंपरउतरचुकेहैं–अबकोईVIPनहीं,अबसबबराबरहैं फेसबुक पोस्ट।आर्काइव पोस्ट अनुसंधानसेपताचलताहैकि… हमने जांच की शुरुआत में वायरल वीडियो के कीफ्रेम लेकर उसे रिवर्स इमेज सर्च किया। पड़ताल में हमें यही वीडियो एकइंस्टाग्राम चैनलपर मिला, जिसे 22 मार्च 2026 को प्रकाशित किया गया था। इसके साथ कैप्शन में लिखा गया था,”मथुरा में उपद्रवियों ने पुलिस की गाड़ी पर पथराव किया।” इसी वीडियो को एक औरइंस्टाग्राम यूज़रद्वारा 22 मार्च 2026 को शेयर करते हुए बताया गया है कि, यह मथुरा पुलिस पर गुंडों की पत्थरबाज़ी की घटना है। और पड़ताल करने पर हमेंएनडीटीवीइंडिया के एक्स अकाउंट से 21 मार्च 2026 को पोस्ट किया गया वीडियो मिला, जिसमें वायरल क्लिप को देख सकते हैं। पोस्ट में लिखे कैप्शन के अनुसार, मथुरा में गोतस्करों ने गोरक्षक फरसा वाले बाबा की ट्रक से कुचलकर हत्या कर दी जिसके बाद गुस्साए लोगों ने पुलिस पर पथराव किया। मथुरा में गोतस्करों ने गोरक्षक ‘फरसा वाले बाबा’ को ट्रक से कुचला, समर्थकों ने जाम किया हाइवे, गुस्साई भीड़ ने पुलिस पर किया पथराव#Mathurapic.twitter.com/hL5W3aW9cb खोज में हमें प्राप्त हुईअमर उजालाकी रिपोर्ट के अनुसार, मथुरा के कोसीकलां में 21 मार्च को फरसा वाले बाबा उर्फ चंद्रशेखर की मौत के बाद दिल्ली-आगरा नेशनल हाइवे पर जमकर हंगामा हुआ था और पुलिस पर पथराव किया गया था, जिसमें कई पुलिसकर्मी घायल हुए थे। उक्त घटना पर 21 मार्च 2026 को अपलोड किए गएएबीपीकी वीडियो रिपोर्ट में पुलिस के बयान को देख सकते हैं। इसमें मथुरा के एसएसपी श्लोक कुमार ने चंद्रशेखर की मौत को हादसा बताया और गोतस्करी के एंगल से इनकार किया। उनका कहना था कि चंद्रशेखर गोवंश के शक पर एक गाड़ी चेक कर रहे थे इस प","फरसा वाले बाबा की हत्या के बाद पुलिस पर पथराव का दो महीने पुराना वीडियो, सीजेपी से​ जोड़कर भ्रामक दावों के साथ वायरल।",,REF,REF,REF,False,baseline_failure,,,False,
938,CA_CHAR_05_HomoglyphPerturbation,वर्ष 2025 में क्षेत्रीय रेलवे उपयोगकर्ता परामर्श समितियों में संसद के 160 सदस्यों को नामित किया गया।,पीआईबी की वर्षांत समीक्षा में क्षेत्रीय रेलवे उपयोगकर्ता परामर्श समितियों में लोकसभा और राज्यसभा के 160 सदस्यों को नामित करने की जानकारी है।,वर्ष 2025 में क्षेत्रीय रे​लवे उपयोगकर्ता परामर्श समितियों में संसद के 160 सदस्यों को नामित किया गया।,,SUP,SUP,SUP,False,baseline_failure,,,False,
939,CA_CHAR_05_HomoglyphPerturbation,दिल्ली पुलिस ने 15 साल से फरार आरोपी नौशाद को एक कमीशन एजेंट की हत्या और लूट के मामले में गिरफ्तार किया।,पूर्वी दिल्ली में 2011 में हुई हत्या-लूट की घटना में फरार 10 हजार रुपये के इनामी आरोपी नौशाद को शास्त्री पार्क फ्लाईओवर के पास से पकड़ा गया।,दिल्ली पुलिस ने 15 साल से​ फरार आरोपी नौशाद को एक कमीशन एजेंट की हत्या और लूट के मामले में गिरफ्तार किया।,,SUP,SUP,SUP,False,no_flip,,,False,
940,CA_CHAR_05_HomoglyphPerturbation,फराह खान ने ‘डॉन 3’ के निर्देशन की कमान फरहान अख्तर से अपने हाथ में ले ली है।,रिपोर्ट में बताया गया कि ‘डॉन 3’ का निर्देशन फरहान अख्तर ही कर रहे हैं और रणवीर सिंह को नए डॉन के रूप में घोषित किया गया है। फराह खान के निर्देशक बनने की कोई आधिकारिक घोषणा नहीं मिली।,फराह खान ने ‘डॉन 3’ के​ निर्देशन की कमान फरहान अख्तर से अपने हाथ में ले ली है।,,REF,,,False,unusable_verdict,,,False,
941,CA_CHAR_05_HomoglyphPerturbation,मार्च 2026 में बांग्लादेशी सेना की कार्रवाई का वीडियो भारत के नाम पर शेयर किया जा रहा है।,"ड्रग डीलर की गिरफ्तारी का यह वीडियो बांग्लादेश का है, पश्चिम बंगाल का नहीं। पश्चिम बंगाल में अवैध घुसपैठ के मुद्दे पर प्रशासन और सरकार द्वारा कड़ी कार्रवाई की जा रही है। राज्य में संदिग्ध बांग्लादेशी घुसपैठियों की पहचान करने के साथ ही उन्हें हिरासत में लेने और वापस भेजने की प्रक्रिया तेज हो गई है। इसी संदर्भ से जोड़ते हुए सोशल मीडिया पर एक वीडियो वायरल किया जा रहा है,जिसमें दिखाई दे रहा है कि सेना की वर्दी में जवानों द्वारा एक शख्स को हिरासत में लिया गया है। यूज़र्स द्वारा वीडियो को साझा करते हुए दावा किया जा रहा है कि, बंगाल में बीएसएफ के जवानों ने सीमा पार करने की कोशिश कर रहे एक घुसपैठिए को पकड़ लिया। यूज़र ने पोस्ट के कैप्शन में लिखा है… बंगालबार्डरपरएडबुलतारोंकेनीचेसेसीमापरकररहाथा,बीएसएफनेवहींपकड़लियाऔरफिरबढ़ियाखातिरदारीकी फेसबुक पोस्ट।आर्काइव पोस्ट अनुसंधानसेपताचलताहैकि… हमने जांच की शुरुआत में वायरल वीडियो के कीफ्रेम्स को रिवर्स सर्च किया। परिणाम में हमेंनीरू नाहरनाम के एक्स हैंडल पर 21 मार्च 2026 को पोस्ट किया गया यह वीडियो मिला। इसके साथ लिखे कैप्शन के अनुसार, बांग्लादेश बॉर्डर गार्ड्स ने बीएनपी लीडर मिजान उर्फ़ बाबा मिजान को सीमा पर गिरफ्तार कर लिया। ঈদ মোবারক! সীমান্তে বিজিবির হাতে আটক হলেন বিশিষ্ট ইয়াবা ব্যবসায়ী#বিএনপিরনেতা মিজান ওরফে ""বাবা মিজান""pic.twitter.com/YBzy22u1MT फिर हमें एक बांग्लादेशी न्यूज वेबसाइट के फेसबुक पेजजोनो पल्सपर 22 मार्च 2026 को यहीं वीडियो शेयर किया हुआ मिला। बताया गया है कि चपैनवाबगंज के कुख्यात ड्रग तस्कर जुएल को बीजीबी ने गिरफ्तार कर किया। चपैनवाबगंज नाम की जगह बांग्लादेश में है। आगे पड़ताल करने पर हमें एक और बांग्लादेशी मीडिया आउटलेटCumilla24 tvके फेसबुक पेज पर भी यहीं वीडियो मिला, जिसे 22 मार्च को अपलोड किया गया था। पता चलता है कि बांग्लादेश में बॉर्डर गार्ड्स ने एक ड्रग तस्कर को पकड़ लिया था। हमारी खोज में हमें वायरल वीडियोअन्य बांग्लादेशीमीडियाऑउटलेटके हवाले से उनके फेसबुक पेज शेयर किया हुआ मिला। इनके अनुसार, चौपाई नवाबगंज जिले में एक कुख्यात ड्रग और याबा तस्कर को बांग्लादेशी सेना ने याबा के साथ गिरफ्तार किया था। इसलिए पुष्टि होती है कि बांग्लादेश के वीडियो को बंगाल का बताकर असंबंधित दावा पेश किया जा रहा है। पश्चिम बंगाल",मार्च 2026 में बांग्लादेशी सेना की कार्रवाई का वीडियो भारत के नाम पर शे​यर किया जा रहा है।,,REF,REF,REF,False,baseline_failure,,,False,
942,CA_CHAR_05_HomoglyphPerturbation,'द ओडिसी' ने वीकएंड में अच्छा कलेक्शन किया।,"अमर उजाला की रिपोर्ट के अनुसार, हॉलीवुड फिल्म 'द ओडिसी' बॉक्स ऑफिस पर अच्छी कमाई कर रही है। जानिए फिल्म ने आज रविवार को कितना कलेक्शन किया है। खबर में यही जानकारी स्पष्ट रूप से दर्ज है।",'द ओडिसी' ने वीकएंड मे​ं अच्छा कलेक्शन किया।,,SUP,,,False,unusable_verdict,,,False,
943,CA_CHAR_05_HomoglyphPerturbation,"विश्व स्वास्थ्य संगठन (डब्ल्यूएचओ) के अनुसार, बच्चों के लिए सीसा के संपर्क का कोई भी स्तर सुरक्षित नहीं माना गया है।","विश्व स्वास्थ्य संगठन (WHO) के अनुसार, सीसा (Lead) बच्चों के स्वास्थ्य और विकास पर गंभीर प्रतिकूल प्रभाव डाल सकता है। इसलिए WHO स्पष्ट करता है कि बच्चों के लिए सीसा के संपर्क का कोई सुरक्षित स्तर नहीं माना जाता।","विश्व स्वास्थ्य संगठन (डब्ल्यूएचओ) के अनुसार, बच्चों के लिए सीसा के​ संपर्क का कोई भी स्तर सुरक्षित नहीं माना गया है।",,SUP,,,False,unusable_verdict,,,False,
944,CA_CHAR_05_HomoglyphPerturbation,टाइप 1 मधुमेह वाले लोगों को जीवित रहने के लिए इंसुलिन की आवश्यकता होती है।,डब्ल्यूएचओ के अनुसार टाइप 1 मधुमेह वाले लोगों को जीवित रहने के लिए इंसुलिन इंजेक्शन की आवश्यकता होती है।,टाइप 1 मधुमेह वाले लोगों को जीवि​त रहने के लिए इंसुलिन की आवश्यकता होती है।,,SUP,SUP,SUP,False,no_flip,,,False,
945,CA_CHAR_05_HomoglyphPerturbation,57 घटनाओं में से 38 घटनाएं 1000 से 2000 मीटर ऊंचाई वाले एलिवेशन बैंड में हुईं।,लेख में 38 घटनाओं के इसी ऊंचाई बैंड में होने की जानकारी दी गई है।,57 घटनाओं में से​ 38 घटनाएं 1000 से 2000 मीटर ऊंचाई वाले एलिवेशन बैंड में हुईं।,,SUP,,,False,unusable_verdict,,,False,
946,CA_CHAR_05_HomoglyphPerturbation,"विकसित भारत-जी राम जी योजना के लिए 95,682 करोड़ रुपये की अंतरिम स्वीकृति दी गई थी।","एनडीटीवी इंडिया की हिंदी रिपोर्ट में केंद्रीय मंत्री के हवाले से विकसित भारत-जी राम जी योजना के लिए 95,682 करोड़ रुपये की अंतरिम स्वीकृति का उल्लेख है।","विकसित भा​रत-जी राम जी योजना के लिए 95,682 करोड़ रुपये की अंतरिम स्वीकृति दी गई थी।",,SUP,SUP,SUP,False,no_flip,,,False,
947,CA_CHAR_05_HomoglyphPerturbation,सुविधा 2.0 ऐप पर अनुमति अनुरोध पर निर्णय होने के बाद आदेश की प्रति डाउनलोड की जा सकती है।,पीआईबी की विज्ञप्ति में अनुमति अनुरोध पर निर्णय के बाद आदेश की प्रति ऐप से डाउनलोड करने की सुविधा दी गई है।,सुविधा 2.0 ऐप पर अनुमति अनुरोध पर निर्णय होने के बाद आदेश की प्रति डाउनलोड की जा सकती​ है।,,SUP,,,False,unusable_verdict,,,False,
948,CA_CHAR_05_HomoglyphPerturbation,अलीगढ़ पुलिस ने एक महिला से दुष्कर्म के आरोपी ई-रिक्शा चालक सुभान को पुलिस मुठभेड़ के बाद गिरफ्तार किया।,सहायक पुलिस अधीक्षक आदित्य बंसल के अनुसार आरोपी ने महिला को सुरक्षित होटल ले जाने का आश्वासन देकर कमरे में जबरन घुसकर वारदात को अंजाम दिया था।,अलीगढ़ पुलिस ने एक महिला से दुष्कर्म के आरोपी ई-रिक्शा चा​लक सुभान को पुलिस मुठभेड़ के बाद गिरफ्तार किया।,,SUP,,,False,baseline_failure,,,False,
949,CA_CHAR_05_HomoglyphPerturbation,"वित्त मंत्री निर्मला सीतारमण 'क्वांटम एआई' निवेश योजना का प्रचार कर रही हैं जिसमें 30 दिन में 25,000 रुपये पर 25 लाख रुपये से अधिक रिटर्न मिलता है।",आकाशवाणी समाचार की हिंदी रिपोर्ट में पीआईबी फैक्ट चेक ने इस वीडियो को फर्जी और एआई-निर्मित बताया है तथा ऐसी योजना की घोषणा या समर्थन से इनकार किया है।,"वित्त मंत्री निर्मला सीतारमण 'क्वांटम एआई' निवेश योजना का​ प्रचार कर रही हैं जिसमें 30 दिन में 25,000 रुपये पर 25 लाख रुपये से अधिक रिटर्न मिलता है।",,REF,REF,REF,False,no_flip,,,False,
950,CA_CHAR_05_HomoglyphPerturbation,प्रधानमंत्री किसान संपदा योजना से 38 लाख किसानों को लाभ मिला था।,पीआईबी हिंदी पृष्ठ के अनुसार प्रधानमंत्री किसान संपदा योजना से 38 लाख किसान लाभान्वित हुए थे।,प्रधानमंत्री किसान संपदा योजना से 38 ळाख किसानों को लाभ मिला था।,,SUP,SUP,SUP,False,no_flip,,,False,
951,CA_CHAR_05_HomoglyphPerturbation,"केंद्र सरकार ने वीबी-जी राम जी योजना के लिए 95,692 करोड़ रुपये की अंतरिम राशि देने की घोषणा की।","अमर उजाला की हिंदी रिपोर्ट में वीबी-जी राम जी योजना के लिए 95,692 करोड़ रुपये की अंतरिम राशि जारी करने की घोषणा दर्ज है।","के​ंद्र सरकार ने वीबी-जी राम जी योजना के लिए 95,692 करोड़ रुपये की अंतरिम राशि देने की घोषणा की।",,SUP,SUP,SUP,False,no_flip,,,False,
952,CA_CHAR_05_HomoglyphPerturbation,आहार में कृत्रिम ट्रांस फैट का सेवन करने से हृदय रोग और स्ट्रोक का खतरा काफी बढ़ जाता है।,"विश्व स्वास्थ्य संगठन के अनुसार, औद्योगिक रूप से उत्पादित ट्रांस फैट का सेवन हृदय रोग के जोखिम को 21% और मृत्यु दर को 28% तक बढ़ा देता है।",आहार में कृत्रिम ट्रांस फैट का सेवन करने से हृदय रोग और स्ट्रोक का खतरा का​फी बढ़ जाता है।,,SUP,SUP,SUP,False,no_flip,,,False,
953,CA_CHAR_05_HomoglyphPerturbation,बिजली न होने वाले क्षेत्र में ईवीएम और वीवीपैट से मतदान नहीं कराया जा सकता।,निर्वाचन आयोग के अनुसार ईवीएम और वीवीपैट को बाहरी बिजली आपूर्ति की आवश्यकता नहीं होती; वे अपने पावर-पैक से चलती हैं।,बिजली न होने वाले क्षेत्र मे​ं ईवीएम और वीवीपैट से मतदान नहीं कराया जा सकता।,,REF,REF,REF,False,no_flip,,,False,
954,CA_CHAR_05_HomoglyphPerturbation,"पीएम ई-ड्राइव योजना सितंबर 2024 में 10,900 करोड़ रुपये के परिव्यय के साथ शुरू की गई थी।","पीआईबी की हिंदी विज्ञप्ति के अनुसार पीएम ई-ड्राइव योजना सितंबर 2024 में 10,900 करोड़ रुपये के परिव्यय के साथ शुरू की गई।","पीएम ई-ड्राइव योजना सितंबर 2024 में 10,900 करोड़ रुपये के​ परिव्यय के साथ शुरू की गई थी।",,SUP,SUP,SUP,False,no_flip,,,False,
955,CA_CHAR_05_HomoglyphPerturbation,प्रधानमंत्री जन धन योजना अगस्त 2014 में शुरू की गई थी।,पीआईबी की हिंदी सामग्री प्रधानमंत्री जन धन योजना को अगस्त 2014 में आरंभ राष्ट्रीय वित्तीय समावेशन पहल बताती है।,प्रधानमंत्री जन धन योजना अग़स्त 2014 में शुरू की गई थी।,,SUP,SUP,SUP,False,no_flip,,,False,
956,CA_CHAR_05_HomoglyphPerturbation,लेख के अनुसार अभी तक किसी भी आपदा प्रभावित को पुनर्वास पैकेज के तहत मुआवजा नहीं दिया गया।,लेख में स्पष्ट रूप से नौ प्रभावितों को 188.15 लाख रुपये वितरित किए जाने का उल्लेख है।,ले​ख के अनुसार अभी तक किसी भी आपदा प्रभावित को पुनर्वास पैकेज के तहत मुआवजा नहीं दिया गया।,,REF,REF,REF,False,no_flip,,,False,
957,CA_CHAR_05_HomoglyphPerturbation,"इस हफ्ते 'जन नायकन' की चार दिनों में 100 करोड़ के क्लब में एंट्री, 32 करोड़ किया कलेक्शन।",एबीपी न्यूज़: 'जन नायकन' में थलपति विजय लीड रोल में नजर आ रहे हैं. फिल्म को बहुत शानदार रिस्पॉन्स मिल रहा है.,"इस हफ्ते 'जन नायकन' की चार दिनों में 100 करोड़ के क्लब में एंट्री, 32 करो​ड़ किया कलेक्शन।",,SUP,NEI,NEI,False,baseline_failure,,,False,
958,CA_CHAR_05_HomoglyphPerturbation,वर्ष 2024 में संसद के दोनों सदनों ने 49 विधेयक पारित किए।,संसदीय कार्य मंत्रालय की वर्षांत समीक्षा 2024 में संसद के दोनों सदनों द्वारा 16 विधेयक पारित होने की जानकारी है।,वर्ष 2024 में संसद के दो​नों सदनों ने 49 विधेयक पारित किए।,,REF,REF,REF,False,no_flip,,,False,
959,CA_CHAR_05_HomoglyphPerturbation,"लोकसभा आम चुनाव 2024 में कुल पंजीकृत मतदाता संख्या 97,97,51,847 थी।","निर्वाचन आयोग के लोकसभा चुनाव 2024 एटलस में 18वें लोकसभा चुनाव के कुल मतदाता 97,97,51,847 दर्ज हैं।","लोकसभा आम चुना​व 2024 में कुल पंजीकृत मतदाता संख्या 97,97,51,847 थी।",,SUP,SUP,SUP,False,no_flip,,,False,
960,CA_CHAR_05_HomoglyphPerturbation,मिर्गी में दौरा हमेशा पांच मिनट से अधिक रहता है।,"डब्ल्यूएचओ मिर्गी और दौरे की चर्चा करता है, लेकिन हर दौरे की अवधि पांच मिनट से अधिक होने का नियम स्थापित नहीं करता।",मिर्गी में दौरा हमेशा पांच मि​नट से अधिक रहता है।,,NEI,REF,REF,False,baseline_failure,,,False,
961,CA_CHAR_05_HomoglyphPerturbation,अभिषेक बच्चन ने ऐश्वर्या राय बच्चन से तलाक की अर्जी दाखिल कर दी है।,रिपोर्ट में वायरल दावे की पड़ताल करते हुए कहा गया कि तलाक दाखिल करने का कोई आधिकारिक रिकॉर्ड या परिवार का बयान उपलब्ध नहीं है। सोशल मीडिया पर चल रहे वीडियो और पोस्ट अनुमान आधारित पाए गए।,अभिषेक बच्चन ने ऐश्वर्या राय बच्चन से तलाक की अर्जी दाखि​ल कर दी है।,,REF,REF,REF,False,no_flip,,,False,
962,CA_CHAR_05_HomoglyphPerturbation,"लोकसभा चुनाव 2024 के छठे चरण में 8 राज्यों/केंद्र शासित प्रदेशों में 1,000 से अधिक उम्मीदवार चुनाव लड़ रहे थे।",पीआईबी की हिंदी विज्ञप्ति के अनुसार छठे चरण में 889 उम्मीदवार चुनाव मैदान में थे।,"लोकसभा चु​नाव 2024 के छठे चरण में 8 राज्यों/केंद्र शासित प्रदेशों में 1,000 से अधिक उम्मीदवार चुनाव लड़ रहे थे।",,REF,REF,REF,False,no_flip,,,False,
963,CA_CHAR_05_HomoglyphPerturbation,ग्रामीण प्रशासन के समय पर न पहुंचने से नाराज थे।,लेख में प्रशासन के नहीं पहुंचने पर लोगों के गुस्से का उल्लेख है।,ग्रा​मीण प्रशासन के समय पर न पहुंचने से नाराज थे।,,SUP,SUP,SUP,False,no_flip,,,False,
964,CA_CHAR_05_HomoglyphPerturbation,दुबई में एक भारतीय कारोबारी के अपहरण और फिरौती वसूलने के मामले में जांच एजेंसियों ने तीन आरोपियों को गिरफ्तार किया।,"गिरफ्तार आरोपियों में से दो को अदालत में पेश करने के बाद न्यायिक हिरासत में जेल भेजा गया, जबकि तीसरे को पूछताछ के लिए पुलिस रिमांड पर लिया गया।",दुबई में एक भारतीय कारोबारी के अपहरण और फिरौती वसूलने के​ मामले में जांच एजेंसियों ने तीन आरोपियों को गिरफ्तार किया।,,SUP,SUP,SUP,False,baseline_failure,,,False,
965,CA_CHAR_05_HomoglyphPerturbation,'कौन बनेगा करोड़पति 18' की शूटिंग 1 अगस्त से शुरू होगी।,TV9 भारतवर्ष की खबर में इतना ही है कि 1 अगस्त से KBC 18 की शूटिंग शुरू होने जा रही है. अमिताभ बच्चन इस बार... शेष विवरण रिपोर्ट में नहीं है।,'कौ​न बनेगा करोड़पति 18' की शूटिंग 1 अगस्त से शुरू होगी।,,NEI,SUP,SUP,False,baseline_failure,,,False,
966,CA_CHAR_05_HomoglyphPerturbation,"अलीगढ़ में मुस्लिम जोड़े पर हमले का वीडियो फर्जी, स्क्रिप्टेड ड्रामा असली घटना के रूप में वायरल….","सोशल मीडिया पर एक हैरान कर देने वाला वीडियो तेज़ी से शेयर किया जा रहा है, जिसमें दो लोग ई-रिक्शा में जा रहे एक जोड़े के साथ मारपीट करते हैं। दावा किया जा रहा है कि यह वीडियो उत्तर प्रदेश के अलीगढ़ का है और इसमें एक मुस्लिम जोड़े के साथ मारपीट की जा रही है। वायरल वीडियो के साथ यूजर ने लिखा है- नये भारत मैं अपराधी बेखौफ है बीजेपी सरकार मैं।अपराधियों का राज ऐसा है कि पहले जनता को मारते है उसका वीडियो खुद बना कर सोशल मीडिया पर डालते हैं दबंगों को कोई खौफ नहीं कानून का अगर कानून का डर खौफ होता तो ये सब जो कर रहे हैं नहीं करते एक मुस्लिम महिला और उसके पति के साथ जो हो रहा है बो वीडियो में साफ दिख रहा है बहुत अच्छी बात है नया भारत तरक्की कर रहा है फेसबुक।आर्काइव अनुसंधान से पता चलता है कि… पड़ताल की शुरुआत में हमने वायरल वीडियो के तस्वीरों का रिवर्स इमेज सर्च किया, परिणाम में वायरल वीडियो हमें‘@muklesurbhaijaan2.0‘ नाम के एक यूट्यूब चैनल पर मिला। हमने पाया कि 9 जून 2026 को अपलोड किया हुआ यह वीडियो वायरल वीडियो का विस्तृत संस्करण था। पड़ताल में आगे हमने इस यूट्यूब चैनल की और जांच की। इसमें पाया गया कि चैनल के मालिक ने चैनल के विवरण में साफ़ तौर पर बताया था कि यहां अपलोड किए गए सभी वीडियो स्क्रिप्टेड हैं और सिर्फ़ मनोरंजन के मक़सद से बनाए गए हैं, इनमें वास्तविक घटनाओं को नहीं दिखाया गया है। विवरण में लिखा है: “मेरे चैनल के सभी वीडियो मनोरंजन के मकसद से, सुरक्षा को ध्यान में रखते हुए स्क्रिप्टेड और सावधानी से प्लान किए गए हैं। इन्हें सिर्फ़ मनोरंजन के लिए दिखाया जाता है; कृपया बुरा न मानें।” इन जानकारियों से यह साफ होता है कि वायरल वीडियो में दिखाई गई घटना स्क्रिप्टेड थी और इसमें भारत में किसी मुस्लिम जोड़े पर हुए असल हमले की कोई खबर नहीं थी। इस तरह के स्क्रिप्टेड अन्य वीडियो भी यहां मौजूद है, जिनको देखा जा सकता है। वायरल दावे के संदर्भ में आगे हमने कीवर्ड्स का इस्तेमाल करके यह पता लगाने की कोशिश की कि क्या हाल में भारत में ऐसी कोई घटना हुई है। हालांकि, सर्च में ऐसी किसी घटना की पुष्टि करने वाली कोई भरोसेमंद खबर नहीं हमें मिली। क्यूंकि अगर यह दावा सच होता, तो मीडिया में इसकी व्यापक चर्चा हुई होती। निष्कर्ष– तथ्य-जांच के बाद हमने पाया कि, वायरल वीडियो किसी असली घटना से सम","अलीगढ़ में मुस्लिम जोड़े पर हमले का वीडियो फर्जी, स्क्रि​प्टेड ड्रामा असली घटना के रूप में वायरल….",,REF,REF,REF,False,baseline_failure,,,False,
967,CA_CHAR_05_HomoglyphPerturbation,अमाल मलिक तनिष्क बागची पर भड़के।,एबीपी न्यूज़ ने बताया कि सिंगर अमाल मलिक ने तनिष्क बागची पर लगाए आरोपों वाले पोस्ट डिलीट कर दिए हैं.,अमाल मलिक तनिष्क बागची​ पर भड़के।,,SUP,REF,REF,False,baseline_failure,,,False,
968,CA_CHAR_05_HomoglyphPerturbation,कोल्हापुर में हुई मारपीट का पुराना वीडियो महालक्ष्मी मंदिर का बताकर सांप्रदायिक दावे से वायरल….,"सोशल मीडिया पर एक लड़ाई में शामिल कुछ लोगों का वीडियो तेजी से वायरल हो रहा है। जिसमें दावा किया गया है कि दो मुस्लिम व्यक्ति “अल्लाहु अकबर” के नारे लगाते हुए बीफ़ लेकर मंदिर परिसर में घुस गए थे, जिसके बाद उन्हें पुजारियों ने पकड़कर पीटा। वायरल वीडियो के साथ यूजर ने लिखा है- कोल्हापुर महालक्ष्मी मंदिर में मुस्लिमों ने श्रद्धालुओं पर मांस फेंककर “अल्लाहु अकबर” के नारे लगाए..!लगभग 20 पुजारियों ने मुस्लिमों पर नारियल फेंकते हुए जोरदार कुटाई करके मुंहतोड़ जवाब दिया.. फेसबुक।आर्काइव अनुसंधान से पता चलता है कि… पड़ताल की शुरुआत में हमने वायरल वीडियो के तस्वीरों का रिवर्स इमेज सर्च किया। परिणाम में वायरल वीडियो हमें एनडीटीवी’ कीवेबसाइटपर प्रकाशित रिपोर्ट में मिली, जिसे 23 मार्च 2026 को प्रकाशित किया गया है। खबर के अनुसार, मामला कोल्हापुर के ज्योतिबा मंदिर का है, जहां दो श्रद्धालुओं को पुजारियों ने पीट दिया था। इसमें कहीं भी कोई सांप्रदायिक आरोप नहीं लगाया गया है। मिली जानकारी की मदद लेते हुए अधिक सर्च करने पर एक और रिपोर्ट हमेंटाइम्स ऑफ इंडिया की वेबसाइट पर मिली। 24 मार्च को प्रकाशित इस रिपोर्ट के मुताबिक, यह घटना कोल्हापुर के पन्हाला तहसील में स्थित ज्योतिबा मंदिर में 22 मार्च को हुई थी। और इस मामले में पुलिस ने 17 पुजारियों और 17 श्रद्धालुओं के खिलाफ केस दर्ज किया था। कोडोली पुलिस स्टेशन में दर्ज एफआईआर के हवाले से रिपोर्ट में बताया गया है कि मंदिर आए कुछ श्रद्धालुओं ने एक टूटे हुए नारियल में गुलाल मिलाकर उसे एक पुजारी पर फेंक दिया था। इस बात पर दोनों पक्षों में कहासुनी हुई जो बाद में मारपीट में बदल गई। इसके अलावा, वायरल वीडियो से जुड़ी रिपोर्टें हमेंयहाँ,यहाँऔरयहाँपर भी मिली है। जिनके हवाले से पता चलता है कि, यह घटना 22 मार्च 2026 को कोल्हापुर के ज्योतिबा मंदिर में हुई थी। जब करीब 15-20 पुजारियों ने दो श्रद्धालुओं पर हमला किया। मंदिर ट्रस्ट ने बताया कि पुजारियों ने तब प्रतिक्रिया दी, जब श्रद्धालुओं ने गुलाल और नारियल फेंककर पूजा-पाठ में बाधा डाली। हालाँकि, श्रद्धालुओं ने आरोप लगाया कि पुजारियों का बर्ताव अनुचित था। पुलिस ने इस घटना को लेकर पुजारियों और श्रद्धालुओं, दोनों के खिलाफ मामले दर्ज किए । इन रिपोर्टों में कोई सबूत नहीं है जिससे यह पता चले कि यह कोई सांप्रदाय",कोल्हापुर में हुई मारपीट का पुराना वीडियो महालक्ष्मी मंदिर का बताकर सांप्रदायिक दावे​ से वायरल….,,REF,REF,REF,False,no_flip,,,False,
969,CA_CHAR_05_HomoglyphPerturbation,वित्त वर्ष 2025-26 के लिए प्रधानमंत्री उज्ज्वला योजना लाभार्थियों को लक्षित सब्सिडी जारी रखने को मंजूरी दी गई।,प्रधानमंत्री कार्यालय की हिंदी विज्ञप्ति में वित्त वर्ष 2025-26 के लिए उज्ज्वला लाभार्थियों को लक्षित सब्सिडी जारी रखने की मंजूरी है।,वित्त वर्ष 2025-26 के लिए प्रधानमंत्री उज्ज्वला योजना लाभार्थियों को लक्षित सब्सिडी जारी रखने को​ मंजूरी दी गई।,,SUP,SUP,SUP,False,no_flip,,,False,
970,CA_CHAR_05_HomoglyphPerturbation,पिछले 10 वर्षों में अपर गंगा बेसिन के छह जिलों में कुल 57 घटनाएं दर्ज की गईं।,लेख में छह जिलों में 57 घटनाओं का उल्लेख है।,पिछले 10 वर्षो​ं में अपर गंगा बेसिन के छह जिलों में कुल 57 घटनाएं दर्ज की गईं।,,SUP,SUP,SUP,False,no_flip,,,False,
971,CA_CHAR_05_HomoglyphPerturbation,उत्तराखंड सरकार ने खलियाण गांव के पुनर्वास के लिए ₹100 करोड़ के विशेष राहत पैकेज की घोषणा की।,लेख में ऐसी किसी राहत राशि या पुनर्वास पैकेज की घोषणा का उल्लेख नहीं है।,उत्तराखंड सरकार ने खलियाण गांव के पुनर्वास के लिए ₹100 करोड़ के विशेष राहत पैकेज की घो​षणा की।,,NEI,REF,REF,False,baseline_failure,,,False,
972,CA_CHAR_05_HomoglyphPerturbation,केंद्रीय मंत्रिमंडल ने 27 अगस्त 2025 को पीएम स्वनिधि योजना के पुनर्गठन और विस्तार को मंजूरी दी।,पीआईबी की हिंदी विज्ञप्ति में 27 अगस्त 2025 को केंद्रीय मंत्रिमंडल द्वारा पीएम स्वनिधि योजना के पुनर्गठन और विस्तार की मंजूरी का उल्लेख है।,केंद्रीय मंत्रिमंडल ने 27 अगस्त 2025 को पीएम स्वनिधि योजना के पुनर्गठन और विस्तार को मंजूरी दी​।,,SUP,SUP,SUP,False,no_flip,,,False,
973,CA_CHAR_05_HomoglyphPerturbation,भारत-नेपाल सीमा पर सुपौल जिले के भीमनगर चेक पोस्ट पर एसएसबी ने बाल श्रम के लिए ले जाए जा रहे 8 नाबालिग बच्चों को बचाकर 2 तस्करों को गिरफ्तार किया।,जांच में सामने आया कि गिरफ्तार तस्करों ने बच्चों के परिजनों को यात्रा का झांसा देकर बहला-फुसलाकर बाल श्रम के लिए भारत में अवैध रूप से काम कराया था।,भारत-नेपाल सीमा पर सुपौल जिले के​ भीमनगर चेक पोस्ट पर एसएसबी ने बाल श्रम के लिए ले जाए जा रहे 8 नाबालिग बच्चों को बचाकर 2 तस्करों को गिरफ्तार किया।,,SUP,SUP,SUP,False,baseline_failure,,,False,
974,CA_CHAR_05_HomoglyphPerturbation,चक्रवात Ditwah के कारण चेन्नई मेट्रो सेवा पूरी तरह बंद कर दी गई थी।,लेख में चेन्नई मेट्रो सेवा के संचालन या बंद होने का कोई उल्लेख नहीं है।,चक्रवात Ditwah के कारण चेन्नई मेट्रो सेवा पू​री तरह बंद कर दी गई थी।,,NEI,NEI,NEI,False,no_flip,,,False,
975,CA_CHAR_05_HomoglyphPerturbation,myScheme नागरिकों को पात्रता के आधार पर सरकारी योजनाएं खोजने में मदद करता है।,myScheme के हिंदी पृष्ठ पर पात्रता के आधार पर योजनाएं खोजने की सुविधा का वर्णन है।,myScheme नागरिकों को पात्रता के आधार पर सरकारी योजनाएं खोजने में मदद करता​ है।,,SUP,SUP,SUP,False,no_flip,,,False,
976,CA_CHAR_05_HomoglyphPerturbation,लेख के अनुसार बदरीनाथ हाईवे पर भूस्खलन रोकने के लिए कोई कार्य शुरू नहीं किया गया है।,लेख में स्पष्ट रूप से बीआरओ द्वारा कार्य शुरू किए जाने का उल्लेख है।,लेख के अनुसार बदरीनाथ हाईवे पर भूस्खलन रोकने के लि​ए कोई कार्य शुरू नहीं किया गया है।,,REF,REF,REF,False,no_flip,,,False,
977,CA_CHAR_05_HomoglyphPerturbation,नाले का जलस्तर अधिक होने के कारण लोग पैदल भी आवाजाही नहीं कर सके।,लेख में जलस्तर अधिक होने से पैदल आवागमन भी बाधित होने की बात कही गई है।,नाले का जलस्तर अधिक होने​ के कारण लोग पैदल भी आवाजाही नहीं कर सके।,,SUP,SUP,SUP,False,no_flip,,,False,
978,CA_CHAR_05_HomoglyphPerturbation,"टाइप 2 मधुमेह की रोकथाम के लिए प्रतिदिन ठीक 7,500 कदम चलना सभी वयस्कों के लिए पर्याप्त है।","डब्ल्यूएचओ नियमित शारीरिक गतिविधि और प्रति सप्ताह कम से कम 150 मिनट मध्यम व्यायाम की सलाह देता है, लेकिन सभी वयस्कों के लिए ठीक 7,500 कदम को पर्याप्त सीमा नहीं बताता।","टा​इप 2 मधुमेह की रोकथाम के लिए प्रतिदिन ठीक 7,500 कदम चलना सभी वयस्कों के लिए पर्याप्त है।",,NEI,REF,REF,False,baseline_failure,,,False,
979,CA_CHAR_05_HomoglyphPerturbation,देहरादून का तापमान नौ डिग्री गिरकर 21 डिग्री सेल्सियस पहुंच गया।,लेख में तापमान नौ डिग्री गिरने और 21 डिग्री होने का उल्लेख है।,देहरादून का तापमान नौ डिग्री गिरकर 21 डिग्री सेल्सियस पहुंच गया​।,,SUP,SUP,SUP,False,no_flip,,,False,
980,CA_CHAR_05_HomoglyphPerturbation,"पीएम मुद्रा योजना के तहत ऋण को शिशु, किशोर और तरुण श्रेणियों में बांटा गया है।","आज तक की हिंदी रिपोर्ट में पीएम मुद्रा ऋण की शिशु, किशोर और तरुण श्रेणियां बताई गई हैं।","पीएम मुद्रा योजना के तहत ऋण को शिशु, किशोर और तरु​ण श्रेणियों में बांटा गया है।",,SUP,SUP,SUP,False,no_flip,,,False,
981,CA_CHAR_05_HomoglyphPerturbation,17 जून 2026 तक मिजोरम में जल जीवन मिशन के अंतर्गत ग्रामीण नल जल कवरेज 100 प्रतिशत था।,पीआईबी की हिंदी विज्ञप्ति में 17 जून 2026 की स्थिति पर मिजोरम के लिए जल जीवन मिशन कवरेज 100 प्रतिशत दर्ज है।,17 जून 2026 तक मिजोरम में जल जीवन मिशन के अंतर्गत ग्रामीण नल जल कवरेज 100 प्रतिशत था​।,,SUP,SUP,SUP,False,no_flip,,,False,
982,CA_CHAR_05_HomoglyphPerturbation,'लगान' और 'गदर' जैसी फिल्में 2026 में 25 साल पूरे करेंगी।,"न्यूज़बाइट्स हिंदी की रिपोर्ट में दर्ज है कि 2001 बॉलीवुड के इतिहास में बेहद खास माना जाता है। इस वर्ष कई ऐसी यादगार फिल्में रिलीज हुईं, जिन्होंने दर्शकों का दिल जीतने के साथ बॉक्स ऑफिस पर भी शानदार सफलता हासिल की।",'लगान' और 'गदर' जैसी फिल्में 2026 में 25 साळ पूरे करेंगी।,,SUP,NEI,NEI,True,flip,4,True,False,
983,CA_CHAR_05_HomoglyphPerturbation,केंद्र सरकार ने मनीष तिवारी की मांग स्वीकार करते हुए एअर इंडिया को वापस सरकारी नियंत्रण में लेने की घोषणा कर दी।,लेख में सरकार द्वारा ऐसी किसी घोषणा का उल्लेख नहीं है।,केंद्र सरकार ने मनी​ष तिवारी की मांग स्वीकार करते हुए एअर इंडिया को वापस सरकारी नियंत्रण में लेने की घोषणा कर दी।,,NEI,REF,REF,False,baseline_failure,,,False,
984,CA_CHAR_05_HomoglyphPerturbation,लेख में वर्ष 2023 की प्राकृतिक आपदाओं से हुए कुल वैश्विक आर्थिक नुकसान का आधिकारिक आंकड़ा जारी किया गया है।,लेख में कुल वैश्विक आर्थिक नुकसान का कोई समेकित आधिकारिक आंकड़ा नहीं दिया गया है.,लेख में वर्ष 2023 की प्राकृतिक आपदाओं से हुए कुल वैश्विक आर्थिक नुकसान का आधिकारिक आंकड़ा जारी किया गया है​।,,NEI,REF,REF,False,baseline_failure,,,False,
985,CA_CHAR_05_HomoglyphPerturbation,वर्तमान चिकित्सा विज्ञान में अस्थमा को जड़ से खत्म करने का इलाज उपलब्ध है।,"विश्व स्वास्थ्य संगठन के अनुसार, अस्थमा को ठीक (इलाज) नहीं किया जा सकता है, लेकिन इनहेल्ड दवाओं के उपयोग से इसके लक्षणों को नियंत्रित किया जा सकता है।",वर्तमान चिकित्सा विज्ञान में अस्थमा को जड़ से​ खत्म करने का इलाज उपलब्ध है।,,REF,REF,REF,False,no_flip,,,False,
986,CA_CHAR_05_HomoglyphPerturbation,मतदाता सूची के विशेष गहन पुनरीक्षण का तीसरा चरण 16 राज्यों और 3 केंद्र शासित प्रदेशों में संचालित करने का निर्देश दिया गया था।,पीआईबी की हिंदी विज्ञप्ति में निर्वाचन आयोग द्वारा 16 राज्यों और 3 केंद्र शासित प्रदेशों में विशेष गहन पुनरीक्षण के तीसरे चरण का निर्देश बताया गया है।,मतदाता सूची के​ विशेष गहन पुनरीक्षण का तीसरा चरण 16 राज्यों और 3 केंद्र शासित प्रदेशों में संचालित करने का निर्देश दिया गया था।,,SUP,SUP,SUP,False,no_flip,,,False,
987,CA_CHAR_05_HomoglyphPerturbation,"एक पुलिस अधिकारी का श्रीगंगानगर रेप केस के आरोपी ऑटो ड्राइवर की पिटाई करने का दावा फर्जी, महाराष्ट्र का असंबंधित वीडियो वायरल…","राजस्थान के श्रीगंगानगर ज़िले में 13 साल की लड़की के कथित अपहरण और गैंगरेप की घटना से भारी आक्रोश फैल गया है। राजस्थान पुलिस के अनुसार, अब तक 18 आरोपियों को गिरफ़्तार किया जा चुका है । अब इसी से संबंधित सोशल मीडिया पर एक वीडियो शेयर किया जा रहा है। जिसमें पुलिसकर्मी एक व्यक्ति को बेरहमी से डंडों से पीटते हुए दिख रहे हैं और वह दर्द से चिल्ला रहा है। वीडियो को शेयर कर दावा किया जा रहा है कि इसमें श्री गंगानगर रेप केस के आरोपी ऑटो ड्राइवर पर हो रहे हमले को दिखाया गया है। वायरल वीडियो के साथ यूजर ने लिखा है- यही वो सुअर नस्ल ऑटो ड्राइवर है, जिसने उस तेरह साल की मासूम को होटल मालिकों को कुछ पैसे के लालच में बेच दिया था ,और उस मासूम को एक नहीं दो नहीं पूरे 5 दिन तक 32 भेड़ियों ने नोचा ,,, फेसबुक।आर्काइव अनुसंधान से पता चलता है कि… पड़ताल की शुरुआत में हमने वायरल वीडियो के तस्वीरों का रिवर्स इमेज सर्च किया। परिणाम में हमें जून 2026 में छपी कईमीडिया रिपोर्ट्समिलीं। इनके अनुसार, यह घटना 10 जून 2026 की रात महाराष्ट्र के ठाणे ज़िले के कल्याण ईस्ट इलाके के आत्माराम नगर में हुई थी। वहां गाड़ियों की टक्कर को लेकर दो गुटों के बीच हुआ मामूली झगड़ा हिंसक झड़प में बदल गया और गोलीबारी हुई, जिसमें एक राहगीर गंभीर रूप से घायल हो गया। सूचना मिलने पर कल्याण के डिप्टी कमिश्नर ऑफ़ पुलिस (DCP) अतुल झेंडे पुलिस टीम के साथ मौके पर पहुँचे, स्थिति को काबू में किया और आरोपियों को हिरासत में लिया। इस खबर कोयहांऔरयहां पर देखा जा सकता है। मिली जानकारी की मदद लेते हुए अधिक सर्च करने पर हमें अन्यन्यूज रिपोर्ट मिली। 11 जून 2026 को प्रकाशित रिपोर्ट के अनुसार, वीडियो महाराष्ट्र के कल्याण पूर्व के आत्माराम नगर क्षेत्र का है। दरअसल, दो वाहनों के आपस में टकराने को लेकर दो गुटों के बीच विवाद हो गया था। यह मामला देखते ही देखते हिंसक हो गया और वहां फायरिंग शुरू हो गई। इसी बीच एक शख्स को गोली लग गई, जिसके बाद वह घायल हो गया। फिर पुलिस घटनास्‍थल पर पहुंची और कार्रवाई शुरू की। श्रीगंगानगर में 13 साल की एक नाबालिग लड़की के साथ कथित दुष्कर्म…… राजस्थान के श्रीगंगानगर में 13 साल की एक नाबालिग लड़की के साथ कथित दुष्कर्म का संवेदनशील मामला सामने आया है। न्यूज रिपोर्ट्स के अनुसार, पीड़िता अपनी एक दोस्त से मिलने","एक पुलिस अधिकारी का श्रीगंगानगर रेप केस के आरोपी ऑटो ड्राइवर की पिटाई करने का दावा फर्जी​, महाराष्ट्र का असंबंधित वीडियो वायरल…",,REF,,,False,unusable_verdict,,,False,
988,CA_CHAR_05_HomoglyphPerturbation,लोकसभा चुनाव 2024 में 85 वर्ष या उससे अधिक आयु के मतदाताओं तथा 40% या अधिक दिव्यांगता वाले मतदाताओं के लिए घर से मतदान का प्रावधान किया गया।,निर्वाचन आयोग के लोकसभा चुनाव 2024 दस्तावेज़ में इन दो पात्र मतदाता-वर्गों के लिए घर से मतदान के प्रावधान का उल्लेख है।,लोकसभा चुना​व 2024 में 85 वर्ष या उससे अधिक आयु के मतदाताओं तथा 40% या अधिक दिव्यांगता वाले मतदाताओं के लिए घर से मतदान का प्रावधान किया गया।,,SUP,SUP,SUP,False,no_flip,,,False,
989,CA_CHAR_05_HomoglyphPerturbation,एमपी के मंदसौर में हत्या के आरोपियों की गिरफ्तारी का पुराना वीडियो गाजियाबाद के सूर्या हत्याकांड से जोड़कर वायरल।,"गाजियाबाद के सूर्या हत्याकांड का नहीं, बल्कि मंदसौर में दूसरे मामले में आरोपियों की गिरफ्तारी का है वीडियो। उत्तर प्रदेश के गाजियाबाद अंतर्गत खोड़ा इलाके में 28 मई 2026 को एक बड़ा विवाद सामने आया। जब आपसी कहासुनी के बाद असद नाम के युवक ने 17 वर्षीय सूर्य प्रताप चौहान पर चाकू से जानलेवा हमला कर दिया, जिसके बाद इलाज के दौरान अस्पताल में सूर्या की मौत हो गई। वारदात को अंजाम देकर फरार हुए मुख्य आरोपी असद को पुलिस ने न केवल एक मुठभेड़ में मार गिराया। बल्कि, इस हत्याकांड में शामिल तीनों आरोपियों की गिरफ्तारी कर सलाखों के पीछे भेज दिया। इसी संदर्भ से जोड़ते हुए एक वीडियो वायरल हो रहा है, जिसमें पुलिस कुछ लंगड़ाते हुए लड़कों को जंजीरों से बांधकर ले जा रही है। साथ ही पीछे लोगों की भीड़ भी दिख रही है। पोस्ट के साथ दावा किया जा रहा है कि पुलिस ने सूर्या हत्याकांड के मुख्य आरोपियों को पकड़ कर जंजीरों से बांधकर जुलूस निकाला। वायरल वीडियो के साथ कैप्शन लिखा गया है… गाजियाबादकेचर्चितसूर्याचौहानहत्याकांडमेंपुलिसनेबड़ीकार्रवाईकीहै।पुलिसकेअनुसार,सूर्यापरजानलेवाहमलाकरनेकेआरोपियोंकेखिलाफकार्रवाईकरतेहुएएकआरोपीमुठभेड़मेंमारागयाहै,जबकिदोअन्यआरोपियोंकोगिरफ्तारकरलियागयाहै।मामलेकोलेकरपहलेसेहीपूरेक्षेत्रमेंभारीआक्रोशथाऔरलोगलगातारन्यायकीमांगकररहेथे।सूर्याचौहानकीमौतकेबादसोशलमीडियासेलेकरसड़कोंतकन्यायकीआवाजउठी।अबपुलिसकीकार्रवाईकेबादलोगोंकीनजरआगेकीकानूनीप्रक्रियाऔरमामलेमेंपूरीजांचपरबनीहुईहै।दोषियोंकेखिलाफकानूनकेतहतसख्तकार्रवाईऔरपीड़ितपरिवारकोन्यायमिले,यहीसभीकीमांगहै।खोड़ा,गाजियाबाद|उत्तरप्रदेश फेसबुक पोस्ट।आर्काइव पोस्ट अनुसंधानसेपताचलताहैकि… हमने जांच की शुरुआत में वायरल वीडियो से तस्वीर लेकर गूगल रिवर्स इमेज पर सर्च किया। परिणाम में हमेंapnamandsaur_officialनाम के इंस्टाग्राम अकाउंट पर वायरल वीडियो देखने को मिला। यहां पर वीडियो को 8 अप्रैल 2026 को साझा किया गया है। जबकि कैप्शन में लिखा गया है ‘अरुण हत्याकांड में बड़ा खुलासा’। फिर हमेंदर्पण की चमक मध्य प्रदेशनाम के यूट्यूब चैनल पर वायरल वीडियो मिला। यहां भी वीडियो को 8 अप्रैल 2026 को पोस्ट किया गया है। बताया गया है कि मंदसौर की शहर कोतवाली पुलिस ने चाकू गोदकर हत्या करने वाले दो आरोपियों को गिरफ्तार किया और उनका जुलूस निकाला। आरोपियों को मेडिकल कर",एमपी के मंदसौर मे​ं हत्या के आरोपियों की गिरफ्तारी का पुराना वीडियो गाजियाबाद के सूर्या हत्याकांड से जोड़कर वायरल।,,REF,,,False,unusable_verdict,,,False,
990,CA_CHAR_05_HomoglyphPerturbation,"श्वेता तिवारी ने अभिजीत दीपके से पूछा सवाल: धर्मेंद्र प्रधान के इस्तीफे के बाद बोलीं- पंजाब के शिक्षा मंत्री कब इस्तीफा दे रहे, और इसकी पुख्ता तारीख व आंकड़े भी सामने आ चुके हैं।",भास्कर के मुताबिक इतना ही पता चलता है कि Shweta Tiwari questions Punjab Education Minister resignation and praises Dharmendra Pradhan work. आगे कोई पुख्ता जानकारी नहीं मिलती।,"श्वेता तिवारी ने अभिजीत दीपके से पूछा सवाल: धर्मेंद्र प्रधान के इस्तीफे के बाद बोलीं- पंजाब के शिक्षा मंत्री​ कब इस्तीफा दे रहे, और इसकी पुख्ता तारीख व आंकड़े भी सामने आ चुके हैं।",,NEI,NEI,NEI,False,no_flip,,,False,
991,CA_CHAR_05_HomoglyphPerturbation,शाहरुख खान को फिल्म ‘जवान’ के लिए राष्ट्रीय फिल्म पुरस्कार मिला।,"रिपोर्ट में राष्ट्रीय फिल्म पुरस्कारों की संबंधित सूची जांची गई, जिसमें शाहरुख खान या ‘जवान’ को उस श्रेणी में विजेता नहीं बताया गया। वायरल पोस्ट ने फिल्मफेयर और राष्ट्रीय पुरस्कारों को मिलाकर भ्रम पैदा किया।",शाहरुख ख़ान को फिल्म ‘जवान’ के लिए राष्ट्रीय फिल्म पुरस्कार मिला।,,REF,,,False,unusable_verdict,,,False,
992,CA_CHAR_05_HomoglyphPerturbation,कटिहार समाहरणालय गेट उपद्रव मामले में अब तक 23 आरोपियों को गिरफ्तार किया जा चुका है।,समाचार के अनुसार एक और आरोपी की गिरफ्तारी के बाद कुल गिरफ्तार आरोपियों की संख्या 23 हो गई।,कटिहार समाहरणालय गेट उपद्रव मा​मले में अब तक 23 आरोपियों को गिरफ्तार किया जा चुका है।,,SUP,,,False,unusable_verdict,,,False,
993,CA_CHAR_05_HomoglyphPerturbation,पेड़ से लटके लंगूर की पिटाई का सात साल पुराना वीडियो अब झूठे सांप्रदायिक दावे से वायरल….,"लंगूर को पेड़ से बांधकर बेरहमी से पीटने का एक वीडियो सोशल मीडिया पर काफी वायरल हो रहा है। वीडियो को सांप्रदायिक दावे से शेयर करते हुए दावा किया जा रहा है कि लंगूर को पीटने वाला व्यक्ति मुसलमान है। वायरल वीडियो के साथ यूजर ने लिखा है- सच बताओ, सौगंध राम की देते है, कौन कौन इस विडियो को देश भर में फैलाएगा ताकि ये हरामी जिहादी दरिंदे को सजा मिले ? फेसबुक।आर्काइव अनुसंधान से पता चलता है कि… पड़ताल की शुरुआत में हमने वायरल वीडियो के कुछ तस्वीरो का रिवर्स इमेज सर्च किया। परिणाम में वायरल वीडियो हमेंटाइम्स ऑफ इंडिया के चैनल पर मिला। यहां पर वीडियो को 17 दिसंबर 2017 को अपलोड किया गया था। इससे ये साफ है कि वीडियो हाल का नहीं है। खबर के अनुसार घटना महाराष्ट्र के वाशिम जिले के रिसोड शहर से लगभग 25 किलोमीटर दूर कुरहा गांव की है। यहां पर बंदर को पीटते हुए एक शख्स का वीडियो सोशल मीडिया पर काफी वायरल हो गया। इसके बाद वन विभाग के अधिकारियों ने स्थानीय पुलिस की मदद से मुख्य आरोपी सहित तीन लोगों को गिरफ्तार कर लिया। घटना का मुख्य आरोपी पवन बांगड़ है। मिली जानकारी की मदद लेते हुए अधिक सर्च करने पर हमें वायरल घटना के बारे में कईखबरें मिलीं। 21 दिसंबर 2017 को प्रकाशित रिपोर्ट के अनुसार, ये वीडियो महाराष्ट्र के वाशिम जिले की रिसोद तहसील का है। पवन बांगर नाम के एक 23 साल के आदमी और उसके दो नाबालिग दोस्तों ने एक लंगूर को पकड़ लिया था। ये लंगूर, बांगर के एक खेत में घुस आया था। पवन ने लंगूर को इतना मारा कि उसकी मौत हो गई। इस घटना का एक दूसरा वीडियो भी सामने आया था जिसमें पवन जमीन पर पड़े लंगूर को डंडे से मारता हुआ दिखाई दे रहा है। वायरल वीडियो से सम्बंधित रिपोर्ट कोयहां,यहां औरयहांपर देखें। सभी में यही लिखा है कि लंगूर को मारने वाला आदमी पवन बांगर ही था। निष्कर्ष-तथ्य-जांच के बाद हमने पाया कि , सात साल पुरानी घटना को हाल का बताकर फेक सांप्रदायिक रंग दे कर शेयर किया जा रहा है। घटना 2017 की है जब महाराष्ट्र के वाशिम में पवन बांगर नाम के आदमी ने एक लंगूर को मार डाला था। तब पवन और उसके साथियों को पुलिस ने गिरफ्तार कर लिया था। यह हाल की घटना नहीं है। Title:पेड़ से लटके लंगूर की पिटाई का सात साल पुराना वीडियो अब झूठे सांप्रदायिक दावे से वायरल…. Result:False",पेड़ से ळटके लंगूर की पिटाई का सात साल पुराना वीडियो अब झूठे सांप्रदायिक दावे से वायरल….,,REF,REF,REF,False,baseline_failure,,,False,
994,CA_CHAR_05_HomoglyphPerturbation,स्वच्छ भारत मिशन 2 अक्टूबर 2014 को शुरू हुआ था।,पीआईबी के स्वच्छ भारत मिशन संबंधी आधिकारिक पृष्ठ में 2 अक्टूबर 2014 को शुरुआत का उल्लेख है।,स्वच्छ भारत मिशन 2 अक्टूबर 2014 को​ शुरू हुआ था।,,SUP,SUP,SUP,False,no_flip,,,False,
995,CA_CHAR_05_HomoglyphPerturbation,"लोकसभा आम चुनाव 2024 में, सूरत सीट के निर्विरोध निर्वाचन को छोड़कर, कुल मतदान प्रतिशत 66.10 प्रतिशत था।",भारत निर्वाचन आयोग के लोकसभा चुनाव 2024 एटलस में सूरत के निर्विरोध निर्वाचन को छोड़कर कुल मतदान प्रतिशत 66.10 प्रतिशत दर्ज है।,"लो​कसभा आम चुनाव 2024 में, सूरत सीट के निर्विरोध निर्वाचन को छोड़कर, कुल मतदान प्रतिशत 66.10 प्रतिशत था।",,SUP,SUP,SUP,False,no_flip,,,False,
996,CA_CHAR_05_HomoglyphPerturbation,ईरान में स्क्रिप्टेड व पुराना वीडियो हालिया प्रदर्शन के दौरान भ्रामक दावे से वायरल…,"शिया मौलवी को थप्पड़ मारे जाने का वायरल वीडियो पुराना व स्क्रिप्टेड है। साथ ही इसका ईरान में हो रहे हालिया प्रदर्शनों से कोई संबंध नहीं है। ईरान में बढ़ती महंगाई व आर्थिक बदहाली के खिलाफ हालिया प्रदर्शन से जोड़कर सोशल मीडिया पर एक वीडियो वायरल किया जा रहा है। इसमें एक व्यक्ति को मौलाना के साथ बहस करने के बाद और उसे थप्पड़ मारता हुआ दिखाई देता है। यह वीडियो साझा करते हुए दावा किया जा रहा है कि ईरान में अब मौलनाओं का भी निशाना बनाया जा रहा है। यूज़र ने वीडियो को इस कैप्शन के साथ साझा किया है… ईरान की जनता ने #मुल्ला #मौलवियों की #धुलाई शुरू कर दी फेसबुक पोस्ट।आर्काइव पोस्ट अनुसंधानसेपताचलताहैकि… हमने जांच की शुरुआत में वायरल वीडियो के कीफ्रेम को सर्च किया। परिणाम में हमें 19 अप्रैल 2021 कोDW फ़ारसीकी वेबसाइट पर प्रकाशित एक रिपोर्ट मिली, जिसमें वायरल वीडियो से जुड़े दृश्य दिखाई देते हैं। वहीं रिपोर्ट के अनुसार, ईरान के फारस न्यूज एजेंसी के हवाले से यह बताया गया था कि तेहरान पुलिस ने शिया धर्म के कपड़े पहने व्यक्ति को थप्पड़ मारने के वीडियो की जांच की और इसे नकली बताया। साथ ही पुलिस ने इसे बनाने वाले लोगों को भी गिरफ्तार किया। तेहरान के पुलिस प्रमुख हुसैन रहिमी के अनुसार, वीडियो में धार्मिक वेशभूषा में दिख रहा शख्स तेहरान की एक कारपेंट क्लीनिंग की दुकान में ही काम करता है। जबकि हमला कर रहा व्यक्ति उसका बेटा है। इसके साथ हमेंइंडिपेंडेंट पर्शियनकी वेबसाइट पर भी 19 अप्रैल 2021 को प्रकाशित रिपोर्ट मिली। रिपोर्ट में भी वायरल वीडियो वाले दृश्य दिखाई देते हैं। इस रिपोर्ट में भी तेहरान पुलिस विभाग ने वीडियो को फेक बताते हुए दोनों पिता-पुत्र के गिरफ्तार होने की जानकारी दी है। हमें ईरान के एक अन्यन्यूज आउटलेटद्वारा एक रिपोर्ट प्रकाशित रिपोर्ट मिली। इस रिपोर्ट में बताया गया था कि यह वीडियो तेहरान के पासदारान इलाके में शूट किया गया था और इस मामले में कुल छह लोगों को गिरफ्तार किया गया था। वीडियो में दिख रहे दोनों लोग पिता-पुत्र थे। और पड़ताल किए जाने पर हमें ईरानी न्यूज एजेंसीतसनीमके एक्स अकाउंट पर 19 अप्रैल 2021 को अपलोड किया गया एक वीडियो मिला। इसमें दोनों पिता-पुत्र का बयान मौजूद है। साथ ही वीडियो में तेहरान पुलिस के अधिकारी का भी बयान भी साझा किया गया है। 🎥 بازداشت تولیدکنندگان",ईरान में स्क्रिप्टेड व पुराना वीडियो हालिया प्रदर्शन के दौरान भ्रामक दावे से वा​यरल…,,REF,REF,REF,False,baseline_failure,,,False,
997,CA_CHAR_05_HomoglyphPerturbation,डेंगू संक्रमित मच्छरों के काटने से फैलता है।,डब्ल्यूएचओ संक्रमित मच्छरों के काटने को डेंगू संचरण का मार्ग बताता है।,डेंगू संक्रमित मच्छरों के काटने​ से फैलता है।,,SUP,SUP,SUP,False,no_flip,,,False,
998,CA_CHAR_05_HomoglyphPerturbation,सातवें चरण में डाक मतपत्रों की अंतिम संख्या 50 लाख थी।,"पीआईबी की हिंदी विज्ञप्ति डाक मतों की श्रेणियां बताती है, पर सातवें चरण के डाक मतपत्रों की अंतिम संख्या नहीं देती और विस्तृत रिपोर्ट बाद में उपलब्ध कराने की बात कहती है।",सातवें चरण में डाक मतपत्रों की अंतिम संख्या 50 लाख थी​।,,NEI,NEI,NEI,False,no_flip,,,False,
999,CA_CHAR_05_HomoglyphPerturbation,लेख में बताया गया है कि प्रभावित लोग अपने घरों में सामान्य जीवन जी रहे हैं।,लेख में प्रभावितों के स्टेडियम में रहने और घर छोड़ने की बात कही गई है।,लेख में बताया गया है कि प्रभावित लोग अपने घरों में सामान्य जीवन जी रहे है​ं।,,REF,REF,REF,False,no_flip,,,False,
1000,CA_CHAR_05_HomoglyphPerturbation,एक सप्ताह नियमित व्यायाम करने से हर व्यक्ति में गैर-संचारी रोगों का जोखिम शून्य हो जाता है।,"डब्ल्यूएचओ गतिविधि से जोखिम कम होने की बात करता है, लेकिन एक सप्ताह में जोखिम शून्य होने की गारंटी नहीं देता।",एक सप्ताह नियमित व्यायाम करने से हर व्यक्ति मे​ं गैर-संचारी रोगों का जोखिम शून्य हो जाता है।,,NEI,REF,REF,False,baseline_failure,,,False,
1001,CA_CHAR_05_HomoglyphPerturbation,'लॉकअप 2' में राम कपूर पर श्रेया कालरा भड़कीं।,अमर उजाला की स्टोरी बताती है कि रियलिटी शो 'लॉकअप' के दूसरे सीजन में इन दिनों कंट्रोवर्सी देखने को मिल रही है। पर तारीख या आंकड़े नहीं दिए गए।,'लॉकअप 2' में राम कपूर पर श्रेया काळरा भड़कीं।,,NEI,NEI,NEI,False,no_flip,,,False,
1002,CA_CHAR_05_HomoglyphPerturbation,जल जीवन मिशन (शहरी) का उद्देश्य 2.86 करोड़ घरों को नल कनेक्शन उपलब्ध कराना है।,आधिकारिक पृष्ठ में जल जीवन मिशन (शहरी) के लिए 2.86 करोड़ घरों को नल कनेक्शन देने का उद्देश्य लिखा है।,जल जीवन मिशन (शहरी) का उद्देश्य 2.86 करोड़ घरों को नल कनेक्शन उपलब्ध करा​ना है।,,SUP,SUP,SUP,False,no_flip,,,False,
1003,CA_CHAR_05_HomoglyphPerturbation,अग्निपथ योजना को 'सैनिक सम्मान योजना' के नाम से सात वर्ष की ड्यूटी अवधि और 60 प्रतिशत स्थायी कर्मचारियों के साथ लागू कर दिया गया है।,न्यूज़चेकर हिंदी के अनुसार पीआईबी फैक्ट चेक ने वायरल दस्तावेज को फर्जी बताया और कहा कि भारत सरकार ने ऐसा निर्णय नहीं लिया है।,अग्निपथ योजना को 'सैनिक सम्मान योजना' के ना​म से सात वर्ष की ड्यूटी अवधि और 60 प्रतिशत स्थायी कर्मचारियों के साथ लागू कर दिया गया है।,,REF,REF,REF,False,no_flip,,,False,
1004,CA_CHAR_05_HomoglyphPerturbation,"केंद्र सरकार ने हिमाचल प्रदेश के लिए 10,000 करोड़ रुपये के विशेष राहत पैकेज को मंजूरी दे दी।",लेख में किसी विशेष राहत पैकेज की स्वीकृति या राशि का उल्लेख नहीं है।,"केंद्र सरका​र ने हिमाचल प्रदेश के लिए 10,000 करोड़ रुपये के विशेष राहत पैकेज को मंजूरी दे दी।",,NEI,REF,REF,True,flip,5,True,False,
1005,CA_CHAR_05_HomoglyphPerturbation,बचाए गए लोगों में तीन स्थानीय नागरिक भी शामिल थे।,लेख में तीन स्थानीय नागरिकों का उल्लेख किया गया है।,बचाए गए लोगों में तीन स्था​नीय नागरिक भी शामिल थे।,,SUP,SUP,SUP,False,baseline_failure,,,False,
1006,CA_CHAR_05_HomoglyphPerturbation,केंद्र सरकार भविष्य में 'क्वांटम एआई' नाम से कोई सरकारी निवेश योजना शुरू करेगी।,"आकाशवाणी समाचार की रिपोर्ट मौजूदा वायरल निवेश वीडियो को फर्जी बताती है, लेकिन भविष्य में किसी योजना के संभावित आरंभ के बारे में पर्याप्त सूचना नहीं देती।",केंद्र सरकार भविष्य में 'क्वांटम एआई' नाम से कोई सरकारी निवेश योजना शुरू करे​गी।,,NEI,NEI,NEI,False,no_flip,,,False,
1007,CA_CHAR_05_HomoglyphPerturbation,डाइटरी सप्लीमेंट बाजार में आने से पहले हमेशा प्रभावशीलता सिद्ध करते हैं।,एनसीसीआईएच के अनुसार निर्माता को डाइटरी सप्लीमेंट बाजार में आने से पहले उसकी सुरक्षा और प्रभावशीलता सिद्ध करना आवश्यक नहीं होता।,डाइटरी सप्लीमेंट बाजार में आने से पहले हमे​शा प्रभावशीलता सिद्ध करते हैं।,,NEI,REF,REF,False,baseline_failure,,,False,
1008,CA_CHAR_05_HomoglyphPerturbation,माइग्रेन सिरदर्द विकारों में शामिल है।,डब्ल्यूएचओ माइग्रेन को प्राथमिक सिरदर्द विकार में शामिल करता है।,मा​इग्रेन सिरदर्द विकारों में शामिल है।,,SUP,SUP,SUP,False,no_flip,,,False,
1009,CA_CHAR_05_HomoglyphPerturbation,लेख में गुजरात सरकार द्वारा सूरत में नए भूकंपरोधी भवन निर्माण नियम तत्काल लागू करने की घोषणा का उल्लेख है।,लेख में ऐसे किसी नए भवन निर्माण नियम या सरकारी घोषणा का उल्लेख नहीं है।,लेख में गुजरात सरकार द्वारा सूरत में नए भूकंपरोधी भवन नि​र्माण नियम तत्काल लागू करने की घोषणा का उल्लेख है।,,NEI,REF,REF,False,baseline_failure,,,False,
1010,CA_CHAR_05_HomoglyphPerturbation,"हैंड ग्रेनेड डिज़ाइन वाला पेन ‘बम’ बताकर किया जा रहा है वायरल, यहां जानिए सच","सोशल मीडिया पर हैंड ग्रेनेड जैसी डिज़ाइन वाले कुछ पेंस की तस्वीरें वायरल हो रही हैं | दावा किया जा रहा है कि यह ‘पेन बम’ है और इसका बटन दबाते ही विस्फोट हो सकता हैं | ज़ी न्यूज़जैसे न्यूज चैनल औरन्यूज़फर्स्ट प्राइम,ऑल इंडिया मीडिया एसोसिएशनजैसे न्यूज पेज ने भी इसी दावे के साथ यह खबर प्रसारित की है। यूजर्स पोस्ट शेयर करते हुए लिख रहे हैं… सावधान! पुलिस की बड़ी चेतावनी! दिखने में साधारण पेन, लेकिन असल में है एक खतरनाक बम! पुलिस ने एडवाइजरी जारी कर सभी को ऐसे किसी भी संदिग्ध पेन से दूर रहने और सावधान रहने को कहा है। इसके संपर्क में आने से ब्लास्ट हो रहे हैं और जान का खतरा है। फेसबुक|फेसबुक|आर्काइव अनुसंधान से पता चलता है कि… जांच की शुरुआत में सबसे पहले हमने यह पता लगाया कि क्या वाकई में पुलिस प्रशासन या सरकार ने वास्तव में ऐसे किसी ‘पेन बम’ को लेकर कोई आधिकारिक चेतावनी जारी की है ? लेकिन हमें ऐसी कोई आधिकारिक सूचना या अलर्ट नहीं मिली जो वायरल दावे की पुष्टि करता हो। आगे रिवर्स इमेज सर्च करने पर पता चला कि वायरल तस्वीर में दिखाया गया यही पेनएट्सीई-कॉमर्स वेबसाइट पर बिक्री के लिए उपलब्ध है | वेबसाइट पर दी गई जानकारी के अनुसार, यह आर्मी थीम पर आधारित एक सामान्य लिखने वाला पेन है | आगे की जांच में पता चला कि इस उत्पाद का नाम ‘ग्रेनेड क्लिक पेन किट’ है | इसका निर्माण और बिक्री अमेरिकी कंपनी ‘पेन स्टेट इंडस्ट्रीज़’ द्वारा की जाती है | कंपनी की आधिकारिक जानकारी के अनुसार, यह केवल ग्रेनेड जैसी दिखने वाला एक सजावटी क्लिक पेन है, जिसमें सामान्य पार्कर इंक रिफिल का उपयोग होता है | पेन पर दिखाई देने वाला लीवर, स्प्रिंग और क्लिक मैकेनिज्म केवल रिफिल को बाहर और अंदर करने के लिए है | कंपनी के किसी भीआधिकारिक दस्तावेज़में डेटोनेटर, बैटरी या किसी विस्फोटक सामग्री का उल्लेख नहीं है | इससे स्पष्ट होता है कि यह एक सामान्य लिखने का पेन है, कोई विस्फोटक उपकरण नहीं | खंडन कुछ सोशल मीडिया पोस्ट में दावा किया गया कि इस पेन को लेकर चेतावनी बुलंदशहर पुलिस ने जारी की है | 15 जून को बुलंदशहर पुलिस ने सोशल मीडिया पर इस दावे का खंडन करते हुए यह स्पष्ट किया कि विभाग की ओर से ऐसा कोई अलर्ट या चेतावनी जारी नहीं की गई है | #_खण्डन#UPPolice#BulandshahrPolicepic.twitter.com/tbT6kmAdqa निष्कर्ष तथ्यों के","हैंड ग्रेनेड डिज़ाइन वाला पेन ‘बम’ बताकर किया जा रहा है वायरल, यहा​ं जानिए सच",,REF,REF,REF,False,no_flip,,,False,
1011,CA_CHAR_05_HomoglyphPerturbation,अजय देवगन की फिल्म 'चौहान' में विक्रांत मैसी की एंट्री हुई है।,"TV9 भारतवर्ष की रिपोर्ट कहती है, अजय देवगन की अपकमिंग फिल्म 'चौहान' को लेकर बड़ा अपडेट सामने आया है.",अजय देवगन की फिल्म 'चौहान' में विक्रांत मैसी की एंट्री हुई है​।,,SUP,NEI,NEI,False,baseline_failure,,,False,
1012,CA_CHAR_05_HomoglyphPerturbation,देश भर में बिहार के अस्थायी प्रवासियों को जागरूक करने के लिए 246 समाचार पत्रों में हिंदी पूर्ण-पृष्ठ विज्ञापन जारी किए गए थे।,पीआईबी की बिहार एसआईआर विज्ञप्ति में 246 समाचार पत्रों में हिंदी में अखिल भारतीय पूर्ण-पृष्ठ विज्ञापन जारी करने की जानकारी है।,देश भर में बिहार के​ अस्थायी प्रवासियों को जागरूक करने के लिए 246 समाचार पत्रों में हिंदी पूर्ण-पृष्ठ विज्ञापन जारी किए गए थे।,,SUP,SUP,SUP,False,no_flip,,,False,
1013,CA_CHAR_05_HomoglyphPerturbation,शनिवार को व्यास घाटी से फंसे पर्यटकों को सुरक्षित निकाल लिया गया था।,लेख में शनिवार को व्यास घाटी से पर्यटकों के निकाले जाने का उल्लेख है।,शनिवार को व्यास घाटी से फंसे​ पर्यटकों को सुरक्षित निकाल लिया गया था।,,SUP,SUP,SUP,False,no_flip,,,False,
1014,CA_CHAR_05_HomoglyphPerturbation,लोकसभा चुनाव 2024 के सातवें चरण में 57 संसदीय क्षेत्रों के लिए 63.88 प्रतिशत मतदान दर्ज किया गया।,पीआईबी की हिंदी विज्ञप्ति के अनुसार सातवें चरण में 57 संसदीय क्षेत्रों के लिए 63.88 प्रतिशत मतदान दर्ज हुआ।,लोकसभा चुना​व 2024 के सातवें चरण में 57 संसदीय क्षेत्रों के लिए 63.88 प्रतिशत मतदान दर्ज किया गया।,,SUP,SUP,SUP,False,no_flip,,,False,
1015,CA_CHAR_05_HomoglyphPerturbation,फतेहपुर पुलिस ने दुष्कर्म के आरोपी ओवैश रजा को मुठभेड़ के बाद गिरफ्तार किया।,समाचार के अनुसार आरोपी के पास से अवैध तमंचा और कारतूस भी बरामद हुए।,फतेहपुर पुलिस ने दुष्कर्म के आरोपी ओवैश रजा को मुठभे​ड़ के बाद गिरफ्तार किया।,,SUP,NEI,NEI,False,baseline_failure,,,False,
1016,CA_CHAR_05_HomoglyphPerturbation,बिहार एसआईआर में बिना स्पष्ट आदेश के मसौदा मतदाता सूची से नाम हटाया जा सकता था।,पीआईबी की विज्ञप्ति में स्पष्ट है कि ईआरओ/एईआरओ के नोटिस और आदेश के बिना मसौदा सूची से कोई नाम नहीं हटाया जा सकता।,बिहार एसआईआर मे​ं बिना स्पष्ट आदेश के मसौदा मतदाता सूची से नाम हटाया जा सकता था।,,REF,REF,REF,False,no_flip,,,False,
1017,CA_CHAR_05_HomoglyphPerturbation,आत्महत्या की बात करने वाले लोग हमेशा केवल ध्यान आकर्षित करने के लिए ऐसा कहते हैं।,"विश्व स्वास्थ्य संगठन के अनुसार, आत्महत्या की बात करने वाले लोग अक्सर मदद की गुहार लगा रहे होते हैं। इसे हमेशा एक चेतावनी संकेत (चेतावनी संकेत) के रूप में गंभीरता से लिया जाना चाहिए।",आत्महत्या की बा​त करने वाले लोग हमेशा केवल ध्यान आकर्षित करने के लिए ऐसा कहते हैं।,,REF,REF,REF,False,no_flip,,,False,
1018,CA_CHAR_05_HomoglyphPerturbation,भूकंप के झटके महसूस होते ही लोग घरों और इमारतों से बाहर निकल आए।,लेख में लोगों के घरों और इमारतों से बाहर निकलने का उल्लेख किया गया है।,भूकंप के​ झटके महसूस होते ही लोग घरों और इमारतों से बाहर निकल आए।,,SUP,SUP,SUP,False,no_flip,,,False,
1019,CA_CHAR_05_HomoglyphPerturbation,जबलपुर क्रूज दुर्घटना के नाम पर फैलाया जा रहा है बांग्लादेश की कपताई झील का वीडियो।,"बरगी डैम हादसे के नाम पर बांग्लादेश का पुराना वीडियो वायरल। अभी हाल ही में 30 अप्रैल को जबलपुर के बरगी डैम में एक बड़ा क्रूज हादसा हुआ था। इसमें बच्चों और महिलाओं समेत कुल 13 लोगों की मौत हो गई थी। इसी घटना के संदर्भ में इंटरनेट पर वीडियो वायरल किया जा रहा है, जिसमें एक पर्यटक नाव झील के बीचों-बीच पलटी हुई दिखाई दे रही है और कुछ लोग जान बचाने के लिए चीख-पुकार कर रहे हैं। वीडियो शेयर करते हुए दावा किया जा रहा है कि यह उसी जबलपुर क्रूज हादसे का वीडियो है। वायरल वीडियो फेसबुक पर इस कैप्शन के साथ साझा किया जा रहा है… कितना दर्दनाक हादसा हुआ है जबलपुर क्रूज हादसा @कुछ लोग क्रूज के साथ ही डूब गए कुछ लोग जबलपुर क्रूज हादसा फेसबुक पोस्ट।आर्काइव पोस्ट अनुसंधान से पता चलता है कि… हमने जांच की शुरुआत में वायरल वीडियो के कीफ्रेम को गूगल रिवर्स इमेज सर्च किया। परिणाम में हमें वायरल वीडियो का एक लंबा संस्करण मिला, जिसेन्यूज़ रिपोर्ट टुडेने 28 दिसंबर 2025 को फेसबुक पर पोस्ट किया था। इसमें बताया गया है कि यह घटना दिसंबर में बांग्लादेश के रंगमती जिले में घटी थी, जहां कपताई झील में एक पर्यटक नाव पलट गई थी। मिली जानकारी को आधार बनाते हुए हमने आगे की खोज की। अब हमें इस घटना से संबंधित मीडिया रिपोर्टें मिली। इनमेंबांग्लादेश टाइम्सके अनुसार , यह घटना 25 दिसंबर को हुई थी। एक अन्य बांग्लादेशी समाचार पत्र,बांग्ला ट्रिब्यूनके अनुसार, लकड़ी की नाव सुबालोंग बाजार क्षेत्र से लौट रही थी जब सिलचरिमुख के पास वह पलट गई। तभी आसपास मौजूद लोगों ने यात्रियों को बचा लिया। वहीं नाव में लगभग 20 से 22 लोग सवार थे, जिनमें से किसी ने भी लाइफ जैकेट नहीं पहनी थी, हालांकि किसी को चोट नहीं आई। रिपोर्ट में पुलिस के हवाले से बताया गया था कि घटना के समय नाव में अधिक लोग सवार थे। हमें 26 दिसंबर 2025 कोढाका ट्रिब्यूनके आधिकारिक यूट्यूब चैनल पर इस बारे में अपलोड की हुई वीडियो रिपोर्ट मिली। इसके साथ लिखे डिस्क्रिप्शन के अनुसार, यह घटना बांग्लादेश के रंगामती जिले की कप्ताई झील में हुई थी, जब 25 दिसंबर 2025 को पर्यटकों से भरी एक नाव ‘शिलचरिमुख’ स्थित रंगब्याश कैंप के पास पलट गई थी। लेकिन इस घटना में कोई हताहत नहीं हुआ था। बांग्लादेश की एक और मीडिया संस्थानProthomaloके यूट्यूब चैनल पर भी 26 दिसंबर 2025 को इस घटना से जुड़",जबलपुर क्रूज दुर्घटना के नाम पर फैलाया जा रहा​ है बांग्लादेश की कपताई झील का वीडियो।,,REF,REF,REF,False,baseline_failure,,,False,
1020,CA_CHAR_05_HomoglyphPerturbation,पोषण अभियान 8 मार्च 2018 को शुरू किया गया था।,पीआईबी हिंदी प्रेस नोट में पोषण अभियान को 8 मार्च 2018 को शुरू किया गया प्रमुख बहु-मंत्रालयी मिशन बताया गया है।,पोषण अभियान 8 मार्च 2018 को शुरू किया गया था​।,,SUP,SUP,SUP,False,no_flip,,,False,
1021,CA_CHAR_05_HomoglyphPerturbation,प्रधानमंत्री फसल बीमा योजना के क्षमता निर्माण के लिए 20 जनवरी 2025 को एनसीसीटी और फसल बीमा प्रभाग के बीच समझौता ज्ञापन हुआ था।,आधिकारिक पृष्ठ में पीएमएफबीवाई और आरडब्ल्यूबीसीआईएस के क्षमता निर्माण हेतु 20 जनवरी 2025 के समझौता ज्ञापन का उल्लेख है।,प्रधानमंत्री फसळ बीमा योजना के क्षमता निर्माण के लिए 20 जनवरी 2025 को एनसीसीटी और फसल बीमा प्रभाग के बीच समझौता ज्ञापन हुआ था।,,SUP,SUP,SUP,False,no_flip,,,False,
1022,CA_CHAR_05_HomoglyphPerturbation,बादल फटने के बाद किसी भी बचाव एजेंसी को तैनात नहीं किया गया।,"लेख में SDRF, सेना, NDRF और जिला प्रशासन के राहत कार्यों का उल्लेख है।",बादल फटने के बाद किसी भी बचाव एजेंसी को तैनात नहीं किया गया​।,,REF,REF,REF,False,no_flip,,,False,
1023,CA_CHAR_05_HomoglyphPerturbation,शोध में 2010 से 2020 के बीच हुई घटनाओं के आधार पर जोखिम वाले जिले और ब्लॉक चिह्नित किए गए।,लेख में जोखिम वाले क्षेत्रों की पहचान किए जाने की जानकारी दी गई है।,शोध में 2010 से 2020 के​ बीच हुई घटनाओं के आधार पर जोखिम वाले जिले और ब्लॉक चिह्नित किए गए।,,SUP,NEI,NEI,False,baseline_failure,,,False,
1024,CA_CHAR_05_HomoglyphPerturbation,दीपिका पादुकोण को मुंबई के एक अस्पताल में गंभीर हालत में भर्ती कराया गया है।,"द लल्लनटॉप ने ऐसी वायरल पोस्टों पर जांच करते हुए बताया कि अस्पताल, परिवार या अभिनेत्री की टीम से कोई पुष्टि नहीं मिली। रिपोर्ट में यह भी कहा गया कि दावा केवल अनवेरिफाइड पापाराजी पोस्टों पर आधारित था।",दीपिका पादुकोण को मुंबई के एक अस्पताल में गंभीर हालत मे​ं भर्ती कराया गया है।,,NEI,REF,REF,False,baseline_failure,,,False,
1025,CA_CHAR_05_HomoglyphPerturbation,मेनोपॉज (रजोनिवृत्ति) के बाद महिलाओं में एस्ट्रोजन हार्मोन की कमी के कारण ऑस्टियोपोरोसिस (हड्डियों का कमजोर होना) का खतरा बढ़ जाता है।,"मेनोपॉज के दौरान, महिला के शरीर में एस्ट्रोजन का उत्पादन कम हो जाता है, जो हड्डियों की रक्षा करने वाला एक हार्मोन है। इस तेजी से होने वाले अस्थि नुकसान से ऑस्टियोपोरोसिस हो सकता है।",मेनोपॉज (रजोनिवृत्ति) के बाद महिलाओं में एस्ट्रोजन हार्मोन की कमी के कारण ऑस्टियोपोरोसिस (हड्ड़ियों का कमजोर होना) का खतरा बढ़ जाता है।,,SUP,SUP,SUP,False,no_flip,,,False,
1026,CA_CHAR_05_HomoglyphPerturbation,"यदि किसी मतदाता के पास मतदाता पहचान पत्र न हो, तो वह मतदाता सूची में नाम होने पर आयोग द्वारा मान्य अन्य दस्तावेज दिखाकर मतदान कर सकता था।",पीआईबी की विज्ञप्ति में मतदाता सूची में नाम होने की स्थिति में आयोग-मान्य अन्य दस्तावेज दिखाकर मतदान करने की अनुमति का उल्लेख है।,"यदि किसी मतदाता के पास मतदाता पहचान पत्र न हो, तो वह मतदाता सूची में नाम होने पर आयोग़ द्वारा मान्य अन्य दस्तावेज दिखाकर मतदान कर सकता था।",,SUP,SUP,SUP,False,no_flip,,,False,
1027,CA_CHAR_05_HomoglyphPerturbation,लेख के अनुसार यमुनोत्री धाम में इस सीजन की पहली बर्फबारी नहीं हुई।,लेख में स्पष्ट रूप से पहली बर्फबारी होने की जानकारी दी गई है।,लेख के अनुसार यमुनोत्री धाम में इस सीजन की​ पहली बर्फबारी नहीं हुई।,,REF,REF,REF,False,no_flip,,,False,
1028,CA_CHAR_05_HomoglyphPerturbation,"सड़क परिवहन मंत्रालय की रिपोर्ट के अनुसार खराब सड़कों, गड्ढों और निर्माण संबंधी खामियों के कारण भारत में हर दिन औसतन 80 लोगों की मौत हो रही है।","'रोड एक्सीडेंट्स इन इंडिया-2024' रिपोर्ट में कहा गया है कि केवल तेज रफ्तार या लापरवाही ही नहीं, बल्कि अधूरी सड़कें और गलत डिजाइन भी बड़ी संख्या में दुर्घटनाओं की वजह बन रहे हैं।","सड़क परिवहन मंत्रालय की रिपोर्ट के अनुसार खराब सड़कों, गड्ढों और निर्माण संबंधी खामियों के कारण भारत में हर दिन औसतन 80 लोगों की​ मौत हो रही है।",,SUP,NEI,NEI,False,baseline_failure,,,False,
1029,CA_CHAR_05_HomoglyphPerturbation,प्रधानमंत्री आवास योजना-शहरी 2.0 के तहत लगभग 96 प्रतिशत घर महिलाओं को आवंटित किए गए।,पीआईबी की हिंदी विज्ञप्ति में पीएमएवाई-यू 2.0 के तहत लगभग 96 प्रतिशत घर महिलाओं को आवंटित होने का उल्लेख है।,प्रधानमंत्री​ आवास योजना-शहरी 2.0 के तहत लगभग 96 प्रतिशत घर महिलाओं को आवंटित किए गए।,,SUP,SUP,SUP,False,no_flip,,,False,
1030,CA_CHAR_05_HomoglyphPerturbation,"विटामिन, खनिज और हर्बल डाइटरी सप्लीमेंट रोगों के इलाज या रोकथाम के लिए एफडीए द्वारा मंजूर होते हैं।","अमेरिकी खाद्य एवं औषधि प्रशासन के अनुसार विटामिन, खनिज, जड़ी-बूटियों और अन्य डाइटरी सप्लीमेंट को रोगों के इलाज या रोकथाम के लिए एफडीए मंजूरी नहीं देता।","विटामिन, खनिज और हर्बल डाइटरी सप्लीमेंट रोगों के इलाज या रोकथाम के ळिए एफडीए द्वारा मंजूर होते हैं।",,REF,REF,REF,False,no_flip,,,False,
1031,CA_CHAR_05_HomoglyphPerturbation,एनडीएमए ने माणा क्षेत्र में स्थायी हिमस्खलन चेतावनी प्रणाली स्थापित करने के लिए नई राष्ट्रीय योजना की घोषणा की।,लेख में ऐसी किसी नई राष्ट्रीय योजना या घोषणा का उल्लेख नहीं है।,एनडीएमए ने माणा क्षेत्र में स्थायी हिमस्खलन चेतावनी प्रणाली स्थापित करने​ के लिए नई राष्ट्रीय योजना की घोषणा की।,,NEI,REF,REF,False,baseline_failure,,,False,
1032,CA_CHAR_05_HomoglyphPerturbation,भूकंप के बाद अब तक किसी बड़े जान-माल के नुकसान की सूचना नहीं मिली है।,लेख में स्पष्ट रूप से कहा गया है कि किसी बड़े नुकसान की सूचना नहीं है।,भूकंप के बाद अब तक किसी बड़े जान-माल के नुकसान की सूचना नहीं मिली है​।,,SUP,SUP,SUP,False,no_flip,,,False,
1033,CA_CHAR_05_HomoglyphPerturbation,स्वच्छ भारत मिशन-ग्रामीण 2014 में शुरू किया गया था।,पीआईबी की हिंदी प्रेस नोट में स्वच्छ भारत मिशन-ग्रामीण को 2014 में शुरू किया गया मिशन बताया गया है।,स्वच्छ भारत मिशन-ग्रामीण 2014 मे​ं शुरू किया गया था।,,SUP,SUP,SUP,False,no_flip,,,False,
1034,CA_CHAR_05_HomoglyphPerturbation,दिल्ली पुलिस ने अंतरराज्यीय म्यूल सिम कार्ड रैकेट का भंडाफोड़ कर दो लोगों को गिरफ्तार किया।,पुलिस ने दो आरोपियों को गिरफ्तार किया जो साइबर अपराधियों को फर्जी तरीके से प्राप्त सिम कार्ड उपलब्ध कराते थे।,दिल्ली पुलिस ने अंतरराज्यीय म्यू​ल सिम कार्ड रैकेट का भंडाफोड़ कर दो लोगों को गिरफ्तार किया।,,SUP,SUP,SUP,False,no_flip,,,False,
1035,CA_CHAR_05_HomoglyphPerturbation,स्टार्टअप विलेज उद्यमिता कार्यक्रम दीनदयाल अंत्योदय योजना-राष्ट्रीय ग्रामीण आजीविका मिशन का उप-घटक है।,ग्रामीण विकास संबंधी विज्ञप्ति एसवीईपी को डीएवाई-एनआरएलएम का उप-घटक बताती है।,स्टार्टअप विलेज उद्यमिता कार्यक्रम दीनदयाल अंत्योदय योजना​-राष्ट्रीय ग्रामीण आजीविका मिशन का उप-घटक है।,,SUP,SUP,SUP,False,no_flip,,,False,
1036,CA_CHAR_05_HomoglyphPerturbation,अमेरिकी संघीय सरकार ने वॉशिंगटन बाढ़ पीड़ितों के लिए 5 अरब डॉलर के राहत पैकेज की घोषणा की।,लेख में किसी राहत पैकेज या वित्तीय सहायता की घोषणा का उल्लेख नहीं है।,अमेरिकी संघीय सरकार ने वॉशिंगटन बाढ़ पीड़ितों के लि​ए 5 अरब डॉलर के राहत पैकेज की घोषणा की।,,NEI,,,False,baseline_failure,,,False,
1037,CA_CHAR_05_HomoglyphPerturbation,चीन के प्रदर्शनी में दिखाए गये बुलडोज़र का वीडियो यूपी में योगी आदित्यनाथ के जीत से जोड़कर हुआ वायरल ।,"इस वीडियो का उत्तर प्रदेश में योगी अदित्यानाथ के जीत से कोई संबंध नहीं है। यह वीडियो 2016 में एक व्यापार मेले में चीनी मैन्युफैक्चरिंग कंपनी द्वारा बुलडोजर स्टंट का है। उत्तर प्रदेश में चुनाव के रिजल्ट्स के बाद सोशल मीडिया पर बुलडोज़र के एक वीडियो को शेयर करते हुए दावा किया जा रहा है कि उत्तर प्रदेश में योगी आदित्यनाथ के जीत के बाद बुलडोज़र भी झूमते हुए दिख रहे है । दावा है कि लोग बुलडोजर से स्टंट कर योगी आदित्यनाथ की जीत का जश्न मना रहे हैं। योगी आदित्यनाथ के जीत और बुलडोज़र का क्या संबंध? उत्तर प्रदेश चुनाव के दौरान बुलडोज़र कई बारचर्चा का विषयबना । योगी आदित्यनाथ की चुनावी सभा में बुलडोजर नजर आया था जिसको लेकर उन्होंनेट्वीटभी किया था । इस ट्वीट का पलटजवाबदेते हुए सपा पार्टी प्रमुख अखिलेश यादव ने लिखा था “बुलडोज़र बाबा अब खाली होकर ‘बुल और डॉग’ से खेलेंगे।” बुलडोजर का इस्तेमाल अक्सर योगी आदित्यनाथ के प्रशासन के अपराध पर सख्ती के संबंध में भी उल्लेख किया गया है । यूपी के अधिकारियों ने तथाकथित माफियाओं के सदस्यों की अवैध संपत्तियों पर बुलडोज़र चला दिया था। वास्तव में, “बुलडोजर” को अपनी सरकार के लिए एकब्रांड बताते हुए, भाजपा के सीएम (योगी आदित्यनाथ) ने कहा कि “बुलडोजर एक्सप्रेसवे के लिए प्रभावी है और माफियाओं पर चलाने के लिए भी काफी प्रभावी है।” वायरल पोस्ट के कैप्शन में लिखा गया है कि “बुलडोजर बाबा जिंदाबाद Up में बुलडोजर की खुशी का ठिकाना नहीं !” फेसबुक पोस्ट।आर्काइव लिंक अनुसंधान से पता चलता है कि… जाँच की शुरुवात हमने इस वीडियो को छोटे की फ्रेम्स में बांटकर यांडेक्स पर रिवर्स इमेज सर्च करने से की । परिणाम में हमें यह वीडियो TCH के यूट्यूब चैनल पर मिला । इस वीडियो को 14 जुलाई 2017 को अपलोड किया गया था । इस वीडियो के कैप्शन के अनुसार यह वीडियो चीन से है जहाँ एक १७ टन की बुलडोज़र को एक टेक्नोलॉजी शो (Technology show) में नाचते हुए देखा गया था । इसी वीडियो को जानवरों 2016 में अपलोड करते हुए एक चैनल ने लिखा है कि “फोटोनलोवोल (fotonlovol ) व्हील लोडर डांसिंग” इसी वीडियो को2017में अपलोड कर एक चाइनिस यूट्यूब यूजर ने लिखा है कि यह बॉमा के एक प्रदर्शनी में डांस लोडर लोवोल का वीडियो है । बॉमा के इस प्रदर्शनी के बारें में ढूँढने पर हमें पता चला कि बॉमा कंस्ट्रक्शन मशीनरी, बि",चीन के प्रदर्शनी में दिखाए गये बुलडोज़र का वीडियो यूपी में योगी आदित्यनाथ के जी​त से जोड़कर हुआ वायरल ।,,REF,REF,REF,False,no_flip,,,False,
1038,CA_CHAR_05_HomoglyphPerturbation,31 दिसंबर 2025 तक अटल पेंशन योजना में 8.59 करोड़ से अधिक सदस्य जुड़े थे।,आधिकारिक विज्ञप्ति में 31 दिसंबर 2025 तक अटल पेंशन योजना के 8.59 करोड़ से अधिक सब्सक्राइबर होने का उल्लेख है।,31 दिसंबर 2025 तक अटल पेंशन योजना में 8.59 करोड़़ से अधिक सदस्य जुड़े थे।,,SUP,,,False,unusable_verdict,,,False,
1039,CA_CHAR_05_HomoglyphPerturbation,हादसे के समय बोस्टन के मेयर स्वयं घटनास्थल पर मौजूद थे।,लेख में मेयर की उपस्थिति का कोई उल्लेख नहीं है।,हादसे के समय बो​स्टन के मेयर स्वयं घटनास्थल पर मौजूद थे।,,NEI,REF,REF,True,flip,5,True,False,
1040,CA_CHAR_05_HomoglyphPerturbation,लोकसभा चुनाव 2024 के सातवें चरण में पुरुष मतदान प्रतिशत 63.11 था।,पीआईबी की हिंदी विज्ञप्ति में सातवें चरण के लिंगवार आंकड़ों में पुरुष मतदान 63.11 प्रतिशत बताया गया है।,लोकसभा चुनाव 2024 के सातवे​ं चरण में पुरुष मतदान प्रतिशत 63.11 था।,,SUP,SUP,SUP,False,no_flip,,,False,
1041,CA_CHAR_05_HomoglyphPerturbation,"सहकारी फुटप्रिंट विस्तार की राष्ट्रीय योजना के अंतर्गत 32,802 नई बहुउद्देशीय पैक्स, डेयरी और मत्स्य समितियां पंजीकृत की गई थीं।","पीआईबी की हिंदी विज्ञप्ति में सहकारी फुटप्रिंट विस्तार की राष्ट्रीय योजना के तहत 32,802 नई बहुउद्देशीय पैक्स, डेयरी और मत्स्य समितियों के पंजीकरण का उल्लेख है।","सहकारी फुटप्रिंट विस्तार की राष्ट्रीय यो​जना के अंतर्गत 32,802 नई बहुउद्देशीय पैक्स, डेयरी और मत्स्य समितियां पंजीकृत की गई थीं।",,SUP,SUP,SUP,False,no_flip,,,False,
1042,CA_CHAR_05_HomoglyphPerturbation,"ईआरओनेट केवल फॉर्म 6 से संबंधित प्रक्रिया संभालता है, फॉर्म 6ए, 7 और 8 से नहीं।","पीआईबी की विज्ञप्ति में ईआरओनेट को फॉर्म 6, 6ए, 7 और 8 से संबंधित सभी प्रक्रियाओं को संभालने वाली प्रणाली बताया गया है।","ईआरओनेट केवल फॉर्म 6 से​ संबंधित प्रक्रिया संभालता है, फॉर्म 6ए, 7 और 8 से नहीं।",,REF,REF,REF,False,no_flip,,,False,
1043,CA_CHAR_05_HomoglyphPerturbation,लोकसभा चुनाव 2024 के पहले चरण में 16.63 करोड़ मतदाता थे।,पीआईबी की हिंदी विज्ञप्ति में पहले चरण के लिए 16.63 करोड़ मतदाताओं का विवरण दिया गया है।,लोकसभा चुनाव 2024 के पहले चरण में 16.63 करो​ड़ मतदाता थे।,,SUP,SUP,SUP,False,no_flip,,,False,
1044,CA_CHAR_05_HomoglyphPerturbation,मोटरसाइकिल हेलमेट सही तरीके से पहनने से मृत्यु और मस्तिष्क चोट का जोखिम घटता है।,डब्ल्यूएचओ के अनुसार सही गुणवत्ता वाला हेलमेट सही ढंग से पहनने से मृत्यु और मस्तिष्क चोट का जोखिम कम होता है।,मोटरसाइकिल हेलमेट सही तरीके से पहनने से​ मृत्यु और मस्तिष्क चोट का जोखिम घटता है।,,SUP,SUP,SUP,False,no_flip,,,False,
1045,CA_CHAR_05_HomoglyphPerturbation,हेमा मालिनी और धर्मेंद्र की वायरल तस्वीर हाल की नहीं बल्कि पुरानी है।,"तस्वीर के पुराने संस्करण इंटरनेट पर पहले से मौजूद मिले। वर्तमान घटनाक्रम से जोड़कर इसे साझा किया गया, जबकि इसका उस दावे से कोई संबंध नहीं था।",हेमा मालिनी और धर्मेंद्र की वायरळ तस्वीर हाल की नहीं बल्कि पुरानी है।,,SUP,SUP,SUP,False,no_flip,,,False,
1046,CA_CHAR_05_HomoglyphPerturbation,नोरा फतेही ने मुंबई एयरपोर्ट पर अपनी अगली हॉलीवुड फिल्म का नाम घोषित किया।,भास्कर की रिपोर्ट में नोरा फतेही के एयरपोर्ट लुक और पैपराजी वीडियो पर खबर है। लेख में हॉलीवुड फिल्म के नाम की घोषणा या किसी नए प्रोजेक्ट की आधिकारिक जानकारी नहीं दी गई।,नोरा फतेही ने मुंबई एयरपोर्ट पर अपनी अगली हॉलीवुड फिल्म का​ नाम घोषित किया।,,NEI,REF,REF,False,baseline_failure,,,False,
1047,CA_CHAR_05_HomoglyphPerturbation,आलिया भट्ट को कांग्रेस ने 2024 चुनाव के लिए स्टार प्रचारक घोषित किया था।,द लल्लनटॉप ने वायरल सूची की जांच में पाया कि उसमें कई कलाकारों के नाम एडिट करके जोड़े गए थे। कांग्रेस की आधिकारिक स्टार प्रचारक सूची में आलिया भट्ट का नाम नहीं था।,आलिया भट्ट को कांग्रेस ने 2024 चुनाव के लिए स्टार प्रचारक घोषित किया था​।,,REF,REF,REF,False,no_flip,,,False,
1048,CA_CHAR_05_HomoglyphPerturbation,गोविंदा ने फिल्म 'अवतार फायर एंड ऐश' में काम नहीं किया; वायरल वीडियो एआई निर्मित है।,"विश्वास न्यूज़ के मुताबिक, नई दिल्ली (विश्वास न्यूज)। सोशल मीडिया के कई प्‍लेटफॉर्म पर बॉलीवुड एक्‍टर गोविंदा का अलग-अलग वीडियो और तस्‍वीर वायरल हो रही है।",गोविंदा ने फिल्म 'अवतार फायर एंड ऐश' में काम नहीं किया; वा​यरल वीडियो एआई निर्मित है।,,SUP,NEI,NEI,False,baseline_failure,,,False,
1049,CA_CHAR_05_HomoglyphPerturbation,लेख के अनुसार भाजपा शासनकाल में विद्युत उत्पादन में उल्लेखनीय वृद्धि हुई है।,लेख में विद्युत उत्पादन नहीं बढ़ने का दावा किया गया है।,लेख के अनुसार भाजपा शासनकाल में विद्युत उत्पादन में उल्ले​खनीय वृद्धि हुई है।,,REF,REF,REF,False,no_flip,,,False,
1050,CA_CHAR_05_HomoglyphPerturbation,मिर्गी विश्व की सबसे आम तंत्रिका संबंधी बीमारियों में से एक है।,"विश्व स्वास्थ्य संगठन के अनुसार विश्व भर में लगभग 5 करोड़ लोग मिर्गी से पीड़ित हैं, जिससे यह सबसे आम तंत्रिका संबंधी बीमारियों में से एक बन जाती है।",मिर्गी विश्व की सबसे आम तंत्रिका संबंधी बीमारियों में से एक है​।,,SUP,SUP,SUP,False,no_flip,,,False,
1051,CA_CHAR_05_HomoglyphPerturbation,डूबने की सभी घटनाएं केवल समुद्र में होती हैं।,"डब्ल्यूएचओ डूबने की घटनाओं को विभिन्न जल-परिस्थितियों से जोड़ता है, लेकिन केवल समुद्र तक सीमित होने का दावा स्थापित नहीं करता।",डूबने की सभी​ घटनाएं केवल समुद्र में होती हैं।,,NEI,REF,REF,False,baseline_failure,,,False,
1052,CA_CHAR_05_HomoglyphPerturbation,"'धुरंधर द रिवेंज' की टीम अयोध्या के राम मंदिर नहीं पहुंची, AI तस्वीर वायरल हुई।",विश्वास न्यूज़ की स्टोरी बताती है कि ‘धुरंधर द रिवेंज’ 19 मार्च 2026 को रिलीज होने के बाद बॉक्‍स ऑफिस पर तगड़ी कमाई कर रही है। पर तारीख या आंकड़े नहीं दिए गए।,"'धु​रंधर द रिवेंज' की टीम अयोध्या के राम मंदिर नहीं पहुंची, AI तस्वीर वायरल हुई।",,NEI,NEI,NEI,False,no_flip,,,False,
1053,CA_CHAR_05_HomoglyphPerturbation,लेख के अनुसार सभी आपदा प्रभावितों ने जोशीमठ छोड़कर दूसरे शहर में बसने का निर्णय लिया।,लेख में अधिकांश प्रभावितों ने स्पष्ट कहा है कि वे जोशीमठ छोड़कर नहीं जाएंगे।,लेख के अनुसार सभी​ आपदा प्रभावितों ने जोशीमठ छोड़कर दूसरे शहर में बसने का निर्णय लिया।,,REF,REF,REF,False,no_flip,,,False,
1054,CA_CHAR_05_HomoglyphPerturbation,पीएम-आशा के तहत मूल्य समर्थन योजना और मूल्य स्थिरीकरण कोष को एकीकृत किया गया।,डीडी न्यूज हिंदी पृष्ठ में पीएम-आशा में मूल्य समर्थन योजना और मूल्य स्थिरीकरण कोष के एकीकरण का उल्लेख है।,पीएम-आशा के तहत मूल्य समर्थन योजना और मूळ्य स्थिरीकरण कोष को एकीकृत किया गया।,,SUP,SUP,SUP,False,no_flip,,,False,
1055,CA_CHAR_05_HomoglyphPerturbation,गर्भवती महिलाओं को दैनिक कैलोरी का कम से कम 45% केवल पशु-आधारित प्रोटीन से लेना चाहिए।,"गर्भवती और स्तनपान कराने वाली महिलाओं को अतिरिक्त प्रोटीन की आवश्यकता होती है, जिसे दालों, दूध, अंडे और मांस से प्राप्त किया जा सकता है।",गर्भवती महिळाओं को दैनिक कैलोरी का कम से कम 45% केवल पशु-आधारित प्रोटीन से लेना चाहिए।,,NEI,REF,REF,True,flip,5,True,False,
1056,CA_CHAR_05_HomoglyphPerturbation,एक्टर सुमीत सचदेव के गले में खाना अटक गया।,TV9 भारतवर्ष की खबर में कहा गया है कि 'क्योंकि सास भी कभी बहू थी' फेम टीवी एक्टर सुमीत सचदेव ने एक हैरान करने वाला खुलासा किया है.,एक्टर सुमी​त सचदेव के गले में खाना अटक गया।,,SUP,NEI,NEI,False,baseline_failure,,,False,
1057,CA_CHAR_05_HomoglyphPerturbation,वर्ष २०१९ का बिहार में भीड़ द्वारा एक व्यक्ति को पीटने के वीडियो को उत्तर प्रदेश का बता वायरल किया जा रहा है |,"इन दिनों सोशल मंचों पर उत्तर प्रदेश को लेकर कई दावे भ्रामक रूप से फैलाये जा रहे हैं, कई पुराने वीडियो और तस्वीरों को गलत दावों के साथ सांप्रदायिक रूप देकर उत्तर प्रदेश की वर्तमान राजनीतिक व पुलिस व्यवस्था को लेकर तंज कसा जा रहा है, वर्तमान में एक ऐसा ही वीडियो जहाँ भीड़तंत्र द्वारा एक व्यक्ति को बेरहमी से पीटा जा रहा है व पुलिस बीच बचाव कर रही है जिन्हें भीड़ द्वारा धकेल दिया जाता है , इस वीडियो को आपयहाँभी देख सकते है | वायरल पोस्ट के कैप्शन में लिखा गया है कि “ये वीडियो UP का कही का है इनलोगों ने वहशीपन की साडी हद पार कर दी है गलती किसी की हो,I don’t knowपर धरम के रक्षकModi ji & Yogi jiआप लोग अगर सत्ता में रहे तो लोह राम के नाम से डरने लगेंगे, देश विनाश में चला जायेगा आप लोगों ने जंगल राज फैला दिया है, आपकी पुलिस ने चूड़ियाँ पहले है |” (शब्दशः) आर्काइव लिंक अनुसंधान से पता चलता है कि… फैक्ट क्रेसेंडो ने शोध कर पाया है कि यह वीडियो उत्तर प्रदेश से नही बल्कि वर्ष २०१९ में बिहार के कैमूर जिले से है | इस वीडियो व इसके साथ किये गए दावों की जाँच करने हेतु हमने इस वीडियो को इन्विड टूल की मदद से छोटे कीफ्रेम्स में तोड़कर व गूगल पर रिवर्स इमेज सर्च करने से किया, जिसके परिणाम से हमें इस वीडियो में दिख रहे दृश्यों का स्क्रीनशॉटइंडिया टुडेद्वारा प्रकाशित एक न्यूज़ रिपोर्ट में नज़र आया |५ अक्टूबर २०१९को प्रकाशित इस न्यूज़ रिपोर्ट के अनुसारयह मामला बिहार के कैमूर जिलेका है | खबर के अनुसार बिहार के भभुआ में वार्ड सदस्य के बेटे ने एक युवक को गोली मार दी थी व इस युवक को अस्पताल ले जाया गया था, जहां डॉक्टर ने उसे मृतक घोषित कर दिया था| इस मामले में गोली मारने वाले युवक की स्थानीय लोगों ने जमकर पिटाई की थी, यह वीडियो उसी प्रकरण का है जहाँ गोली मारने वाले व्यक्ति को स्थानीय भीड़ द्वारा पीटा जा रहा है, भीड़ को इस व्यक्ति को पीटने के दौरान “जय श्री राम” का उद्घोष करते हुये भी सुना जा सकता है | भीड़ द्वारा पीटे जाने पर इस व्यक्ति की हालत गंभीर हो गयी थी और उन्हें कैमूर सदर हॉस्पिटल ले जाया गया था | टीवी९ हिंदीद्वारा प्रकाशित खबर के अनुसार पुलिस को आक्रोशित लोगों को शांत कराने के लिए लाठी चार्ज करना पड़ा था | इस दौरान दो पुलिसकर्मी घायल भी हुये थे| सूचना मिलते ही कैमूर एसपी दिलनवाज अहम",वर्ष २०१९ का बिहार में भीड़ द्वारा एक व्यक्ति को पीटने के वीडियो को उत्तर प्रदेश का बता वायरल किया जा रहा​ है |,,REF,SUP,SUP,False,baseline_failure,,,False,
1058,CA_CHAR_05_HomoglyphPerturbation,पाकिस्तान में हिंदू शख्स पर हमले का पुराना वीडियो तेलंगाना की घटना के रूप में फैलाया जा रहा है…,"यह वीडियो पाकिस्तान में ईशनिंदा की घटना से सम्बंधित है इसका तेलंगाना से कोई मतलब नहीं है, दावा फर्जी है। इंटरनेट पर एक बहुमंजिला बिल्डिंग पर आक्रामक भीड़ के घुसने का वीडियो तेज़ी से वायरल हो रहा है। वीडियो में दिखाई दे रहा है कि कुछ लोगों की भीड़ आक्रोशित हो आकर घर में घुसने की कोशिश कर रही है। वहीं कुछ लोग छोड़ दो कहते सुनाई दे रहे हैं। ये वीडियो शेयर करते हुए यूजर्स दावा कर रहे हैं कि वीडियो तेलंगाना का है जहां पर ‘सर तन से जुदा’ नारे लगाती हुई भीड़ हिंदुओं के घरों में जबरदस्ती घुस गई। इस पोस्ट को शेयर करते हुए कैप्शन में लिखा गया है कि…. नजाराअफगानिस्तान,पाकिस्तानकानहींतेलंगानाकादृश्यहै।जोसरतनसेजुदानारेकेसाथहिन्दुओंकेघरोंमेंजबरनघुसरहेंहैंlअपनीसुरक्षास्वयंमकरोवर्नाकश्मीरजैसेहालातहोजाएंगे,कोइनेता,मिडियातुम्हेंबचानेनहींआएगीजैसेकश्मीरमेंहिन्दुओंकोकोईबचानेनहींगया। फेसबुक पोस्ट।आर्काइव पोस्ट अनुसंधानसेपताचलताहैकि… हमने जांच की शुरुआत में वीडियो से फ्रेम लेकर गूगल लेंस से सर्च किया। परिणाम में हमें पता चला कि यह वीडियो पाकिस्तान के हैदराबाद में अगस्त 2022 में हुई एक घटना का है। हमें मिली मीडिया रिपोर्ट्स में हमें वायरल वीडियो वाले विजुअल भी दिखाई दिए। 23 अगस्त 2022 को छपीद ट्रिब्यूनकी रिपोर्ट के अनुसार, पाकिस्तान के सिंध प्रांत के हैदराबाद शहर में अशोक कुमार नाम के एक हिंदू सफाई कर्मचारी पर कुरान की ईशनिंदा करने का आरोप लगा था। भीड़ ने अशोक को घेर कर उस पर हमला करने की कोशिश की थी। तभी पुलिस ने हिंसक भीड़ से अशोक कुमार को बचाया और बाद में गिरफ्तार कर लिया। रिपोर्ट के मुताबिक कट्टरपंथी समूह तहरीक-ए-लब्बैक पाकिस्तान (टीएलपी) ने 19 अगस्त को हुई कथित ईशनिंदा की घटना को लेकर हिंदू परिवारों के आवास वाली एक इमारत के सामने 21 अगस्त को विरोध प्रदर्शन किया था। वहीं रिपोर्ट में एक पुलिस अधिकारी के हवाले से यह बताया गया था कि स्थानीय निवासी के साथ व्यक्तिगत झड़प के कारण सफाई कर्मचारी को निशाना बनाया गया था। पड़ताल करने पर हमें 22 अगस्त 2022 कोइकनॉमिक टाइम्सकी रिपोर्ट मिली। इसमें पुलिस के हवाले से बताया गया है कि एक स्थानीय निवासी के साथ आपसी झगड़े के चलते सफाई कर्मचारी को अपमानित किया गया था। कथित तौर पर कुरान के अपमान को लेकर अशोक कुमार पर ईशनिंदा का फर्जी मामला दर्ज किया गया। इस",पाकिस्तान में हिंदू शख्स पर हमले का​ पुराना वीडियो तेलंगाना की घटना के रूप में फैलाया जा रहा है…,,REF,REF,REF,False,baseline_failure,,,False,
1059,CA_CHAR_05_HomoglyphPerturbation,'जवान' से जुड़ा वायरल संवाद आधिकारिक फिल्म संवाद था।,लेख में यह नहीं बताया गया कि उक्त संवाद आधिकारिक रूप से फिल्म का हिस्सा था; केवल वायरल दावे की जांच की गई।,'जवान' से जुड़ा वायरल संवाद आधिकारिक फ़िल्म संवाद था।,,NEI,NEI,NEI,False,no_flip,,,False,
1060,CA_CHAR_05_HomoglyphPerturbation,गणपति पूजा करते शाहरुख खान का यह वीडियो दो साल पुराना है।,"विश्वास न्यूज़ ने बताया कि विश्वास न्यूज ने अपनी पड़ताल में पाया कि गणपति पूजन करते शाहरुख खान का वायरल वीडियो हालिया नहीं है, बल्कि सितंबर 2023 का है।",गणपति पूजा करते शाहरुख खान का यह वीडियो दो साल पुराना है​।,,SUP,REF,REF,False,baseline_failure,,,False,
1061,CA_CHAR_05_HomoglyphPerturbation,अनुपचारित सुनने की हानि शिक्षा को प्रभावित कर सकती है।,"डब्ल्यूएचओ के अनुसार अनुपचारित सुनने की हानि संचार, शिक्षा, रोजगार और सामाजिक भागीदारी पर प्रभाव डाल सकती है।",अनुपचारित सुनने की​ हानि शिक्षा को प्रभावित कर सकती है।,,SUP,SUP,SUP,False,no_flip,,,False,
1062,CA_CHAR_05_HomoglyphPerturbation,"जैकी श्रॉफ ने अपने नाम, आवाज और ‘भिडू’ शब्द के अनधिकृत इस्तेमाल के खिलाफ अदालत से राहत हासिल की।","द लल्लनटॉप की रिपोर्ट में दिल्ली हाई कोर्ट के आदेश का जिक्र है, जिसमें जैकी श्रॉफ के पर्सनैलिटी राइट्स की रक्षा से जुड़ी अंतरिम राहत बताई गई। लेख में उनके नाम, छवि, आवाज और लोकप्रिय संबोधन के दुरुपयोग पर रोक की बात शामिल है।","जैकी श्रॉफ ने अपने नाम, आवाज और ‘भिडू’ शब्द के अनधिकृत इस्तेमाल के खिलाफ अदालत से राहत हासिल की​।",,SUP,SUP,SUP,False,no_flip,,,False,
1063,CA_CHAR_05_HomoglyphPerturbation,एग्रीजंक्शन योजना के तहत वित्तीय वर्ष 2026-27 के लिए आवेदन प्रक्रिया शुरू की गई।,अमर उजाला की हिंदी रिपोर्ट में कृषि पढ़े युवाओं के स्वरोजगार के लिए एग्रीजंक्शन योजना के 2026-27 आवेदन शुरू होने की जानकारी है।,एग्रीजंक्शन योजना के तहत वित्तीय वर्ष 2026-27 के लिए आवेदन प्रक्रिया शुरू की ग़ई।,,SUP,SUP,SUP,False,no_flip,,,False,
1064,CA_CHAR_05_HomoglyphPerturbation,सीट बेल्ट पहनने से वाहन में बैठे लोगों की मृत्यु और गंभीर चोट का जोखिम कम होता है।,विश्व स्वास्थ्य संगठन के अनुसार सीट बेल्ट पहनने से आगे और पीछे बैठे यात्रियों में मृत्यु तथा गंभीर चोट का जोखिम कम होता है।,सीट बेल्ट पहनने से वाहन में बैठे लो​गों की मृत्यु और गंभीर चोट का जोखिम कम होता है।,,SUP,SUP,SUP,False,no_flip,,,False,
1065,CA_CHAR_05_HomoglyphPerturbation,महाराष्ट्र की पुण्यश्लोक अहिल्यादेवी होल्कर किसान कर्जमाफी योजना में दो लाख रुपये तक का ऋण माफ करने की बात कही गई।,एनडीटीवी इंडिया की हिंदी रिपोर्ट में किसान कर्जमाफी योजना के तहत दो लाख रुपये तक ऋण माफी का उल्लेख है।,महाराष्ट्र की पुण्यश्लोक अहिल्यादेवी होल्कर किसान कर्जमाफी योजना में दो लाख रुपये तक का ऋण माफ करने की​ बात कही गई।,,SUP,SUP,SUP,False,no_flip,,,False,
1066,CA_CHAR_05_HomoglyphPerturbation,दीपिका पादुकोण 'स्पिरिट' से बाहर हो गईं हैं।,"द लल्लनटॉप की रिपोर्ट के अनुसार, क्या 21 साल बाद प्रभास की फिल्म से तेलुगु सिनेमा में कमबैक करेंगी कटरीना कैफ?। खबर में यही जानकारी स्पष्ट रूप से दर्ज है।",दीपिका पादुकोण 'स्पि​रिट' से बाहर हो गईं हैं।,,SUP,NEI,NEI,False,baseline_failure,,,False,
1067,CA_CHAR_05_HomoglyphPerturbation,रयान गोस्लिंग अगले घोस्ट राइडर बनेंगे।,अमर उजाला के अनुसार केवल इतना पता है कि तीन बार ऑस्कर के लिए नॉमिनेट हो चुके रयान गोसलिंग अब मार्वल सिनेमैटिक यूनिवर्स का हिस्सा बन गए हैं। इससे आगे कोई आधिकारिक पुष्टि या आंकड़े नहीं दिए गए।,रया​न गोस्लिंग अगले घोस्ट राइडर बनेंगे।,,NEI,NEI,NEI,False,no_flip,,,False,
1068,CA_CHAR_05_HomoglyphPerturbation,मनोज मुंतशिर ने कहा कि 'आदिपुरुष' उनकी ज़िंदगी की सबसे बड़ी गलती थी।,"द लल्लनटॉप की रिपोर्ट के अनुसार, मनोज मुंतशिर को उनकी पत्नी ने 'आदिपुरुष' करने से रोका था. मगर उन्होंने घमंड में उनकी एक न सुनी। खबर में यही जानकारी स्पष्ट रूप से दर्ज है।",मनोज मुंतशिर ने कहा कि 'आदिपुरुष' उनकी ज़िंदग़ी की सबसे बड़ी गलती थी।,,SUP,NEI,NEI,False,baseline_failure,,,False,
1069,CA_CHAR_05_HomoglyphPerturbation,माइग्रेन का हर दौरा ठीक चार घंटे रहता है।,"डब्ल्यूएचओ माइग्रेन के दौरे की अवधि में भिन्नता की चर्चा करता है, लेकिन हर दौरे के लिए ठीक चार घंटे नहीं बताता।",माइग्रेन का हर दौरा​ ठीक चार घंटे रहता है।,,NEI,REF,REF,False,baseline_failure,,,False,
1070,CA_CHAR_05_HomoglyphPerturbation,लेख के अनुसार राहत अभियान में किसी हेलिकॉप्टर का उपयोग नहीं किया गया।,लेख में सेना के चार हेलिकॉप्टरों के उपयोग का स्पष्ट उल्लेख है।,लेख के अनुसार राहत अभियान में किसी हेलिकॉप्टर का उपयोग नहीं किया ग़या।,,REF,REF,REF,False,no_flip,,,False,
1071,CA_CHAR_05_HomoglyphPerturbation,"सीजेपी के संस्थापक की पिटाई का नहीं, दिल्ली में डॉग लवर्स के प्रदर्शन का है यह वायरल वीडियो।","दिल्ली पुलिस द्वारा डॉग लवर्स को हिरासत में लेने का वीडियो सीजेपी के प्रोटेस्ट से जोड़कर भ्रामक दावे से फैलाया जा रहा है। बीते कुछ दिनों पहले कॉकरोच जनता पार्टी (सीजेपी) ने ‘संसद मार्च’ का आयोजन किया था। जिससे जोड़ते हुए सोशल मीडिया पर एक वीडियो वायरल किया जा रहा है।वीडियो में कुछ पुलिसकर्मियों को दिखाया गया है जो एक शख्स को बलपूर्वक पकड़े हुए हैं और इनमें से एक पुलिसकर्मी उस शख्स को मुक्के भी मारता है। साथ ही वीडियो में एक महिला की भी आवाज है जो उस शख्स के मरने की बात कह रही है। दावा किया जा रहा है कि यह वीडियो उसी संसद मार्च के दौरान का है जहां दिल्ली पुलिस ने सीजेपी के संस्थापक अभिजीत दीपके की पिटाई कर दी। वीडियो को इस कैप्शन के साथ साझा किया जा रहा है… येबीजेपीकीतानाशाहीखुलेआमकीजारहीहैअभिजीतदीपकेकोदिल्लीपुलिसद्वारामारापीटाजारहाहैसत्ताकेनामपरबैठनेवालेगुंडेसिस्टमकोनाठीककरकरकेजनतापरअत्याचारकररहीहै फेसबुक पोस्ट।आर्काइव पोस्ट अनुसंधानसेपताचलताहैकि… हमने जांच की शुरुआत में वायरल वीडियो के कीफ्रेम निकाले और उन्हें गूगल रिवर्स इमेज की मदद से सर्च किया। परिणाम में हमेंthe hinduके आधिकारिक इंस्टाग्राम अकाउंट पर एक पोस्ट मिली। इसे 16 अगस्त 2025 को शेयर किया गया था। पोस्ट में मौजूद जानकारी के मुताबिक, यह डॉग लवर्स द्वारा किए गए प्रदर्शन की घटना है। इस पोस्ट में उस व्‍यक्ति की भी तस्वीर है जो वायरल वीडियो में नज़र आ रहा है। इससे इतना यहीं साफ़ हो जाता है कि वीडियो सीजेपी के प्रदर्शन का है ही नहीं। फिर हमें वायरल वीडियो से मेल खाता हुआ वीडियोstreetsdogsofbombayनाम के इंस्टा अकाउंट पर मिला, जिसे 16 अगस्त 2025 को अपलोड किया गया था। पता चलता है कि सुप्रीम कोर्ट ने आवारा कुत्तों को दिल्ली से हटाकर शेल्टर होम भेजने का आदेश दिया था। जिससे नाराज होकर डॉग लवर्स ने प्रदर्शन किया था। वायरल वीडियो उसी प्रदर्शन के दौरान का है। एक अन्यइंस्टाग्राम अकाउंटपर भी 16 अगस्त 2025 में ऐसा ही वीडियो शेयर किया गया है, जिसमें सीजपी के किसी प्रदर्शन का जिक्र नहीं, बल्कि डॉग लवर्स के प्रदर्शन की ही जानकारी दी गई है। हमारी पड़ताल में सामने आया कि न्यूज़ एजेंसीपीटीआईने भी इस प्रदर्शन का एक वीडियो जारी किया था। इसके साथ दी गई जानकारी के अनुसार, पुलिस ने मौके से कई प्रदर्शनकारियों को हिरासत में लिया था। पी","सीजेपी के संस्थापक की पिटाई का नहीं, दिल्ली में डॉग लवर्स के प्रदर्शन का है यह वायरल वीड़ियो।",,REF,REF,REF,False,baseline_failure,,,False,
1072,CA_CHAR_05_HomoglyphPerturbation,घरेलू मतदान प्रक्रिया की निगरानी के लिए उम्मीदवार प्रतिनिधि चुन सकते थे।,पीआईबी के अनुसार उम्मीदवारों को पात्र मतदाताओं की सूची मिलती थी और वे प्रक्रिया की निगरानी के लिए प्रतिनिधि चुन सकते थे।,घरेळू मतदान प्रक्रिया की निगरानी के लिए उम्मीदवार प्रतिनिधि चुन सकते थे।,,SUP,SUP,SUP,False,no_flip,,,False,
1073,CA_CHAR_05_HomoglyphPerturbation,"लोकसभा आम चुनाव 2024 में न्यूनतम मतदान प्रतिशत श्रीनगर, जम्मू-कश्मीर संसदीय निर्वाचन क्षेत्र में 38.68 प्रतिशत था।","निर्वाचन आयोग के एटलस में श्रीनगर, जम्मू-कश्मीर को 38.68 प्रतिशत के साथ न्यूनतम मतदान वाला संसदीय निर्वाचन क्षेत्र बताया गया है।","लोकसभा आम चुनाव 2024 में न्यू​नतम मतदान प्रतिशत श्रीनगर, जम्मू-कश्मीर संसदीय निर्वाचन क्षेत्र में 38.68 प्रतिशत था।",,SUP,SUP,SUP,False,no_flip,,,False,
1074,CA_CHAR_05_HomoglyphPerturbation,इनहेल्ड दवाएं अस्थमा के लक्षणों को नियंत्रित करने में मदद कर सकती हैं।,विश्व स्वास्थ्य संगठन के अनुसार इनहेल्ड दवाएं अस्थमा के लक्षण नियंत्रित कर सकती हैं और रोगियों को सक्रिय जीवन जीने में मदद कर सकती हैं।,इनहेल्ड दवाएं अस्थमा के लक्षणों को नियंत्रित करने मे​ं मदद कर सकती हैं।,,SUP,SUP,SUP,False,no_flip,,,False,
1075,CA_CHAR_05_HomoglyphPerturbation,वायरल वीडियो में दिखाई दे रही लड़की सुशांत सिंह राजपूत की भतीजी थी।,वेबकूफ की जांच में पाया गया कि वीडियो का सुशांत सिंह राजपूत के परिवार से कोई संबंध नहीं था।,वायरल वीडियो में दिखाई दे रही लड़की सुशांत सिंह राज़पूत की भतीजी थी।,,REF,REF,REF,False,no_flip,,,False,
1076,CA_CHAR_05_HomoglyphPerturbation,रेडियो हेलो वोटर्स का उद्देश्य निर्वाचन आयोग की वेबसाइट पर मतदाता जागरूकता कार्यक्रम को सुगम बनाना था।,पीआईबी की हिंदी विज्ञप्ति में 'रेडियो हेलो वोटर्स' को निर्वाचन आयोग की वेबसाइट पर मतदाता जागरूकता कार्यक्रम सुगम बनाने वाली सेवा बताया गया है।,रेडियो हे​लो वोटर्स का उद्देश्य निर्वाचन आयोग की वेबसाइट पर मतदाता जागरूकता कार्यक्रम को सुगम बनाना था।,,SUP,SUP,SUP,False,no_flip,,,False,
1077,CA_CHAR_05_HomoglyphPerturbation,देहरादून एसटीएफ ने 25 लाख रुपये की साइबर ठगी के मामले में मास्टरमाइंड को पश्चिम बंगाल-बांग्लादेश सीमा क्षेत्र से गिरफ्तार किया।,"एसएसपी एसटीएफ अजेय सिंह के अनुसार आरोपी जियाउर गाजी अन्य लोगों के बैंक खाते, एटीएम कार्ड और सिम कार्ड साइबर अपराधियों को उपलब्ध कराता था।",देहरादून एसटीएफ ने 25 लाख रुपये की साइबर ठगी के मामले में मास्टरमाइंड को पश्चिम बंगाल-बांग्लादे​श सीमा क्षेत्र से गिरफ्तार किया।,,SUP,NEI,NEI,False,baseline_failure,,,False,
1078,CA_CHAR_05_HomoglyphPerturbation,"इजरायल से सम्बंधित नहीं है यह वीडियो, सैन डिएगो में पुलिस से बदसलूकी का है पुराना मामला।","महिला के साथ पुलिसकर्मी की हाथापाई का वायरल वीडियो इज़राइल का नहीं है ,सैन डिएगो का है। पश्चिम एशिया में चल रहे हालिया तनाव के बीच इंटरनेट पर एक वीडियो शेयर किया जा रहा है, जो काफी हैरान कर देने वाला है। वायरल वीडियो में एक महिला को जमीन पर गिराकर जबरन काबू में लेते हुए दिखाया गया है। देखा जा सकता है कि वर्दी पहने कुछ लोग उस महिला को पकड़कर नियंत्रित करते हैं। दावा किया जा रहा है कि इस महिला ने जब अपने बेटे की इजरायली सेना में जबरन भर्ती का विरोध किया तो इजरायल डिफेंस फोर्सस के अधिकारियों ने इस महिला के साथ बुरा बर्ताव करते हुए मारपीट की। वायरल वीडियो को फेसबुक पर इस कैप्शन के साथ शेयर किया जा रहा है… इस इस्राइली महिला का बेटा जंग में नहीं जाना चाहता था। उसने इस्राइली अधिकारियों का विरोध किया तो उसके साथ उसने इस तरह का व्यवहार किया। फेसबुक पोस्ट।आर्काइव पोस्ट अनुसंधान से पता चलता है कि… हमने जांच की शुरुआत में वायरल वीडियो से की-फ्रेम्स लेकर गूगल लेंस के जरिए रिवर्स सर्च किया। परिणाम में हमें यहीं वीडियो एकइंस्टाग्राम पोस्टमें मिला। जिसे 27 मार्च 2026 को शेयर किया गया था। वीडियो के साथ दिए गए कैप्शन के अनुसार, वीडियो सैन डिएगो के लिंडा विस्टा स्केट पार्क का है जहां पर एक महिला कथित तौर पर बच्चों के साथ दुर्व्यवहार कर रही थी। जब पुलिस अधिकारियों ने हस्तक्षेप किया, तो वह आक्रामक हो गई। तभी पुलिस ने उसे जमीन पर गिराया और काबू में किया। फिर हमें यहीं वीडियो 28 मार्च 2026 कोमेक्सिकानोनाम के एक फेसबुक पेज पर पोस्ट किया हुआ मिला। इसमें बताया गया है कि पुलिस ने लिंडा विस्टा स्केटबोर्ड पार्क में नाबालिगों के साथ अनुचित व्यवहार की रिपोर्ट के बाद एक महिला को रोका, तो उसने आदेशों की अवहेलना की और आक्रामक हो गई। मिली जानकारी की मदद से आगे खोज करने पर हमें एकअमेरिकी वेबसाइटHYPEFRESHकी तरफ से वीडियो से संबंधित रिपोर्ट मिली। जिसे 27 मार्च 2026 को प्रकाशित किया गया था। इसमें वायरल वीडियो के कीफ्रेम्स को देखा जा सकता है। रिपोर्ट के अनुसार, “सैन डिएगो के लिंडा विस्टा स्केट पार्क का एक वीडियो वायरल हुआ था, जिसे किसी राहगीर ने रिकॉर्ड किया था। इसमें सैन डिएगो का एक पुलिस अधिकारी एक महिला को जमीन पर गिराकर हथकड़ी पहनाते हुए दिख रहा है। अधिकारियों ने बताया कि लिंडा विस्टा रिक्रिएशन सेंटर","इजरायल से सम्बंधित नहीं है यह वीड़ियो, सैन डिएगो में पुलिस से बदसलूकी का है पुराना मामला।",,REF,SUP,SUP,False,baseline_failure,,,False,
1079,CA_CHAR_05_HomoglyphPerturbation,सर्दी या गले में खराश होने पर भी रक्तदान सुरक्षित है।,"रक्तदान करने से पहले आपको पूरी तरह से स्वस्थ होने और ठीक महसूस करने तक इंतजार करना होगा। यदि आपको सर्दी, फ्लू या गले में खराश है तो आप रक्तदान नहीं कर सकते।",सर्दी​ या गले में खराश होने पर भी रक्तदान सुरक्षित है।,,REF,REF,REF,False,no_flip,,,False,
1080,CA_CHAR_05_HomoglyphPerturbation,"मतदान केंद्रों पर पीने का पानी, प्रतीक्षा-शेड, पानी सहित शौचालय, प्रकाश, रैंप और मानक मतदान-कक्ष जैसी न्यूनतम सुविधाओं के निर्देश दिए गए हैं।","निर्वाचन आयोग के अनुसार प्रत्येक मतदान केंद्र पर सुनिश्चित न्यूनतम सुविधाओं में पीने का पानी, प्रतीक्षा-शेड, पानी सहित शौचालय, प्रकाश, उचित ढलान वाला रैंप और मानक मतदान-कक्ष शामिल हैं।","मतदान केंद्रों पर पीने का पानी, प्रतीक्षा-शेड, पानी सहित शौचालय, प्रकाश, रैंप और मा​नक मतदान-कक्ष जैसी न्यूनतम सुविधाओं के निर्देश दिए गए हैं।",,SUP,SUP,SUP,False,no_flip,,,False,
1081,CA_CHAR_05_HomoglyphPerturbation,हिमालयी क्षेत्र की कटोरानुमा स्थलाकृति बादल फटने और अतिवृष्टि जैसी आपदाओं की संभावना बढ़ा रही है।,लेख में शोध के आधार पर हिमालयी क्षेत्र की कटोरानुमा आकृति को आपदाओं के लिए जिम्मेदार बताया गया है।,हिमा​लयी क्षेत्र की कटोरानुमा स्थलाकृति बादल फटने और अतिवृष्टि जैसी आपदाओं की संभावना बढ़ा रही है।,,SUP,SUP,SUP,False,no_flip,,,False,
1082,CA_CHAR_05_HomoglyphPerturbation,शिल्पा शिंदे को लेकर टीवी स्टार्स का विवाद हुआ।,TV9 भारतवर्ष की खबर में इतना ही है कि 'लॉकअप 2' में शिल्पा शिंदे की एंट्री से टीवी के संस्कारी स्टार्स बेनकाब हुए हैं. शेष विवरण रिपोर्ट में नहीं है।,शिल्पा शिंदे को लेकर टीवी स्टार्स का​ विवाद हुआ।,,NEI,NEI,NEI,False,no_flip,,,False,
1083,CA_CHAR_05_HomoglyphPerturbation,"पटना हाई स्कूल में गोलीबारी की खबर सरासर फर्जी है, मूवी की शूटिंग का वीडियो भ्रामक दावे से वायरल।","एक मूवी की शूटिंग का वीडियो, पटना के हाई स्कूल में गोलीबारी की असली घटना के रूप में साझा किया जा रहा है। बिहार के भोजपुर में भारत भूषण तिवारी के एनकाउंटर पर मचे बवाल ने राज्य के कानून व्यवस्था को सवालों के घेरे में ला दिया है। इसी बीच सोशल मीडिया पर एक वीडियो वायरल हो रहा है, जिसमें कई हथियारों से लैस व्यक्तियों को इधर-उधर भागते व गोलियों की आवाज़ सुनते हुए दिखाया गया है। दावा किया जा रहा है कि बिहार में कानून व्यवस्था की स्थिति बेहद ही गंभीर है। लिहाज़ा प्रदेश की राजधानी पटना के हाई स्कूल में अब सरेआम गोलियां चलाई जा रही है। इसी के साथ वीडियो में एक टेक्स्ट में “पटना हाई स्कूल” लिखा हुआ नज़र आ रहा है। साथ ही यूज़र ने वीडियो के साथ यह कैप्शन लिखा है… पटनाकेहाईस्कूलमेंचलीगो/ली,वीडियोहुआवायरल। फेसबुक पोस्ट।आर्काइव पोस्ट अनुसंधानसेपताचलताहैकि… हमने जांच की शुरुआत में वायरल वीडियो से जुड़ी कीवर्ड को गूगल सर्च करते हुए यह पता लगाया कि क्या वास्तव में ऐसी कोई घटना घटी है। परंतु हम ऐसे किसी भी परिणाम तक नहीं पहुंचे जो वायरल दावे की पुष्टि करता हो। इसलिए हमने वीडियो के कीफ्रेम निकालकर उसे गूगल लेंस से सर्च किया। परिणाम में हमेंJitendra Mohan Pintu Rajनाम के एक फेसबुक यूज़र की तरफ से 25 जून को अपलोड किया हुआ यह वीडियो मिला, जिसे शेयर करते हुइ इसे एक फिल्म की शूटिंग का बताया गया था। एकइंस्टा यूज़रने भी वायरल वीडियो को साझा किया है और उसे शूटिंग का हिस्सा बताया है। और आगे खोज करने पर हमने पाया कि एकयूट्यूब यूजरने भी इसी से मिलता हुआ एक अन्य वीडियो शेयर किया है और बताया है कि गर्दनीबाग हाई स्कूल पटना में भोजपुरी फिल्म सम्राट की शूटिंग हुई। वीडियो में दिखाई देता है कि सीन को रोकने वाले ‘कट कट’ के निर्देश के बाद कलाकारों द्वारा अभिनय को रोक दिया जाता है। ऐसे में स्पष्ट होता है कि यह एक शूटिंग का ही दृश्य है। हमें वायरल वीडियो के संदर्भ मेंपटना पुलिसकी तरफ से आधिकारिक एक्स हैंडल पर 26 जून 2026 को जारी प्रेस रिलीज मिली, जिसमें यह उल्लेख किया गया था कि पटना हाई स्कूल गर्दनीबाग का यह वीडियो कोई असली घटना नहीं, बल्कि एक फिल्म की शूटिंग का हिस्सा है। जिसकी शूटिंग के लिए पहले ही प्रशासन से जरूरी मंजूरी ले ली गई थी। #सोशल_मीडियापर वायरल किए जा रहे वीडियो/फोटो ( पटना हाई स्कूल गर्दनीबाग","पटना हाई स्कूल में गोलीबारी की खबर सरासर फर्जी है, मूवी की शूटिंग का वीडियो भ्रामक दावे से​ वायरल।",,REF,SUP,SUP,False,baseline_failure,,,False,
1084,CA_CHAR_05_HomoglyphPerturbation,"मतदाता मार्गदर्शिका में मतदान तिथि और समय, बीएलओ संपर्क, महत्वपूर्ण वेबसाइट, हेल्पलाइन और पहचान दस्तावेजों की जानकारी शामिल थी।","पीआईबी की विज्ञप्ति में मतदाता मार्गदर्शिका में मतदान तिथि/समय, बीएलओ संपर्क विवरण, वेबसाइट, हेल्पलाइन और पहचान दस्तावेजों की जानकारी शामिल होने का उल्लेख है।","मतदाता मार्गदर्शिका में मतदान तिथि और समय, बीएलओ संपर्क, महत्वपू​र्ण वेबसाइट, हेल्पलाइन और पहचान दस्तावेजों की जानकारी शामिल थी।",,SUP,SUP,SUP,False,no_flip,,,False,
1085,CA_CHAR_05_HomoglyphPerturbation,विनोद और यूनिस ने मंजू देवी को काली नदी का जलस्तर बढ़ने की सूचना दी।,लेख में दोनों व्यक्तियों द्वारा खतरे की सूचना देने का उल्लेख है।,विनोद और यूनिस ने मंजू देवी को काली नदी​ का जलस्तर बढ़ने की सूचना दी।,,SUP,NEI,NEI,False,baseline_failure,,,False,
1086,CA_CHAR_05_HomoglyphPerturbation,आजमगढ़ पुलिस ने अंतरराष्ट्रीय साइबर गिरोह के चार आरोपियों को गिरफ्तार किया।,साइबर सेल और अहरौला पुलिस की संयुक्त टीम ने चार आरोपियों को गिरफ्तार किया तथा जांच में उनके तार 448 साइबर शिकायतों से जुड़े पाए गए।,आजमगढ़ पुलिस ने​ अंतरराष्ट्रीय साइबर गिरोह के चार आरोपियों को गिरफ्तार किया।,,SUP,SUP,SUP,False,no_flip,,,False,
1087,CA_CHAR_05_HomoglyphPerturbation,एक वायरल वीडियो में दावा किया गया कि दिग्गज बॉलीवुड अभिनेता अमिताभ बच्चन का निधन हो गया है।,"न्यूजचेकर की जांच के अनुसार, वायरल वीडियो कई असंबंधित बॉलीवुड क्लिप्स को जोड़कर बनाया गया है। जांच में अमिताभ बच्चन से जुड़ी हालिया खबरों में कहीं भी निधन की पुष्टि नहीं मिली; यह दावा भ्रामक पाया गया।",एक वायरल वीडियो में दावा किया गया कि दिग्गज बॉलीवुड अभिनेता​ अमिताभ बच्चन का निधन हो गया है।,,REF,REF,REF,False,no_flip,,,False,
1088,CA_CHAR_05_HomoglyphPerturbation,"विक्रांत मेस्सी: निर्माता बने, रोमांटिक वेब सीरीज से डेब्यू।","प्रभात खबर की रिपोर्ट के अनुसार, विक्रांत मेस्सी ने 'मुसाफिर कैफे' से निर्माता के तौर पर डेब्यू किया है. जानिए क्यों चुनी रोमांटिक कहानी और निर्माता के तौर पर उनकी प्राथमिकता। खबर में यही जानकारी स्पष्ट रूप से दर्ज है।","विक्रा​ंत मेस्सी: निर्माता बने, रोमांटिक वेब सीरीज से डेब्यू।",,SUP,SUP,SUP,False,no_flip,,,False,
1089,CA_CHAR_05_HomoglyphPerturbation,"सांप के काटने पर, जहर को फैलने से रोकने के लिए काटे गए स्थान को तुरंत काटना चाहिए या जहर को मुंह से चूसकर निकालना चाहिए।","विश्व स्वास्थ्य संगठन सांप के काटने पर काटे गए स्थान पर चीरा लगाने (काटना), जहर को चूसने (चूसना) या टाइट पट्टी (कसने वाली पट्टी) बांधने से सख्त मना करता है, क्योंकि यह अधिक नुकसान पहुंचा सकता है।","सांप के काटने पर, जहर को फैलने से रोकने के लिए काटे गए स्थान को तुरंत काटना चाहिए या जहर को मुंह से​ चूसकर निकालना चाहिए।",,REF,REF,REF,False,no_flip,,,False,
1090,CA_CHAR_05_HomoglyphPerturbation,लेख में बंगापानी क्षेत्र में बिजली आपूर्ति सामान्य होने की जानकारी दी गई है।,लेख में दो दिन से बिजली गुल होने का उल्लेख है।,लेख में बंगापानी क्षेत्र में बिजली आपूर्ति सामान्य होने की जानकारी​ दी गई है।,,REF,REF,REF,False,no_flip,,,False,
1091,CA_CHAR_05_HomoglyphPerturbation,प्रधानमंत्री सुरक्षा बीमा योजना के लिए सदस्य को साल में 20 रुपये का प्रीमियम देना होता है।,एनडीटीवी इंडिया की हिंदी रिपोर्ट में प्रधानमंत्री सुरक्षा बीमा योजना के लिए सालाना 20 रुपये प्रीमियम और दो लाख रुपये तक के कवर का उल्लेख है।,प्रधानमंत्री सुरक्षा बीमा योजना के लिए सदस्य को साल में 20 रुपये का प्रीमियम दे​ना होता है।,,SUP,SUP,SUP,False,no_flip,,,False,
1092,CA_CHAR_05_HomoglyphPerturbation,असुरक्षित पानी और खराब स्वच्छता हेपेटाइटिस ए संक्रमण के जोखिम से जुड़े हैं।,विश्व स्वास्थ्य संगठन के अनुसार हेपेटाइटिस ए का जोखिम सुरक्षित पानी की कमी और खराब स्वच्छता तथा हाइजीन से जुड़ा है।,असुरक्षित पानी​ और खराब स्वच्छता हेपेटाइटिस ए संक्रमण के जोखिम से जुड़े हैं।,,SUP,SUP,SUP,False,no_flip,,,False,
1093,CA_CHAR_05_HomoglyphPerturbation,ईरान की यूनिवर्सिटी में छात्रा के विरोध का एक पुराना वीडियो हालिया बताकर भ्रामक दावे से वायरल…,"यह वीडियो ईरान में मौजूदा प्रदर्शन से सम्बंधित नहीं है। नवंबर 2024 का है वायरल यह वीडियो। इंटरनेट पर एक वीडियो वायरल हो रहा है जिसे ईरान में हो रहे सत्ता विरोधी प्रदर्शनों के बीच साझा किया जा रहा है। वीडियो में एक जगह पर एक महिला को हिजाब की जगह अलग से कपड़े पहन कर सड़क पर घूमते हुए दिखाया गया है। वहीं वीडियो में कुछ अन्य महिलाओं को हिजाब में दिखाया गया है। यह वीडियो साझा करते हुए दावा किया जा रहा है कि यह वीडियो ईरान में सत्ता विरोधी प्रदर्शनों से सम्बंधित है। वायरल वीडियो को इस कैप्शन के साथ शेयर किया जा रहा है… ईरान(पारसदेश)मेबुर्केकाहोरहाखुलेआमबहिष्कार।क्याकहेंगेआपबदलतेईरानकेइसमाहौलक़ो? फेसबुक पोस्ट।आर्काइव पोस्ट अनुसंधानसेपताचलताहैकि… हमने जांच की शुरुआत में वायरल वीडियो के कीफ्रेम को सर्च किया। परिणाम में हमेंटाइम्स ऑफ इंडियाकी वेबसाइट पर 4 नवंबर 2024 को छपी रिपोर्ट में वायरल वीडियो से एक क्लिप शेयर किया हुआ मिला। इसमें बताया गया था कि तेहरान की इस्लामिक आजाद यूनिवर्सिटी में एक छात्रा को हिजाब न पहनने की वजह से यूनिवर्सिटी की सुरक्षा टीम ने रोका था, जिसके बाद छात्रा ने विरोध में यह कदम उठाया था। लेकिन इस घटना का वीडियो सोशल मीडिया पर वायरल हो गया था। इसके बाद हमेंईरान वायर डॉट कॉमनाम की वेबसाइट पर भी इस वीडियो से जुड़ी खबर हमें मिली। 4 नवंबर 2024 की खबर के अनुसार, तेहरान की इस्लामिक आजाद यूनिवर्सिटी के साइंस एंड रिसर्च कैंपस में एक छात्रा ने कथित तौर पर सुरक्षा कर्मियों द्वारा हिजाब न पहनने पर परेशान किए जाने के बाद, विरोध में अपने कपड़े उतार दिए थें। छात्रा अंडरगारमेंट्स में कैंपस के पास दिखाई देती है। ईरान की पत्रकारमसीह अलीनेजदने इस मामले से जुड़े वीडियो को 3 नवंबर 2024 को शेयर करते हुए एक्स पर एक पोस्ट किया था। इसके अनुसार, ईरान के तेहरान स्थित साइंस एंड रिसर्च यूनिवर्सिटी में एक छात्रा ने कथित तौर पर हिजाब को लेकर नैतिकता पुलिस द्वारा परेशान किए जाने के विरोध में अपने कपड़े उतारकर कैंपस में प्रदर्शन किया। आई विटनेस के अनुसार, सुरक्षा कर्मी उसे जबरन ले जाने की कोशिश कर रहे थे, जिसके दौरान उसके कपड़े खींचे गए और गुस्से में उसने विरोध किया। In Iran, a student harassed by her university’s morality police over her “improper” hijab didn’t back down. She turned",ईरान की यूनिवर्सिटी में छात्रा के​ विरोध का एक पुराना वीडियो हालिया बताकर भ्रामक दावे से वायरल…,,REF,REF,REF,False,no_flip,,,False,
1094,CA_CHAR_05_HomoglyphPerturbation,सेंसर बोर्ड ने 'Spider-Man: Brand New Day' से 8 सेकेंड का किसिंग सीन हटाया।,"TV9 भारतवर्ष की रिपोर्ट के अनुसार, 'स्पाइडर-मैन: ब्रांड न्यू डे' रिलीज के लिए पूरी तरह से तैयार है. फिल्म का सेंसर बोर्ड सर्टिफिकेशन का प्रोसेस भी कंप्लीट हो चुका है. CBFC की तरफ से फिल्म के दृश्यों में कट लगाए गए हैं और इसी के साथ ही कुछ डायलॉग्स से अश्लील शब्दों को भी म्यूट किया गया है. चलिए जान लेते हैं इसको कौन सा ग्रेड दिया गया है। खबर में यही जानकारी स्पष्ट रूप से दर्ज है।",सेंसर बोर्ड ने 'Spider-Man: Brand New Day' से​ 8 सेकेंड का किसिंग सीन हटाया।,,SUP,NEI,NEI,False,baseline_failure,,,False,
1095,CA_CHAR_05_HomoglyphPerturbation,मिर्गी से पीड़ित अधिकांश लोगों को निम्न-आय वाले देशों में आवश्यक चिकित्सा उपचार आसानी से उपलब्ध होता है।,विश्व स्वास्थ्य संगठन के अनुसार निम्न और मध्यम आय वाले देशों में मिर्गी से पीड़ित लगभग तीन-चौथाई लोगों को आवश्यक उपचार नहीं मिल पाता (उपचार अंतराल)।,मिर्गी से पीड़ित अधिकांश लोगों को निम्न-आय वाले देशों मे​ं आवश्यक चिकित्सा उपचार आसानी से उपलब्ध होता है।,,REF,REF,REF,False,no_flip,,,False,
1096,CA_CHAR_05_HomoglyphPerturbation,"बांग्लादेश में हिंदू बच्चे से जबरन कलमा पढ़वाने का फेक सांप्रदायिक दावा वायरल, किसी और मामले से सम्बंधित है वीडियो…","वायरल वीडियो के साथ किया जा रहा है फेक सांप्रदायिक दावा, नशीले पदार्थों का सेवन और उसे रखने के आरोप में नाबालिग के साथ बांग्लादेशी पुलिस ने किया था ऐसा बर्ताव। इंटरनेट पर एक वीडियो वायरल किया जा रहा है, जिसमें दिखाई दे रहा है कि एक बच्चे को नीले रंग की वर्दी पहने कुछ पुलिसकर्मियों ने पकड़ा हुआ है और बैकग्राउंड में ला-इलाहा सुनाई दे रहा है। बच्चे के साथ पुलिस वाले बुरा बर्ताव करते हुए नज़र आते हैं। वीडियो को शेयर करते हुए यह दावा किया जा रहा है कि, यह बांग्लादेश का वीडियो है जहां पर इस हिन्दू बच्चे से जबरदस्ती कलमा पढ़वाया जा रहा है।पोस्ट इस कैप्शन के साथ शेयर हो रहा है… येजबरननहींतोऔरक्याहै?बांग्लादेशमेंएकछोटेहिंदूबच्चेसेज़बरदस्तीकलमाबुलवायाजारहाहै…पीछेसेआवाज़आरहीहै– “लाइलाहा…”औरसामनेपुलिसखड़ीहै…मौलवीकीआज्ञापरसबकुछहोरहाहै।मासूमबच्चा,डरसेकांपताहुआ…औरउसकेमुंहसेनिकालेजारहेवोशब्द,जोउसकेदिलकेनहींहैं।येकौनसामजहबहैजहाँबच्चाभीनहींबख्शाजाता?क्यायहीइंसानियतहै? फेसबुक पोस्ट।आर्काइव पोस्ट अनुसंधानसेपताचलताहैकि… हमने जांच की शुरुआत में वायरल वीडियो के की-फ्रेम्स को लेकर और उन्हें गूगल लेंस के जरिये सर्च किया। परिणाम में हमें यह वीडियो बांग्लादेश केएएनटी न्यूज टीवीके फेसबुक पेज पर 18 जुलाई 2025 को अपलोड किया हुआ मिला। वीडियो के साथ दी गई जानकारी के अनुसार, यह बांग्लादेश की चपई नवाबगंज का वीडियो है जहां पर पुलिस ने एक बच्चे पर बलप्रयोग किया था। हमें 18 जुलाई 2025 को एकबांग्लादेशी न्यूजआउटलेट की वेबसाइट पर उक्त घटना के विषय में एक रिपोर्ट मिली। इस रिपोर्ट में वायरल वीडियो से जुड़े दृश्य मौजूद थे। जबकि खबर में बताया गया है कि चपाईनवाबगंज सदर पुलिस स्टेशन के ओसी मतीउर रहमान एक बच्चे का हाथ पकड़ा हुआ था। इसके अलावा अन्य अधिकारी बच्चे के बाल खींच रहे थें। वीडियो वायरल होने के बाद सदर पुलिस स्टेशन के ओसी मतीउर रहमान के हवाले से जानकारी दी गई कि यह 6 जुलाई 2025 की घटना है जब नेशनल सिटिजन पार्टी (एनसीपी) की पदयात्रा के दौरान बच्चे को नशीली दवा रखते हुए पकड़ा गया था। वह एनसीपी नेताओं के पास जाने की कोशिश कर रहा था, इसलिए उन्होंने बच्चे को हटा दिया था। एकअन्य बांग्लादेशी न्यूजआउटलेट की तरफ से इस घटना पर यहीं रिपोर्ट छापी गई है कि,चपाईनवाबगंज इलाके में नेशनल सिटिजन पार्टी (एनसीपी) नेताओं क","बांग्लादेश में हिंदू बच्चे​ से जबरन कलमा पढ़वाने का फेक सांप्रदायिक दावा वायरल, किसी और मामले से सम्बंधित है वीडियो…",,REF,REF,REF,False,no_flip,,,False,
1097,CA_CHAR_05_HomoglyphPerturbation,सबसे अधिक राहत राशि हिमाचल प्रदेश को दी गई।,"लेख के अनुसार सबसे अधिक 588.73 करोड़ रुपये बिहार को मिले, हिमाचल प्रदेश को नहीं।",सबसे अधिक राहत रा​शि हिमाचल प्रदेश को दी गई।,,REF,REF,REF,False,no_flip,,,False,
1098,CA_CHAR_05_HomoglyphPerturbation,"सरकार की महाक्विज 12 भाषाओं में उपलब्ध कराई गई थी और प्रत्येक क्विज के 1,000 विजेताओं के लिए 2,000 रुपये का पुरस्कार था।","आधिकारिक विज्ञप्ति में महाक्विज की 12 भाषाओं में उपलब्धता तथा प्रत्येक क्विज के 1,000 विजेताओं के लिए 2,000 रुपये पुरस्कार का उल्लेख है।","सरकार की महाक्विज 12 भाषाओं में उपळब्ध कराई गई थी और प्रत्येक क्विज के 1,000 विजेताओं के लिए 2,000 रुपये का पुरस्कार था।",,SUP,SUP,SUP,False,no_flip,,,False,
1099,CA_CHAR_05_HomoglyphPerturbation,ZEE5 ने सात भाषाओं में नए कंटेंट का ऐलान किया।,"प्रभात खबर की रिपोर्ट में सिर्फ इतना बताया गया कि ZEE5 ने हिंदी, तमिल, तेलुगु और 4 अन्य भाषाओं में नई वेब सीरीज, फिल्में और स्पोर्ट्स का ऐलान किया है. तारीख या आंकड़ों का उल्लेख नहीं है।",ZEE5 ने सा​त भाषाओं में नए कंटेंट का ऐलान किया।,,NEI,NEI,NEI,False,baseline_failure,,,False,
1100,CA_CHAR_05_HomoglyphPerturbation,प्रधानमंत्री सुरक्षा बीमा योजना में आकस्मिक मृत्यु या पूर्ण विकलांगता के लिए 2 लाख रुपये का जोखिम कवर है।,पीआईबी की हिंदी विज्ञप्ति में पीएमएसबीवाई के अंतर्गत आकस्मिक मृत्यु या पूर्ण विकलांगता के लिए 2 लाख रुपये कवर का उल्लेख है।,प्रधानमंत्री सुरक्षा बीमा योजना में आकस्मिक मृत्यु या पूर्ण विकलांगता के लिए 2 लाख रुपये का जोखि​म कवर है।,,SUP,SUP,SUP,False,no_flip,,,False,
1101,CA_CHAR_05_HomoglyphPerturbation,'लॉकअप 2' में राम कपूर ने हर्षद चोपड़ा और शिवांगी जोशी के रिश्ते पर हिंट दिया।,"अमर उजाला के मुताबिक इतना ही पता चलता है कि शो ‘लॉकअप 2’ में सिर्फ झगड़े या खुलासे ही नहीं होते हैं, इस शो में प्यार को लेकर भी बातें सुनने को मिल रही हैं। आगे कोई पुख्ता जानकारी नहीं मिलती।",'लॉकअप 2' में राम कपूर ने हर्षद चोपड़ा और शिवांगी जोशी के रिश्ते पर हि​ंट दिया।,,NEI,NEI,NEI,False,no_flip,,,False,
1102,CA_CHAR_05_HomoglyphPerturbation,अटल पेंशन योजना 18 से 40 वर्ष की आयु वाले बचत बैंक या डाकघर बचत बैंक खाता धारक भारतीय नागरिकों के लिए खुली है।,सरकारी पृष्ठ में एपीवाई को 18-40 वर्ष के ऐसे भारतीय नागरिकों के लिए खुला बताया गया है जिनके पास बचत बैंक या डाकघर बचत बैंक खाता है।,अटल पेंशन योजना 18 से 40 वर्ष की आयु वाले बचत बैंक या डाकघर बचत बैंक खाता धारक भारतीय नागरिकों के लिए ख़ुली है।,,SUP,SUP,SUP,False,no_flip,,,False,
1103,CA_CHAR_05_HomoglyphPerturbation,सनी देओल का छह साल पुराना संसद का वीडियो वायरल हो रहा है।,विश्वास न्यूज़ की रिपोर्ट में दर्ज है कि सनी देओल ने 18 जून 2019 को संसद में गुरदासपुर के सांसद के तौर पर शपथ ली थी।,सनी देओळ का छह साल पुराना संसद का वीडियो वायरल हो रहा है।,,SUP,NEI,NEI,False,baseline_failure,,,False,
1104,CA_CHAR_05_HomoglyphPerturbation,विमान फुटबॉल मैदान पर उतरने की कोशिश के दौरान एक व्यावसायिक इमारत की लोहे की छत से टकरा गया।,लेख में दुर्घटना के दौरान विमान के लोहे की छत से टकराने का उल्लेख है।,विमान फुटबॉल मैदा​न पर उतरने की कोशिश के दौरान एक व्यावसायिक इमारत की लोहे की छत से टकरा गया।,,SUP,SUP,SUP,False,baseline_failure,,,False,
1105,CA_CHAR_05_HomoglyphPerturbation,"विटामिन बी-12 प्राकृतिक रूप से केवल पशुओं से प्राप्त उत्पादों जैसे मांस, मछली, दूध, पनीर और अंडे में पाया जाता है; यह फलों या सब्जियों जैसे पौधों वाले खाद्य पदार्थों में प्राकृतिक रूप से नहीं पाया जाता।","एनएचएस (एनएचएस) के अनुसार, विटामिन बी-12 प्राकृतिक रूप से केवल पशुओं से प्राप्त उत्पादों (जैसे मांस, मछली, दूध, पनीर और अंडे) में पाया जाता है; यह फलों या सब्जियों जैसे पौधों वाले खाद्य पदार्थों में प्राकृतिक रूप से नहीं पाया जाता।","विटामिन बी-12 प्राकृतिक रूप से केवल पशुओं से प्राप्त उत्पादो​ं जैसे मांस, मछली, दूध, पनीर और अंडे में पाया जाता है; यह फलों या सब्जियों जैसे पौधों वाले खाद्य पदार्थों में प्राकृतिक रूप से नहीं पाया जाता।",,SUP,SUP,SUP,False,no_flip,,,False,
1106,CA_CHAR_05_HomoglyphPerturbation,बांग्लादेश में मुस्लिम महिलाओं के बाल काटने का वीडियो हिंदू प्रताड़ना के झूठे दावे से वायरल।,"बांग्लादेश में महिलाओं के बाल काटने की घटना का यह वायरल वीडियो, हिंदू-मुस्लिम एंगल से नहीं जुड़ा है। बांग्लादेश में हिंदू महिलाओं के साथ अत्याचार से जोड़ते हुए सोशल मीडिया पर एक वीडियो वायरल हुआ जो काफी हैरान कर देने वाला है। वीडियो में एक मुस्लिम इमाम एक महिला को जंजीरों से बांधकर उसके बाल जबरन काटते हुए दिख रहा है। यह वीडियो इस दावे के साथ साझा किया जा रहा है कि बांग्लादेश की महिलाओं के साथ क्रूर अत्याचार करते हुए जबरन उनके सिर को मुंडवाया जा रहा है। हमें वायरल वीडियोइंस्टाग्रामपरव्यापक रूपसे इस कैप्शन के साथ साझा किया हुआ मिला है…. बांग्लादेशमेंहिंदूमहिलाकेसाथक्रूरअत्याचार!इमामनेजंजीरोंमेंबांधकरकाटदिएबालबांग्लादेशमेंएकबारफिरहिंदूअल्पसंख्यकसमुदायपरजुल्मकीताजाघटनासामनेआईहै।एकचौंकानेवालेवीडियोमेंदेखागयाकिएकइमामनेग्रामीणइलाकेमेंएकहिंदूमहिलाकोजंजीरोंसेबांधकरउसकेबालजबरनकाटदिए।महिलारो–रोकरबेबसीजतारहीथी,उसकेहाथपीछेबंधेथेऔरआसपासभीड़जमाथी।यहअमानवीयघटनासोशलमीडियापरतेजीसेवायरलहोरहीहै।वीडियोमेंमहिलादर्दऔरअपमानसेतड़पतीनजरआरहीहै,जबकिइमामबिनाकिसीरुकावटकेकैंचीचलातारहा।हिंदूसंगठनोंकाआरोपहैकियहघटनाइस्लामीकट्टरपंथियोंद्वारागैर–मुस्लिममहिलाओंकोसबकसिखानेकाहिस्साहै।बांग्लादेशमेंहाल इंस्टाग्राम पोस्ट।आर्काइव पोस्ट ऐसे ही समान दावे के साथ हमें यह वीडियोफेसबुकपर भी प्राप्त हुआ है। फेसबुक पोस्ट।आर्काइव पोस्ट अनुसंधानसेपताचलताहैकि… हमने जांच की शुरुआत में वायरल वीडियो से फ्रेम लेकर उसे गूगल रिवर्स इमेज सर्च किया। परिणाम में हमें 2 मार्च को एकबांग्लादेशी न्यूज आउटलेटके फेसबुक अकाउंट से यही वीडियो अपलोड किया हुआ मिला वीडियो के साथ लिखे कैप्शन के अनुसार, यह बांग्लादेश के रूपगंज की घटना है, जब चोरी के चलते 3 महिलाओं के बाल पेड़ से बांधे गए थें। फिर हमें मार्च 2026 में प्रकाशित कुछबांग्लादेशी मीडियाके हवाले सेरिपोर्टमिलीं जिनमें वायरल वीडियो वाले वही दृश्य दिख रहे थें। इन रिपोर्टों के अनुसार, नारायणगंज केरूपगंजके दहारगाँव इलाके में स्थानीय लोगों ने तीन महिलाओं को सलीम मियां के घर से सोने की चेन चुराने की कोशिश करते हुए पकड़ा। महिलाओं की पहचान कुमिला की सुमैय्या अख्तर, खुलना की इति अख्तर और बलियापारा की शर्मिन के रूप में हुई। कथित चोरी के प्रयास के बाद, स्थानीय लोगों ने महिलाओं को रस्सियों से ब",बांग्लादेश में मुस्लिम महिलाओं के बाल काटने का वीडियो हिंदू प्रताड़ना के झूठे दावे से वायरळ।,,REF,REF,REF,False,no_flip,,,False,
1107,CA_CHAR_05_HomoglyphPerturbation,"लोकसभा चुनाव 2024 के दौरान cVIGIL केवल राजनीतिक दलों के लिए उपलब्ध था, नागरिकों के लिए नहीं।",पीआईबी की विज्ञप्ति cVIGIL को नागरिकों को चुनावी कदाचार चिह्नित करने में सक्षम बनाने वाला उपकरण बताती है।,"लोकसभा चुनाव 2024 के दौरान cVIGIL केवल राजनीतिक दलों के लिए उपलब्ध था, नागरिकों के लिए नही​ं।",,REF,REF,REF,False,no_flip,,,False,
1108,CA_CHAR_05_HomoglyphPerturbation,पूरक स्वास्थ्य उपाय फ्लू की अवधि कम करने में सिद्ध रूप से प्रभावी हैं।,एनसीसीआईएच के अनुसार किसी पूरक स्वास्थ्य उपाय को फ्लू के लिए सहायक सिद्ध नहीं किया गया है।,पूरक स्वास्थ्य उपाय फ्लू की अवधि कम करने में सिद्ध रू​प से प्रभावी हैं।,,REF,REF,REF,False,no_flip,,,False,
1109,CA_CHAR_05_HomoglyphPerturbation,रजनीकांत ने लोकसभा चुनाव लड़ने के लिए नई राजनीतिक पार्टी रजिस्टर करवा ली है।,BOOM Hindi की जांच में पाया गया कि रजनीकांत के चुनाव लड़ने और नई पार्टी बनाने का वायरल दावा पुराने बयानों और अटकलों पर आधारित था। अभिनेता ने पहले ही सक्रिय चुनावी राजनीति में न आने की बात कही थी और हालिया पार्टी रजिस्ट्रेशन का कोई रिकॉर्ड नहीं मिला।,रजनीकांत ने लोकसभा चुनाव लड़ने के लिए नई राजनी​तिक पार्टी रजिस्टर करवा ली है।,,REF,REF,REF,False,no_flip,,,False,
1110,CA_CHAR_05_HomoglyphPerturbation,'द इंडिया स्टोरी' ने 2 दिनों में 50 लाख रुपये से कम कमाई की।,TV9 भारतवर्ष ने केवल इतना बताया कि 'द इंडिया स्टोरी: स्लो पोइजन इन प्रोग्रेस' का बॉक्स ऑफिस पर हाल बेहद बेहाल नज़र आ रहा है. बाकी विवरण अनुपलब्ध है।,'द इंडिया स्टोरी' ने 2 दिनो​ं में 50 लाख रुपये से कम कमाई की।,,NEI,NEI,NEI,False,no_flip,,,False,
1111,CA_CHAR_05_HomoglyphPerturbation,यूपी में बुर्का पहने पकड़े गए रेप के आरोपी का मुस्लिम होने का दावा गलत है…,"राजस्थान पुलिस ने हाल ही में उत्तर प्रदेश के वृंदावन से बुर्का पहने दुष्कर्म आरोपी को गिरफ्तार किया था। इस मामले से जोड़कर सोशल मीडिया पर एक वीडियो वायरल हो रहा है। इसमें पुलिस की गिरफ्त में बुर्का पहने एक व्यक्ति को देखा जा सकता है। वीडियो के साथ दावा किया जा रहा है कि उत्तर प्रदेश के वृंदावन में बुर्का पहने पकड़े गए रेप के आरोपी शख्स मुस्लिम है। वायरल वीडियो के साथ यूजर ने लिखा है- हिजाब उतरते ही मुस्लिम आरोपी पकड़ा गया ,वृंदावन में बुर्का पहने हुए रेप का आरोपी गिरफ्तार ,इनामी बदमाश ने राजस्थान के धौलपुर में नाबालिग लड़की का नौकरी दिलाने के बहाने किया था रेप, हिंदुओं आप मानते बुर्के की आड़ में घटिया काम हो रहे .? फेसबुक।आर्काइव अनुसंधान से पता चलता है कि… पड़ताल की शुरुआत में हमने वायरल वीडियो के तस्वीरों का रिवर्स इमेज सर्च किया। परिणाम में वायरल वीडियो की खबर हमेंआजतककी 31 दिसंबर 2025 की रिपोर्ट मिली। प्रकाशित खबर के मुताबिक, राजस्थान पुलिस ने रेप के आरोपी राजेंद्र सिसोदिया को उत्तर प्रदेश के मथुरा जिले के वृंदावन से गिरफ्तार किया था। आरोपी अपनी पहचान छिपाने के लिए मुस्लिम महिला के रूप में बुर्का पहनकर रह रहा था। खबर के अनुसार शख्स ने राजस्थान के धौलपुर में नौकरी का लालच देकर 16 वर्षीय नाबालिग लड़की के साथ दुष्कर्म करने का आरोप है। टाइम्स नाउने 30 दिसंबर को एक्स हैंडल से वायरल वीडियो को पोस्ट किया है। इसके साथ में जानकारी दी गई है कि पुलिस ने बुर्का पहनकर वृंदावन में रह रहे इनामी बदमाश को गिरफ्तार किया है। आरोप है कि उसने राजस्थान के धौलपुर में नाबालिग लड़की का नौकरी दिलाने के बहाने रेप किया था। #NewsAlert: बुर्का पहनकर वृंदावन में रह रहे इनामी बदमाश को पुलिस ने दबोचा◆ इनामी बदमाश ने राजस्थान के धौलपुर में नाबालिग लड़की का नौकरी दिलाने के बहाने किया था रेप#Rajasthan#Dholpur#Vrindavan#Burqapic.twitter.com/Y4FpzdHGes पड़ताल में हमेंदैनिक भास्करकी रिपोर्ट मिली। खबर में धौलपुर एसपी विकास सांगवान के हवाले से बताया गया कि राजेंद्र सिसोदिया एक शातिर अपराधी है। वह आरएसी बटालियन में तैनात था ।लेकिन पॉक्सो, अपहरण और मारपीट जैसी वारदातों के कारण उसे पहले ही बर्खास्त किया जा चुका था। आरोपी पुलिस इंस्पेक्टर, डिप्टी एसपी और पुलिस का अधिकारी बनकर नाबालिग लड़कियों को नौकरी का",यू​पी में बुर्का पहने पकड़े गए रेप के आरोपी का मुस्लिम होने का दावा गलत है…,,REF,REF,REF,False,no_flip,,,False,
1112,CA_CHAR_05_HomoglyphPerturbation,दृष्टिबाधित मतदाताओं के लिए ब्रेल लिपि में सुगम मतदाता सूचना पर्चियां जारी करने के निर्देश हैं।,पीआईबी की हिंदी विज्ञप्ति में दृष्टिबाधित व्यक्तियों के लिए ब्रेल लिपि में सुगम मतदाता सूचना पर्चियां जारी करने का निर्देश दिया गया है।,दृष्टिबाधित मतदाताओं के लिए ब्रेल लिपि में सुगम मतदाता सूचना​ पर्चियां जारी करने के निर्देश हैं।,,SUP,SUP,SUP,False,no_flip,,,False,
1113,CA_CHAR_05_HomoglyphPerturbation,शाहरुख खान के सार्वजनिक वॉश बेसिन में वजू करने का वायरल वीडियो फिल्म की क्लिप है।,विश्वास न्यूज़ ने पुष्टि की कि सोशल मीडिया के अलग-अलग प्लेटफार्म पर बॉलीवुड अभिनेता शाह रुख खान की एक क्लिप शेयर की जा रही है।,शाहरुख ख़ान के सार्वजनिक वॉश बेसिन में वजू करने का वायरल वीडियो फिल्म की क्लिप है।,,SUP,NEI,NEI,False,baseline_failure,,,False,
1114,CA_CHAR_05_HomoglyphPerturbation,जोधपुर के वीडियो को तमिलनाडु में हिंदी भाषियों पर हमले के नाम से फैलाया जा रहा है|,"वायरल वीडियो तमिलनाडु से नहीं बल्कि जोधपुर से है जहाँ आपसी रंजिश के चलते एक वकील की हत्या हुई थी| तमिलनाडु में बिहारी मजदूरों के साथ बर्बरता की जा रही है,ख़बरोंके मुताबिक वहां कई सारे मजदूरों के साथ मारपीट और उनकी हत्या की जा रही है। इसी बीच सोशल मीडिया पर दिल दहला देने वाली एक वीडियो काफी तेजी से वायरल हो रहा है। इस वीडियो में हम दो व्यक्तियों को एक आदमी पर पहले चाकू से हमला करते हुए देख सकते है जिसके बाद उनके सिर को कुचलकर मारते हुए दिखाया गया है। इस वीडियो के साथ दावा किया जा रहा है कि ये मामला तमिलनाडु से है जहाँ हिंदी भाषा में बात करने के कारण इस व्यक्ति की दिनदहाड़े हत्या कर दी गयी सोशल मीडिया पर वायरल पोस्ट के कैप्शन में लिखा गया है कि “तमिलनाडु में हिंदी भाषियों पर लगातार हो रहे कातिलाना हमले, लगातार होते खुरेजी पर मौन तमाम हिंदी बेल्ट की सरकारे व केंद्र सरकार।” ट्विटर लिंक।आर्काइव लिंक अनुसंधान से पता चलता है कि…. जाँच की शुरुवात हमने वायरल वीडियो को छोटे फ्रेम में तोड़कर गूगल पर रिवर्स इमेज सर्च करने से की, जिसके परिणाम से हमें 21 फरवरी 2023 कोदैनिक भास्करद्वारा प्रकाशित खबर मिली। इस रिपोर्ट के अनुसार वीडियो में दिख रहा मामला राजस्थान के जोधपुर से है जहाँ दिनदहाड़े एक सीनियर वकील की हत्या कर दी गयी थी। जोधपुर कमिश्नरेट पूर्व के एडीसीपी नाजिम अली ने बताया कि माता के थान मुख्य रोड पर अनिल चौहान व मुकेश चौहान ने वकील जुगराज चौहान (55) की चाकू मार कर हत्या की है। ये हत्या आरोपी और पीड़ित के बीच आपसी रंजिश के चलते हुई। क्या था मामला इस हत्या के पीछे? पीड़ित जुगराज के बेटे की तीन वर्ष पहले एक्सीडेंट में मौत हो गई थी। उसमें अनिल और मुकेश चौहान नामजद थे। बताया जा रहा है कि किसी ज़मीन को लेकर भी विवाद था। इन दोनों बातों से रंजिश पाल कर आरोपियों ने वकील की हत्या कर दी। वकील अपने बेटे की मौत को लेकर कानूनी लड़ाई लड़ रहा था। टाइम्स ऑफ़ इंडियाके रिपोर्ट के अनुसार जोधपुर में अधिवक्ताओं की सुरक्षा के लिए कानून बनाने और अधिवक्ता जुगराज चौहान के परिवार को मुआवजा देने की मांग को लेकर वकीलों ने अदालतों का अनिश्चितकालीन बहिष्कार करने की घोषणा की है। आगे हमें इस मामले के संबंधित डीसीपी ईस्ट जोधपुर का एक ट्वीट मिला जिसमे लिखा गया है कि “पुलिस थाना माता का थान में प्रकरण दर्ज कर",जोधपुर के वीडियो को तमिलनाडु मे​ं हिंदी भाषियों पर हमले के नाम से फैलाया जा रहा है|,,REF,REF,REF,False,baseline_failure,,,False,
1115,CA_CHAR_05_HomoglyphPerturbation,कर्णाटक के असंबंधित वीडियो को तमिलनाडु में घायल बिहारी मजदूर के नाम से किया गया वायरल।,"इस वीडियो का तमिलनाडु के बारे में चल रहे कथित हमलों से कोई संबंध नहीं है। ये वीडियो कर्णाटक में हुए एक हत्याकांड का है। तमिलनाडु में बिहारी मजदूरों पर अत्याचारों कीख़बरोंके बीच सोशल मीडिया पर तरह तरह के असंबंधित वीडियो शेयर किए जा रहे हैं। इसी के चलते सोशल मीडिया पर एक वीडियो वायरल हो रहा है जिसमें हम एक लड़के को खून से लथपथ होकर तड़पते हुए देख सकते है। इस वीडियो के साथ दावा किया जा रहा है कि वीडियो में हम तमिलनाडु में एक बिहारी मजदूर की हत्या होते हुए देख सकते है। वायरल वीडियो के कैप्शन में लिखा गया है कि “तमिलनाडु मैं बिहारियों को आए दिन मारा जा रहा हैं लेकिन बिहार की सत्ताधारी नितीश कुमार की सरकार हाथ पर हाथ रखकर बैठी है! यूपी में का बा सीजन 2 गानेवाली नेहा फोल्क सिंगर अब तमिलनाडु में हो रहे हरकत पर मुंह मैं दही जमा बैठी हैं।” ट्वीट लिंक।आर्काइव लिंक अनुसंधान से पता चलता है कि… इस वीडियो में हम बैकग्राउंड में लोगों को कन्नड़ भाषा में बात करते हुए सुन सकते है। हमने कर्णाटक के लोकल पत्रकार से संपर्क कर ये पता किया कि वायरल वीडियो कहा से है, हमें पता चला की वायरल वीडियो डोड्डाबेलवांगला में हुए छात्रों की हत्या की है। इस जानकारी को ध्यान में रखते हुए हमने संबंधित कीवर्ड सर्च किया जिसके परिणाम से हमें कईमीडिया रिपोर्टमिले जिन्होंने इस हत्याकांड को कवर किया था। रिपोर्ट के अनुसार, 18 फरवरी को बेंगलुरू से 54 किलोमीटर उत्तर- पश्चिम में डोड्डाबेलवांगला में एक खेल टूर्नामेंट में एक इंजीनियरिंग ग्रेजुएट और एक पीयूसी छात्र की हत्या कर दी गई थी। डोड्डाबेलवांगला के भरत कुमार (23) और प्रतीक (17) पर कर्नाटक पब्लिक स्कूल के मैदान में चार सदस्यीय गिरोह ने हमला किया था। प्रतीक को एक खंजर से वार किया गया था जो उसके निजी अंगों में फंसा रहा, जबकि कुमार को पेट के निचले हिस्से में चाकू मारा गया था। पुलिस ने हत्यारों को पकड़ने के लिए एक विशेष टीम का गठन किया है। हमलावार एक कार में मैदान तक गए और मैदान के अंदर पार्क करने की कोशिश की लेकिन खिलाड़ियों और आयोजकों ने आपत्ति जताई। इसके बाद कहासुनी हुई और भीड़ ने कार के शीशे तोड़ दिए। वे थाने गए, लेकिन शिकायत नहीं की। टूर्नामेंट में भाग लेने वालों द्वारा उनके वाहन को फिर से रोका गया और तोड़फोड़ की गई। जबकि चारों भाग निकले, कुमार और प्रतीक आयोजको",कर्णाटक के असंबंधि​त वीडियो को तमिलनाडु में घायल बिहारी मजदूर के नाम से किया गया वायरल।,,REF,REF,REF,False,baseline_failure,,,False,
1116,CA_CHAR_05_HomoglyphPerturbation,पीएमएवाई-शहरी 2.0 का लक्ष्य 2028-29 तक एक करोड़ अतिरिक्त पात्र शहरी लाभार्थियों को सहायता देना है।,पीआईबी की हिंदी विज्ञप्ति में सितंबर 2024 में शुरू पीएमएवाई-यू 2.0 का लक्ष्य 2028-29 तक एक करोड़ अतिरिक्त पात्र शहरी लाभार्थियों को सहायता देना बताया गया है।,पीएमएवाई-शहरी 2.0 का लक्ष्य 2028-29 तक एक करोड़़ अतिरिक्त पात्र शहरी लाभार्थियों को सहायता देना है।,,SUP,SUP,SUP,False,no_flip,,,False,
1117,CA_CHAR_05_HomoglyphPerturbation,चुनौती वोट के लिए लोक प्रतिनिधित्व अधिनियम के अंतर्गत धारा 49A लागू होती है।,निर्वाचन आयोग के अनुसार धारा 49A चुनौती वोट से संबंधित नहीं है; मतदाता की पहचान को चुनौती देने की प्रक्रिया अलग नियम के अंतर्गत है।,चुनौती वोट के लिए लोक प्रतिनिधित्व अधिनियम के अंतर्गत धारा 49A लागू होती है​।,,REF,REF,REF,False,no_flip,,,False,
1118,CA_CHAR_05_HomoglyphPerturbation,"दूसरे ही दिन बॉक्स ऑफिस पर ढेर हुई काजल अग्रवाल-श्रेयस तलपड़े की फिल्म, 50 लाख भी नहीं कमा पाई।",प्रभात खबर की स्टोरी में लिखा है: काजल अग्रवाल की 'द इंडिया स्टोरी' बॉक्स ऑफिस पर संघर्ष कर रही है.,"दूसरे ही दिन बॉक्स ऑफिस पर ढेर हुई काजल अग्रवा​ल-श्रेयस तलपड़े की फिल्म, 50 लाख भी नहीं कमा पाई।",,SUP,NEI,NEI,False,baseline_failure,,,False,
1119,CA_CHAR_05_HomoglyphPerturbation,आधिकारिक सांख्यिकी तक आसान पहुंच के लिए ई-सांख्यिकी में एमसीपी और सिमैंटिक सर्च को एकीकृत किया गया है।,एआई-आधारित डेटा इकोसिस्टम विज्ञप्ति में ई-सांख्यिकी के साथ एमसीपी और सिमैंटिक सर्च एकीकरण का उल्लेख है।,आधिकारिक सा​ंख्यिकी तक आसान पहुंच के लिए ई-सांख्यिकी में एमसीपी और सिमैंटिक सर्च को एकीकृत किया गया है।,,SUP,SUP,SUP,False,no_flip,,,False,
