row_id,attack_id,language,original_claim,original_evidence,adversarial_claim,adversarial_evidence,gold_label,target_label,edit_granularity,technique_params,validity_flags,skip_reason
0,CA_WORD_03_Jumbling,hi,रक्तचाप घटाने का एकमात्र प्रभावी तरीका दवा लेना है।,डब्ल्यूएचओ नमक सेवन कम करने को रक्तचाप कम करने के उपाय के रूप में बताता है।,एकमात्र तरीका घटाने है। का प्रभावी लेना दवा रक्तचाप,,REF,same_as_gold,word,"{""shuffle_type"": ""uniform_random"", ""word_order_preserved"": false}","{""fluency_checked"": false, ""label_consistent"": true, ""meaning_preserved"": false}",
1,CA_WORD_03_Jumbling,hi,भारतीय नौसेना ने सुरंग के भीतर बचाव कार्य के लिए विशेष पनडुब्बी तैनात की थी।,लेख में भारतीय नौसेना या किसी पनडुब्बी की तैनाती का उल्लेख नहीं है।,नौसेना भारतीय कार्य सुरंग थी। के विशेष पनडुब्बी की लिए भीतर तैनात के ने बचाव,,NEI,same_as_gold,word,"{""shuffle_type"": ""uniform_random"", ""word_order_preserved"": false}","{""fluency_checked"": false, ""label_consistent"": true, ""meaning_preserved"": false}",
2,CA_WORD_03_Jumbling,hi,17 जून 2026 तक अरुणाचल प्रदेश में जल जीवन मिशन के अंतर्गत ग्रामीण नल जल कवरेज 100 प्रतिशत था।,पीआईबी हिंदी विज्ञप्ति की पूर्वोत्तर राज्यों की तालिका में 17 जून 2026 तक अरुणाचल प्रदेश के लिए जल जीवन मिशन कवरेज 100 प्रतिशत दिया गया है।,प्रतिशत ग्रामीण में मिशन अरुणाचल जल था। कवरेज नल अंतर्गत जल 17 प्रदेश के जून 100 2026 जीवन तक,,SUP,same_as_gold,word,"{""shuffle_type"": ""uniform_random"", ""word_order_preserved"": false}","{""fluency_checked"": false, ""label_consistent"": true, ""meaning_preserved"": false}",
3,CA_WORD_03_Jumbling,hi,मुख्य मोटर मार्ग लगभग 16 घंटे तक बंद रहा।,लेख में लगभग 16 घंटे तक यातायात ठप रहने की बात कही गई है।,मोटर तक लगभग मुख्य 16 मार्ग बंद रहा। घंटे,,SUP,same_as_gold,word,"{""shuffle_type"": ""uniform_random"", ""word_order_preserved"": false}","{""fluency_checked"": false, ""label_consistent"": true, ""meaning_preserved"": false}",
4,CA_WORD_03_Jumbling,hi,उत्तराखंड सरकार ने कौंज गांव के सभी परिवारों के तत्काल स्थायी पुनर्वास के लिए नई आवास योजना की घोषणा की।,लेख में ऐसी किसी नई पुनर्वास योजना या सरकारी घोषणा का उल्लेख नहीं है।,कौंज स्थायी नई सरकार के घोषणा सभी पुनर्वास की। गांव ने की के के तत्काल परिवारों योजना उत्तराखंड आवास लिए,,NEI,same_as_gold,word,"{""shuffle_type"": ""uniform_random"", ""word_order_preserved"": false}","{""fluency_checked"": false, ""label_consistent"": true, ""meaning_preserved"": false}",
5,CA_WORD_03_Jumbling,hi,प्रधानमंत्री-आयुष्मान भारत स्वास्थ्य अवसंरचना मिशन 2021 में शुरू किया गया था।,पीआईबी की हिंदी विज्ञप्ति के अनुसार भारत सरकार ने प्रधानमंत्री-आयुष्मान भारत स्वास्थ्य अवसंरचना मिशन की शुरुआत 2021 में की थी।,स्वास्थ्य में था। किया गया मिशन अवसंरचना प्रधानमंत्री-आयुष्मान भारत शुरू 2021,,SUP,same_as_gold,word,"{""shuffle_type"": ""uniform_random"", ""word_order_preserved"": false}","{""fluency_checked"": false, ""label_consistent"": true, ""meaning_preserved"": false}",
6,CA_WORD_03_Jumbling,hi,महिलाओं ने बच्चों और पुरुषों ने बुजुर्गों को सुरक्षित स्थान तक पहुंचाने में मदद की।,लेख में महिलाओं और पुरुषों की भूमिका का स्पष्ट उल्लेख है।,ने मदद पुरुषों में स्थान महिलाओं ने तक पहुंचाने बुजुर्गों को और की। बच्चों सुरक्षित,,SUP,same_as_gold,word,"{""shuffle_type"": ""uniform_random"", ""word_order_preserved"": false}","{""fluency_checked"": false, ""label_consistent"": true, ""meaning_preserved"": false}",
7,CA_WORD_03_Jumbling,hi,पैक्स के आदर्श उपविधियों में महिलाओं तथा अनुसूचित जाति और अनुसूचित जनजाति को पर्याप्त प्रतिनिधित्व देने का प्रावधान है।,पीआईबी की हिंदी विज्ञप्ति में पैक्स की सदस्यता को समावेशी बनाने के लिए महिलाओं और अनुसूचित जाति/जनजाति को पर्याप्त प्रतिनिधित्व देने के प्रावधान का उल्लेख है।,महिलाओं देने है। अनुसूचित पैक्स तथा को आदर्श उपविधियों प्रावधान जनजाति पर्याप्त और में के का जाति प्रतिनिधित्व अनुसूचित,,SUP,same_as_gold,word,"{""shuffle_type"": ""uniform_random"", ""word_order_preserved"": false}","{""fluency_checked"": false, ""label_consistent"": true, ""meaning_preserved"": false}",
8,CA_WORD_03_Jumbling,hi,खान सर की हिरासत का पुराना वीडियो खान ग्लोबल स्टडीज विवाद से संबंधित नहीं।,"दिसंबर 2024 में बीपीएससी प्रदर्शन के दौरान पुलिस की हिरासत में खान सर का पुराना वीडियो गलत संदर्भ में वायरल। चर्चित यूट्यूबर और शिक्षक फैजल खान उर्फ खान सर के पटना स्थित कोचिंग संस्थान में हुई गोलीबारी के बाद उन पर कानूनी शिकंजा कस गया है। पुलिस ने जहां उनके दो गार्डों को गिरफ्तार किया है। तो वहीं खान सर के खिलाफ भी एफआईआर दर्ज की गई है। इसी संदर्भ से जोड़ते हुए सोशल मीडिया पर एक वीडियो वायरल हो रहा है, जिसमें पुलिस बल खान सर को हिरासत में लेकर जाते हुए दिख रहा है। इस वीडियो को हालिया फायरिंग कांड से जोड़कर साझा किया जा रहा है और दावा किया जा रहा है कि पुलिस ने उन्हें गिरफ्तार कर लिया है। पोस्ट के कैप्शन में लिखा गया है कि… बिहारकोअपनीजागीरसमझनेवालाबिहारकेयुवाओंकोभड़काकरसरकारकोब्लैकमेलकरनेवालाखानसरउर्फ़फैसलखानगिरफ्तार”सिंपैथीवालाकार्डफेलहोगयाअभीतोपार्टीशुरूहुईहै फेसबुक पोस्ट।आर्काइव पोस्ट अनुसंधानसेपताचलताहैकि… हमने जांच की शुरुआत में वायरल वीडियो के कीफ्रेम निकालकर उनको गूगल रिवर्स इमेज सर्च किया। परिणाम में हमेंViral Khan Sirनाम के एक यूट्यूब चैनल पर वायरल वीडियो से मेल खाता हुआ वीडियो मिला। यहां पर 6 दिसंबर 2024 को वीडियो पोस्ट करते हुए बताया गया था कि यह BPSC की 70वीं संयुक्त प्रतियोगिता परीक्षा में नॉर्मलाइजेशन के विरोध के दौरान का है। जिसमें प्रदर्शन में शामिल होने के कारण खान सर को पटना के गर्दनीबाग थाने में ले जाया गया था। फिर हमें इस मामले मेंआजतककी वेबसाइट पर 7 दिसंबर 2024 की एक रिपोर्ट मिली। इसके अनुसार, बिहार में दिसंबर 2024 में बीपीएससी के खिलाफ प्रदर्शन के दौरान खान सर को हिरासत में लिया गया था जब बीपीएससी की परीक्षा में नॉर्मलाइजेशन को लेकर अभ्यर्थियों का आंदोलन हो रहा था। हालांकि एक घंटे बाद खान सर समेत कुछ अन्य लोगों को छोड़ दिया गया था। आगे हमें इससे संबंधितदैनिक भास्करकि रिपोर्ट मिली, जिसमें बताया गया है कि BPSC की 70वीं संयुक्त प्रतियोगिता परीक्षा में नॉर्मलाइजेशन के मुद्दे को लेकर छात्रों ने प्रदर्शन किया था। इसमें खान सर भी शामिल हुए थे। जिसकी वजह से पुलिस ने उन्हे हिरासत में लिया। बाद में उन्हे तुरंत छोड़ भी दिया गया था। पड़ताल में आगे बढ़ते हुए हमेंटाइम्स नाउकी वेबसाइट पर एक रिपोर्ट मिली, जिसमें वायरल वीडियो के स्क्रीनशॉट को शेयर किया गया है।",स्टडीज की सर ग्लोबल विवाद वीडियो संबंधित खान नहीं। पुराना से हिरासत खान का,,REF,same_as_gold,word,"{""shuffle_type"": ""uniform_random"", ""word_order_preserved"": false}","{""fluency_checked"": false, ""label_consistent"": true, ""meaning_preserved"": false}",
9,CA_WORD_03_Jumbling,hi,प्रधानमंत्री किसान मानधन योजना में प्रवेश की आयु 18 से 40 वर्ष है।,पीएम-किसान के परिचालन दिशानिर्देशों में पीएम-केएमवाई के लिए प्रवेश आयु 18 से 40 वर्ष दी गई है।,है। आयु 40 की प्रवेश में किसान योजना वर्ष प्रधानमंत्री 18 से मानधन,,SUP,same_as_gold,word,"{""shuffle_type"": ""uniform_random"", ""word_order_preserved"": false}","{""fluency_checked"": false, ""label_consistent"": true, ""meaning_preserved"": false}",
10,CA_WORD_03_Jumbling,hi,मलेरिया एक वायरल बीमारी है जो संक्रमित व्यक्ति के खांसने या छींकने से सीधे दूसरे व्यक्ति में फैलती है।,"विश्व स्वास्थ्य संगठन के अनुसार, मलेरिया प्लास्मोडियम परजीवी (परजीवी) के कारण होता है और यह मुख्य रूप से संक्रमित मादा एनोफिलीज (एएनओपीएचईएलईएस) मच्छरों के काटने से मनुष्यों में फैलता है।",व्यक्ति व्यक्ति जो से फैलती के दूसरे मलेरिया खांसने एक संक्रमित या सीधे छींकने है। वायरल में बीमारी है,,REF,same_as_gold,word,"{""shuffle_type"": ""uniform_random"", ""word_order_preserved"": false}","{""fluency_checked"": false, ""label_consistent"": true, ""meaning_preserved"": false}",
11,CA_WORD_03_Jumbling,hi,"CJP विरोध प्रदर्शन के नाम पर वायरल हुआ वीडियो 11 साल पुराना, JNU के ‘किस ऑफ लव’ अभियान का है वीडियो।","जंतर-मंतर पर CJP प्रदर्शन का बताकर शेयर किया गया वीडियो, असल में JNU के 2014 ‘किस ऑफ लव’ अभियान का है। प्रतियोगी परीक्षाओं में हुई धांधली और नीट पेपर लीक मामले को लेकर देश की राजधानी के जंतर-मंतर पर कॉकरोच जनता पार्टी (CJP) का विरोध प्रदर्शन लगातार जारी है। आंदोलनकारी केंद्रीय शिक्षा मंत्री धर्मेंद्र प्रधान के तत्काल इस्तीफे की मांग कर रहे हैं। वहीं CJP के संस्थापक अभिजीत दीपके के नेतृत्व में चल रहे इस आंदोलन को न केवल देश के अलग-अलग राज्यों से बल्कि विदेशों से भी भारी जनसमर्थन मिल रहा है। इसी से जोड़ते हुए सोशल मीडिया पर एक वीडियो तेजी से वायरल हो रहा है, जिसमें कुछ लड़के और लड़कियां नज़र आ रहे हैं जो आपस में एक दूसरे को चूमते हैं। तभी वहां मौजूद भीड़ ताली बजाती है। दावा किया जा रहा है कि यह वीडियो उसी सीजेपी प्रोटेस्ट का है। वीडियो के साथ यूज़र ने कैप्शन लिखा है… रात2बजेजंतरमंतरकॉकरोचप्रोटेस्टअपनेपीकपरहोताहैयेप्रोटेस्टनहींरुकेगा….युहींचलेगा..बढ़ेगा. फेसबुक पोस्ट।आर्काइव पोस्ट अनुसंधानसेपताचलताहैकि… हमने जांच की शुरुआत में वायरल वीडियो के कीफ्रेम को रिवर्स इमेज सर्च किया। परिणाम में हमें यह वीडियो एकइंस्टाग्राम अकाउंटपर 12 जनवरी 2020 में अपलोड किया हुआ मिला। इसके साथ लिखे कैप्शन के अनुसार, वीडियो को जेएनयू में आयोजित हुए एक प्रदर्शन “किस ऑफ़ लव” का बताया गया है। आगे हमें 12 नवंबर, 2014 को एकयूट्यूब चैनलपर वायरल वीडियो मिला। कैप्शन के अनुसार, यह JNU (जवाहरलाल नेहरू विश्वविद्यालय) का है जब ‘किस ऑफ लव’ कैंपेन की शुरुआत हुई थी। इसी समान जानकारी के साथ एक अन्ययूट्यूब यूज़रने भी यहीं वीडियो शेयर किया है, जिसमें वीडियो को जेएनयू के ‘किस ऑफ लव’ का ही बताया गया है। आगे की पड़ताल में हमें पता चला कि ‘किस ऑफ लव’नाम के एक फेसबुक पेज ने भी 9 नवंबर, 2014 को एक पोस्ट शेयर की थी। इस पोस्ट में दिख रही लड़कियां वही हैं जो वायरल वीडियो में नज़र आ रही हैं। पोस्ट के कैप्शन अनुसार, यह प्रदर्शन जेएनयू (JNU) के गंगा ढाबा के पास हुआ था। वायरल वीडियो के संदर्भ में हमें कुछ मीडिया रिपोर्ट प्रकाशित मिली है। 12 नवंबर 2014 को प्रकाशितबीबीसीकी रिपोर्ट बताती है कि, यह प्रदर्शन कोलकाता, हैदराबाद और दिल्ली समेत कई शहरों में आयोजित किया गया था जो मोरल पुलिसिंग के खिलाफ शुरू हुआ था। रिपोर्ट में वायरल","है वीडियो। वायरल लव’ JNU वीडियो विरोध का प्रदर्शन ऑफ ‘किस के पर अभियान पुराना, हुआ नाम साल 11 के CJP",,REF,same_as_gold,word,"{""shuffle_type"": ""uniform_random"", ""word_order_preserved"": false}","{""fluency_checked"": false, ""label_consistent"": true, ""meaning_preserved"": false}",
12,CA_WORD_03_Jumbling,hi,एफडीए ने ई-सिगरेट को धूम्रपान छोड़ने की स्वीकृत दवा के रूप में मंजूरी दी है।,अमेरिकी खाद्य एवं औषधि प्रशासन के अनुसार किसी ई-सिगरेट उत्पाद को धूम्रपान छोड़ने की विधि के रूप में एफडीए की मंजूरी नहीं मिली है।,की को ई-सिगरेट के रूप में एफडीए स्वीकृत मंजूरी दी है। धूम्रपान दवा छोड़ने ने,,REF,same_as_gold,word,"{""shuffle_type"": ""uniform_random"", ""word_order_preserved"": false}","{""fluency_checked"": false, ""label_consistent"": true, ""meaning_preserved"": false}",
13,CA_WORD_03_Jumbling,hi,"व्यासी जल विद्युत परियोजना, ढालीपुर, ढकरानी और कुल्हाल जल विद्युत गृह में बिजली उत्पादन पूरी तरह बंद हो गया।",लेख में इन चारों परियोजनाओं और जल विद्युत गृहों में उत्पादन ठप होने की जानकारी दी गई है।,"बंद परियोजना, ढालीपुर, हो बिजली में तरह गया। उत्पादन जल विद्युत और ढकरानी विद्युत गृह पूरी जल कुल्हाल व्यासी",,SUP,same_as_gold,word,"{""shuffle_type"": ""uniform_random"", ""word_order_preserved"": false}","{""fluency_checked"": false, ""label_consistent"": true, ""meaning_preserved"": false}",
14,CA_WORD_03_Jumbling,hi,जल जीवन मिशन 2.0 को दिसंबर 2028 तक बढ़ाने की मंजूरी दी गई।,अमर उजाला की हिंदी रिपोर्ट में जल जीवन मिशन 2.0 को दिसंबर 2028 तक बढ़ाने की मंत्रिमंडल मंजूरी का उल्लेख है।,2.0 मिशन की बढ़ाने तक दी जल जीवन 2028 मंजूरी को गई। दिसंबर,,SUP,same_as_gold,word,"{""shuffle_type"": ""uniform_random"", ""word_order_preserved"": false}","{""fluency_checked"": false, ""label_consistent"": true, ""meaning_preserved"": false}",
15,CA_WORD_03_Jumbling,hi,अक्षय कुमार ने मुंबई की एक निजी अस्पताल चेन में 300 करोड़ रुपये का निवेश किया।,आजतक फैक्ट चेक ने कॉर्पोरेट फाइलिंग और अस्पताल समूह के सार्वजनिक बयानों की जांच में ऐसा कोई निवेश रिकॉर्ड नहीं पाया। अक्षय कुमार के प्रवक्ता ने भी इस खबर को अफवाह बताया।,चेन निजी एक ने 300 का करोड़ में की निवेश मुंबई रुपये अक्षय अस्पताल कुमार किया।,,REF,same_as_gold,word,"{""shuffle_type"": ""uniform_random"", ""word_order_preserved"": false}","{""fluency_checked"": false, ""label_consistent"": true, ""meaning_preserved"": false}",
16,CA_WORD_03_Jumbling,hi,गोवा में आए अंतर्राष्ट्रीय प्रतिनिधियों को कमांड कंट्रोल सेंटर और मीडिया निगरानी केंद्रों के बारे में जानकारी दी गई थी।,"पीआईबी की विज्ञप्ति में गोवा में प्रतिनिधियों को कमांड कंट्रोल सेंटर, मीडिया निगरानी केंद्र और प्रेषण केंद्र से अवगत कराने की बात है।",गोवा मीडिया में में और जानकारी कंट्रोल को प्रतिनिधियों निगरानी अंतर्राष्ट्रीय गई कमांड सेंटर बारे के केंद्रों दी थी। आए,,SUP,same_as_gold,word,"{""shuffle_type"": ""uniform_random"", ""word_order_preserved"": false}","{""fluency_checked"": false, ""label_consistent"": true, ""meaning_preserved"": false}",
17,CA_WORD_03_Jumbling,hi,50 वर्ष से अधिक उम्र के पुरुषों को टाइप-2 मधुमेह की रोकथाम के लिए प्रतिदिन 45 मिनट तेज चलना चाहिए।,सीडीसी (सीडीसी) टाइप 2 मधुमेह को रोकने के लिए सप्ताह में कम से कम 150 मिनट की मध्यम-तीव्रता वाली शारीरिक गतिविधि (जैसे तेज चलना) करने की सलाह देता है।,रोकथाम से प्रतिदिन वर्ष टाइप-2 45 उम्र चाहिए। मिनट की 50 चलना को तेज के के लिए मधुमेह पुरुषों अधिक,,NEI,same_as_gold,word,"{""shuffle_type"": ""uniform_random"", ""word_order_preserved"": false}","{""fluency_checked"": false, ""label_consistent"": true, ""meaning_preserved"": false}",
18,CA_WORD_03_Jumbling,hi,"बिहार विशेष गहन पुनरीक्षण में 35,69,435 मतदाता अपने पते पर नहीं मिले थे।","पीआईबी की विज्ञप्ति में अपने पते पर न मिलने वाले मतदाताओं की संख्या 35,69,435 बताई गई है।","पर में मिले बिहार पुनरीक्षण गहन नहीं थे। 35,69,435 अपने मतदाता विशेष पते",,SUP,same_as_gold,word,"{""shuffle_type"": ""uniform_random"", ""word_order_preserved"": false}","{""fluency_checked"": false, ""label_consistent"": true, ""meaning_preserved"": false}",
19,CA_WORD_03_Jumbling,hi,2019 में महाराष्ट्र से बैल पोला के वीडियो को तमिलनाडू में पुलिसकर्मी पर अत्याचार के नाम से वायरल,"ये वीडियो 2019 में महाराष्ट्र में बैल पोला के त्यौहार के समय का है जिसका तमिलनाडु से कोई संबंध नहीं है। तमिलनाडु में बिहारी मजदूरों पर अत्याचारों कीख़बरोंके बीच सोशल मीडिया पर तरह तरह के असंबंधित वीडियो शेयर किए जा रहे हैं। इसी के चलते सोशल मीडिया पर एक वीडियो वायरल हो रहा है जिसमें हम पुलिसकर्मियों के पीछे स्थानीय लोगों को भागते हुए देख सकते है। इस वीडियो को शेयर करते हुए दावा किया जा रहा है कि तमिलनाडु में पुलिसकर्मियों को बिहारी मजदूर भगा भगाकर मार रहे है। सोशल मीडिया पर वायरल वीडियो के कैप्शन में लिखा गया है कि “तमिलनाडु के पुलिस को बिहारी लोग दौड़ा दौड़ा के मार रहे है।” इन्स्टाग्राम पोस्ट।आर्काइव लिंक अनुसंधान से पता चलता है कि… जाँच की शुरुवात हमने वीडियो को छोटे की फ्रेम्स में तोडा और गूगल पर रिवर्स इमेज सर्च किया, जिसके परिणाम से हमें वायरल वीडियो का लम्बा वर्शन यूट्यूब पर उपलब्ध मिला। 31 अगस्त 2019 को अपलोड किये गये इस वीडियो के कैप्शन में लिखा गया है कि “VARADSIM गावं की पुलिस माग दौड़ना बैल 2019 बैल पोला VARADSIM गावं।” वीडियो में दिए गए जानकारी के अनुसार ये वीडियो भुसावल तहसील के वरदसिम गावं में 2019 बैल पोला के त्यौहार से है। इस 28 सेकंड के वीडियो में हम उन्ही लोगों को देख सकते है जो वायरल वीडियो में दिख रहे है। नीचे आप दोनों वीडियो की समानता देख सकते है जिससे ये स्पष्ट होता है कि वायरल वीडियो- यूट्यूब वीडियो का ही हिस्सा है। दोनों वीडियो समान है। आगे फैक्ट क्रेसेंडो ने भुसावल के पुलिस स्टेशन के एस.एच.ओ से संपर्क किया, जिन्होंने हमें बताया कि वायरल वीडियो पुराना है और भुसावल में बैल पोला के समय का है। असल में बैल पोला के समय पुलिसकर्मी सबके आगे भागकर लोगों को रस्ते से हटा रहे थे ताकि पीछे से बैलों  की रेस हो सके। इस वीडियो का तमिलनाडू के साथ कोई संबंध नहीं है। बैल पोला क्या है? बैल पोलामहाराष्ट्र, मध्य प्रदेश और छत्तीसगढ़ में किसानों द्वारा मनाया जाने वाला एक धन्यवाद उत्सव है, जो बैल और बैलों के महत्व को स्वीकार करने के लिए मनाया जाता है। ये त्यौहार कृषि और कृषि गतिविधियों का एक महत्वपूर्ण हिस्सा हैं। इस त्यौहार के चलते बैलों को सजाया जाता है और उन पर तरह-तरह के चित्र बनाए जाते हैं। साथ ही एक जुलूस भी निकाला जाता है जहां गांव के लोग जश्न मनाने के लिए इक",को पोला से 2019 तमिलनाडू के पुलिसकर्मी पर में के वीडियो महाराष्ट्र में नाम से वायरल अत्याचार बैल,,REF,same_as_gold,word,"{""shuffle_type"": ""uniform_random"", ""word_order_preserved"": false}","{""fluency_checked"": false, ""label_consistent"": true, ""meaning_preserved"": false}",
20,CA_WORD_03_Jumbling,hi,"एक व्यक्ति मतदान केंद्र पहुंचकर केवल वोटर कार्ड या आधार दिखाकर, मतदाता सूची में नाम न होने पर भी वोट डाल सकता है।",निर्वाचन आयोग के स्पष्टीकरण में कहा गया है कि जिसका नाम मतदाता सूची में नहीं है वह मतदान-दिन मतदान नहीं कर सकता।,"व्यक्ति पहुंचकर नाम कार्ड आधार डाल वोट मतदान है। वोटर भी न में एक होने सूची केवल मतदाता दिखाकर, केंद्र पर सकता या",,REF,same_as_gold,word,"{""shuffle_type"": ""uniform_random"", ""word_order_preserved"": false}","{""fluency_checked"": false, ""label_consistent"": true, ""meaning_preserved"": false}",
21,CA_WORD_03_Jumbling,hi,पीएम आवास घेराव के बाद पटना में हुई हालिया झड़प के नाम पर वायरल हुआ पुराना वीडियो।,"पटना में बीजेपी-कांग्रेस कार्यकर्ताओं के बीच झड़प का वीडियो हालिया प्रदर्शन का नहीं, पुराना है। हाल ही में नीट (NEET) पेपर लीक मामले पर 21 जुलाई को दिल्ली में पीएम आवास के पास प्रदर्शन कर रहे राहुल गांधी, प्रियंका गांधी और मल्लिकार्जुन खर्गे सहित कई कांग्रेस नेताओं को पुलिस ने हिरासत में ले लिया था। जिसके जवाब में भाजपा कार्यकर्ताओं ने भी राहुल गांधी के खिलाफ प्रदर्शन किया। इसी राजनीतिक टकराव के बीच, सोशल मीडिया पर एक वीडियो वायरल किया जा रहा है, जिसमें बीजेपी और कांग्रेस पार्टी के लोग हाथ में पार्टी का झंडा लिए एक दूसरे से भिड़ते हुए दिखाई दे रहे हैं। दावा किया जा रहा है कि यह वीडियो पटना का है जहां भाजपा और कांग्रेस कार्यकर्ताओं के बीच हिंसक झड़प हो गई। यूज़र ने वीडियो को यह कैप्शन लिखते हुए शेयर किया है… महासंग्रामदिल्लीमेंहुईकिरकिरीकेबादभाजपानेअपनेकार्यकर्ताओंकाआह्वानकियाथाकिसभीराज्योंकीराजधानीमेंकांग्रेसकार्यालयकाघेरावकरे।उसआह्वानकेबादपटनाकाहालदेखलीजिए,कांग्रेसीभीतैयारबैठेथे,फिरवहीहुआजोइसवीडियोमेंदिखरहाहै। फेसबुक पोस्ट।आर्काइव पोस्ट अनुसंधानसेपताचलताहैकि… हमने जांच की शुरुआत में वायरल वीडियो के कीफ्रेम को रिवर्स इमेज सर्च किया। परिणाम में हमें 29 अगस्त, 2025 को साझा की गईएक फेसबुकपोस्ट मिली, जिसमें वही दृश्य दिखाई दे रहे थे। एकअन्य फेसबुकपेज पर भी इसी वायरल वीडियो को साझा किया गया था, जिसके साथ कैप्शन में लिखा था, “पटना में भाजपा कार्यकर्ता और कांग्रेस में बबाल मची हड़कंप।” इससे इतनी बात तो यही साबित होती है कि यह वीडियो हालिया छात्र विरोध प्रदर्शनों और प्रधानमंत्री आवास के बाहर कांग्रेस के प्रदर्शन से पहले का ही है। पड़ताल के अगले चरण में हमेंएएनआईके एक्स हैंडल पर वायरल वीडियो का अलग एंगल से रिकॉर्ड किया गया वीडियो मिला, जिसे 29 अगस्त 2025 को पोस्ट किया गया था। बताया गया है कि “पटना में कांग्रेस कार्यालय के सामने भाजपा कार्यकर्ताओं के विरोध-प्रदर्शन के दौरान दोनों दलों के कार्यकर्ताओं के बीच झड़प हो गई थी।” #WATCH| Patna, Bihar: BJP and Congress workers clash as the former staged a protest against the latter in front of the Congress office.pic.twitter.com/GDUxM0JgyB हमें वायरल वीडियो से सम्बंधित एक वीडियो रिपोर्टटाइम्स नाउके यूट्यूब चैनल पर मिली। यहां वीडियो क",हालिया आवास नाम के वायरल के पुराना घेराव पटना झड़प पीएम वीडियो। हुआ हुई में बाद पर,,REF,same_as_gold,word,"{""shuffle_type"": ""uniform_random"", ""word_order_preserved"": false}","{""fluency_checked"": false, ""label_consistent"": true, ""meaning_preserved"": false}",
22,CA_WORD_03_Jumbling,hi,गांव में केवल कुछ ही दुकानें खुली थीं।,लेख में इक्का-दुक्का दुकानें खुलने का उल्लेख है।,कुछ खुली ही केवल गांव में दुकानें थीं।,,SUP,same_as_gold,word,"{""shuffle_type"": ""uniform_random"", ""word_order_preserved"": false}","{""fluency_checked"": false, ""label_consistent"": true, ""meaning_preserved"": false}",
23,CA_WORD_03_Jumbling,hi,मान्यता प्राप्त दलों के उम्मीदवारों को घर से मतदान सुविधा लेने वाले मतदाताओं की सूची नहीं दी जाती।,निर्वाचन आयोग के अनुसार मान्यता प्राप्त राजनीतिक दलों के उम्मीदवारों को घर से मतदान सुविधा लेने वाले मतदाताओं की सूची उपलब्ध कराई जाती है।,लेने उम्मीदवारों जाती। दी की मतदाताओं घर दलों प्राप्त सूची से नहीं के वाले मान्यता को मतदान सुविधा,,REF,same_as_gold,word,"{""shuffle_type"": ""uniform_random"", ""word_order_preserved"": false}","{""fluency_checked"": false, ""label_consistent"": true, ""meaning_preserved"": false}",
24,CA_WORD_03_Jumbling,hi,ईपीआईसी मतदान के समय मतदाता की पहचान स्थापित करने वाले दस्तावेजों में से एक है।,पीआईबी की हिंदी विज्ञप्ति में ईपीआईसी को मतदान के समय मतदाता की पहचान स्थापित करने वाले दस्तावेजों में से एक बताया गया है।,की एक करने के है। मतदाता वाले से स्थापित मतदान ईपीआईसी पहचान दस्तावेजों समय में,,SUP,same_as_gold,word,"{""shuffle_type"": ""uniform_random"", ""word_order_preserved"": false}","{""fluency_checked"": false, ""label_consistent"": true, ""meaning_preserved"": false}",
25,CA_WORD_03_Jumbling,hi,वायरल तस्वीर में ‘बॉयकॉट बॉलीवुड’ लिखा पोस्टर प्रदर्शन के दौरान वास्तव में मौजूद था।,मूल तस्वीर 2012 में निर्भया कांड के विरोध प्रदर्शन के दौरान ली गई थी। रिवर्स सर्च और मूल फोटो की तुलना से पता चला कि वायरल संस्करण में पोस्टर का संदेश डिजिटल रूप से बदल दिया गया था।,मौजूद में वायरल प्रदर्शन था। ‘बॉयकॉट बॉलीवुड’ के पोस्टर लिखा वास्तव दौरान तस्वीर में,,REF,same_as_gold,word,"{""shuffle_type"": ""uniform_random"", ""word_order_preserved"": false}","{""fluency_checked"": false, ""label_consistent"": true, ""meaning_preserved"": false}",
26,CA_WORD_03_Jumbling,hi,"बिहार विशेष गहन पुनरीक्षण में एक से अधिक स्थानों पर पंजीकृत पाए गए मतदाताओं की संख्या 5,76,479 थी।","पीआईबी की विज्ञप्ति में एक से अधिक स्थानों पर पंजीकृत अब तक पहचाने गए मतदाताओं की संख्या 5,76,479 है।","पुनरीक्षण से 5,76,479 विशेष मतदाताओं संख्या स्थानों गहन पाए पर पंजीकृत बिहार की अधिक थी। एक गए में",,SUP,same_as_gold,word,"{""shuffle_type"": ""uniform_random"", ""word_order_preserved"": false}","{""fluency_checked"": false, ""label_consistent"": true, ""meaning_preserved"": false}",
27,CA_WORD_03_Jumbling,hi,रजनीकांत जंतर-मंतर पर CJP के विरोध प्रदर्शन में शामिल हुए थे।,विश्वास न्यूज़ की जांच में पाया गया कि वायरल वीडियो में दिखाई देने वाला व्यक्ति रजनीकांत नहीं था और दावा भ्रामक था।,हुए थे। CJP पर जंतर-मंतर के शामिल प्रदर्शन रजनीकांत विरोध में,,REF,same_as_gold,word,"{""shuffle_type"": ""uniform_random"", ""word_order_preserved"": false}","{""fluency_checked"": false, ""label_consistent"": true, ""meaning_preserved"": false}",
28,CA_WORD_03_Jumbling,hi,लोकसभा चुनाव 2024 देखने के लिए अंतरराष्ट्रीय चुनाव आगंतुक कार्यक्रम में 23 देशों के 75 प्रतिनिधि भारत आए थे।,पीआईबी की विज्ञप्ति में अंतरराष्ट्रीय चुनाव आगंतुक कार्यक्रम के अंतर्गत 23 देशों का प्रतिनिधित्व करने वाले 75 प्रतिनिधियों के भारत आने की जानकारी दी गई है।,में अंतरराष्ट्रीय 23 आए लोकसभा 75 कार्यक्रम देखने देशों भारत लिए चुनाव के थे। प्रतिनिधि आगंतुक चुनाव के 2024,,SUP,same_as_gold,word,"{""shuffle_type"": ""uniform_random"", ""word_order_preserved"": false}","{""fluency_checked"": false, ""label_consistent"": true, ""meaning_preserved"": false}",
29,CA_WORD_03_Jumbling,hi,मनुष्यों में रेबीज संचरण मुख्यतः जंगली जानवरों के कारण होता है।,विश्व स्वास्थ्य संगठन के अनुसार मनुष्यों में रेबीज संचरण के लगभग 99 प्रतिशत मामलों के लिए कुत्ते जिम्मेदार हैं।,मुख्यतः संचरण में कारण के रेबीज जंगली होता मनुष्यों जानवरों है।,,REF,same_as_gold,word,"{""shuffle_type"": ""uniform_random"", ""word_order_preserved"": false}","{""fluency_checked"": false, ""label_consistent"": true, ""meaning_preserved"": false}",
30,CA_WORD_03_Jumbling,hi,लेख के अनुसार मानसून के दौरान हिमाचल प्रदेश में केवल 25 लोगों की मौत हुई।,लेख में स्पष्ट रूप से 205 लोगों की मौत होने की जानकारी दी गई है।,अनुसार के प्रदेश की मानसून 25 लोगों दौरान के लेख हुई। मौत में केवल हिमाचल,,REF,same_as_gold,word,"{""shuffle_type"": ""uniform_random"", ""word_order_preserved"": false}","{""fluency_checked"": false, ""label_consistent"": true, ""meaning_preserved"": false}",
31,CA_WORD_03_Jumbling,hi,'धमाल 4' ने 17 दिनों में 200 करोड़ रुपये से अधिक की कमाई की।,"TV9 भारतवर्ष की रिपोर्ट के अनुसार, Dhamaal 4 Film: बॉलीवुड एक्टर अजय देवगन की फिल्म धमाल सिनेमाघरों में रिलीज होने जा रही है. इस फिल्म की कमाई के ताजा आंकड़े आ गए हैं. फिल्म ने रिलीज के 17 दिनों में अच्छा-खासा कलेक्शन कर के दिखा दिया है. तीसरे रविवार तो फिल्म की कमाई चौंकाने वाली है। खबर में यही जानकारी स्पष्ट रूप से दर्ज है।",4' ने से की 200 करोड़ दिनों कमाई रुपये 'धमाल की। अधिक 17 में,,SUP,same_as_gold,word,"{""shuffle_type"": ""uniform_random"", ""word_order_preserved"": false}","{""fluency_checked"": false, ""label_consistent"": true, ""meaning_preserved"": false}",
32,CA_WORD_03_Jumbling,hi,"जिस व्यक्ति का नाम मतदाता सूची में नहीं है, उसका नाम मतदान के दिन जोड़ा जा सकता है।",निर्वाचन आयोग के अनुसार मतदान-दिन नाम जोड़ने या नाम न होने पर मतदान की अनुमति का प्रश्न नहीं उठता; सूची में नाम होना आवश्यक है।,"नहीं है। जोड़ा दिन के व्यक्ति में नाम मतदाता जिस का नाम मतदान है, सकता जा सूची उसका",,REF,same_as_gold,word,"{""shuffle_type"": ""uniform_random"", ""word_order_preserved"": false}","{""fluency_checked"": false, ""label_consistent"": true, ""meaning_preserved"": false}",
33,CA_WORD_03_Jumbling,hi,"17 जुलाई 2025 तक बिहार में 45,82,247 गणना प्रपत्र प्राप्त होना शेष था, जो 5.8 प्रतिशत था।","पीआईबी की विज्ञप्ति में शेष गणना प्रपत्र 45,82,247 और उनका प्रतिशत 5.8 दर्ज है।","17 बिहार जुलाई 5.8 गणना प्राप्त शेष होना तक था, 2025 प्रतिशत प्रपत्र 45,82,247 जो में था।",,SUP,same_as_gold,word,"{""shuffle_type"": ""uniform_random"", ""word_order_preserved"": false}","{""fluency_checked"": false, ""label_consistent"": true, ""meaning_preserved"": false}",
34,CA_WORD_03_Jumbling,hi,प्रभास की वायरल तस्वीर में वे एयरपोर्ट पर गरीब भिखारी के भेष में सचमुच बैठे थे।,"Newschecker Hindi ने तस्वीर की पड़ताल में पाया कि यह एक फिल्म के शूटिंग स्टिल से ली गई छवि थी, जिसे एयरपोर्ट पर वास्तविक घटना बताकर शेयर किया गया। मूल संदर्भ में प्रभास किसी सार्वजनिक जगह पर भिखारी बनकर नहीं बैठे थे।",वे की वायरल सचमुच पर भेष बैठे गरीब तस्वीर थे। के प्रभास में एयरपोर्ट में भिखारी,,REF,same_as_gold,word,"{""shuffle_type"": ""uniform_random"", ""word_order_preserved"": false}","{""fluency_checked"": false, ""label_consistent"": true, ""meaning_preserved"": false}",
35,CA_WORD_03_Jumbling,hi,टीबी का प्रसार केवल मौसम पर निर्भर करता है।,डब्ल्यूएचओ के अनुसार टीबी के लक्षणों में जल्दी चिकित्सा सहायता और उपचार रोग के प्रसार को रोकने में मदद कर सकते हैं।,टीबी केवल करता का निर्भर मौसम पर प्रसार है।,,REF,same_as_gold,word,"{""shuffle_type"": ""uniform_random"", ""word_order_preserved"": false}","{""fluency_checked"": false, ""label_consistent"": true, ""meaning_preserved"": false}",
36,CA_WORD_03_Jumbling,hi,आम चुनाव 2024 में डाक मतपत्रों सहित अंतिम सकल मतदान 70 प्रतिशत था।,पीआईबी की हिंदी विज्ञप्ति केवल मतदान केंद्रों का 65.79 प्रतिशत आंकड़ा देती है और कहती है कि डाक मतों तथा सकल मतदान की विस्तृत रिपोर्टें अंतिम रूप देने के बाद उपलब्ध होंगी।,डाक सहित 2024 मतदान सकल था। प्रतिशत में अंतिम मतपत्रों 70 आम चुनाव,,NEI,same_as_gold,word,"{""shuffle_type"": ""uniform_random"", ""word_order_preserved"": false}","{""fluency_checked"": false, ""label_consistent"": true, ""meaning_preserved"": false}",
37,CA_WORD_03_Jumbling,hi,"एक बैलेट यूनिट की वर्तमान लागत 7,991 रुपये बताई गई है।","निर्वाचन आयोग के FAQ में बैलेट यूनिट की वर्तमान लागत 7,991 रुपये दी गई है।","एक गई बैलेट 7,991 यूनिट लागत की वर्तमान है। बताई रुपये",,SUP,same_as_gold,word,"{""shuffle_type"": ""uniform_random"", ""word_order_preserved"": false}","{""fluency_checked"": false, ""label_consistent"": true, ""meaning_preserved"": false}",
38,CA_WORD_03_Jumbling,hi,"मिर्गी एक छूत की बीमारी है, जो मिर्गी के दौरे वाले व्यक्ति को छूने से दूसरे व्यक्ति में फैल सकती है।","विश्व स्वास्थ्य संगठन के अनुसार, मिर्गी मस्तिष्क की एक गैर-संचारी बीमारी है। यह संक्रामक (संक्रामक) नहीं है।","के छूने व्यक्ति में मिर्गी दौरे जो को दूसरे एक छूत है, फैल वाले सकती बीमारी मिर्गी व्यक्ति से है। की",,REF,same_as_gold,word,"{""shuffle_type"": ""uniform_random"", ""word_order_preserved"": false}","{""fluency_checked"": false, ""label_consistent"": true, ""meaning_preserved"": false}",
39,CA_WORD_03_Jumbling,hi,बजट 2023-24 में पारंपरिक दस्तकारों के लिए प्रधानमंत्री विश्वकर्मा कौशल सम्मान की घोषणा की गई थी।,बजट विज्ञप्ति में पारंपरिक दस्तकारों के लिए नई प्रधानमंत्री विश्वकर्मा कौशल सम्मान योजना की घोषणा दर्ज है।,लिए प्रधानमंत्री के गई की 2023-24 दस्तकारों पारंपरिक बजट घोषणा कौशल सम्मान में विश्वकर्मा थी। की,,SUP,same_as_gold,word,"{""shuffle_type"": ""uniform_random"", ""word_order_preserved"": false}","{""fluency_checked"": false, ""label_consistent"": true, ""meaning_preserved"": false}",
40,CA_WORD_03_Jumbling,hi,"सिक्किम सरकार ने आपदा प्रभावित मंगन जिले के पुनर्वास के लिए ₹1,000 करोड़ के विशेष राहत पैकेज की घोषणा की।",लेख में किसी विशेष राहत पैकेज या वित्तीय घोषणा का उल्लेख नहीं है।,"की लिए के राहत मंगन ने पैकेज की। पुनर्वास सरकार सिक्किम जिले करोड़ आपदा प्रभावित घोषणा ₹1,000 विशेष के के",,NEI,same_as_gold,word,"{""shuffle_type"": ""uniform_random"", ""word_order_preserved"": false}","{""fluency_checked"": false, ""label_consistent"": true, ""meaning_preserved"": false}",
41,CA_WORD_03_Jumbling,hi,महिलाओं को फोलिक एसिड के सप्लीमेंट लेना तभी शुरू करना चाहिए जब उन्हें पहली बार पता चले कि वे गर्भवती हैं।,"रोग नियंत्रण एवं रोकथाम केंद्र (CDC) के अनुसार, सभी प्रजनन आयु की महिलाओं को प्रतिदिन 400 माइक्रोग्राम फोलिक एसिड लेना चाहिए। पर्याप्त फोलिक एसिड गर्भधारण से पहले और गर्भावस्था के शुरुआती चरण में शिशु में न्यूरल ट्यूब दोषों के जोखिम को कम करने में मदद करता है।",के को फोलिक लेना कि तभी पहली एसिड हैं। करना सप्लीमेंट शुरू चाहिए वे महिलाओं गर्भवती बार उन्हें पता चले जब,,REF,same_as_gold,word,"{""shuffle_type"": ""uniform_random"", ""word_order_preserved"": false}","{""fluency_checked"": false, ""label_consistent"": true, ""meaning_preserved"": false}",
42,CA_WORD_03_Jumbling,hi,लेख में प्रत्येक नए वेदर स्टेशन की स्थापना की सटीक जिला-वार सूची और समयसीमा प्रकाशित की गई है।,लेख में जिला-वार सूची या विस्तृत समयसीमा का उल्लेख नहीं है।,की है। सटीक की और लेख में की समयसीमा प्रकाशित नए स्टेशन प्रत्येक गई स्थापना वेदर जिला-वार सूची,,NEI,same_as_gold,word,"{""shuffle_type"": ""uniform_random"", ""word_order_preserved"": false}","{""fluency_checked"": false, ""label_consistent"": true, ""meaning_preserved"": false}",
43,CA_WORD_03_Jumbling,hi,भारत सरकार ने इस लेख में उत्तराखंड आपदा प्रभावित सभी परिवारों के लिए नया राष्ट्रीय पुनर्वास पैकेज घोषित किया।,लेख में किसी नए राष्ट्रीय पुनर्वास पैकेज की घोषणा का उल्लेख नहीं है।,किया। उत्तराखंड नया लेख परिवारों राष्ट्रीय लिए इस घोषित के पुनर्वास में सभी पैकेज आपदा सरकार प्रभावित भारत ने,,NEI,same_as_gold,word,"{""shuffle_type"": ""uniform_random"", ""word_order_preserved"": false}","{""fluency_checked"": false, ""label_consistent"": true, ""meaning_preserved"": false}",
44,CA_WORD_03_Jumbling,hi,चंदौली पुलिस ने 50 हजार रुपये के इनामी दुष्कर्म के आरोपी को गिरफ्तार किया।,समाचार के अनुसार पुलिस ने 50 हजार रुपये के इनामी आरोपी को गिरफ्तार किया।,के पुलिस इनामी चंदौली गिरफ्तार किया। आरोपी को ने दुष्कर्म रुपये हजार के 50,,SUP,same_as_gold,word,"{""shuffle_type"": ""uniform_random"", ""word_order_preserved"": false}","{""fluency_checked"": false, ""label_consistent"": true, ""meaning_preserved"": false}",
45,CA_WORD_03_Jumbling,hi,"सहकारी फुटप्रिंट विस्तार की राष्ट्रीय योजना में 32,802 नए बहुउद्देशीय पैक्स, डेयरी और मत्स्यिकी समितियां पंजीकृत की गई थीं।","सहकारिता मंत्रालय की विज्ञप्ति में 32,802 नई बहुउद्देशीय पैक्स, डेयरी और मत्स्यिकी समितियों के पंजीकरण का उल्लेख है।","पंजीकृत मत्स्यिकी और थीं। बहुउद्देशीय 32,802 की विस्तार सहकारी की राष्ट्रीय डेयरी नए योजना गई समितियां पैक्स, फुटप्रिंट में",,SUP,same_as_gold,word,"{""shuffle_type"": ""uniform_random"", ""word_order_preserved"": false}","{""fluency_checked"": false, ""label_consistent"": true, ""meaning_preserved"": false}",
46,CA_WORD_03_Jumbling,hi,'इंडियन आइडल 16' के ग्रैंड फिनाले में जज विशाल ददलानी शामिल नहीं हुए।,TV9 भारतवर्ष की स्टोरी बताती है कि इंडियन आइडल 16 का ग्रैंड फिनाले 26 जुलाई को होगा. विशाल ददलानी की गैरमौजूदगी के बीच 6 फाइनलिस्ट्स में ट्रॉफी पाने की टक्कर होगी. पर तारीख या आंकड़े नहीं दिए गए।,विशाल जज 'इंडियन ददलानी शामिल फिनाले आइडल हुए। ग्रैंड नहीं के में 16',,NEI,same_as_gold,word,"{""shuffle_type"": ""uniform_random"", ""word_order_preserved"": false}","{""fluency_checked"": false, ""label_consistent"": true, ""meaning_preserved"": false}",
47,CA_WORD_03_Jumbling,hi,"भारत सरकार ने मानसून से प्रभावित राज्यों के लिए ₹10,000 करोड़ के विशेष राहत पैकेज की घोषणा की।","लेख में किसी विशेष राहत पैकेज या ₹10,000 करोड़ की घोषणा का उल्लेख नहीं है।","प्रभावित विशेष ₹10,000 राज्यों लिए राहत भारत करोड़ घोषणा के सरकार से के मानसून पैकेज की। की ने",,NEI,same_as_gold,word,"{""shuffle_type"": ""uniform_random"", ""word_order_preserved"": false}","{""fluency_checked"": false, ""label_consistent"": true, ""meaning_preserved"": false}",
48,CA_WORD_03_Jumbling,hi,झारखंड सरकार ने प्राकृतिक आपदाओं के कारण पूरे राज्य में स्कूल एक महीने के लिए बंद करने की घोषणा की।,लेख में स्कूल बंद करने संबंधी किसी घोषणा का उल्लेख नहीं है।,प्राकृतिक एक की। आपदाओं में करने के झारखंड की कारण घोषणा लिए पूरे महीने ने के सरकार स्कूल बंद राज्य,,NEI,same_as_gold,word,"{""shuffle_type"": ""uniform_random"", ""word_order_preserved"": false}","{""fluency_checked"": false, ""label_consistent"": true, ""meaning_preserved"": false}",
49,CA_WORD_03_Jumbling,hi,विश्वास 2026 योजना ईपीएफ से जुड़े लंबित विवादों के समाधान के लिए शुरू की गई।,एनडीटीवी इंडिया की हिंदी रिपोर्ट विश्वास 2026 योजना को पीएफ से जुड़े लंबित विवादों के समाधान से जोड़ती है।,के लंबित 2026 के विश्वास योजना लिए समाधान से गई। की शुरू जुड़े ईपीएफ विवादों,,SUP,same_as_gold,word,"{""shuffle_type"": ""uniform_random"", ""word_order_preserved"": false}","{""fluency_checked"": false, ""label_consistent"": true, ""meaning_preserved"": false}",
50,CA_WORD_03_Jumbling,hi,हिमाचल सरकार ने आपदा राहत के लिए सभी सरकारी कर्मचारियों का एक महीने का वेतन अनिवार्य रूप से काटने की घोषणा की।,लेख में सरकारी कर्मचारियों के वेतन कटौती संबंधी किसी घोषणा का उल्लेख नहीं है।,लिए एक का सभी कर्मचारियों का वेतन अनिवार्य राहत सरकारी की। की ने घोषणा हिमाचल सरकार रूप महीने काटने से आपदा के,,NEI,same_as_gold,word,"{""shuffle_type"": ""uniform_random"", ""word_order_preserved"": false}","{""fluency_checked"": false, ""label_consistent"": true, ""meaning_preserved"": false}",
51,CA_WORD_03_Jumbling,hi,पंकज त्रिपाठी ने लोगों से भाजपा को वोट न देने की अपील की थी।,ऑल्ट न्यूज़ की जांच में वायरल वीडियो संपादित पाया गया। अभिनेता का मूल बयान अलग संदर्भ का था।,न पंकज भाजपा को अपील वोट ने से की त्रिपाठी की थी। लोगों देने,,REF,same_as_gold,word,"{""shuffle_type"": ""uniform_random"", ""word_order_preserved"": false}","{""fluency_checked"": false, ""label_consistent"": true, ""meaning_preserved"": false}",
52,CA_WORD_03_Jumbling,hi,एक अन्य मकान आपदा की चपेट में आया लेकिन समय रहते खाली कर देने से कोई जनहानि नहीं हुई।,लेख में मकान छोड़ देने के कारण जनहानि न होने की जानकारी दी गई है।,चपेट कोई जनहानि नहीं मकान समय खाली कर आपदा आया हुई। रहते अन्य लेकिन से एक की देने में,,SUP,same_as_gold,word,"{""shuffle_type"": ""uniform_random"", ""word_order_preserved"": false}","{""fluency_checked"": false, ""label_consistent"": true, ""meaning_preserved"": false}",
53,CA_WORD_03_Jumbling,hi,एग्रीजंक्शन योजना कृषि शिक्षा प्राप्त युवाओं को स्वरोजगार का अवसर देने के लिए है।,अमर उजाला की हिंदी रिपोर्ट में कृषि पढ़े युवाओं के स्वरोजगार के लिए एग्रीजंक्शन योजना का उल्लेख है।,शिक्षा युवाओं योजना प्राप्त को का अवसर देने लिए है। के एग्रीजंक्शन स्वरोजगार कृषि,,SUP,same_as_gold,word,"{""shuffle_type"": ""uniform_random"", ""word_order_preserved"": false}","{""fluency_checked"": false, ""label_consistent"": true, ""meaning_preserved"": false}",
54,CA_WORD_03_Jumbling,hi,पीएम विश्वकर्मा योजना 18 व्यवसायों से जुड़े कारीगरों और शिल्पकारों को सहायता प्रदान करती है।,पीआईबी हिंदी विज्ञप्ति में पीएम विश्वकर्मा योजना को 18 व्यवसायों में शामिल कारीगरों और शिल्पकारों को शुरू से अंत तक सहायता देने वाली योजना बताया गया है।,को कारीगरों और व्यवसायों विश्वकर्मा से है। योजना जुड़े 18 प्रदान शिल्पकारों सहायता पीएम करती,,SUP,same_as_gold,word,"{""shuffle_type"": ""uniform_random"", ""word_order_preserved"": false}","{""fluency_checked"": false, ""label_consistent"": true, ""meaning_preserved"": false}",
55,CA_WORD_03_Jumbling,hi,बैक्टीरियल मेनिनजाइटिस से बचने वाला हर व्यक्ति पूरी तरह पहले जैसा स्वस्थ हो जाता है।,डब्ल्यूएचओ के अनुसार बैक्टीरियल मेनिनजाइटिस से बचने वाले लगभग पांच में से एक व्यक्ति में दीर्घकालिक प्रभाव हो सकते हैं।,जैसा हर स्वस्थ वाला तरह बैक्टीरियल है। मेनिनजाइटिस पहले व्यक्ति से पूरी जाता हो बचने,,REF,same_as_gold,word,"{""shuffle_type"": ""uniform_random"", ""word_order_preserved"": false}","{""fluency_checked"": false, ""label_consistent"": true, ""meaning_preserved"": false}",
56,CA_WORD_03_Jumbling,hi,पीएम-किसान की 23वीं किस्त 20 जून 2026 को जारी की गई थी।,पीआईबी की हिंदी प्रेस नोट में पीएम-किसान की 23वीं किस्त 20 जून 2026 को पश्चिम बंगाल के हुगली जिले के ताड़केश्वर में जारी होने की जानकारी दी गई है।,2026 थी। की जून पीएम-किसान की जारी गई किस्त को 20 23वीं,,SUP,same_as_gold,word,"{""shuffle_type"": ""uniform_random"", ""word_order_preserved"": false}","{""fluency_checked"": false, ""label_consistent"": true, ""meaning_preserved"": false}",
57,CA_WORD_03_Jumbling,hi,लोकसभा चुनाव 2024 में महिला मतदाताओं की हिस्सेदारी 2019 की 48.09 प्रतिशत हिस्सेदारी से अधिक थी।,निर्वाचन आयोग के एटलस में महिला मतदाता हिस्सेदारी 2024 में 48.62 प्रतिशत और 2019 में 48.09 प्रतिशत बताई गई है।,में थी। अधिक प्रतिशत हिस्सेदारी की हिस्सेदारी से 48.09 लोकसभा 2024 महिला 2019 चुनाव की मतदाताओं,,SUP,same_as_gold,word,"{""shuffle_type"": ""uniform_random"", ""word_order_preserved"": false}","{""fluency_checked"": false, ""label_consistent"": true, ""meaning_preserved"": false}",
58,CA_WORD_03_Jumbling,hi,किशनगंज पुलिस ने साइबर फ्रॉड के मामले में चंदन कुमार मंडल को गिरफ्तार किया।,जांच में पुलिस ने पाया कि आरोपी के बैंक खाते का उपयोग साइबर ठगी की अवैध धनराशि के लेनदेन के लिए किया जा रहा था।,को में कुमार साइबर मंडल मामले गिरफ्तार चंदन फ्रॉड किया। ने किशनगंज पुलिस के,,SUP,same_as_gold,word,"{""shuffle_type"": ""uniform_random"", ""word_order_preserved"": false}","{""fluency_checked"": false, ""label_consistent"": true, ""meaning_preserved"": false}",
59,CA_WORD_03_Jumbling,hi,"पीएसजी की जीत के बाद पेरिस में नहीं भड़की हिंसा, 2022 का वीडियो भ्रामक दावे के साथ वायरल।","पेरिस हिंसा का वायरल वीडियो पीएसजी की जीत का नहीं, करीब तीन साल पुराना है। बीते कुछ दिनों पहले 30 मई की रात पेरिस सेंट-जेर्मां यानी (PSG) के चैंपियंस लीग खिताब जीतने के बाद फ्रांस की राजधानी पेरिस सहित कई इलाकों में भारी हिंसा और उपद्रव देखने को मिला था। असल में जश्न के माहौल के बीच हुड़दंगियों ने कई दुकानों में तोड़फोड़ की और उन्हें आग के हवाले कर दिया। साथ ही  दर्जनों गाड़ियों को भी नुकसान पहुँचाया। वहीं मामले में कार्रवाई करते हुए फ्रांसीसी पुलिस ने लगभग 780 लोगों को हिरासत में लिया। इसी हिंसा से जोड़ते हुए इंटरनेट पर एक वीडियो तेजी से वायरल हो रहा है, जिसमें सड़क पर पलटी हुई और धूं-धूं कर जलती हुई गाड़ियां नजर आ रही हैं। साथ ही उग्र भीड़ द्वारा एक बस, ट्राम स्टेशन पर तोड़फोड़ करते हुए दिखाया गया है। दावा किया जा रहा है कि यह उसी हिंसा का वीडियो है जो पीएसजी के चैंपियंस लीग जीतने के बाद पेरिस में भड़क उठी थी। वायरल वीडियो के कैप्शन लिखा गया है… येपेरिसकानज़ाराहैहूरोंकोप्यारकरनेवालोंनेनर्कबनादियाउसशहरकोजिसेदुनियाकासबसेरोमांटिकशहरकहाजाताथाफ्रांसकीकुलआबादी6करोड़हैऔरभारतकी140करोड़शुक्रमनाओकीभारतमेBJPऔरRSSहैनहींतोयहांयेजोकरतेवोनर्कसेभीबदतरहोता। फेसबुक पोस्ट।आर्काइव पोस्ट अनुसंधानसेपताचलताहैकि… हमने जांच की शुरुआत में वायरल वीडियो से फ्रेम लेकर उसे रिवर्स इमेज सर्च किया। परिणाम में हमें यहीं वीडियो ब्रूट के पत्रकाररेमी बुइसिनेके एक्स अकाउंट से 24 दिसंबर 2022 को पोस्ट किया हुआ मिला। कैप्शन के अनुसार, वीडियो को उस वक्त पेरिस में जारी तत्कालीन हिंसा के दौरान का बताया गया है। Chaos dans le centre de Paris, des véhicules retournés et incendiés. Affrontements en cours.pic.twitter.com/h5JvCTZo94 फिर हमेंब्रूट के ही फेसबुक अकाउंटसे 25 दिसंबर 2022 को अपलोड किया गया अन्य वीडियो मिला, जिसमें वायरल वीडियो से जुड़े दृश्य को देखा जा सकता है। यहां भी वीडियो को रेमी बुइसिने ने ही रिपोर्ट किया था। कैप्शन के अनुसार, पेरिस के कुर्दिश कल्चरल सेंटर के सामने हुए हमले के बाद हिंसा भड़कने की घटना बताया गया है। आगे और पड़ताल करने पर हमें एकफेसबुक पेजपर वायरल वीडियो का वो हिस्सा पोस्ट किया हुआ मिला,जिसमें भीड़ एक ट्राम स्टेशन को तोड़ती दिखाई दे रही है। वीडियो को 25 दिसंबर 2022 को अपलोड किया गया","वीडियो भ्रामक के के का भड़की की हिंसा, पीएसजी बाद 2022 पेरिस दावे जीत साथ वायरल। नहीं में",,REF,same_as_gold,word,"{""shuffle_type"": ""uniform_random"", ""word_order_preserved"": false}","{""fluency_checked"": false, ""label_consistent"": true, ""meaning_preserved"": false}",
60,CA_WORD_03_Jumbling,hi,समाजवादी पार्टी ने लोकसभा चुनाव 2024 में पीलीभीत से वरुण गांधी को टिकट देने वाली सूची जारी की थी।,बूम हिंदी की तथ्य-जांच में समाजवादी पार्टी के नाम से प्रसारित उस सूची को फर्जी बताया गया है जिसमें पीलीभीत से वरुण गांधी को टिकट मिलने का दावा था।,2024 में वरुण टिकट ने वाली समाजवादी की जारी चुनाव से देने को गांधी पीलीभीत लोकसभा पार्टी सूची थी।,,REF,same_as_gold,word,"{""shuffle_type"": ""uniform_random"", ""word_order_preserved"": false}","{""fluency_checked"": false, ""label_consistent"": true, ""meaning_preserved"": false}",
61,CA_WORD_03_Jumbling,hi,रिलैक्सेशन तकनीकें सभी चिंता विकारों में दवाओं जितनी प्रभावी हैं।,"एनसीसीआईएच के अनुसार रिलैक्सेशन तकनीकों से कुछ चिंता स्थितियों में लाभ हो सकता है, लेकिन सभी विकारों में दवाओं के बराबर प्रभाव स्थापित करने के लिए पर्याप्त साक्ष्य नहीं हैं।",विकारों प्रभावी चिंता में हैं। सभी जितनी दवाओं तकनीकें रिलैक्सेशन,,NEI,same_as_gold,word,"{""shuffle_type"": ""uniform_random"", ""word_order_preserved"": false}","{""fluency_checked"": false, ""label_consistent"": true, ""meaning_preserved"": false}",
62,CA_WORD_03_Jumbling,hi,"पंजाब के लुधियाना के समराला में हुई घटना का वीडियो, बंगाल की झूठी घटना बताकर फेक सांप्रदायिक दावे से वायरल…","बाइक सवार पर तलवार से हमला करता शख्स मुस्लिम नहीं है और न यह घटना बंगाल की है, भ्रामक है वायरल दावा। इंटरनेट पर काफी हैरान कर देने वाला वीडियो वायरल हुआ है। इसमें दिखाई दे रहा है कि एक बाइक सवार जो कहीं जा रहा होता है, तभी एक शख्स हाथ में तलवार लिए उसकी तरफ दौड़ता है और उस पर हमला कर देता है। तभी पास में खड़ी कुछ महिलाएं ये देखकर पीड़ित को बचाने दौड़ती हैं, तब तलवार लिया शख्स उन पर भी हमला कर देता है। यह वीडियो शेयर करते हुए दावा किया गया है कि घटना पश्चिम बंगाल की है, जहां पर एक मुस्लिम शख्स ने हिंदू बाइक सवार पर हमला किया। यह पोस्ट इस कैप्शन के साथ वायरल है… यहदेखलोहिन्दुओयहवीडियोपश्चिमबंगालमेंहिन्दुओंकीस्थितिकोदर्शातीहैकिवहाँहमारेहिन्दूकिसप्रकाररहरहेहैं,जहांहिन्दूघटेगामुसलमानबढ़ेगावहांहिन्दूकोइसीप्रकारकाटाजाएगाजागजाओहिन्दुओअपनीसंख्याकोघटनेमतदो फेसबुक पोस्ट।आर्काइव पोस्ट अनुसंधानसेपताचलताहैकि… हमने जांच की शुरुआत में वीडियो को गूगल लेंस से सर्च किया। परिणाम मेंद ट्रिब्यूनकी रिपोर्ट मिली, पता चला कि, लुधियाना के समराला की कपिला कॉलोनी में एक वकील और उनके परिवार पर उनके पड़ोसी ने ही तलवार से हमला कर दिया था। 11 अगस्त 2025 की सुबह लगभग 9:40 बजे वकील कुलतार सिंह जब बाइक से अपने दफ्तर के लिए निकल रहे थे, तभी उनके पड़ोसी बिल्लु ने उन पर हमला किया। आरोपी ने बचाव में आई पत्नी और मां पर भी वार किया, जिससे तीनों लोग घायल हो गए थें। सभी का समराला के सिविल अस्पताल में इलाज चल रहा है। वहीं मामले की सूचना पाकर मौके पर पहुंची पुलिस ने शिकायत के आधार पर केस दर्ज कर जांच शुरू कर दी। हमेंपंजाब न्यूज़के यूट्यूब चैनल पर इससे संबंधित वीडियो न्यूज मिली। इसमें हम वायरल सीसीटीवी फुटेज को भी देख सकते हैं। वीडियो न्यूज के अनुसार, मामला पंजाब के खन्ना का है, जहां कपिला कॉलोनी में रहने वाले एडवोकेट कुलतार सिंह, उनकी पत्नी मनप्रीत कौर और मां शरनजीत कौर पर उनके पड़ोसी बिल्लू ने तलवार से हमला ​कर दिया था। तीनों घायलों का अस्पताल में इलाज चल रहा है। समराला पुलिस ने केस दर्ज कर लिया है। हिन्दुस्तान टाइम्सरिपोर्ट बताती है कि तलवार लेकर हमला करने वाला सुरिंदर सिंह उर्फ बिल्लू ने हमला किया था।रिपोर्ट के अनुसार एएसआई दविंदर सिंह के हवाले से बताया कि पूरी घटना सीसीटीवी में कैद हो गई। आरोपी के खिलाफ हत","से बताकर के समराला वीडियो, फेक लुधियाना के का सांप्रदायिक घटना बंगाल की दावे वायरल… में पंजाब हुई घटना झूठी",,REF,same_as_gold,word,"{""shuffle_type"": ""uniform_random"", ""word_order_preserved"": false}","{""fluency_checked"": false, ""label_consistent"": true, ""meaning_preserved"": false}",
63,CA_WORD_03_Jumbling,hi,"नोएडा में श्रमिकों ने फिर से नहीं किया प्रदर्शन,  लाठीचार्ज का पुराना वीडियो वायरल….","नोएडा में फैक्ट्री वर्कर्स ने अपने वेतन और बोनस बढ़ाने की मांग को लेकर धरना-प्रदर्शन किया था।  हालांकि, बाद में यह प्रदर्शन हिंसक हो गया था। अब इसी प्रदर्शन के नाम पर एक वीडियो वायरल  किया जा रहा है। इस वीडियो में पुलिस को बेरहमी से लाठीचार्ज करते हुए देखा जा सकता है। वीडियो के साथ दावा किया जा रहा है कि नोएडा में श्रमिकों ने फिर से प्रदर्शन किया। वायरल वीडियो के साथ यूजर ने लिखा है- पुलिस के डंडे टूट गए लेकिन भाई का हौसला नहीं टूटा, देश में ऐसे नेता होने चाहिए, AC मैं बैठने वाले नहीं। नोएडा फेज 2 में करीब 1,000 से ज्यादा फैक्ट्री कर्मचारी वेतन, बोनस और शोषण के खिलाफ प्रदर्शन कर रहे थे। श्रमिक ₹20,000 न्यूनतम वेतन और 8 घंटे की शिफ्ट की मांग कर रहे थे जोहमारा संविधान ने दिया हुआ अधिकार है। उनका कहना था कि बढ़ती महंगाई के दौर में ₹11,000-₹13,000 की पगार में गुजारा करना असंभव है। जिसके बाद ये सब देख सकते है पुलिस कीड़े मकौड़े की तरह से जानता को मारती हैं। क्या हम कॉक्रोच है? फेसबुक।आर्काइव अनुसंधान से पता चलता है कि… पड़ताल की शुरुआत में हमने वायरल  वीडियो के तस्वीरों का रिवर्स इमेज सर्च किया, परिणाम में वायरल वीडियो  हमेंफेसबुकपेज पर मिला। अर्पित यादव ने 1 अक्टूबर 2020 को यह वीडियो  पोस्ट किया गया है। इससे यहां साफ है कि वीडियो हाल का नहीं है। पोस्ट करते हुए लिखा, “न डरेंगे न झुकेंगे। आज लखनऊ में। बहन हम शर्मिंदा हैं तेरे कातिल ज़िंदा हैं। आज लखनऊ में प्रदेश अध्यक्ष अरविंद गिरी जी के नेतृत्व में प्रदर्शन के दौरान…..गिरफ़्तार।” मिली जानकारी की मदद लेते हुए अधिक सर्च करने पर वायरल वीडियो हमेंसमाजवादी पार्टीके आधिकारिक फेसबुक पेज पर मिला। यहां पर  भी वीडियो 1 अक्टूबर 2020 को पोस्ट किया गया था। यह स्पष्ट है कि वायरल वीडियो नोएडा के हालिया घटनाक्रम से नहीं जुड़ा है। यह वीडियो वर्ष 2020 का है, जब सपा ने लखनऊ में हाथरस पीड़िता को इंसाफ दिलाने के लिए प्रदर्शन किया था। वेतन वृद्धि की मांग को लेकर श्रमिकों ने प्रदर्शन… दिल्ली के उपनगर नोएडा में, जहाँ 10,000 से अधिक कारखाने और सेवा इकाइयाँ हैं, सत्ताधारी दल के मन में लंबे समय से चले आ रहे डर को दूर कर देने वाले दृश्य देखने को मिले। तीन दिन पहले शुरू हुआ और अब विभिन्न क्षेत्रों में फैल चुका यह विद्रोह हजारों श्रमिकों को सड़कों पर","का फिर श्रमिकों वीडियो प्रदर्शन, नहीं पुराना में ने लाठीचार्ज नोएडा से वायरल…. किया",,REF,same_as_gold,word,"{""shuffle_type"": ""uniform_random"", ""word_order_preserved"": false}","{""fluency_checked"": false, ""label_consistent"": true, ""meaning_preserved"": false}",
64,CA_WORD_03_Jumbling,hi,अदरक के सप्लीमेंट ऑस्टियोआर्थराइटिस के दर्द में निश्चित लाभ देते हैं।,एनसीसीआईएच के अनुसार ऑस्टियोआर्थराइटिस और अन्य मांसपेशी-जोड़ दर्द में अदरक के लाभ स्पष्ट नहीं हैं; कुछ समीक्षाओं में साक्ष्य अपर्याप्त पाए गए हैं।,देते ऑस्टियोआर्थराइटिस अदरक में के दर्द हैं। के लाभ निश्चित सप्लीमेंट,,NEI,same_as_gold,word,"{""shuffle_type"": ""uniform_random"", ""word_order_preserved"": false}","{""fluency_checked"": false, ""label_consistent"": true, ""meaning_preserved"": false}",
65,CA_WORD_03_Jumbling,hi,एमएम कीरवानी ने महेश बाबू की फिल्म के लिए 5 महीने की तैयारी की।,"न्यूज़बाइट्स हिंदी की रिपोर्ट के अनुसार, दिग्गज संगीतकार एमएम कीरावनी, महेश बाबू अभिनीत और एसएस राजामौली की महत्वाकांक्षी एपिक फिल्म। खबर में यही जानकारी स्पष्ट रूप से दर्ज है।",महेश एमएम महीने के लिए फिल्म तैयारी कीरवानी 5 की बाबू ने की की।,,SUP,same_as_gold,word,"{""shuffle_type"": ""uniform_random"", ""word_order_preserved"": false}","{""fluency_checked"": false, ""label_consistent"": true, ""meaning_preserved"": false}",
66,CA_WORD_03_Jumbling,hi,प्रधानमंत्री स्वनिधि योजना के पुनर्गठन में स्ट्रीट वेंडरों के लिए यूपीआई-लिंक्ड क्रेडिट कार्ड सुविधा शामिल है।,आधिकारिक मंत्रिमंडल विज्ञप्ति में पीएम स्वनिधि के पुनर्गठन के अंतर्गत यूपीआई-लिंक्ड क्रेडिट कार्ड का उल्लेख है।,कार्ड के पुनर्गठन स्ट्रीट प्रधानमंत्री वेंडरों में स्वनिधि के सुविधा योजना शामिल है। यूपीआई-लिंक्ड क्रेडिट लिए,,SUP,same_as_gold,word,"{""shuffle_type"": ""uniform_random"", ""word_order_preserved"": false}","{""fluency_checked"": false, ""label_consistent"": true, ""meaning_preserved"": false}",
67,CA_WORD_03_Jumbling,hi,"प्रधानमंत्री किसान सम्मान निधि के अंतर्गत प्रत्येक पात्र किसान परिवार को प्रति वर्ष 6,000 रुपये की सहायता मिलती है।","पीआईबी की हिंदी विज्ञप्ति में पीएम-किसान को प्रत्येक पात्र किसान परिवार के लिए 6,000 रुपये वार्षिक सहायता वाली केंद्रीय क्षेत्र योजना बताया गया है।","को परिवार के निधि प्रति अंतर्गत की सहायता 6,000 वर्ष मिलती है। पात्र रुपये प्रत्येक सम्मान किसान प्रधानमंत्री किसान",,SUP,same_as_gold,word,"{""shuffle_type"": ""uniform_random"", ""word_order_preserved"": false}","{""fluency_checked"": false, ""label_consistent"": true, ""meaning_preserved"": false}",
68,CA_WORD_03_Jumbling,hi,लेख के अनुसार हैचरी कक्ष को कोई नुकसान नहीं पहुंचा और मछली बीज उत्पादन सामान्य रहा।,लेख में हैचरी कक्ष के पूरी तरह नष्ट होने का उल्लेख है।,को नुकसान लेख बीज पहुंचा सामान्य और कक्ष नहीं मछली हैचरी रहा। के उत्पादन अनुसार कोई,,REF,same_as_gold,word,"{""shuffle_type"": ""uniform_random"", ""word_order_preserved"": false}","{""fluency_checked"": false, ""label_consistent"": true, ""meaning_preserved"": false}",
69,CA_WORD_03_Jumbling,hi,मेनिनजाइटिस का टीका लेने के बाद किसी व्यक्ति को जीवन में कभी मेनिनजाइटिस नहीं हो सकता।,"विश्व स्वास्थ्य संगठन टीकों को लंबे समय की सुरक्षा का प्रभावी तरीका बताता है, लेकिन किसी भी कारण से जीवन भर शून्य जोखिम का दावा स्थापित नहीं करता।",नहीं सकता। किसी लेने टीका में को जीवन मेनिनजाइटिस का के व्यक्ति हो मेनिनजाइटिस बाद कभी,,NEI,same_as_gold,word,"{""shuffle_type"": ""uniform_random"", ""word_order_preserved"": false}","{""fluency_checked"": false, ""label_consistent"": true, ""meaning_preserved"": false}",
70,CA_WORD_03_Jumbling,hi,"17 जुलाई 2025 तक बिहार में 7,08,18,162 गणना प्रपत्र प्राप्त हुए थे, जो 89.7 प्रतिशत थे।","पीआईबी की विज्ञप्ति में प्राप्त गणना प्रपत्रों की संख्या 7,08,18,162 और प्रतिशत 89.7 बताया गया है।","जुलाई प्रतिशत 2025 हुए जो में गणना थे। तक थे, प्राप्त 89.7 7,08,18,162 17 प्रपत्र बिहार",,SUP,same_as_gold,word,"{""shuffle_type"": ""uniform_random"", ""word_order_preserved"": false}","{""fluency_checked"": false, ""label_consistent"": true, ""meaning_preserved"": false}",
71,CA_WORD_03_Jumbling,hi,"हिमाचल प्रदेश सरकार ने मानसून प्रभावित परिवारों के लिए ₹5,000 करोड़ के विशेष राहत पैकेज की घोषणा की।","लेख में किसी ₹5,000 करोड़ के विशेष राहत पैकेज का उल्लेख नहीं है।","के परिवारों घोषणा सरकार ₹5,000 की ने विशेष मानसून प्रदेश राहत लिए के की। करोड़ प्रभावित हिमाचल पैकेज",,NEI,same_as_gold,word,"{""shuffle_type"": ""uniform_random"", ""word_order_preserved"": false}","{""fluency_checked"": false, ""label_consistent"": true, ""meaning_preserved"": false}",
72,CA_WORD_03_Jumbling,hi,वर्ष 2024-25 का केंद्रीय बजट 23 जुलाई 2024 को प्रस्तुत किया गया।,संसदीय कार्य मंत्रालय की समीक्षा में वर्ष 2024-25 के केंद्रीय बजट को 23 जुलाई 2024 को प्रस्तुत किया जाना बताया गया है।,23 गया। 2024 बजट 2024-25 का किया वर्ष प्रस्तुत केंद्रीय जुलाई को,,SUP,same_as_gold,word,"{""shuffle_type"": ""uniform_random"", ""word_order_preserved"": false}","{""fluency_checked"": false, ""label_consistent"": true, ""meaning_preserved"": false}",
73,CA_WORD_03_Jumbling,hi,सनी देओल की 'बंटवारा 1947' का ट्रेलर जयपुर में रिलीज हुआ।,TV9 भारतवर्ष की खबर में इतना ही है कि सनी देओल की अपकमिंग फिल्म 'बटवारा 1947' के ट्रेलर लॉन्च को लेकर बड़ा अपडेट सामने आया है. शेष विवरण रिपोर्ट में नहीं है।,ट्रेलर का रिलीज जयपुर सनी हुआ। में देओल की 'बंटवारा 1947',,NEI,same_as_gold,word,"{""shuffle_type"": ""uniform_random"", ""word_order_preserved"": false}","{""fluency_checked"": false, ""label_consistent"": true, ""meaning_preserved"": false}",
74,CA_WORD_03_Jumbling,hi,सड़कें और घरों के आंगन कीचड़ से लथपथ थे।,लेख में कीचड़ से लथपथ सड़कें और आंगनों का वर्णन किया गया है।,कीचड़ घरों आंगन लथपथ सड़कें थे। और के से,,SUP,same_as_gold,word,"{""shuffle_type"": ""uniform_random"", ""word_order_preserved"": false}","{""fluency_checked"": false, ""label_consistent"": true, ""meaning_preserved"": false}",
75,CA_WORD_03_Jumbling,hi,ऑपरेशन सिंदूर पर विशेष चर्चा 28 और 29 जुलाई 2025 को लोकसभा में हुई।,पीआईबी की वर्षांत समीक्षा में ऑपरेशन सिंदूर पर लोकसभा में 28 और 29 जुलाई 2025 को विशेष चर्चा आयोजित होने की जानकारी है।,लोकसभा 28 हुई। ऑपरेशन चर्चा 29 को सिंदूर पर और में विशेष 2025 जुलाई,,SUP,same_as_gold,word,"{""shuffle_type"": ""uniform_random"", ""word_order_preserved"": false}","{""fluency_checked"": false, ""label_consistent"": true, ""meaning_preserved"": false}",
76,CA_WORD_03_Jumbling,hi,"CJP प्रोटेस्ट में पुलिस पिटाई का शिकार नहीं हुई यह महिला, कंबोडिया की इलाज पद्धति ‘स्क्रैचिंग द विंड’ का है वायरल वीडियो।","महिला के शरीर पर पुलिस की लाठी के निशान का दावा पूरी तरह फर्जी, एक पारंपरिक उपचार के दौरान हुए थे ये निशान। हाल ही में  20 जुलाई 2026 को दिल्ली के जंतर-मंतर पर सीजेपी प्रदर्शन के दौरान संसद मार्च निकाल रहे प्रदर्शनकारियों और पुलिस बलों के बीच तीखी झड़प हुई थी, जिसमें कुछ कई घायल हुए थे। इसी घटना के संदर्भ में सोशल मीडिया पर एक वीडियो वायरल किया जा रहा है, जिसमें एक महिला अपने गले और कंधे के निचले हिस्से पर बने गहरे लाल और बैंगनी रंग के चोट जैसे निशान दिखा रही है। दावा किया जा रहा है कि जंतर-मंतर पर सीजेपी के प्रदर्शन के दौरान दिल्ली पुलिस के जवानों ने इस महिला को इतनी बेरहमी से पीटा की उसके शरीर पर जख़्म के ऐसे निशान हो गए। वायरल वीडियो को यह कैप्शन लिखते हुए शेयर किया गया है… जंतरमंतरपरसरकारकेद्वाराजोगुंडेभेजेजारहेथेवोमहिलाओंकोंभीनहींछोड़रहेहै…सबूतदेखलीजिये..इसेकोईदलालमिडियानहींदिखायेगाऐसेहालात फेसबुक पोस्ट।आर्काइव पोस्ट अनुसंधानसेपताचलताहैकि… हमने जांच की शुरुआत में वायरल वीडियो से फ्रेम लेकर उसे गूगल लेंस से सर्च किया। परिणाम में हमें 25 फरवरी 2026 कोइंस्टाग्रामपर साझा किया गया एक पोस्ट मिला, जिसमें वायरल वीडियो से मेल खाती हुई तस्वीर को शेयर किया गया था। पोस्ट में दी गई जानकारी के मुताबिक, यह कंबोडिया में अपनाई जाने वाली एक पारंपरिक प्राकृतिक चिकित्सा प्रक्रिया से संबंधित तस्वीर है। इससे इतनी बात यहीं समझ आती है कि इसका सीजेपी के किसी भी प्रदर्शन से कोई संबंध है ही नहीं। फिर हमें वायरल क्लिप का मूल वर्जन कंबोडियाई इंस्टाग्राम यूजर@tolakityके अकाउंट पर 10 जनवरी 2026 को अपलोड किया हुआ मिला। इस पोस्ट के कैप्शन में यूजर ने खुद स्पष्ट किया है कि उनके साथ किसी भी तरह की हिंसा या मारपीट नहीं हुई। बल्कि यह सर्दी-जुकाम के इलाज के लिए अपनाया गया एक कंबोडियाई पारंपरिक तरीका है, जिसे स्क्रैचिंग द विंड कहा जाता है। पड़ताल में आगे हमें एकअन्य इंस्टाग्रामअकाउंट मिला, जिसके वीडियो में भी एक महिला को यही थेरेपी लेते देखा जा सकता है। पोस्ट के अनुसार, सर्दी, जुकाम और सिरदर्द से राहत पाने के लिए कंबोडिया में यह प्राकृतिक इलाज किया जाता है। इसमें त्वचा पर बाम या नारियल तेल चुपड़कर सिक्के या चम्मच की मदद से हल्के हाथों से रगड़ा जाता है। निष्कर्ष तथ्यों की जाँच से यह पता चलता है कि वा","की द वायरल हुई है यह पुलिस नहीं CJP ‘स्क्रैचिंग पिटाई का शिकार कंबोडिया महिला, प्रोटेस्ट में वीडियो। इलाज विंड’ का पद्धति",,REF,same_as_gold,word,"{""shuffle_type"": ""uniform_random"", ""word_order_preserved"": false}","{""fluency_checked"": false, ""label_consistent"": true, ""meaning_preserved"": false}",
77,CA_WORD_03_Jumbling,hi,26 जून 2024 को श्री ओम बिरला को ध्वनि मत से लोकसभा अध्यक्ष चुना गया।,पीआईबी की वर्षांत समीक्षा में 26 जून 2024 को लोकसभाध्यक्ष का चुनाव और श्री ओम बिरला के ध्वनि मत से चुने जाने की जानकारी है।,ध्वनि श्री लोकसभा को जून ओम चुना से 2024 मत अध्यक्ष गया। को 26 बिरला,,SUP,same_as_gold,word,"{""shuffle_type"": ""uniform_random"", ""word_order_preserved"": false}","{""fluency_checked"": false, ""label_consistent"": true, ""meaning_preserved"": false}",
78,CA_WORD_03_Jumbling,hi,"उषा उत्थुप ने नहीं मनाया टीएमसी की हार का जश्न, ‘दीदी’ गाने का वायरल वीडियो पुराना है।","सिंगर उषा उत्थुप का ‘दीदी’ गाना गाने वाला वायरल वीडियो पुराना, टीएमसी की हार के जश्न से सम्बंधित नहीं है वीडियो। बंगाल के विधानसभा चुनाव में टीएमसी को मिली हार से जोड़ते हुए गायिका उषा उत्थुप का एक वीडियो वायरल हो रहा है। इसमें वे बंगाली गाना ‘दीदी गो’ गाते नज़र आ रही है। यह वीडियो इस दावे से साझा किया जा रहा है कि उषा उत्थुप बंगाल चुनाव में टीएमसी को मिली हार और ममता बनर्जी की सरकार जाने का जश्न मना रही है। वायरल वीडियो के साथ कैप्शन लिखा गया है… “Didi Go”टीएमसीकीवसूलीसेपरेशानहोकरमुंबईशिफ़्टहोनेपरमजबूरउषाउत्थुपकोलकातालौटआयीहैंऔरदीदीकेजानेकोअपनेअंदाज़मेंसेलिब्रेटकररहीहैं फेसबुक पोस्ट।आर्काइव पोस्ट अनुसंधानसेपताचलताहैकि… हमने जांच की शुरुआत में यह देखा कि वायरल वीडियो मेंCreatvie Videoनाम के चैनल का लोगो है। इसे ही आधार बनाते हुए हमने खोज की जो हमें यूट्यूब चैनल तक ले गया। यहां पर 22 अक्टूबर 2022 को पूरा वर्जन अपलोड किया हुआ देख सकते हैं। वहीं वीडियो के साथ लिखे डिस्क्रिप्शन के अनुसार, यह पुलिस एथलीट क्लब द्वारा आयोजित एक कार्यक्रम का वीडियो है, जिसे कोलकाता के नजरूल मंच में आयोजित किया गया था। मूल वीडियो के एक दृश्य में पीछे स्क्रीन पर 31 जुलाई 2022 की तारीख भी दिखाई देती है जो साफ करती है कि यह वीडियो न तो हाल का है और न ही इसका पश्चिम बंगाल चुनाव के नतीजों से कोई संबंध है। इसके बाद हमें एकफेसबुक अकाउंटपर भी उषा उत्थुप के इस कार्यक्रम की तस्वीरें 8 अगस्त 2022 को अपलोड की हुई मिलीं। पोस्ट में मौजूद कैप्शन में इसे कोलकाता पुलिस एथलीट क्लब द्वारा आयोजित कार्यक्रम का बताया गया है। पड़ताल में हमने पाया कि उषा उत्थुप का यहहिट गाना‘दीदी’ साल 1992 में रिलीज हुआ था, जिसे रतन साहा ने लिखा और खालेद ने कम्पोज किया था। आगे की खोज में हमने पाया कि खुद गायिका उषा उत्थुप नेइंस्टाग्रामअकाउंट पर वायरल वीडियो का खंडन करते हुए बताया कि वायरल दावा फर्जी है। उन्होंने यह गाना करीब 25 साल पहले गाया था, जो बांग्ला में उनका सबसे हिट गाना रहा है। यह एक पुराना वीडियो है, जिसमें उनके गले में कोविड मास्क भी देखा जा सकता है। यह भी स्पष्ट किया गया कि उन्होंने कभी कोलकाता नहीं छोड़ा और वह पिछले 57 वर्षों से वहीं रह रही हैं। उनके द्वारा जारी एकअन्य खंडनमें स्पष्ट किया गया कि एक्स, इंस्टाग्राम और व्","उषा ‘दीदी’ का का उत्थुप टीएमसी हार गाने वायरल पुराना ने मनाया नहीं वीडियो है। की जश्न,",,REF,same_as_gold,word,"{""shuffle_type"": ""uniform_random"", ""word_order_preserved"": false}","{""fluency_checked"": false, ""label_consistent"": true, ""meaning_preserved"": false}",
79,CA_WORD_03_Jumbling,hi,शिवांगी जोशी ने इंस्टाग्राम लाइव में कहा कि वह अब कोई टीवी सीरियल नहीं करेंगी।,"हिंदुस्तान की रिपोर्ट में शिवांगी जोशी के नए प्रोजेक्ट और टीवी करियर पर बातचीत का जिक्र है, लेकिन टीवी छोड़ने का कोई बयान नहीं दिया गया। लेख में भविष्य में अलग-अलग भूमिकाएं करने की इच्छा बताई गई है।",कहा करेंगी। जोशी कि ने लाइव टीवी अब सीरियल नहीं में शिवांगी कोई वह इंस्टाग्राम,,REF,same_as_gold,word,"{""shuffle_type"": ""uniform_random"", ""word_order_preserved"": false}","{""fluency_checked"": false, ""label_consistent"": true, ""meaning_preserved"": false}",
80,CA_WORD_03_Jumbling,hi,अश्वगंधा महिलाओं में बांझपन के उपचार में प्रभावी है।,एनसीसीआईएच के अनुसार महिला बांझपन में अश्वगंधा की उपयोगिता निर्धारित करने के लिए पर्याप्त साक्ष्य उपलब्ध नहीं हैं।,उपचार प्रभावी में अश्वगंधा के महिलाओं है। बांझपन में,,NEI,same_as_gold,word,"{""shuffle_type"": ""uniform_random"", ""word_order_preserved"": false}","{""fluency_checked"": false, ""label_consistent"": true, ""meaning_preserved"": false}",
81,CA_WORD_03_Jumbling,hi,संयुक्त राष्ट्र ने कमल किशोर की नियुक्ति के साथ भारत को संयुक्त राष्ट्र सुरक्षा परिषद (UNSC) की स्थायी सदस्यता भी प्रदान कर दी।,लेख में सुरक्षा परिषद की स्थायी सदस्यता का कोई उल्लेख नहीं है।,राष्ट्र को भारत कर भी ने (UNSC) राष्ट्र संयुक्त नियुक्ति साथ किशोर कमल परिषद सदस्यता प्रदान स्थायी के संयुक्त की की दी। सुरक्षा,,NEI,same_as_gold,word,"{""shuffle_type"": ""uniform_random"", ""word_order_preserved"": false}","{""fluency_checked"": false, ""label_consistent"": true, ""meaning_preserved"": false}",
82,CA_WORD_03_Jumbling,hi,भारतीय वायुसेना ने उसी समय सभी फंसे श्रमिकों को हेलीकॉप्टर से सुरक्षित निकाल लिया था।,लेख में वायुसेना द्वारा सभी श्रमिकों को निकालने का कोई उल्लेख नहीं है।,सभी ने को से फंसे श्रमिकों वायुसेना सुरक्षित निकाल भारतीय हेलीकॉप्टर उसी था। लिया समय,,NEI,same_as_gold,word,"{""shuffle_type"": ""uniform_random"", ""word_order_preserved"": false}","{""fluency_checked"": false, ""label_consistent"": true, ""meaning_preserved"": false}",
83,CA_WORD_03_Jumbling,hi,वॉशिंगटन में आपातकाल लागू कर दिया गया और राज्यपाल बॉब फर्ग्यूसन ने लोगों को सतर्क रहने की अपील की।,लेख में आपातकाल लागू होने और राज्यपाल की अपील का उल्लेख है।,को राज्यपाल गया सतर्क आपातकाल लोगों और बॉब दिया ने की अपील फर्ग्यूसन कर लागू वॉशिंगटन की। में रहने,,SUP,same_as_gold,word,"{""shuffle_type"": ""uniform_random"", ""word_order_preserved"": false}","{""fluency_checked"": false, ""label_consistent"": true, ""meaning_preserved"": false}",
84,CA_WORD_03_Jumbling,hi,देहरादून और आसपास के क्षेत्रों में तेज हवा के साथ मूसलाधार बारिश हुई।,लेख में राजधानी और आसपास के क्षेत्रों में तेज हवा और बारिश का उल्लेख है।,बारिश हुई। देहरादून आसपास के तेज मूसलाधार के और क्षेत्रों हवा में साथ,,SUP,same_as_gold,word,"{""shuffle_type"": ""uniform_random"", ""word_order_preserved"": false}","{""fluency_checked"": false, ""label_consistent"": true, ""meaning_preserved"": false}",
85,CA_WORD_03_Jumbling,hi,अल्लू अर्जुन ने 800 करोड़ रुपये का निजी जेट खरीद लिया है।,"Newschecker Hindi ने वायरल पोस्ट की जांच में पाया कि जिन तस्वीरों को अल्लू अर्जुन का निजी जेट बताया गया, वे चार्टर सेवा और पुराने प्रमोशनल फोटो से जुड़ी थीं। अभिनेता के नाम पर 800 करोड़ के जेट की खरीद का कोई सार्वजनिक रिकॉर्ड नहीं मिला।",खरीद करोड़ जेट 800 है। का लिया रुपये निजी अर्जुन ने अल्लू,,REF,same_as_gold,word,"{""shuffle_type"": ""uniform_random"", ""word_order_preserved"": false}","{""fluency_checked"": false, ""label_consistent"": true, ""meaning_preserved"": false}",
86,CA_WORD_03_Jumbling,hi,विकसित भारत जी राम जी योजना में 125 दिन रोजगार की गारंटी का उल्लेख किया गया।,अमर उजाला की हिंदी रिपोर्ट में विकसित भारत जी राम जी योजना के तहत 125 दिन रोजगार की गारंटी लिखी है।,गारंटी किया राम गया। 125 योजना का में उल्लेख भारत विकसित जी की दिन रोजगार जी,,SUP,same_as_gold,word,"{""shuffle_type"": ""uniform_random"", ""word_order_preserved"": false}","{""fluency_checked"": false, ""label_consistent"": true, ""meaning_preserved"": false}",
87,CA_WORD_03_Jumbling,hi,"वजन घटाने के लिए हर वयस्क को प्रतिदिन ठीक 1,500 कैलोरी लेनी चाहिए।","डब्ल्यूएचओ ऊर्जा संतुलन और स्वस्थ आहार की चर्चा करता है, लेकिन सभी वयस्कों के लिए 1,500 कैलोरी का सार्वभौमिक लक्ष्य नहीं देता।","कैलोरी वयस्क लेनी ठीक को 1,500 घटाने हर के लिए चाहिए। प्रतिदिन वजन",,NEI,same_as_gold,word,"{""shuffle_type"": ""uniform_random"", ""word_order_preserved"": false}","{""fluency_checked"": false, ""label_consistent"": true, ""meaning_preserved"": false}",
88,CA_WORD_03_Jumbling,hi,अस्थमा से पीड़ित बच्चों को किसी भी तरह की शारीरिक गतिविधि या खेलकूद में भाग लेने से पूरी तरह बचना चाहिए।,"विश्व स्वास्थ्य संगठन के अनुसार, उचित चिकित्सा प्रबंधन के साथ अस्थमा से पीड़ित लोग व्यायाम और खेल सहित सामान्य शारीरिक गतिविधियों में भाग ले सकते हैं।",से चाहिए। बच्चों किसी पूरी या की अस्थमा गतिविधि भी को लेने में तरह से भाग शारीरिक बचना खेलकूद पीड़ित तरह,,REF,same_as_gold,word,"{""shuffle_type"": ""uniform_random"", ""word_order_preserved"": false}","{""fluency_checked"": false, ""label_consistent"": true, ""meaning_preserved"": false}",
89,CA_WORD_03_Jumbling,hi,"बांके बिहारी जी के दरबार में हाजिरी लगाते अखिलेश यादव की पुरानी तस्वीर, हाल के दिनों का बताकर वायरल।","सपा प्रमुख अखिलेश यादव की बांके बिहारी मंदिर में दर्शन की तस्वीर पुरानी है। अयोध्या के राम मंदिर में चढ़ावा और चंदा चोरी विवाद को लेकर रोज नए-नए खुलासे हो रहे हैं। इस बीच सोशल मीडिया पर सपा प्रमुख अखिलेश यादव की एक तस्वीर वायरल हो रही है, जिसमें वे एक मंदिर परिसर में पूजा करते हुए दिखाई दे रहे हैं। इस तस्वीर को साझा करते हुए दावा किया जा रहा है कि, अखिलेश हाल में वृंदावन के दौरे पर थें। पोस्ट के साथ कैप्शन लिखा गया है… ब्रेकिंग न्यूज़। अखिलेश यादव जी मथुरा में बांके बिहारी जी के दर्शन करते हुए जय श्री कृष्णा बोलो बांके बिहारी की जय राधा रानी की जय फेसबुक पोस्ट।आर्काइव पोस्ट अनुसंधानसेपताचलताहैकि… हमने जांच की शुरुआत में वायरल तस्वीर को गूगल लेंस से चेक किया। परिणाम में हमें यह तस्वीरभास्कर डॉट कॉमकी 28 अगस्त 2022 में प्रकाशित एक खबर में मिली। बताया गया था कि, “सपा के राष्ट्रीय अध्यक्ष और पूर्व मुख्यमंत्री अखिलेश यादव वृंदावन पहुंचे थे। यहां उन्होंने सबसे पहले यहां द ब्रज फाउंडेशन के अध्यक्ष विनीत नारायण से मुलाकात की। इसके बाद वह ठाकुर श्री बांके बिहारी मंदिर में दर्शन के लिए रवाना हो गए। उसके बाद देर शाम लखनऊ लौट गए थे।” फिर हमेंअखिलेश यादवके आधिकारिक यूट्यूब चैनल पर 29 अगस्त 2022 एक वीडियो अपलोड किया हुआ मिला जो वायरल वीडियो से मेल खा रहा था। हालांकि यहां वीडियो को दूसरे एंगल से दिखाया गया है।  साथ ही बताया गया था कि समाजवादी पार्टी के प्रमुख अखिलेश यादव वृंदावन में बांके बिहारी के दरबार में हाथ जोड़कर पहुंचे थें। न्यूज़ 18 यूपी/ उत्तराखंडके न्यूज़ रिपोर्ट में भी वायरल वीडियो के दृश्य दिखाई देते हैं, जिसे 29 अगस्त, 2022 को अपलोड किया गया था। वीडियो के साथ लिखे विवरण के अनुसार, “अखिलेश यादव ने वृंदावन के बांके बिहार मंदिर समेत कई मंदिरों में जाकर बांके बिहारी के दर्शन किए. इस दौरान उन्होंने लोगों के साथ संवाद भी किया इसके अलावा उन्होंने लोगों के साथ चाट का भी आनंद लिया।” इस संबंध में हमेंजागरण डॉट कॉमपर भी एक खबर मिली, जिसे 28 अगस्त 2022 को प्रकाशित किया गया था। बताया गया कि दिल्ली से सैफई जाते हुए अखिलेश यादव वृंदावन में करीब तीन घंटे रुके थे। वहां उन्होंने मंदिर में दर्शन किए थे। इसके अलावा हमने इंटरनेट पर संबंधित कीवर्ड्स के जरिए यह जांचने की कोशिश की कि क्या अख","में बिहारी का लगाते बताकर तस्वीर, के पुरानी दिनों जी यादव की हाल के दरबार अखिलेश वायरल। बांके हाजिरी",,REF,same_as_gold,word,"{""shuffle_type"": ""uniform_random"", ""word_order_preserved"": false}","{""fluency_checked"": false, ""label_consistent"": true, ""meaning_preserved"": false}",
90,CA_WORD_03_Jumbling,hi,"ग्राम प्रधान रजनी देवी ने बताया कि तेज बहाव से पंचायत भवन परिसर, शौचालय, संपर्क मार्ग और खेती की भूमि को नुकसान पहुंचा।",लेख में ग्राम प्रधान रजनी देवी का यही बयान दिया गया है।,"कि मार्ग बताया ग्राम प्रधान देवी तेज भूमि भवन से संपर्क खेती पहुंचा। की और नुकसान शौचालय, परिसर, ने पंचायत को रजनी बहाव",,SUP,same_as_gold,word,"{""shuffle_type"": ""uniform_random"", ""word_order_preserved"": false}","{""fluency_checked"": false, ""label_consistent"": true, ""meaning_preserved"": false}",
91,CA_WORD_03_Jumbling,hi,यमुनोत्री धाम में सीजन की पहली बर्फबारी हुई।,लेख में यमुनोत्री में पहली बर्फबारी होने की जानकारी दी गई है।,में धाम सीजन की हुई। बर्फबारी यमुनोत्री पहली,,SUP,same_as_gold,word,"{""shuffle_type"": ""uniform_random"", ""word_order_preserved"": false}","{""fluency_checked"": false, ""label_consistent"": true, ""meaning_preserved"": false}",
92,CA_WORD_03_Jumbling,hi,लोकसभा चुनाव 2024 के दूसरे चरण में शाम 7 बजे तक लगभग 60.96 प्रतिशत मतदान दर्ज किया गया।,पीआईबी की हिंदी विज्ञप्ति के अनुसार दूसरे चरण में शाम 7 बजे तक लगभग 60.96 प्रतिशत मतदान हुआ।,चुनाव 60.96 मतदान लगभग शाम 2024 तक 7 लोकसभा के प्रतिशत दूसरे दर्ज किया चरण बजे में गया।,,SUP,same_as_gold,word,"{""shuffle_type"": ""uniform_random"", ""word_order_preserved"": false}","{""fluency_checked"": false, ""label_consistent"": true, ""meaning_preserved"": false}",
93,CA_WORD_03_Jumbling,hi,लोकसभा चुनाव 2024 की वीवीपैट पर्चियां आंध्र प्रदेश में नष्ट कर दी गई थीं।,निर्वाचन आयोग के स्पष्टीकरण में कहा गया है कि लोकसभा चुनाव 2024 और आंध्र प्रदेश विधानसभा चुनाव की वीवीपैट पर्चियां नष्ट नहीं की गई थीं; वे नियमों के अनुसार संरक्षित रहती हैं।,कर प्रदेश वीवीपैट नष्ट आंध्र चुनाव 2024 दी लोकसभा में थीं। की पर्चियां गई,,REF,same_as_gold,word,"{""shuffle_type"": ""uniform_random"", ""word_order_preserved"": false}","{""fluency_checked"": false, ""label_consistent"": true, ""meaning_preserved"": false}",
94,CA_WORD_03_Jumbling,hi,सीबीआई ने अंतरराष्ट्रीय साइबर ठगी मामले में मुख्य आरोपी लाखन जगवानी को गिरफ्तार किया।,समाचार के अनुसार सीबीआई ने अमेरिकी नागरिकों से ठगी करने वाले अंतरराष्ट्रीय साइबर धोखाधड़ी गिरोह के मुख्य आरोपी लाखन जयप्रकाश जगवानी को गिरफ्तार किया।,को लाखन गिरफ्तार किया। मुख्य सीबीआई अंतरराष्ट्रीय में साइबर आरोपी ठगी मामले ने जगवानी,,SUP,same_as_gold,word,"{""shuffle_type"": ""uniform_random"", ""word_order_preserved"": false}","{""fluency_checked"": false, ""label_consistent"": true, ""meaning_preserved"": false}",
95,CA_WORD_03_Jumbling,hi,चोरी का यह वीडियो अयोध्या राम मंदिर का नहीं है। यह कर्नाटक के बेंगलुरु स्थित गली अंजनेय स्वामी मंदिर का पुराना मामला है।,"राम मंदिर में दान चोरी के नाम पर बेंगलुरु स्थित गली अंजनेय स्वामी मंदिर का वीडियो वायरल। इन दिनों अयोध्या स्थित राम मंदिर के दानपात्र और चढ़ावे में हुई चोरी का मामला गरमाया हुआ है। हालांकि उत्तर प्रदेश सरकार और SIT द्वारा मामले की जांच करते हुए आगे की कार्रवाई की जा रही है। इसी से जोड़ते हुए सोशल मीडिया पर एक वीडियो वायरल हो रहा है, जिसमें एक सीसीटीवी फुटेज में मंदिर में कुछ पुजारी नजर आ रहे हैं जो दान पेटी से पैसे चुरा रहे हैं। वीडियो शेयर करते हुए दावा किया जा रहा है कि यह राम मंदिर में हुई चोरी का वीडियो है। यूज़र ने वीडियो शेयर करते हुए कैप्शन लिखा है… राममंदिरमेंकिसतरहदानकेपैसाकाचोरीकररहाहै,उसकासीसीटीवीफुटेजविडियोवायरलहोगयाहै। फेसबुक पोस्ट।आर्काइव पोस्ट अनुसंधानसेपताचलताहैकि… हमने जांच की शुरुआत में वीडियो के फ्रेम लेकर उसे गूगल लेंस से सर्च किया। परिणाम में हमेंTv9 Kannadaके यूट्यूब चैनल पर वायरल वीडियो मिला। यहां पर इस वीडियो को 27 सिंतबर 2024 को साझा किया गया है। इसके साथ लिखे कैप्शन के अनुसार, वीडियो गली अंजनेय मंदिर से पैसे की चोरी का बताया गया है। अब हमेंलोकमत टाइम्सके इंस्टाग्राम अकाउंट से 1 अक्टूबर 2024 को पोस्ट किया हुआ मिला, जिसमें वायरल क्लिप को भी देखा जा सकता है। यहां मौजूद जानकारी के अनुसार, वीडियो बेंगलुरु के गली आंजनेय स्वामी मंदिर का है, जिसमें मंदिर के दो सदस्यों को दान के रुपये उठाते हुए दिखाया गया है। इसके बाद हमेंइंडिया टुडेकी 30 सितंबर 2024 की एक रिपोर्ट मिली, जिसमें वायरल वीडियो के दृश्य दिखाई देते हैं। इसके अनुसार, यह फुटेज बेंगलुरु के अंजनेय स्वामी मंदिर का है, जहां दान राशि की गिनती के दौरान पैसे चोरी किए जाने के कई वीडियो सामने आए थे। रिपोर्ट में अधिकारियों के हवाले से बताया गया कि वायरल फुटेज के आधार पर जुलाई 2024 में एक एफआईआर भी दर्ज की गई थी। ‘बंगलौर मिरर’की 27 सितंबर 2024 की रिपोर्ट के मुताबिक, सोशल मीडिया पर गली आंजनेय स्वामी मंदिर में दान की चोरी का एक सीसीटीवी फुटेज जमकर वायरल हुआ, जिसमें साफ दिख रहा था कि दान के पैसे गिनने वाला एक सुपरवाइजर, वहां बैठे एक शख्स को नोटों का बंडल थमाता है और वह शख्स निगरानी रखने की जिम्मेदारी होने के बावजूद उस बंडल को चुपचाप अपनी जेब में रख लेता है।इस पूरे मामले पर मंदिर के मुख्य पुजारी रामचंद्र",बेंगलुरु यह चोरी यह स्वामी है। का मामला अयोध्या कर्नाटक नहीं मंदिर है। के पुराना का राम अंजनेय गली मंदिर स्थित वीडियो का,,REF,same_as_gold,word,"{""shuffle_type"": ""uniform_random"", ""word_order_preserved"": false}","{""fluency_checked"": false, ""label_consistent"": true, ""meaning_preserved"": false}",
96,CA_WORD_03_Jumbling,hi,अंतर्राष्ट्रीय चुनाव आगंतुक कार्यक्रम के प्रतिनिधियों ने छह राज्यों और केंद्रशासित प्रदेशों में चुनावी तैयारी तथा मतदान देखा था।,पीआईबी के अनुसार आईईवीपी प्रतिनिधियों ने छह राज्यों/केंद्रशासित प्रदेशों में तैयारी कार्य सहित मतदान प्रक्रिया का अवलोकन किया।,कार्यक्रम में अंतर्राष्ट्रीय छह के चुनावी ने मतदान तथा प्रतिनिधियों चुनाव था। राज्यों केंद्रशासित प्रदेशों और देखा तैयारी आगंतुक,,SUP,same_as_gold,word,"{""shuffle_type"": ""uniform_random"", ""word_order_preserved"": false}","{""fluency_checked"": false, ""label_consistent"": true, ""meaning_preserved"": false}",
97,CA_WORD_03_Jumbling,hi,"केरल में रेप करने पर बेटियों ने नहीं काटा अपने पिता का प्राइवेट पार्ट, बांग्लादेश की घटना गलत दावे से वायरल…","सोशल मीडिया पर एक वीडियो तेज़ी से शेयर किया जा रहा है, जिसमें दावा किया गया है कि केरल में तीन बेटियों ने अपने साथ हुए यौन शोषण का बदला लेने के लिए अपने पिता के गुप्तांग काट दिए। वायरल वीडियो 3 मिनट 46 सेकेंड का है, जिसमें खून से लथपथ एक व्यक्ति चीखता हुआ एक घर से निकलता है। इस दौरान वहां लोग गुस्से में दिख रही एक महिला को पहले रोकने की कोशिश करते हैं और फिर बाद में उसके साथ मारपीट करते हुए भी दिखाई देते हैं। वीडियोकेसाथआपत्तिजनककैप्शनलिखागयाहै,जिसकाहमयहांउल्लेखनहींकररहेहैं।लिंकपरक्लिककरपोस्टकेकैप्शनदेखसकतेहैं। फेसबुक।आर्काइव अनुसंधान से पता चलता है कि… पड़ताल की शुरुआत में हमने वायरल  वीडियो के तस्वीरों का रिवर्स इमेज सर्च किया, परिणाम में वायरल वीडियो से  मिलता-जुलता वीडियो हमें ‘North Bangla News’ नाम के फेसबुक पेज पर मिला। बांग्ला भाषा में मौजूद जानकारी के अनुसार, वीडियो बांग्लादेश के फरीदपुर के भांगा में हुई एक घटना का है, जब एक पत्नी ने सोते हुए अपने पति का गुप्तांग काट दिया। इसके बाद स्थानीय लोगों ने उसे पुलिस के हवाले कर दिया। मिली जानकारी की मदद लेते हुए अधिक सर्च करने पर हमेंबांग्लादेशी मीडिया  की रिपोर्ट मिली। इन रिपोर्टों से पुष्टि होती है कि ये विज़ुअल्स भारत के नहीं हैं, बल्कि बांग्लादेश के फरीदपुर ज़िले के भांगा उपज़िला में हुई एक घटना के हैं। वहीं अन्य एक मीडिया रिपोर्ट केअनुसार29 जून 2026 को भांगा उपजिला के होगलाडांगी सदरडी क्षेत्र की निवासी सुमैया अख्तर सुमी नाम की एक महिला ने अपने पति हनीफ शेख के गुप्तांग को ब्लेड से काट दिया था। स्थानीय लोगों ने देखा कि हमले के बाद हनीफ़ का बहुत खून बह रहा था, उन्होंने मदद के लिए पुकारा और उसे इलाज के लिए स्थानीय अस्पताल ले गए। स्थानीयसमाचार रिपोर्ट के अनुसार 29 जून 2026 को भांगा उपजिला के होगलाडांगी सदरडी क्षेत्र की निवासी सुमैया अख्तर सुमी नाम की एक महिला ने अपने पति हनीफ शेख के गुप्तांग को ब्लेड से काट दिया।  सूचना मिलने पर भांगा पुलिस ने आरोपी सुमी को हिरासत में ले लिया। हमें दावे से जुड़ी एक रिपोर्ट बांग्लादेशी न्यूज वेबसाइट‘ajker patrika’पर भी मिली।  29 जून 2026 को प्रकाशित  रिपोर्ट के अनुसार, घटना बांग्लादेश के फरीदपुर के भांगा जिले के होगलाडांगी सदरडी गांव की है। घायल व्यक्ति का नाम हनीफ शेख है और आरोपी म","पर की पिता वायरल… से घटना प्राइवेट करने नहीं बांग्लादेश केरल का ने रेप पार्ट, गलत काटा बेटियों दावे अपने में",,REF,same_as_gold,word,"{""shuffle_type"": ""uniform_random"", ""word_order_preserved"": false}","{""fluency_checked"": false, ""label_consistent"": true, ""meaning_preserved"": false}",
98,CA_WORD_03_Jumbling,hi,साल्मोनेला जैसे हानिकारक बैक्टीरिया को नष्ट करने के लिए कच्चे चिकन को पकाने से पहले पानी से अच्छी तरह धोना आवश्यक है।,"सीडीसी (सीडीसी) कच्चे चिकन या मांस को धोने से सख्त मना करता है, क्योंकि धोने से बैक्टीरिया रसोई के अन्य बर्तनों और सतहों पर फैल सकते हैं; उन्हें केवल पकाने से ही मारा जा सकता है।",बैक्टीरिया साल्मोनेला नष्ट पहले को पकाने है। लिए जैसे तरह हानिकारक से पानी करने धोना कच्चे के चिकन से को अच्छी आवश्यक,,REF,same_as_gold,word,"{""shuffle_type"": ""uniform_random"", ""word_order_preserved"": false}","{""fluency_checked"": false, ""label_consistent"": true, ""meaning_preserved"": false}",
99,CA_WORD_03_Jumbling,hi,बंगाल में टूटी हुई मूर्तियों की तस्वीरें फर्जी सांप्रदायिक दावे से वायरल…,"इस घटना में कोई भी सांप्रदायिक एंगल नहीं है। वायरल दावा फर्जी है। इंटरनेट पर जमीन पर गिरी हुई कई टूटी-फूटी अर्धनिर्मित मूर्तियों की तस्वीर वायरल हो रही है, जिसे साझा करते हुए दावा किया जा रहा है कि पश्चिम बंगाल में हिन्दुओं की आस्था के साथ खिलवाड़ करते हुए सांप्रदायिक हमले किए जा रहे हैं और इसलिए ही इन मूर्तियों को भी बेरहमी से तोड़ दिया गया। पोस्ट के साथ कैप्शन में लिखा गया है… बंगाल जिहादियों का गढ़ हो गया है !बंगाल में तोड़ी गयी मां सरस्वती की प्रतिमा।ममता बनर्जी लगातार कर रही हिंदू धर्म का अपमान !हिंदू विरोधी ममता सरकार हिंदू आस्था से करती है खिलवाड़! पश्चिम बंगाल में देवी सरस्वती की मूर्तियों को किया गया क्षतिग्रस्त !ममता सरकार मुस्लिम तुष्टिकरण और मजहबी वोटबैंक की राजनीति में लीन। बंगाल में लगातार हिंदू आस्था के साथ लगातार हो रहा खिलवाड़। फेसबुक पोस्ट।आर्काइव पोस्ट अनुसंधानसेपताचलताहैकि… हमने जांच की शुरुआत में सबसे पहले गूगल पर संबंधित कीवर्ड से ढूंढना शुरु किया। परिणाम में हमेंआजतक बांग्लाकी वेबसाइट पर 7 जनवरी 2026 को प्रकाशित की हुई एक रिपोर्ट मिली। इसमें बताया गया था कि यह घटना पश्चिम बंगाल के नादिया जिले के शांतिपुर थाना क्षेत्र में हुई थी, जहां मूर्ति बनाने का काम करने वाले जयंत दास के कारखाने में किसी ने 60-70 मूर्तियों को तोड़ दिया था और इनमें से अधिकांश मूर्तियां मां काली और सरस्वती की थीं। घटना की जांच करने में मौके से मिले सीसीटीवी फुटेज के अनुसार, अमित और असित नाम के व्यक्तियों की संलिप्तता सामने आई थी। इसके बाद शांतिपुर पुलिस ने इस मामले की जांच शुरू की। इस बारे मेंआजतक बांग्लाके यूट्यूब चैनल पर भी वीडियो रिपोर्ट अपलोड किये गए हैं। फिर हमें 8 जनवरी 2025 को प्रकाशितटाइम्स ऑफ़ इंडियाकी वेबसाइट पर रिपोर्ट मिली। इसमें बताया गया था कि जयंत दास ने मूर्ति तोड़फोड़ की शिकायत की और उन्होंने दावा किया कि उनके कारखाने के पास लगे सीसीटीवी फुटेज में अमित डे और असित डे की संलिप्तता पाई गई। शांतिपुर पुलिस के अनुसार दोनों इस घटना को अंजाम देते समय नशे में थे और फ़िलहाल दोनों फरार हैं। ईटीवी भारत बांग्लाकी रिपोर्ट के मुताबिक, पश्चिम बंगाल के नादिया जिले स्थित शांतिपुर में एक मिट्टी के बर्तन बनाने की वर्कशॉप में हिंदू देवी-देवताओं काली और सरस्वती की कई मूर्तियों के",बंगाल टूटी की से दावे मूर्तियों हुई फर्जी वायरल… में तस्वीरें सांप्रदायिक,,REF,same_as_gold,word,"{""shuffle_type"": ""uniform_random"", ""word_order_preserved"": false}","{""fluency_checked"": false, ""label_consistent"": true, ""meaning_preserved"": false}",
100,CA_WORD_03_Jumbling,hi,खुशाली कुमार ने महेश मांजरेकर से एक्टिंग सीखी।,प्रभात खबर की खबर में कहा गया है कि खुशाली कुमार ने 'दुल्हनिया ले आएगी' में महेश मांजरेकर के साथ काम करने के अपने यादगार अनुभव को साझा किया.,से मांजरेकर खुशाली महेश ने एक्टिंग कुमार सीखी।,,SUP,same_as_gold,word,"{""shuffle_type"": ""uniform_random"", ""word_order_preserved"": false}","{""fluency_checked"": false, ""label_consistent"": true, ""meaning_preserved"": false}",
101,CA_WORD_03_Jumbling,hi,सोया सप्लीमेंट ऑस्टियोपोरोसिस को रोकते हैं।,"एनसीसीआईएच के अनुसार सोया आइसोफ्लेवोन और हड्डी स्वास्थ्य पर अध्ययन हुए हैं, लेकिन ऑस्टियोपोरोसिस रोकथाम के लिए निष्कर्ष पर्याप्त रूप से स्थापित नहीं हैं।",हैं। ऑस्टियोपोरोसिस को सप्लीमेंट सोया रोकते,,NEI,same_as_gold,word,"{""shuffle_type"": ""uniform_random"", ""word_order_preserved"": false}","{""fluency_checked"": false, ""label_consistent"": true, ""meaning_preserved"": false}",
102,CA_WORD_03_Jumbling,hi,खसरे का टीका लेने वाला कोई व्यक्ति कभी खसरे से संक्रमित नहीं हो सकता।,"डब्ल्यूएचओ टीकाकरण को अत्यंत प्रभावी रोकथाम उपाय बताता है, लेकिन हर व्यक्ति के लिए संक्रमण की संभावना शून्य होने की गारंटी नहीं देता।",कोई व्यक्ति टीका हो सकता। खसरे वाला खसरे नहीं लेने का संक्रमित से कभी,,NEI,same_as_gold,word,"{""shuffle_type"": ""uniform_random"", ""word_order_preserved"": false}","{""fluency_checked"": false, ""label_consistent"": true, ""meaning_preserved"": false}",
103,CA_WORD_03_Jumbling,hi,मतदान न करने पर लोकसभा चुनाव 2024 में मतदाता के खाते से 350 रुपये काटे जाते हैं।,निर्वाचन आयोग ने इस वायरल दावे को असत्य बताया है और कहा है कि भारत में अनिवार्य मतदान की कोई अवधारणा नहीं है।,मतदान करने जाते के लोकसभा 2024 रुपये मतदाता से न पर चुनाव खाते 350 में हैं। काटे,,REF,same_as_gold,word,"{""shuffle_type"": ""uniform_random"", ""word_order_preserved"": false}","{""fluency_checked"": false, ""label_consistent"": true, ""meaning_preserved"": false}",
104,CA_WORD_03_Jumbling,hi,पंकज त्रिपाठी को IFFM 2026 में सम्मानित किया जाएगा।,"अमर उजाला की रिपोर्ट के अनुसार, IFFM 2026: इंडियन फिल्म फेस्टिवल ऑफ मेलबर्न (IFFM) 2026 में पंकज त्रिपाठी सम्मानित होंगे। भारतीय सिनेमा में अपने योगदान के लिए। खबर में यही जानकारी स्पष्ट रूप से दर्ज है।",किया IFFM को में पंकज सम्मानित त्रिपाठी जाएगा। 2026,,SUP,same_as_gold,word,"{""shuffle_type"": ""uniform_random"", ""word_order_preserved"": false}","{""fluency_checked"": false, ""label_consistent"": true, ""meaning_preserved"": false}",
105,CA_WORD_03_Jumbling,hi,वैक्सीन में मौजूद थायोमर्सल ऑटिज्म का कारण बनता है।,विश्व स्वास्थ्य संगठन के अनुसार व्यापक शोध में वैक्सीन में प्रयुक्त थायोमर्सल की छोटी मात्रा और ऑटिज्म या अन्य न्यूरोडेवलपमेंटल विकारों के बीच संबंध नहीं पाया गया।,मौजूद थायोमर्सल का में कारण वैक्सीन बनता ऑटिज्म है।,,REF,same_as_gold,word,"{""shuffle_type"": ""uniform_random"", ""word_order_preserved"": false}","{""fluency_checked"": false, ""label_consistent"": true, ""meaning_preserved"": false}",
106,CA_WORD_03_Jumbling,hi,उत्तराखंड सरकार ने हरिद्वार के आपदा प्रभावित किसानों के लिए नए 500 करोड़ रुपये के विशेष राहत पैकेज की घोषणा की।,लेख में ऐसे किसी विशेष राहत पैकेज या नई वित्तीय घोषणा का उल्लेख नहीं है।,किसानों प्रभावित रुपये आपदा उत्तराखंड के करोड़ के की। लिए राहत हरिद्वार घोषणा पैकेज विशेष नए सरकार की के 500 ने,,NEI,same_as_gold,word,"{""shuffle_type"": ""uniform_random"", ""word_order_preserved"": false}","{""fluency_checked"": false, ""label_consistent"": true, ""meaning_preserved"": false}",
107,CA_WORD_03_Jumbling,hi,"पीएम-किसान की सहायता 2,000 रुपये की तीन समान किस्तों में आधार-संबद्ध बैंक खातों में भेजी जाती है।","पीआईबी हिंदी पृष्ठ में पीएम-किसान की 6,000 रुपये वार्षिक सहायता को 2,000 रुपये की तीन किस्तों में डीबीटी से भेजने की जानकारी है।","में सहायता खातों तीन समान की जाती किस्तों बैंक पीएम-किसान आधार-संबद्ध में 2,000 भेजी है। की रुपये",,SUP,same_as_gold,word,"{""shuffle_type"": ""uniform_random"", ""word_order_preserved"": false}","{""fluency_checked"": false, ""label_consistent"": true, ""meaning_preserved"": false}",
108,CA_WORD_03_Jumbling,hi,"प्रयागराज में हिंसा के आरोप में पकड़े गए उपद्रवियों का वीडियो नहीं है,दावा फर्जी….","प्रयागराज के इसौटा गांव में 29 जून को हुई हिंसा के मामले में पुलिस ने अब तक 85 आरोपियों को गिरफ्तार कर लिया है। इसी संदर्भ में सोशल मीडिया पर एक वीडियो वायरल हो रहा हैं, जिसमें दिखाई दे रहा है कि  पुलिसकर्मी कुछ ज़ख़्मी युवकों को कहीं ले जा रही हैं। वहीं वीडियो में युवकों के हाथ और सिर पर पट्टियां बंधी हैं और वो सभी ठीक से चल भी नहीं पा रहे हैं। यह वीडियो शेयर करते हुए दावा किया जा रहा हैं कि यूपी पुलिस ने दंगा करने वाले चंद्र शेखर आजाद के समर्थकों की पिटाई कर ये हाल किया है। वायरल वीडियो के साथ यूजर ने लिखा है- प्रयागराज में चंद्रशेखर रावण के समर्थन में दंगा करने वालों का हाल देख लो..रावण समर्थक को यूपी पुलिस रेल बना रही है! फेसबुक।आर्काइव अनुसंधान से पता चलता है कि… पड़ताल की शुरुआत में हमने वायरल वीडियो के कुछ तस्वीरों का रिवर्स इमेज सर्च किया। परिणाम में वायरल वीडियो हमें 5 जून कोएक्स हैंडलपर मिला। जिनमें इसे श्रीगंगानगर का बताया गया है। साथ में लिखा है कि श्रीगंगानगर में रंगदारी करने वाले चार बदमाशों को पुलिस ने रंगे हाथ गिरफ्तार किया, ये बदमाश गैंगस्टरों के नाम पर एक व्यापारी से रंगदारी की मांग कर रहे थे। 🔴 श्रीगंगानगर ब्रेकिंग न्यूज़ 🔴रंगे हाथों पकड़ी गई रंगदारी गैंग, 4 बदमाश गिरफ्तार!🚨 गैंगस्टरों के नाम पर व्यापारी से माँगे थे ₹5 लाख🚓 लग्जरी फॉर्च्यूनर में आए बदमाशों को पुलिस ने किया दबोच#RangdariGang#SriganganagarPolice#BreakingNews#GangstersCaught#DIGGauravYadavpic.twitter.com/nqgzJs0C0Z जांच में हमें गंगानगर पुलिस का  एकX पोस्टमिला जिसमें इस मामले से जुड़ी अखबार की एक कटिंग शेयर की गई है। अखबार क्लिप में वीडियो में दिख रहे चारों आरोपी मौजूद थे । रिपोर्ट में बताया गया कि श्रीगंगानगर के एक प्रतिष्ठित व्यापारी को गैंगस्टरों के नाम पर जान से मारने की धमकी देकर रंगदारी मांगने वाले चार खतरनाक बदमाशों को पुलिस ने एक सुनियोजित योजना के तहत रंगे हाथों गिरफ्तार किया। आरोपियों से पांच लाख रुपये की फिरौती की रकम भी बरामद की गई है। रिपोर्ट्स के मुताबिक, व्यापारी के मुनीम और भतीजे ने ही रंगदारी की साजिश रची थी। पुलिस ने बदमाशों को पकड़ने के लिए जाल बिछाया था। जब रंगदार, व्यापारी की दुकान पर उससे पांच लाख की वसूली करने आए, तब पुलिस की टीम ने उन्हें रंगे हाथ पकड़ लिया। p","गए उपद्रवियों वीडियो पकड़े के में आरोप नहीं हिंसा में प्रयागराज का फर्जी…. है,दावा",,REF,same_as_gold,word,"{""shuffle_type"": ""uniform_random"", ""word_order_preserved"": false}","{""fluency_checked"": false, ""label_consistent"": true, ""meaning_preserved"": false}",
109,CA_WORD_03_Jumbling,hi,अधिक वजन का जोखिम केवल आहार से निर्धारित होता है।,डब्ल्यूएचओ नियमित शारीरिक गतिविधि को अधिक वजन और मोटापे के जोखिम को कम करने के उपायों में शामिल करता है।,जोखिम निर्धारित है। से आहार वजन होता केवल का अधिक,,REF,same_as_gold,word,"{""shuffle_type"": ""uniform_random"", ""word_order_preserved"": false}","{""fluency_checked"": false, ""label_consistent"": true, ""meaning_preserved"": false}",
110,CA_WORD_03_Jumbling,hi,मुस्लिम शख्स के पुलिस को धमकाने के दावे से वायरल यह वीडियो स्क्रिप्टेड है।,"विश्वास न्यूज़ के अनुसार, पुलिसकर्मी से बदतमीजी करने के दावे से वायरल मुस्लिम टोपी पहने शख्स का वीडियो असली घटना का नहीं, बल्कि स्क्रिप्टेड है, जिसे कलाकारों ने मिलकर बनाया है।",से पुलिस वायरल शख्स मुस्लिम है। यह स्क्रिप्टेड दावे के धमकाने के वीडियो को,,SUP,same_as_gold,word,"{""shuffle_type"": ""uniform_random"", ""word_order_preserved"": false}","{""fluency_checked"": false, ""label_consistent"": true, ""meaning_preserved"": false}",
111,CA_WORD_03_Jumbling,hi,मिथक बनाम वास्तविकता रजिस्टर केवल चुनाव परिणाम घोषित होने के बाद शुरू किया गया था।,पीआईबी की विज्ञप्ति में रजिस्टर को जारी आम चुनाव 2024 के दौरान 2 अप्रैल 2024 को शुरू किया गया बताया गया है।,शुरू होने वास्तविकता बाद रजिस्टर किया केवल गया के था। बनाम घोषित मिथक परिणाम चुनाव,,REF,same_as_gold,word,"{""shuffle_type"": ""uniform_random"", ""word_order_preserved"": false}","{""fluency_checked"": false, ""label_consistent"": true, ""meaning_preserved"": false}",
112,CA_WORD_03_Jumbling,hi,आयुष्मान भारत-प्रधानमंत्री जन आरोग्य योजना 2018 में शुरू की गई थी।,पीआईबी की हिंदी पृष्ठभूमि सामग्री में सरकार द्वारा वर्ष 2018 में एबी-पीएमजेएवाई शुरू करने की जानकारी दी गई है।,थी। की शुरू 2018 भारत-प्रधानमंत्री आयुष्मान में जन गई योजना आरोग्य,,SUP,same_as_gold,word,"{""shuffle_type"": ""uniform_random"", ""word_order_preserved"": false}","{""fluency_checked"": false, ""label_consistent"": true, ""meaning_preserved"": false}",
113,CA_WORD_03_Jumbling,hi,गिरिडीह पुलिस ने बिराजपुर जंगल से दो साइबर अपराधियों को गिरफ्तार किया।,पुलिस ने दो आरोपियों को गिरफ्तार कर आठ मोबाइल और सात सिम कार्ड बरामद किए।,जंगल साइबर किया। बिराजपुर को ने दो गिरिडीह से गिरफ्तार अपराधियों पुलिस,,SUP,same_as_gold,word,"{""shuffle_type"": ""uniform_random"", ""word_order_preserved"": false}","{""fluency_checked"": false, ""label_consistent"": true, ""meaning_preserved"": false}",
114,CA_WORD_03_Jumbling,hi,दीनदयाल अंत्योदय योजना-राष्ट्रीय ग्रामीण आजीविका मिशन के अंतर्गत 1.49 लाख बैंकिंग कॉरस्पोंडेंट सखी का उल्लेख है।,पीआईबी की हिंदी सामग्री में डीएवाई-एनआरएलएम के तहत 1.49 लाख बीसी सखी होने की जानकारी दी गई है।,बैंकिंग आजीविका अंत्योदय लाख दीनदयाल के कॉरस्पोंडेंट का मिशन ग्रामीण 1.49 सखी उल्लेख अंतर्गत है। योजना-राष्ट्रीय,,SUP,same_as_gold,word,"{""shuffle_type"": ""uniform_random"", ""word_order_preserved"": false}","{""fluency_checked"": false, ""label_consistent"": true, ""meaning_preserved"": false}",
115,CA_WORD_03_Jumbling,hi,आर्थिक समीक्षा 2020-21 ने राष्ट्रीय स्वास्थ्य मिशन को आयुष्मान भारत के साथ सामंजस्य में जारी रखने की सिफारिश की।,वित्त मंत्रालय की विज्ञप्ति में एनएचएम को आयुष्मान भारत योजना के साथ सामंजस्य में जारी रखने की सिफारिश दर्ज है।,आर्थिक सामंजस्य की। सिफारिश 2020-21 साथ राष्ट्रीय स्वास्थ्य ने की समीक्षा के रखने को में जारी मिशन भारत आयुष्मान,,SUP,same_as_gold,word,"{""shuffle_type"": ""uniform_random"", ""word_order_preserved"": false}","{""fluency_checked"": false, ""label_consistent"": true, ""meaning_preserved"": false}",
116,CA_WORD_03_Jumbling,hi,बालकृष्ण ने ए.आर. रहमान पर वायरल बयान दिया था।,विश्वास न्यूज़ के अनुसार बयान से छेड़छाड़ की गई थी।,बालकृष्ण वायरल दिया ने ए.आर. पर रहमान बयान था।,,REF,same_as_gold,word,"{""shuffle_type"": ""uniform_random"", ""word_order_preserved"": false}","{""fluency_checked"": false, ""label_consistent"": true, ""meaning_preserved"": false}",
117,CA_WORD_03_Jumbling,hi,अक्षय कुमार ने आकांक्षा दुबे की मौत के मामले में आरोपी समर सिंह को फांसी देने की मांग करते हुए यह वीडियो जारी किया था।,वीडियो के मूल संस्करण की जांच से पता चला कि यह 2017 में बेंगलुरु में महिलाओं के साथ हुई छेड़छाड़ की घटना पर अभिनेता की प्रतिक्रिया थी। बाद में इसे संपादित कर आकांक्षा दुबे मामले से जोड़कर प्रसारित किया गया।,किया की मौत देने मांग यह आरोपी सिंह हुए कुमार की को अक्षय समर फांसी दुबे करते आकांक्षा जारी था। में के मामले ने वीडियो,,REF,same_as_gold,word,"{""shuffle_type"": ""uniform_random"", ""word_order_preserved"": false}","{""fluency_checked"": false, ""label_consistent"": true, ""meaning_preserved"": false}",
118,CA_WORD_03_Jumbling,hi,जल शक्ति मंत्रालय ने 21 जनवरी 2026 को सुजल ग्राम संवाद का तीसरा संस्करण आयोजित किया।,पीआईबी विज्ञप्ति में पेयजल एवं स्वच्छता विभाग द्वारा 21 जनवरी 2026 को सुजल ग्राम संवाद का तीसरा संस्करण आयोजित करने का उल्लेख है।,संवाद जल को शक्ति आयोजित का तीसरा 2026 ग्राम मंत्रालय संस्करण किया। सुजल ने 21 जनवरी,,SUP,same_as_gold,word,"{""shuffle_type"": ""uniform_random"", ""word_order_preserved"": false}","{""fluency_checked"": false, ""label_consistent"": true, ""meaning_preserved"": false}",
119,CA_WORD_03_Jumbling,hi,जामताड़ा पुलिस ने बैंक अधिकारी बनकर साइबर ठगी करने वाले एक आरोपी को गिरफ्तार किया।,"पुलिस ने आरोपी के पास से 4.04 लाख रुपये नकद, मोबाइल फोन, सिम कार्ड और अन्य सामान बरामद किया।",ठगी बैंक किया। वाले पुलिस गिरफ्तार को बनकर एक ने साइबर करने अधिकारी आरोपी जामताड़ा,,SUP,same_as_gold,word,"{""shuffle_type"": ""uniform_random"", ""word_order_preserved"": false}","{""fluency_checked"": false, ""label_consistent"": true, ""meaning_preserved"": false}",
120,CA_WORD_03_Jumbling,hi,"एक कंट्रोल यूनिट की वर्तमान लागत 9,812 रुपये बताई गई है।","निर्वाचन आयोग के FAQ में कंट्रोल यूनिट की वर्तमान लागत 9,812 रुपये बताई गई है।","है। वर्तमान रुपये एक 9,812 कंट्रोल बताई यूनिट गई लागत की",,SUP,same_as_gold,word,"{""shuffle_type"": ""uniform_random"", ""word_order_preserved"": false}","{""fluency_checked"": false, ""label_consistent"": true, ""meaning_preserved"": false}",
121,CA_WORD_03_Jumbling,hi,विटामिन सी शरीर में आयरन के अवशोषण को घटाता है।,डब्ल्यूएचओ के अनुसार विटामिन सी से भरपूर खाद्य पदार्थ शरीर में आयरन के अवशोषण में मदद करते हैं।,में शरीर विटामिन अवशोषण आयरन है। के सी घटाता को,,REF,same_as_gold,word,"{""shuffle_type"": ""uniform_random"", ""word_order_preserved"": false}","{""fluency_checked"": false, ""label_consistent"": true, ""meaning_preserved"": false}",
122,CA_WORD_03_Jumbling,hi,लेख में प्रशिक्षण पूरा करने वाले आपदा मित्रों को स्थायी सरकारी नौकरी देने की घोषणा का उल्लेख है।,लेख में स्थायी सरकारी नौकरी देने की किसी घोषणा का उल्लेख नहीं है।,में का है। पूरा स्थायी नौकरी वाले लेख प्रशिक्षण घोषणा की मित्रों देने आपदा सरकारी को करने उल्लेख,,NEI,same_as_gold,word,"{""shuffle_type"": ""uniform_random"", ""word_order_preserved"": false}","{""fluency_checked"": false, ""label_consistent"": true, ""meaning_preserved"": false}",
123,CA_WORD_03_Jumbling,hi,अक्षय कुमार को मुंबई एयरपोर्ट पर भगवा कुर्ता पहनने की वजह से सुरक्षाकर्मियों ने रोक लिया।,द लल्लनटॉप की खबर में एयरपोर्ट पर अक्षय के पब्लिक अपीयरेंस और पैपराजी से बातचीत का वर्णन है। सुरक्षा रोक या कपड़ों को लेकर किसी विवाद का उल्लेख नहीं किया गया।,मुंबई की को कुर्ता कुमार ने सुरक्षाकर्मियों लिया। रोक वजह भगवा पहनने से अक्षय पर एयरपोर्ट,,REF,same_as_gold,word,"{""shuffle_type"": ""uniform_random"", ""word_order_preserved"": false}","{""fluency_checked"": false, ""label_consistent"": true, ""meaning_preserved"": false}",
124,CA_WORD_03_Jumbling,hi,कानपुर में एक मुस्लिम महिला के साथ छेड़छाड़ का वीडियो  फर्जी सांप्रदायिक एंगल से वायरल…,"एक आदमी का कॉलर पकड़ कर थप्पड़ बरसाती महिला का  वीडियो  सोशल मीडिया पर तेजी से वायरल हो रहा है। वीडियो में दिखाई दे रहा है कि मार खाते हुए ये आदमी बार-बार बुर्का पहनी इस महिला से माफी मांगता है और कहता है कि वो दोबारा ये गलती नहीं दोहराएगा। वायरल वीडियो को सांप्रदायक रूप देकर दावा किया जा रहा है कि कानपुर में एक हिन्दू आदमी ने एक मुस्लिम महिला के साथ छेड़छाड़ की, जिसके बाद महिला ने उसे सबक सिखाया। वायरल वीडियो के साथ यूजर ने लिखा है- बुर्क़ा दिखा नहीं की नफरती अंधभक्त में आशाराम वाला DNA जाग गया, ख़ैर वो बहन भी जागी हुई थी तो सही से इनाम दे दिया हरकत का! फेसबुक।आर्काइव अनुसंधान से पता चलता है कि… पड़ताल की शुरुआत में हमने वायरल वीडियो के कुछ तस्वीरों का रिवर्स इमेज सर्च किया। परिणाम में वायरल वीडियो की खबर हमेंएबीपी न्यूज़की वेबसाइट पर मिली ।   26 फरवरी 2025 को प्रकाशित इस खबर के अनुसार   यह मामला कानपुर के बेकनगंज का है, जहां महिला ने छेड़खानी कर रहे युवक की सरेआम पिटाई की। पुलिस आयुक्त अभिषेक कुमार राहुल के हवाले से बताया गया कि पकड़े गए युवक का नाम अदनान है। अदनान मानसिक रूप से बीमार चल रहा है। अगर पीड़िता की ओर से लिखित में शिकायत की जाती है तो मामले पर विधिक कार्रवाई की जाएगी। मिली जानकारी की मदद लेते हुए आगे सर्च करने पर हमेंदैनिक भास्करकी रिपोर्ट मिली। जिसमें आरोपी युवक का नाम अदनान ही बताया गया है। वहींदैनिक जागरणकी रिपोर्ट में थाना प्रभारी मतीन खान ने बताया है  कि आरोपी अदनान अहमद युवक बजरिया के हाजी अमीन का हाता निवासी है। पुलिस ने उसे हिरासत में लिया था इस दौरान उसने पुलिस से भी अभद्रता की थी। सर्च में हमें एक एक्स यूजर की पोस्ट भी मिली, जिसने इसी वीडियो को शेयर किया था। इस पोस्ट परकानपुर नगर पुलिस कमिश्नरेटने रिप्लाई करते हुए लिखा है, “प्रकरण दिनांक 25.02.2025 का है, स्थानीय पुलिस के द्वारा संज्ञान लिया गया। वीडियो में दिख रहे व्यक्ति का नाम अदनान पुत्र स्व0 अब्दुल माबूद नि0 थाना बजरिया ज्ञात हुआ है, आरोपी के परिजनों से बात की गई जिनके द्वारा बताया गया कि अदनान की मानसिक स्थिति सामान्य नहीं है, उपचार चल रहा है। आरोपी की तलाश की जा रही है। पीड़िता से तहरीर प्राप्त कर, जाँच एवं आवश्यक कार्यवाही की जाएगी।” प्रकरण दिनांक 25.02.2025 का है, स्थानीय पुलिस के द्",कानपुर साथ सांप्रदायिक एक छेड़छाड़ वायरल… वीडियो महिला में एंगल के फर्जी मुस्लिम से का,,REF,same_as_gold,word,"{""shuffle_type"": ""uniform_random"", ""word_order_preserved"": false}","{""fluency_checked"": false, ""label_consistent"": true, ""meaning_preserved"": false}",
125,CA_WORD_03_Jumbling,hi,नवाजुद्दीन सिद्दीकी ने 'सेक्रेड गेम्स 3' की रिलीज डेट 15 अगस्त 2025 घोषित की है।,"Newschecker Hindi की पड़ताल में 'सेक्रेड गेम्स 3' की तारीख वाले वायरल पोस्टों का जिक्र किया गया, लेकिन नेटफ्लिक्स या नवाजुद्दीन सिद्दीकी की ओर से कोई आधिकारिक रिलीज डेट नहीं मिली। रिपोर्ट ने वायरल सूचना को पुष्ट खबर नहीं माना।",की 2025 सिद्दीकी 'सेक्रेड ने गेम्स है। डेट 15 रिलीज अगस्त की 3' घोषित नवाजुद्दीन,,NEI,same_as_gold,word,"{""shuffle_type"": ""uniform_random"", ""word_order_preserved"": false}","{""fluency_checked"": false, ""label_consistent"": true, ""meaning_preserved"": false}",
126,CA_WORD_03_Jumbling,hi,इस क्षेत्र में एहतियाती कदम उठाना आवश्यक बताया गया है।,लेख में जोखिम कम करने के लिए एहतियाती उपायों की आवश्यकता बताई गई है।,है। कदम बताया आवश्यक एहतियाती इस उठाना क्षेत्र गया में,,SUP,same_as_gold,word,"{""shuffle_type"": ""uniform_random"", ""word_order_preserved"": false}","{""fluency_checked"": false, ""label_consistent"": true, ""meaning_preserved"": false}",
127,CA_WORD_03_Jumbling,hi,सुविधा ऑनलाइन नामांकन पोर्टल पर उम्मीदवार केवल चुनाव कार्यक्रम देख सकते थे; वे नामांकन फॉर्म या सुरक्षा राशि से संबंधित काम नहीं कर सकते थे।,"पीआईबी की विज्ञप्ति में सुविधा पोर्टल पर खाता बनाने, नामांकन फॉर्म भरने, सुरक्षा राशि जमा करने और समय-खंड देखने की सुविधा बताई गई है।",ऑनलाइन संबंधित पर केवल वे देख काम कर सकते नामांकन थे। फॉर्म नामांकन सुरक्षा नहीं सुविधा चुनाव सकते पोर्टल थे; से राशि कार्यक्रम उम्मीदवार या,,REF,same_as_gold,word,"{""shuffle_type"": ""uniform_random"", ""word_order_preserved"": false}","{""fluency_checked"": false, ""label_consistent"": true, ""meaning_preserved"": false}",
128,CA_WORD_03_Jumbling,hi,सिफलिस एक यौन संचारित संक्रमण है जिसे एंटीबायोटिक दवाओं के सही उपयोग से पूरी तरह ठीक किया जा सकता है।,"रोग नियंत्रण एवं रोकथाम केंद्र के अनुसार सिफलिस को स्वास्थ्य सेवा प्रदाता द्वारा दी गई सही एंटीबायोटिक दवाओं से पूरी तरह से ठीक किया जा सकता है, बशर्ते इलाज समय पर शुरू किया जाए।",जिसे सही संक्रमण से एक सकता तरह पूरी एंटीबायोटिक किया जा दवाओं के संचारित सिफलिस है। ठीक यौन उपयोग है,,SUP,same_as_gold,word,"{""shuffle_type"": ""uniform_random"", ""word_order_preserved"": false}","{""fluency_checked"": false, ""label_consistent"": true, ""meaning_preserved"": false}",
129,CA_WORD_03_Jumbling,hi,गुजरात विधानसभा का कार्यकाल 19 फरवरी 2018 से 18 फरवरी 2023 तक था।,पीआईबी की विज्ञप्ति में गुजरात विधानसभा की अवधि 19 फरवरी 2018 से 18 फरवरी 2023 बताई गई है।,2023 था। से फरवरी विधानसभा कार्यकाल का गुजरात 19 2018 फरवरी 18 तक,,SUP,same_as_gold,word,"{""shuffle_type"": ""uniform_random"", ""word_order_preserved"": false}","{""fluency_checked"": false, ""label_consistent"": true, ""meaning_preserved"": false}",
130,CA_WORD_03_Jumbling,hi,"भारत-बांग्लादेश सीमा का नहीं है सुरक्षाबलों का यह वायरल वीडियो, नेपाल में हुए मॉक ड्रिल का है।","नेपाल में चुनाव से पहले हुए मॉक ड्रिल का वीडियो भारत-बांग्लादेश सीमा पर भारतीय सुरक्षाबलों की तैनाती के भ्रामक दावे से वायरल। पश्चिम बंगाल में भारतीय जनता पार्टी के सत्ता में आने के बाद बांग्लादेश के साथ अपनी सीमा पर अवैध प्रवासियों के खिलाफ़ कार्रवाई तेज़ कर दी है। इसी संदर्भ से जोड़ते हुए सोशल मीडिया पर एक वीडियो वायरल किया जा रहा है, जिसमें एक खेत में सैनिकों द्वारा भीड़ पर हथियार तानने हुए दिखाया गया है। यूज़र्स द्वारा वीडियो शेयर करते हुए दावा किया जा रहा है कि पश्चिम बंगाल और बांग्लादेश सीमा पर बीएसएफ एक्शन मोड में नजर आ रही है। वीडियो को इस कैप्शन के साथ शेयर किया जा रहा है… समझमेंआयाकीसीमापरवाडबंदीअभीतकक्योंनहींहुईक्याखेलथाइसकेपीछे बांग्लादेशसीमापरजोलोगबाड़बंदीकेकाममेंजिहादीबाधाडालनेकीकोशिशकररहेथे,फिरBSFकेजवानोंनेबोलापीछेहटजाओवरनापहलीगोलीघुटनेकेनीचेलगेगी।दूसरीगोलीसीनाचीरदेगी फेसबुक पोस्ट।आर्काइव लिंक अनुसंधानसेपताचलताहैकि… हमने जांच की शुरुआत में वायरल वीडियो से फ्रेम लेकर उसे गूगल रिवर्स इमेज पर सर्च किया। परिणाम में हमेंatv newsके फेसबुक अकाउंट पर वायरल  वीडियो देखने को मिला। यहां पर वीडियो को 11 फरवरी 2026 को साझा किया गया है। वीडियो के साथ लिखे कैप्शन में नेपाल हैशटैग दिखता है। साथ ही पता कि नेपाल में चुनाव को निष्पक्ष तरीके से संपन्न कराने के लिए सुरक्षा एजेंसियों द्वारा अभ्यास किया गया। फिर हमें यहीं वीडियो फरवरी 2026 में नेपाल के अन्य मीडिया संस्थानोंराष्ट्र प्रेस मीडियाऔररातो पानाके फेसबुक अकाउंट्स पर भी अपलोड किया हुआ मिला। वीडियो को लेकर यही जानकारी दी गई कि नेपाली सेना द्वारा आगामी प्रतिनिधि सभा चुनावों की सुरक्षा व्यवस्था को लेकर रिहर्सल किया गया। आगे जांच करने पर हमें नेपाल के तनहु जिला पुलिस कार्यालय केआधिकारिक फेसबुक पेजपर 9 फरवरी 2026 को साझा की गई एक पोस्ट में वायरल फुटेज से मेल खाने वाली तस्वीरें मिलीं। यहां पोस्ट के साथ कैप्शन में लिखा था, “आगामी प्रतिनिधि सभा चुनाव स्वतंत्र, निष्पक्ष और भयमुक्त वातावरण में संपन्न कराने के लिए 26 माघ 2082 को तनहु जिले के व्यास नगर पालिका के वार्ड संख्या 5 स्थित पाटन खेल मैदान में संयुक्त मॉक वोटिंग अभ्यास आयोजित किया गया। यह अभ्यास जिला प्रशासन कार्यालय, जिला चुनाव कार्यालय, जिला पुलिस कार्यालय, नेपाली सेन","नहीं है। सीमा ड्रिल भारत-बांग्लादेश का वीडियो, यह नेपाल का का वायरल मॉक में सुरक्षाबलों हुए है",,REF,same_as_gold,word,"{""shuffle_type"": ""uniform_random"", ""word_order_preserved"": false}","{""fluency_checked"": false, ""label_consistent"": true, ""meaning_preserved"": false}",
131,CA_WORD_03_Jumbling,hi,उत्तर प्रदेश में जुलाई 2026 का निःशुल्क राशन वितरण 6 जुलाई से 20 जुलाई तक निर्धारित था।,एनडीटीवी इंडिया की हिंदी रिपोर्ट में एनएफएसए के तहत जुलाई 2026 का मुफ्त राशन 6 से 20 जुलाई तक वितरित होने की जानकारी है।,था। जुलाई उत्तर वितरण 2026 6 में प्रदेश निःशुल्क जुलाई तक का राशन 20 निर्धारित से जुलाई,,SUP,same_as_gold,word,"{""shuffle_type"": ""uniform_random"", ""word_order_preserved"": false}","{""fluency_checked"": false, ""label_consistent"": true, ""meaning_preserved"": false}",
132,CA_WORD_03_Jumbling,hi,ईवीएम का हर परिवहन असुरक्षित तरीके से किया जाता है।,निर्वाचन आयोग के अनुसार ईवीएम हमेशा विस्तृत सुरक्षा उपायों के साथ सुरक्षित तरीके से परिवहन की जाती हैं।,जाता हर का असुरक्षित परिवहन किया तरीके है। से ईवीएम,,REF,same_as_gold,word,"{""shuffle_type"": ""uniform_random"", ""word_order_preserved"": false}","{""fluency_checked"": false, ""label_consistent"": true, ""meaning_preserved"": false}",
133,CA_WORD_03_Jumbling,hi,प्रधानमंत्री अन्नदाता आय संरक्षण अभियान को 2025-26 तक जारी रखने की मंजूरी दी गई।,डीडी न्यूज हिंदी के अनुसार मंत्रिमंडल ने पीएम-आशा योजनाओं को 2025-26 तक जारी रखने की मंजूरी दी।,जारी संरक्षण मंजूरी 2025-26 दी तक की अन्नदाता को आय गई। प्रधानमंत्री रखने अभियान,,SUP,same_as_gold,word,"{""shuffle_type"": ""uniform_random"", ""word_order_preserved"": false}","{""fluency_checked"": false, ""label_consistent"": true, ""meaning_preserved"": false}",
134,CA_WORD_03_Jumbling,hi,तमिलनाडु में NDRF की केवल 2 टीमें तैनात की गई थीं।,"लेख में 28 टीमों की तैनाती का उल्लेख है, 2 टीमों का नहीं।",तैनात की में थीं। की NDRF तमिलनाडु 2 केवल गई टीमें,,REF,same_as_gold,word,"{""shuffle_type"": ""uniform_random"", ""word_order_preserved"": false}","{""fluency_checked"": false, ""label_consistent"": true, ""meaning_preserved"": false}",
135,CA_WORD_03_Jumbling,hi,50 वर्ष और उससे अधिक आयु के वयस्कों को शिंगल्स को रोकने के लिए रिकॉम्बिनेंट ज़ोस्टर वैक्सीन (आरजेडवी) लगवानी चाहिए।,सीडीसी 50 वर्ष और उससे अधिक आयु के वयस्कों को शिंगल्स और उससे जुड़ी जटिलताओं की रोकथाम के लिए रिकॉम्बिनेंट ज़ोस्टर वैक्सीन (एसएचआईएनजीआरआईएक्स/आरजेडवी) की 2 खुराकें लेने की सिफारिश करता है।,वयस्कों वैक्सीन आयु अधिक उससे को लगवानी वर्ष और चाहिए। (आरजेडवी) रिकॉम्बिनेंट रोकने के के को लिए ज़ोस्टर शिंगल्स 50,,SUP,same_as_gold,word,"{""shuffle_type"": ""uniform_random"", ""word_order_preserved"": false}","{""fluency_checked"": false, ""label_consistent"": true, ""meaning_preserved"": false}",
136,CA_WORD_03_Jumbling,hi,प्रधानमंत्री आवास योजना-ग्रामीण का उद्देश्य 2029 तक 4.95 करोड़ पात्र ग्रामीण परिवारों को बुनियादी सुविधाओं वाले घर देना है।,पीआईबी की हिंदी पृष्ठभूमि सामग्री में पीएमएवाई-जी के तहत 2029 तक 4.95 करोड़ पात्र ग्रामीण परिवारों को बुनियादी सुविधाओं वाले पक्के घर उपलब्ध कराने का लक्ष्य है।,का 4.95 प्रधानमंत्री बुनियादी ग्रामीण है। योजना-ग्रामीण सुविधाओं पात्र 2029 देना परिवारों आवास को करोड़ वाले उद्देश्य घर तक,,SUP,same_as_gold,word,"{""shuffle_type"": ""uniform_random"", ""word_order_preserved"": false}","{""fluency_checked"": false, ""label_consistent"": true, ""meaning_preserved"": false}",
137,CA_WORD_03_Jumbling,hi,वायरल तस्वीर में कंगना रनौत गैंगस्टर अबू सलेम के साथ दिखाई दे रही थीं।,BOOM की जांच में स्पष्ट हुआ कि तस्वीर में दिखाई देने वाला व्यक्ति अबू सलेम नहीं था और दावा भ्रामक था।,दिखाई दे सलेम के साथ रनौत वायरल थीं। कंगना तस्वीर में अबू गैंगस्टर रही,,REF,same_as_gold,word,"{""shuffle_type"": ""uniform_random"", ""word_order_preserved"": false}","{""fluency_checked"": false, ""label_consistent"": true, ""meaning_preserved"": false}",
138,CA_WORD_03_Jumbling,hi,नीरज चोपड़ा की ओलंपिक जीत पर केवल कंगना रनौत और अक्षय कुमार ने ही उन्हें बधाई दी थी।,जांच में पाया गया कि कई बॉलीवुड कलाकारों ने नीरज चोपड़ा को बधाई दी थी। इसलिए वायरल दावा सही नहीं था।,नीरज केवल थी। उन्हें अक्षय ने दी चोपड़ा ओलंपिक की जीत बधाई कंगना और रनौत ही पर कुमार,,SUP,same_as_gold,word,"{""shuffle_type"": ""uniform_random"", ""word_order_preserved"": false}","{""fluency_checked"": false, ""label_consistent"": true, ""meaning_preserved"": false}",
139,CA_WORD_03_Jumbling,hi,एनीमिया वाले हर बच्चे को स्कूल से एक महीने की छुट्टी लेनी चाहिए।,"डब्ल्यूएचओ बच्चों में एनीमिया के स्वास्थ्य प्रभाव बताता है, लेकिन एक महीने की स्कूल छुट्टी का सार्वभौमिक निर्देश नहीं देता।",एक चाहिए। लेनी स्कूल एनीमिया से बच्चे को हर छुट्टी की महीने वाले,,NEI,same_as_gold,word,"{""shuffle_type"": ""uniform_random"", ""word_order_preserved"": false}","{""fluency_checked"": false, ""label_consistent"": true, ""meaning_preserved"": false}",
140,CA_WORD_03_Jumbling,hi,धूम्रपान सीओपीडी का एक प्रमुख जोखिम कारक है।,डब्ल्यूएचओ तंबाकू धूम्रपान को सीओपीडी का प्रमुख कारण/जोखिम कारक बताता है।,सीओपीडी जोखिम है। प्रमुख कारक का एक धूम्रपान,,SUP,same_as_gold,word,"{""shuffle_type"": ""uniform_random"", ""word_order_preserved"": false}","{""fluency_checked"": false, ""label_consistent"": true, ""meaning_preserved"": false}",
141,CA_WORD_03_Jumbling,hi,मंजू देवी अपने घर में रखा आठ तोला सोना वहीं छोड़कर निकल गईं।,लेख में आठ तोला सोना घर में छूट जाने की बात कही गई है।,में छोड़कर आठ अपने गईं। तोला निकल मंजू वहीं सोना देवी घर रखा,,SUP,same_as_gold,word,"{""shuffle_type"": ""uniform_random"", ""word_order_preserved"": false}","{""fluency_checked"": false, ""label_consistent"": true, ""meaning_preserved"": false}",
142,CA_WORD_03_Jumbling,hi,लेख में कार्यशाला के दौरान विद्यार्थियों के लिए राज्य स्तरीय आपदा प्रबंधन प्रतियोगिता आयोजित करने की घोषणा का उल्लेख है।,लेख में ऐसी किसी प्रतियोगिता या घोषणा का उल्लेख नहीं है।,की के प्रबंधन राज्य आपदा प्रतियोगिता उल्लेख में लेख के घोषणा कार्यशाला लिए विद्यार्थियों आयोजित का है। स्तरीय दौरान करने,,NEI,same_as_gold,word,"{""shuffle_type"": ""uniform_random"", ""word_order_preserved"": false}","{""fluency_checked"": false, ""label_consistent"": true, ""meaning_preserved"": false}",
143,CA_WORD_03_Jumbling,hi,कटनी जिले के रीठी क्षेत्र में ट्रेन छूटने के बाद एक महिला से हुए सामूहिक दुष्कर्म मामले के मुख्य आरोपी ऑटो चालक दिनेश चौधरी को पुलिस ने गिरफ्तार किया।,"पूछताछ और तकनीकी जांच के आधार पर पुलिस ने आरोपी की पहचान की और घटना में इस्तेमाल ऑटो को भी जब्त कर लिया, जबकि दूसरे आरोपी की तलाश जारी है।",ऑटो दुष्कर्म कटनी ने मुख्य महिला से सामूहिक रीठी चालक क्षेत्र ट्रेन एक किया। छूटने आरोपी में हुए के गिरफ्तार चौधरी के को मामले जिले दिनेश बाद पुलिस के,,SUP,same_as_gold,word,"{""shuffle_type"": ""uniform_random"", ""word_order_preserved"": false}","{""fluency_checked"": false, ""label_consistent"": true, ""meaning_preserved"": false}",
144,CA_WORD_03_Jumbling,hi,बैक्टीरियल मेनिनजाइटिस से बचने वालों में लंबे समय तक सुनने की हानि हो सकती है।,डब्ल्यूएचओ के अनुसार बैक्टीरियल मेनिनजाइटिस से बचने वाले कुछ लोगों में सुनने की हानि सहित दीर्घकालिक प्रभाव हो सकते हैं।,तक बैक्टीरियल सुनने सकती वालों बचने से मेनिनजाइटिस है। में हो की समय लंबे हानि,,SUP,same_as_gold,word,"{""shuffle_type"": ""uniform_random"", ""word_order_preserved"": false}","{""fluency_checked"": false, ""label_consistent"": true, ""meaning_preserved"": false}",
145,CA_WORD_03_Jumbling,hi,शिशुओं में सडन इन्फेंट डेथ सिंड्रोम (एसआईडीएस) के जोखिम को रोकने के लिए नवजात बच्चों को हमेशा उनके पेट के बल (पेट के बल) सुलाना चाहिए।,सीडीसी (सीडीसी) की सख्त सिफारिश है कि एसआईडीएस (एसआईडीएस) के जोखिम को कम करने के लिए शिशुओं को सोने के समय हमेशा उनकी पीठ के बल सुलाया जाना चाहिए।,लिए सडन के को बल के रोकने में पेट जोखिम इन्फेंट को बच्चों सिंड्रोम के चाहिए। सुलाना बल) हमेशा (एसआईडीएस) उनके शिशुओं डेथ नवजात (पेट के,,REF,same_as_gold,word,"{""shuffle_type"": ""uniform_random"", ""word_order_preserved"": false}","{""fluency_checked"": false, ""label_consistent"": true, ""meaning_preserved"": false}",
146,CA_WORD_03_Jumbling,hi,"उत्तर प्रदेश के एटा में पुलिस मुठभेड़ में एक शातिर बदमाश सौरभ उर्फ छोटू पैर में गोली लगने से घायल होकर गिरफ्तार हुआ, जिसके पास से अवैध तमंचा और चोरी की बाइक बरामद हुई।","तलाशी में आरोपी के पास से एक अवैध 315 बोर तमंचा, जिंदा व खोखा कारतूस, चोरी की मोटरसाइकिल, लूटे गए दो मोबाइल फोन तथा 4,500 रुपये नकद बरामद किए गए।","गिरफ्तार लगने प्रदेश घायल में और उत्तर पैर होकर बदमाश अवैध से की बाइक चोरी सौरभ बरामद एटा मुठभेड़ एक हुआ, में पास के उर्फ तमंचा गोली छोटू से हुई। पुलिस शातिर जिसके में",,SUP,same_as_gold,word,"{""shuffle_type"": ""uniform_random"", ""word_order_preserved"": false}","{""fluency_checked"": false, ""label_consistent"": true, ""meaning_preserved"": false}",
147,CA_WORD_03_Jumbling,hi,अवसाद की पहचान केवल एक रक्त परीक्षण से की जा सकती है।,"डब्ल्यूएचओ अवसाद के लक्षण और उपचार बताता है, लेकिन केवल एक रक्त परीक्षण को सार्वभौमिक निदान विधि नहीं बताता।",रक्त सकती की जा परीक्षण से अवसाद की एक है। पहचान केवल,,NEI,same_as_gold,word,"{""shuffle_type"": ""uniform_random"", ""word_order_preserved"": false}","{""fluency_checked"": false, ""label_consistent"": true, ""meaning_preserved"": false}",
148,CA_WORD_03_Jumbling,hi,मार्च 2026 में जल जीवन मिशन 2.0 को दिसंबर 2028 तक बढ़ाया गया।,पीआईबी की हिंदी विज्ञप्ति में मार्च 2026 में जेजेएम 2.0 के तहत मिशन को दिसंबर 2028 तक बढ़ाने की जानकारी दी गई है।,जीवन 2028 तक 2.0 मिशन मार्च में गया। को 2026 जल दिसंबर बढ़ाया,,SUP,same_as_gold,word,"{""shuffle_type"": ""uniform_random"", ""word_order_preserved"": false}","{""fluency_checked"": false, ""label_consistent"": true, ""meaning_preserved"": false}",
149,CA_WORD_03_Jumbling,hi,बिहार चुनाव 2025 में आदर्श आचार संहिता के प्रावधान सोशल मीडिया सहित इंटरनेट पर उम्मीदवारों और राजनीतिक दलों द्वारा पोस्ट की जाने वाली सामग्री पर लागू नहीं थे।,पीआईबी की विज्ञप्ति में साफ कहा गया है कि ये प्रावधान उम्मीदवारों और राजनीतिक दलों द्वारा सोशल मीडिया सहित इंटरनेट पर पोस्ट की जाने वाली सामग्री पर भी लागू होंगे।,सोशल द्वारा पोस्ट वाली थे। पर उम्मीदवारों दलों और मीडिया लागू इंटरनेट आदर्श प्रावधान बिहार चुनाव पर आचार 2025 जाने की के नहीं सामग्री में सहित राजनीतिक संहिता,,REF,same_as_gold,word,"{""shuffle_type"": ""uniform_random"", ""word_order_preserved"": false}","{""fluency_checked"": false, ""label_consistent"": true, ""meaning_preserved"": false}",
150,CA_WORD_03_Jumbling,hi,कर्नाटक दौरे के दौरान अंतर्राष्ट्रीय प्रतिनिधियों ने मॉक पोल का अवलोकन किया था।,पीआईबी के अनुसार बेलगाम में आए प्रतिनिधियों ने मतदान केंद्र के भीतर मॉक पोल का अवलोकन किया।,अवलोकन ने पोल प्रतिनिधियों के किया दौरे था। मॉक दौरान का कर्नाटक अंतर्राष्ट्रीय,,SUP,same_as_gold,word,"{""shuffle_type"": ""uniform_random"", ""word_order_preserved"": false}","{""fluency_checked"": false, ""label_consistent"": true, ""meaning_preserved"": false}",
151,CA_WORD_03_Jumbling,hi,डिजिटल कृषि मिशन के अंतर्गत 23.5 करोड़ फसल भूखंडों का सर्वेक्षण किया गया था।,पीआईबी हिंदी पृष्ठ के अनुसार डिजिटल कृषि मिशन के तहत 23.5 करोड़ फसल भूखंडों का सर्वेक्षण किया गया।,कृषि भूखंडों 23.5 था। अंतर्गत का गया फसल डिजिटल मिशन करोड़ के सर्वेक्षण किया,,SUP,same_as_gold,word,"{""shuffle_type"": ""uniform_random"", ""word_order_preserved"": false}","{""fluency_checked"": false, ""label_consistent"": true, ""meaning_preserved"": false}",
152,CA_WORD_03_Jumbling,hi,निर्वाचन संचालन नियम 1961 की धारा 49एन के तहत दृष्टिबाधित मतदाता मतदान केंद्र पर मतदान के लिए एक सहयोगी को साथ ले जा सकता है।,पीआईबी की विज्ञप्ति में नियम 1961 की धारा 49एन के तहत दृष्टिबाधित मतदाता को मतदान केंद्र पर सहयोगी साथ लाने की अनुमति बताई गई है।,नियम सहयोगी 49एन दृष्टिबाधित मतदान जा की मतदान संचालन तहत ले केंद्र मतदाता लिए के निर्वाचन सकता साथ 1961 पर है। के एक को धारा,,SUP,same_as_gold,word,"{""shuffle_type"": ""uniform_random"", ""word_order_preserved"": false}","{""fluency_checked"": false, ""label_consistent"": true, ""meaning_preserved"": false}",
153,CA_WORD_03_Jumbling,hi,लेख के अनुसार सभी 150 श्रमिकों को सुरक्षित बचा लिया गया था।,लेख में कहा गया है कि लगभग 150 लोगों से संपर्क नहीं हो पा रहा था और उनके मारे जाने की आशंका थी।,के अनुसार श्रमिकों लेख को 150 सुरक्षित बचा सभी गया था। लिया,,REF,same_as_gold,word,"{""shuffle_type"": ""uniform_random"", ""word_order_preserved"": false}","{""fluency_checked"": false, ""label_consistent"": true, ""meaning_preserved"": false}",
154,CA_WORD_03_Jumbling,hi,ईवीएम में ‘इनमें से कोई नहीं’ (NOTA) विकल्प उपलब्ध है।,निर्वाचन आयोग के ईवीएम FAQ में ईवीएम की अधिकतम प्रत्याशी-क्षमता के साथ NOTA विकल्प का उल्लेख है।,उपलब्ध नहीं’ ‘इनमें (NOTA) में है। कोई से ईवीएम विकल्प,,SUP,same_as_gold,word,"{""shuffle_type"": ""uniform_random"", ""word_order_preserved"": false}","{""fluency_checked"": false, ""label_consistent"": true, ""meaning_preserved"": false}",
155,CA_WORD_03_Jumbling,hi,सीओपीडी वाले हर रोगी को प्रतिदिन एक ही इनहेलर की समान खुराक दी जानी चाहिए।,"डब्ल्यूएचओ सीओपीडी के उपचार में इनहेल्ड दवाओं की चर्चा करता है, लेकिन सभी रोगियों के लिए एक ही दवा और समान खुराक का सार्वभौमिक नियम नहीं देता।",सीओपीडी हर खुराक वाले दी ही चाहिए। समान एक की इनहेलर जानी रोगी प्रतिदिन को,,NEI,same_as_gold,word,"{""shuffle_type"": ""uniform_random"", ""word_order_preserved"": false}","{""fluency_checked"": false, ""label_consistent"": true, ""meaning_preserved"": false}",
156,CA_WORD_03_Jumbling,hi,राष्ट्रीय खाद्य सुरक्षा अधिनियम के तहत जुलाई 2026 में उत्तर प्रदेश में मुफ्त राशन वितरण निर्धारित था।,एनडीटीवी इंडिया की रिपोर्ट में उत्तर प्रदेश में एनएफएसए के अंतर्गत जुलाई 2026 का मुफ्त राशन वितरण होने की जानकारी है।,था। तहत राशन जुलाई में प्रदेश निर्धारित सुरक्षा खाद्य में राष्ट्रीय उत्तर 2026 मुफ्त के अधिनियम वितरण,,SUP,same_as_gold,word,"{""shuffle_type"": ""uniform_random"", ""word_order_preserved"": false}","{""fluency_checked"": false, ""label_consistent"": true, ""meaning_preserved"": false}",
157,CA_WORD_03_Jumbling,hi,लेख में राहुल गांधी द्वारा जोशीमठ पुनर्वास के लिए किसी निश्चित वित्तीय सहायता राशि की घोषणा का उल्लेख है।,लेख में किसी वित्तीय सहायता राशि या आर्थिक पैकेज की घोषणा का उल्लेख नहीं है।,में राहुल वित्तीय राशि द्वारा के उल्लेख सहायता की लेख जोशीमठ गांधी लिए घोषणा पुनर्वास का है। निश्चित किसी,,NEI,same_as_gold,word,"{""shuffle_type"": ""uniform_random"", ""word_order_preserved"": false}","{""fluency_checked"": false, ""label_consistent"": true, ""meaning_preserved"": false}",
158,CA_WORD_03_Jumbling,hi,शारीरिक गतिविधि करने वाला कोई व्यक्ति कभी हृदय रोग विकसित नहीं कर सकता।,"डब्ल्यूएचओ नियमित गतिविधि से जोखिम घटने की बात करता है, लेकिन भविष्य में हृदय रोग का जोखिम पूर्णतः शून्य होने की गारंटी नहीं देता।",विकसित नहीं रोग सकता। गतिविधि कर कोई व्यक्ति वाला कभी करने हृदय शारीरिक,,NEI,same_as_gold,word,"{""shuffle_type"": ""uniform_random"", ""word_order_preserved"": false}","{""fluency_checked"": false, ""label_consistent"": true, ""meaning_preserved"": false}",
159,CA_WORD_03_Jumbling,hi,लेख के अनुसार भारतीय नौसेना केवल बंगाल की खाड़ी में तैनात की गई है।,"लेख में जिबूती, अदन की खाड़ी, सोमालिया और अरब सागर में तैनाती का उल्लेख है।",केवल अनुसार भारतीय बंगाल है। नौसेना की में लेख के की खाड़ी तैनात गई,,REF,same_as_gold,word,"{""shuffle_type"": ""uniform_random"", ""word_order_preserved"": false}","{""fluency_checked"": false, ""label_consistent"": true, ""meaning_preserved"": false}",
160,CA_WORD_03_Jumbling,hi,"लोकसभा चुनाव 2024 के सातवें चरण के लिए 57 संसदीय क्षेत्रों में 2,105 नामांकन पत्र दाखिल किए गए।","पीआईबी की हिंदी विज्ञप्ति में सातवें चरण के 57 संसदीय क्षेत्रों के लिए कुल 2,105 नामांकन पत्र बताए गए हैं।","57 नामांकन 2,105 चरण लिए के पत्र सातवें के गए। लोकसभा 2024 संसदीय में चुनाव क्षेत्रों किए दाखिल",,SUP,same_as_gold,word,"{""shuffle_type"": ""uniform_random"", ""word_order_preserved"": false}","{""fluency_checked"": false, ""label_consistent"": true, ""meaning_preserved"": false}",
161,CA_WORD_03_Jumbling,hi,तीसरे चरण के बाद उम्मीदवारों या उनके अधिकृत मतदान एजेंटों की उपस्थिति में चुनाव पत्रों की जांच अगले दिन की जानी थी।,पीआईबी के अनुसार निर्धारित प्रक्रिया में मतदान के एक दिन बाद उम्मीदवारों अथवा अधिकृत मतदान एजेंटों की उपस्थिति में चुनाव पत्रों की जांच की जाती है।,जांच पत्रों दिन अगले एजेंटों में उम्मीदवारों उपस्थिति थी। उनके तीसरे बाद चरण की चुनाव अधिकृत की की जानी मतदान के या,,SUP,same_as_gold,word,"{""shuffle_type"": ""uniform_random"", ""word_order_preserved"": false}","{""fluency_checked"": false, ""label_consistent"": true, ""meaning_preserved"": false}",
162,CA_WORD_03_Jumbling,hi,"लेख के अनुसार भूस्खलन रोकने के लिए पहाड़ियों पर केवल सीमेंट की दीवारें बनाई जाएंगी, तार का जाल नहीं लगाया जाएगा।",लेख में स्पष्ट रूप से लोहे के तार का जाल लगाने की बात कही गई है।,"जाल जाएंगी, तार लगाया लेख दीवारें अनुसार का बनाई नहीं के पर के सीमेंट रोकने की केवल पहाड़ियों जाएगा। भूस्खलन लिए",,REF,same_as_gold,word,"{""shuffle_type"": ""uniform_random"", ""word_order_preserved"": false}","{""fluency_checked"": false, ""label_consistent"": true, ""meaning_preserved"": false}",
163,CA_WORD_03_Jumbling,hi,"अस्थमा के लक्षणों में खांसी, घरघराहट, सांस फूलना और सीने में जकड़न शामिल हो सकते हैं।","विश्व स्वास्थ्य संगठन के अनुसार अस्थमा में खांसी, घरघराहट, सांस की तकलीफ और सीने में जकड़न हो सकती है।","हैं। हो लक्षणों में फूलना और सांस सकते में घरघराहट, शामिल जकड़न के खांसी, अस्थमा सीने",,SUP,same_as_gold,word,"{""shuffle_type"": ""uniform_random"", ""word_order_preserved"": false}","{""fluency_checked"": false, ""label_consistent"": true, ""meaning_preserved"": false}",
164,CA_WORD_03_Jumbling,hi,एचपीवी वैक्सीन का उद्देश्य लड़कों और लड़कियों दोनों की सुरक्षा करना है।,सीडीसी (सीडीसी) 11 या 12 साल की उम्र के सभी किशोरों (लड़कों और लड़कियों दोनों) के लिए एचपीवी (एचपीवी) टीकाकरण की सिफारिश करता है ताकि उन्हें कैंसर से बचाया जा सके।,एचपीवी लड़कियों उद्देश्य लड़कों का है। और की वैक्सीन सुरक्षा करना दोनों,,SUP,same_as_gold,word,"{""shuffle_type"": ""uniform_random"", ""word_order_preserved"": false}","{""fluency_checked"": false, ""label_consistent"": true, ""meaning_preserved"": false}",
165,CA_WORD_03_Jumbling,hi,एक महिला की पानी और मलबे में डूबने से मृत्यु हो गई।,लेख में एक महिला की मौत का स्पष्ट उल्लेख है।,गई। की पानी से मृत्यु हो महिला मलबे डूबने में और एक,,SUP,same_as_gold,word,"{""shuffle_type"": ""uniform_random"", ""word_order_preserved"": false}","{""fluency_checked"": false, ""label_consistent"": true, ""meaning_preserved"": false}",
166,CA_WORD_03_Jumbling,hi,अवैध संबंध के शक से पत्नी ने की पति की पीटाई; मामले का वीडियो “लव जिहाद” के गलत दावे के साथ वायरल,"कोह-ए-फ़िजा पुलिस ने फैक्ट क्रेसेंडो को बताया इस मामले के साथ ‘लव जिहाद’ को कोई संबंध नहीं। मामले से जुड़े सभी लोग एक ही समुदाय के है । अपने पती और उसकी प्रेमिका को चप्पल से पीट रहीं महिला का वीडियो काफ़ी वायरल हो रहा है। इस वीडियो के बारे में दावा किया जा रहा है कि दो पत्नियां होने के बावजूद यह आदमी एक हिन्दू लड़की के साथ शादी कर रहा था। इसके बारे में उसकी पत्नी को पता चला तो उसने ऐसी पीटाई कर दी। इस वीडियो को भोपाल का बता कर साझा किया जा रहा है। सोशल मीडिया पर वायरल हो रहे पोस्ट के कैप्शन में लिखा गया है कि“दो पत्नियां होने के बावजूद भी मुस्लिम युवक कर रहा था#लव_जिहाद। जैसे ही मुस्लिम युवक की पत्नियों को जानकारी मिली तो उन्होंने जिम में ही पिटाई कर दी ।”(शब्दशः) ट्वीट लिंक।आर्काइव लिंक।फेसबुक पोस्ट अनुसंधान से पता चलता है कि… कीवर्ड के माध्यम से गूगल पर ढूँढने से हमें इस वीडियो के बारे मेंदैनिक जागरणने प्रकाशित खबर में मिली। १८ अक्टूबर २०२१ को प्रकाशित इस खबर के अनुसार यह मामला मध्य प्रदेश के भोपाल से है जहाँ अपने पति के कथित अफैर के बारें में पता चलने पर उसकी पत्नी ने उसकी और दूसरी औरत की चप्पल से पीटाई की थी। यह घटना 15 अक्टूबर 2021 को के कोह-ए-फिज़ा इलाके की है। इसके बाद पति और पत्नी ने एक दुसरे के खिलाफ पुलिस में शिकायत दर्ज की थी। “एमपी ब्रेकिंग न्यूज” नामक एक न्यूज़ पोर्टल के खबर के अनुसार मामले से जुड़े पति-पत्नी के बीच दहेज एक्ट और तीन तलाक का केस चल रहा है । फैक्ट क्रेसेंडो ने कोह-ए-फ़िजा पुलिस थाना प्रभारी अनिल वाजपाई से बात की। उन्होंने बताया कि वायरल वीडियो में दिख रहे मामले में “लव जिहाद” या कोई भी सांप्रदायिक एंगल नहीं है । इस वीडियो को गलत तरीके से सोशल मीडिया पर फैलाया जा रहा है । “पति, पत्नी और प्रेमिका तीनों एक ही समुदाय से है और तीनों भी हिंदू नहीं। बता दे की, इस आदमी केवल एक ही शादी हुई है। उसकी दो पत्नियां होने की बात भी झूठ है। इस आदमी की कथित प्रेमिका शादीशुदा है और वह तलाक लेने वाली है। यह घटना केवल इतनी ही है कि पत्नी ने अपने पति के दुसरी महिला से संबंध रखने के शक के चलते पिटाई कर दी,” वाजपाई ने बताया। निष्कर्ष: तथ्यों की जाँच के पश्चात हमने उपरोक्त वीडियो के बारे में किए गए दावे कोगलतपाया है । सोशल मीडिया पर वायरल हो रहे वीडियो के साथ संप",मामले अवैध संबंध के पीटाई; जिहाद” के दावे के साथ गलत पत्नी की वायरल का से ने वीडियो “लव पति शक की,,REF,same_as_gold,word,"{""shuffle_type"": ""uniform_random"", ""word_order_preserved"": false}","{""fluency_checked"": false, ""label_consistent"": true, ""meaning_preserved"": false}",
167,CA_WORD_03_Jumbling,hi,पांच वर्ष से कम उम्र के बच्चे मलेरिया से गंभीर बीमारी के अधिक जोखिम वाले समूहों में हैं।,"विश्व स्वास्थ्य संगठन के अनुसार छोटे बच्चे, विशेषकर पांच वर्ष से कम आयु वाले, गंभीर मलेरिया के अधिक जोखिम वाले समूहों में हैं।",कम गंभीर वर्ष में वाले जोखिम से अधिक मलेरिया उम्र समूहों बीमारी हैं। के बच्चे से के पांच,,SUP,same_as_gold,word,"{""shuffle_type"": ""uniform_random"", ""word_order_preserved"": false}","{""fluency_checked"": false, ""label_consistent"": true, ""meaning_preserved"": false}",
168,CA_WORD_03_Jumbling,hi,गर्भावस्था के दौरान फ्लू का टीका भ्रूण के लिए खतरनाक माना जाता है।,विश्व स्वास्थ्य संगठन के अनुसार गर्भवती महिलाओं के लिए निष्क्रिय फ्लू वैक्सीन सुरक्षित है और गर्भावस्था के दौरान टीकाकरण की विशेष रूप से सिफारिश की जाती है।,गर्भावस्था के है। माना दौरान खतरनाक फ्लू भ्रूण लिए टीका का जाता के,,REF,same_as_gold,word,"{""shuffle_type"": ""uniform_random"", ""word_order_preserved"": false}","{""fluency_checked"": false, ""label_consistent"": true, ""meaning_preserved"": false}",
169,CA_WORD_03_Jumbling,hi,बिहार के मोतिहारी जिले में रक्सौल भारत-नेपाल सीमा पर एसएसबी ने एक नाबालिग लड़की को मानव तस्करी से बचाया और एक आरोपी को गिरफ्तार किया।,"सिवान टोला बॉर्डर इलाके में संदेह के आधार पर एसएसबी जवानों ने युवक और लड़की को रोककर पूछताछ की, जिसमें पता चला कि आरोपी नाबालिग को बहला-फुसलाकर नेपाल ले जा रहा था।",आरोपी तस्करी और लड़की को के जिले बचाया एक भारत-नेपाल में सीमा रक्सौल बिहार मोतिहारी एसएसबी पर गिरफ्तार से को मानव नाबालिग एक ने किया।,,SUP,same_as_gold,word,"{""shuffle_type"": ""uniform_random"", ""word_order_preserved"": false}","{""fluency_checked"": false, ""label_consistent"": true, ""meaning_preserved"": false}",
170,CA_WORD_03_Jumbling,hi,31 मार्च 2026 तक अटल पेंशन योजना में 8.96 करोड़ नामांकन हो चुके थे।,पीआईबी की हिंदी विज्ञप्ति में 31 मार्च 2026 तक अटल पेंशन योजना के 8.96 करोड़ नामांकन बताए गए हैं।,8.96 में पेंशन चुके नामांकन अटल करोड़ 2026 तक हो मार्च थे। योजना 31,,SUP,same_as_gold,word,"{""shuffle_type"": ""uniform_random"", ""word_order_preserved"": false}","{""fluency_checked"": false, ""label_consistent"": true, ""meaning_preserved"": false}",
171,CA_WORD_03_Jumbling,hi,अक्षय कुमार ने तंबाकू ब्रांड से जुड़े विज्ञापन पर आलोचना के बाद माफी मांगी और फीस दान करने की बात कही।,"हिंदुस्तान की रिपोर्ट में अक्षय कुमार के सोशल मीडिया बयान का हवाला है, जिसमें उन्होंने फैंस से माफी मांगी। बयान में उन्होंने एंडोर्समेंट से पीछे हटने और रकम अच्छे काम में लगाने की बात कही थी।",कुमार बात कही। अक्षय फीस माफी विज्ञापन ब्रांड ने मांगी करने की पर दान और से जुड़े बाद तंबाकू आलोचना के,,SUP,same_as_gold,word,"{""shuffle_type"": ""uniform_random"", ""word_order_preserved"": false}","{""fluency_checked"": false, ""label_consistent"": true, ""meaning_preserved"": false}",
172,CA_WORD_03_Jumbling,hi,विटामिन डी सप्लीमेंट फ्लू को रोकता है।,एनसीसीआईएच के अनुसार फ्लू के लिए विटामिन डी सहित पूरक उपायों पर पर्याप्त साक्ष्य नहीं हैं कि वे रोकथाम में सहायक हैं।,विटामिन डी सप्लीमेंट है। को फ्लू रोकता,,NEI,same_as_gold,word,"{""shuffle_type"": ""uniform_random"", ""word_order_preserved"": false}","{""fluency_checked"": false, ""label_consistent"": true, ""meaning_preserved"": false}",
173,CA_WORD_03_Jumbling,hi,आईटीबीपी ने नैतिकता के आधार पर परिजनों की सहायता करने की बात कही।,लेख में नैतिकता के आधार पर सहायता देने का बयान है।,परिजनों करने की नैतिकता पर सहायता बात ने के कही। आईटीबीपी आधार की,,SUP,same_as_gold,word,"{""shuffle_type"": ""uniform_random"", ""word_order_preserved"": false}","{""fluency_checked"": false, ""label_consistent"": true, ""meaning_preserved"": false}",
174,CA_WORD_03_Jumbling,hi,यदि पूरी दुनिया में एक साथ भूकंप आए तो पृथ्वी की घूर्णन गति (Rotation Speed) दोगुनी हो जाएगी।,लेख में पृथ्वी की घूर्णन गति में परिवर्तन का कोई उल्लेख नहीं है।,जाएगी। तो गति में यदि की आए साथ घूर्णन Speed) पूरी (Rotation दोगुनी भूकंप एक हो दुनिया पृथ्वी,,NEI,same_as_gold,word,"{""shuffle_type"": ""uniform_random"", ""word_order_preserved"": false}","{""fluency_checked"": false, ""label_consistent"": true, ""meaning_preserved"": false}",
175,CA_WORD_03_Jumbling,hi,दिल्ली सरकार ने 18 से 20 जून 2026 तक जन कल्याण शिविर आयोजित किए।,एनडीटीवी इंडिया की हिंदी रिपोर्ट में दिल्ली के अलग-अलग इलाकों में 18 से 20 जून 2026 तक जन कल्याण शिविर आयोजित होने की जानकारी है।,ने सरकार आयोजित दिल्ली कल्याण 18 शिविर 20 किए। 2026 से जून जन तक,,SUP,same_as_gold,word,"{""shuffle_type"": ""uniform_random"", ""word_order_preserved"": false}","{""fluency_checked"": false, ""label_consistent"": true, ""meaning_preserved"": false}",
176,CA_WORD_03_Jumbling,hi,केंद्र सरकार 'एक परिवार एक नौकरी' योजना के तहत हर परिवार के एक सदस्य को सरकारी नौकरी दे रही है।,वनइंडिया हिंदी की जांच और पीआईबी फैक्ट चेक के अनुसार केंद्र सरकार ऐसी कोई योजना नहीं चला रही है।,है। परिवार को दे केंद्र सरकारी रही के तहत सरकार हर के एक योजना परिवार एक नौकरी नौकरी' 'एक सदस्य,,REF,same_as_gold,word,"{""shuffle_type"": ""uniform_random"", ""word_order_preserved"": false}","{""fluency_checked"": false, ""label_consistent"": true, ""meaning_preserved"": false}",
177,CA_WORD_03_Jumbling,hi,गोविंदा और करिश्मा कपूर की जोड़ी ने 90 के दशक में कई सुपरहिट फिल्में दीं।,"TV9 भारतवर्ष की खबर में इतना ही है कि गोविंदा और करिश्मा कपूर की जोड़ी ने 90 के दशक में कई सुपरहिट फिल्में दीं, लेकिन अचानक दोनों ने साथ काम करना बंद कर दिया था. शेष विवरण रिपोर्ट में नहीं है।",सुपरहिट कपूर दशक करिश्मा और जोड़ी ने कई के फिल्में गोविंदा में दीं। की 90,,NEI,same_as_gold,word,"{""shuffle_type"": ""uniform_random"", ""word_order_preserved"": false}","{""fluency_checked"": false, ""label_consistent"": true, ""meaning_preserved"": false}",
178,CA_WORD_03_Jumbling,hi,मतदाता सेवा पोर्टल पर फॉर्म 7 से मौजूदा मतदाता सूची से नाम हटाने का अनुरोध किया जा सकता है।,निर्वाचन आयोग के मतदाता सेवा पोर्टल पर फॉर्म 7 को मौजूदा मतदाता सूची से नाम हटाने के लिए बताया गया है।,का जा मतदाता किया फॉर्म सेवा नाम पोर्टल से मौजूदा हटाने मतदाता से पर है। अनुरोध सूची सकता 7,,SUP,same_as_gold,word,"{""shuffle_type"": ""uniform_random"", ""word_order_preserved"": false}","{""fluency_checked"": false, ""label_consistent"": true, ""meaning_preserved"": false}",
179,CA_WORD_03_Jumbling,hi,पवन सिंह अपनी मां के लिए भावुक हुए।,"प्रभात खबर के मुताबिक, पवन सिंह 'भोजपुरी बवाल' में माँ के लिए भावुक हुए. उनकी निजी जिंदगी के अनजाने किस्से और इमोशनल पल जानने के लिए देखें.",के सिंह पवन लिए अपनी हुए। भावुक मां,,SUP,same_as_gold,word,"{""shuffle_type"": ""uniform_random"", ""word_order_preserved"": false}","{""fluency_checked"": false, ""label_consistent"": true, ""meaning_preserved"": false}",
180,CA_WORD_03_Jumbling,hi,लोकसभा चुनाव 2024 के चौथे चरण में आंध्र प्रदेश के 25 संसदीय निर्वाचन क्षेत्रों में कुल मतदान 80.66 प्रतिशत था।,पीआईबी की हिंदी विज्ञप्ति की राज्यवार तालिका में चौथे चरण में आंध्र प्रदेश के 25 क्षेत्रों में कुल मतदान 80.66 प्रतिशत बताया गया है।,के 25 कुल निर्वाचन में प्रतिशत 80.66 में चुनाव क्षेत्रों था। 2024 मतदान आंध्र चौथे संसदीय लोकसभा चरण के प्रदेश,,SUP,same_as_gold,word,"{""shuffle_type"": ""uniform_random"", ""word_order_preserved"": false}","{""fluency_checked"": false, ""label_consistent"": true, ""meaning_preserved"": false}",
181,CA_WORD_03_Jumbling,hi,लेख के अनुसार सिमोन बोलिवर अंतरराष्ट्रीय हवाई अड्डा पूरी तरह सुरक्षित रहा और उसे कोई नुकसान नहीं पहुंचा।,लेख में हवाई अड्डे के बुरी तरह क्षतिग्रस्त होने तथा केवल एक रनवे चालू रहने की जानकारी दी गई है।,नुकसान सिमोन अनुसार और हवाई बोलिवर उसे तरह लेख के अंतरराष्ट्रीय अड्डा नहीं पहुंचा। कोई सुरक्षित पूरी रहा,,REF,same_as_gold,word,"{""shuffle_type"": ""uniform_random"", ""word_order_preserved"": false}","{""fluency_checked"": false, ""label_consistent"": true, ""meaning_preserved"": false}",
182,CA_WORD_03_Jumbling,hi,18वीं लोकसभा की कार्यवाही 2 जुलाई 2024 को और राज्यसभा की कार्यवाही 3 जुलाई 2024 को अनिश्चितकाल के लिए स्थगित हुई।,पीआईबी की समीक्षा में लोकसभा की कार्यवाही 2 जुलाई और राज्यसभा की कार्यवाही 3 जुलाई 2024 को अनिश्चितकाल के लिए स्थगित होने का उल्लेख है।,कार्यवाही लिए 2024 हुई। की को लोकसभा 18वीं अनिश्चितकाल 2 को 2024 और जुलाई 3 की कार्यवाही जुलाई राज्यसभा स्थगित के,,SUP,same_as_gold,word,"{""shuffle_type"": ""uniform_random"", ""word_order_preserved"": false}","{""fluency_checked"": false, ""label_consistent"": true, ""meaning_preserved"": false}",
183,CA_WORD_03_Jumbling,hi,प्रधानमंत्री मुद्रा योजना छोटे और सूक्ष्म कारोबारों के लिए लाई गई थी।,आज तक की हिंदी रिपोर्ट प्रधानमंत्री मुद्रा योजना को लघु और सूक्ष्म उद्योग से जुड़े लोगों के लिए शुरू की गई योजना बताती है।,के प्रधानमंत्री मुद्रा छोटे थी। लिए लाई योजना कारोबारों और सूक्ष्म गई,,SUP,same_as_gold,word,"{""shuffle_type"": ""uniform_random"", ""word_order_preserved"": false}","{""fluency_checked"": false, ""label_consistent"": true, ""meaning_preserved"": false}",
184,CA_WORD_03_Jumbling,hi,जेनिफर विंगेट की शादी की अटकलें फैलीं।,अमर उजाला की खबर में इतना ही है कि मीडिया रिपोर्ट्स के मुताबिक टीवी एक्ट्रेस जेनिफर विंगेट ने 16 जुलाई को अपने लंबे समय के पार्टनर विलियम इश्माएल से शादी। शेष विवरण रिपोर्ट में नहीं है।,की विंगेट जेनिफर अटकलें शादी फैलीं। की,,NEI,same_as_gold,word,"{""shuffle_type"": ""uniform_random"", ""word_order_preserved"": false}","{""fluency_checked"": false, ""label_consistent"": true, ""meaning_preserved"": false}",
185,CA_WORD_03_Jumbling,hi,सात घंटे से कम सोने वाले वयस्कों को अपर्याप्त नींद लेने वाला माना जाता है।,अमेरिकी रोग नियंत्रण एवं रोकथाम केंद्र के अनुसार प्रतिदिन सात घंटे से कम नींद की रिपोर्ट करने वाले वयस्कों को कम अवधि की या अपर्याप्त नींद लेने वाला माना जाता है।,से सोने माना को लेने वाले अपर्याप्त कम है। नींद सात वाला जाता वयस्कों घंटे,,SUP,same_as_gold,word,"{""shuffle_type"": ""uniform_random"", ""word_order_preserved"": false}","{""fluency_checked"": false, ""label_consistent"": true, ""meaning_preserved"": false}",
186,CA_WORD_03_Jumbling,hi,"राजपाल यादव ने जमानत के लिए सलमान खान को नहीं कहा शुक्रिया, वायरल वीडियो 8 साल पुराना।",विश्वास न्यूज़ की स्टोरी में लिखा है: सलमान खान की प्रशंसा करने वाले राजपाल यादव के वायरल वीडियो को लेकर किया जा रहा दावा गलत है।,"वायरल जमानत नहीं कहा ने शुक्रिया, खान के 8 सलमान राजपाल लिए यादव को वीडियो साल पुराना।",,SUP,same_as_gold,word,"{""shuffle_type"": ""uniform_random"", ""word_order_preserved"": false}","{""fluency_checked"": false, ""label_consistent"": true, ""meaning_preserved"": false}",
187,CA_WORD_03_Jumbling,hi,जामताड़ा साइबर थाना पुलिस ने दो साइबर आरोपियों को गिरफ्तार किया।,पुलिस ने सुरेश कुमार दास और दीपक कुमार दास को गिरफ्तार कर उनके पास से सात मोबाइल और सात सिम कार्ड बरामद किए।,थाना दो पुलिस किया। ने जामताड़ा साइबर को गिरफ्तार साइबर आरोपियों,,SUP,same_as_gold,word,"{""shuffle_type"": ""uniform_random"", ""word_order_preserved"": false}","{""fluency_checked"": false, ""label_consistent"": true, ""meaning_preserved"": false}",
188,CA_WORD_03_Jumbling,hi,अपवर्तक त्रुटियां समय के साथ अपने आप ठीक हो जाती हैं।,डब्ल्यूएचओ अपवर्तक त्रुटियों को दृष्टि हानि के प्रमुख कारणों में शामिल करता है।,अपने ठीक आप साथ समय हैं। के त्रुटियां जाती अपवर्तक हो,,REF,same_as_gold,word,"{""shuffle_type"": ""uniform_random"", ""word_order_preserved"": false}","{""fluency_checked"": false, ""label_consistent"": true, ""meaning_preserved"": false}",
189,CA_WORD_03_Jumbling,hi,मेथी स्तनपान कराने वाली महिलाओं में दूध की मात्रा निश्चित रूप से बढ़ाती है।,"एनसीसीआईएच के अनुसार मेथी से दूध की मात्रा बढ़ाने पर कुछ अध्ययन हुए हैं, लेकिन परिणाम मिश्रित हैं और निष्कर्ष के लिए अधिक उच्च-गुणवत्ता शोध चाहिए।",दूध बढ़ाती की है। मेथी निश्चित महिलाओं से रूप स्तनपान में मात्रा वाली कराने,,NEI,same_as_gold,word,"{""shuffle_type"": ""uniform_random"", ""word_order_preserved"": false}","{""fluency_checked"": false, ""label_consistent"": true, ""meaning_preserved"": false}",
190,CA_WORD_03_Jumbling,hi,"यमुनोत्री क्षेत्र के खरशाली, जानकीचट्टी, फूलचट्टी, बनास और गीठ पट्टी के गांवों में झमाझम बारिश हुई।",लेख में इन क्षेत्रों में बारिश होने की जानकारी दी गई है।,"जानकीचट्टी, गीठ पट्टी बारिश के के फूलचट्टी, में यमुनोत्री गांवों झमाझम क्षेत्र और खरशाली, हुई। बनास",,SUP,same_as_gold,word,"{""shuffle_type"": ""uniform_random"", ""word_order_preserved"": false}","{""fluency_checked"": false, ""label_consistent"": true, ""meaning_preserved"": false}",
191,CA_WORD_03_Jumbling,hi,बूथ ऐप एन्कोर एप्लिकेशन का एकीकृत ऐप है जो एन्क्रिप्टेड क्यूआर कोड से मतदाताओं की तेज पहचान की सुविधा देता है।,पीआईबी की विज्ञप्ति में बूथ ऐप को एन्कोर का एकीकृत ऐप बताया गया है जो डिजिटल मतदाता चिन्हित प्रतियों के एन्क्रिप्टेड क्यूआर कोड से तेज पहचान करता है।,एन्कोर कोड एन्क्रिप्टेड क्यूआर एप्लिकेशन देता की बूथ का जो एकीकृत ऐप से है। तेज है की सुविधा ऐप मतदाताओं पहचान,,SUP,same_as_gold,word,"{""shuffle_type"": ""uniform_random"", ""word_order_preserved"": false}","{""fluency_checked"": false, ""label_consistent"": true, ""meaning_preserved"": false}",
192,CA_WORD_03_Jumbling,hi,केंद्रीय मंत्री चिराग पासवान का पुराना वीडियो हाल ही में बिहार बीजेपी सरकार की आलोचना करने के दावे से वायरल…,"सोशल मीडिया पर केंद्रीय खाद्य प्रसंस्करण उद्योग मंत्री चिराग पासवान का एक वीडियो वायरल हो रहा है। वीडियो में उन्हें बिहार सरकार की आलोचना करते हुए देखा जा सकता है। पोस्ट में दावा किया गया है कि चिराग पासवान ने बिहार में हाल ही में बनी BJP के नेतृत्व वाली सरकार की आलोचना करते हुए कहा है कि राज्य में अपराध पूरी तरह से बढ़ता जा रहा है। वायरल वीडियो के साथ यूजर ने लिखा है- अपनी ही सरकार के विरोध में उतरे चिराग पासवान !! फेसबुक।आर्काइव अनुसंधान से पता चलता है कि… पड़ताल की शुरुआत में हमने वायरल  वीडियो के तस्वीरों का रिवर्स इमेज सर्च किया, परिणाम में वायरल वीडियो  हमें  एकफेसबुकपेज पर मिला। इस वीडियो को 26 जुलाई 2025 को शेयर किया गया था। इससे ये बात साफ है कि वीडियो हाल ही का नहीं है। मौजूद जानकारी के मुताबिक, चिराग पासवान ने नीतीश कुमार की सरकार को लेकर यह बयान दिया था। मिली जानकारी की मदद लेते हुए अधिक सर्च करने पर  हमें दावे से जुड़ी एक रिपोर्ट‘एबीपी न्यूज’की वेबसाइट पर मिली। 26 जुलाई 2025 को प्रकाशित  रिपोर्ट के अनुसार, बिहार में बढ़ते क्राइम को लेकर चिराग पासवान नाखुश थे। उन्होंने नीतीश सरकार में बिहार में बढ़ते अपराध को लेकर कई बार अपनी नाराजगी जताई थी। साथ ही, उन्होंने बिहार पुलिस और प्रशासन को निकम्मा भी बताया था। 26 जुलाई 2025  कोआजतकमें प्रकाशित खबर के अनुसार ,  चिराग पासवान ने नीतीश सरकार पर निशाना साधा। उन्होंने कहा कि बिहार में एक के बाद एक आपराधिक घटनाओं की श्रृंखला सी बन गई है। प्रशासन अपराधियों के सामने पूरी तरह नतमस्तक दिख रहा है। सबसे बड़ी बात यह है कि ऐसी घटनाएं कम क्यों नहीं हो रही हैं? बिहार में हत्या, लूट, अपहरण, बलात्कार की घटनाएं लगातार हो रही हैं। 14 अप्रैल 2026 को नीतीश कुमार ने मुख्यमंत्री पद से इस्तीफा- 14 अप्रैल 2026 कोनीतीश कुमारने मुख्यमंत्री पद से इस्तीफा दे दिया था। फिर जनता दल यूनाइटेड और भारतीय जनता पार्टी ने सम्राट चौधरी को बिहार के अगले मुख्यमंत्री के रूप में चुना। 15 अप्रैल 2026 को सम्राट चौधरी ने बिहार के मुख्यमंत्री के रूप में शपथ ली थी। निष्कर्ष– तथ्य-जांच के बाद हमने पाया कि ,  बिहार सरकार की आलोचना करते हुए चिराग पासवान का वायरल वीडियो असल में हाल-फिलहाल का नहीं, बल्कि करीब एक साल पुराना है। जब जुलाई 2025 में उन्होंने बिहार में",से हाल मंत्री के ही वीडियो केंद्रीय बिहार बीजेपी चिराग का में की दावे पुराना आलोचना करने वायरल… सरकार पासवान,,REF,same_as_gold,word,"{""shuffle_type"": ""uniform_random"", ""word_order_preserved"": false}","{""fluency_checked"": false, ""label_consistent"": true, ""meaning_preserved"": false}",
193,CA_WORD_03_Jumbling,hi,आड़ू के बगीचों में मलबा भर गया और कई बाग पूरी तरह नष्ट हो गए।,लेख में आड़ू के बगीचों में मलबा भरने और कई बागों के मिट जाने का उल्लेख है।,और बाग में गया तरह पूरी आड़ू कई बगीचों मलबा हो के गए। नष्ट भर,,SUP,same_as_gold,word,"{""shuffle_type"": ""uniform_random"", ""word_order_preserved"": false}","{""fluency_checked"": false, ""label_consistent"": true, ""meaning_preserved"": false}",
194,CA_WORD_03_Jumbling,hi,"हाल ही में यश की 'टॉक्सिक' से लेकर 'लव एंड वॉर' तक, टल गई इन फिल्मों की रिलीज।",न्यूज़बाइट्स हिंदी की स्टोरी में लिखा है: साल 2026 में कई बड़ी फिल्मों का इंतजार कर रहे दर्शकों को निराशा भी हाथ लगी।,"तक, लेकर से में 'टॉक्सिक' की ही की यश गई रिलीज। वॉर' 'लव टल हाल एंड फिल्मों इन",,SUP,same_as_gold,word,"{""shuffle_type"": ""uniform_random"", ""word_order_preserved"": false}","{""fluency_checked"": false, ""label_consistent"": true, ""meaning_preserved"": false}",
195,CA_WORD_03_Jumbling,hi,"लखनऊ फार्मा कॉन्क्लेव में सीएम योगी का दिया गया पुराना भाषण, भारत तिवारी एनकाउंटर मामले से जोड़कर वायरल।","भरत तिवारी एनकाउंटर मामले में सीएम योगी का वायरल बयान भ्रामक, फरवरी का पुराना वीडियो हो रहा है शेयर। बिहार के भोजपुर जिले में 17 जून 2026 को हुए भरत भूषण तिवारी एनकाउंटर को लेकर बवाल मचा हुआ है। इसी बीच इंटरनेट पर उत्तर प्रदेश के मुख्यमंत्री योगी आदित्यनाथ का एक वीडियो शेयर हो रहा है, जिसमें वह कहते हैं कि “पुलिस ने गोली क्यों मार दी? अगर पुलिस गोली ना मारे तो क्या पुलिस गोली खाए? यह दोनों काम एक साथ नहीं चल सकते। अगर उस अपराधी को गोली चलाने की स्वतंत्रता है, तो पुलिस के पास भी हमने इसीलिए पिस्तौल दी है कि वह भी उसके सामने उसका मुकाबला करे। उसका प्रशिक्षण इसी बात को लेकर के हो रखा है और उसको जिस भाषा में समझे, उस भाषा में उसको समझाने का काम करें”। वीडियो शेयर करने वाले यूज़र्स का दावा है कि सीएम योगी ने भारत तिवारी के एनकाउंटर का कथित तौर पर पूरा समर्थन किया है। यूज़र ने वीडियो शेयर करते हुए कैप्शन लिखा है… उत्तरप्रदेशकेसीएममाननीयआदित्यनाथमुख्यमंत्रीजीभरततिवारीकेसरेंडरकरनेकेबादभीपुलिसद्वाराएनकाउंटरकिएजानेपरक्याबोलरहेहैं,,सवालसिर्फभरततिवारीकानहींहै,सवालकानूनऔरन्यायव्यवस्थापरजनताकेभरोसेकाहै।यदिकोईचूकयासाजिशहुईहैतोसचसामनेआनाचाहिएऔरजिम्मेदारलोगोंपरकार्रवाईहोनीचाहिए फेसबुक पोस्ट।आर्काइव पोस्ट अनुसंधानसेपताचलताहैकि… हमने वायरल वीडियो से सम्बंधित कीवर्ड को आधार बनाकर खोज शुरू की। परिणाम में हमें मुख्यमंत्री योगी आदित्यनाथ का यही वीडियोईटी नाउस्वदेश के यूट्यूब चैनल पर एक शॉर्ट वीडियो के रूप में मिला। यहां पर वीडियो को 4 फरवरी 2026 को अपलोड किया गया था। इससे स्पष्ट होता है कि यह भरत तिवारी एनकाउंटर से पहले का वीडियो है। आजतकके यूट्यूब अकाउंट से 3 फरवरी 2026 को अपलोड की गई वीडियो रिपोर्ट में वायरल वीडियो को देखा जा सकता है। पता चलता है कि सीएम योगी ने 3 फ़रवरी को लखनऊ में आयोजित फार्मा कॉन्क्लेव में अपराधियों के एनकाउंटर पर सवाल उठाने के जवाब में यह कहा था,“बहुत बार लोग टिप्पणी करते हैं कि पुलिस ने गोली क्यों मार दी? अगर पुलिस गोली ना मारे तो क्या पुलिस गोली खाए? यह दोनों काम एक साथ नहीं चल सकते। अगर उस अपराधी को गोली चलाने की स्वतंत्रता है, तो पुलिस के पास भी हमने इसीलिए पिस्तौल दी है कि वह भी उसके सामने उसका मुकाबला करे”। आगे की खोज में हमें मुख्यमंत्रीयोगीके आधिकारिक यूट्य","सीएम दिया कॉन्क्लेव पुराना भाषण, का गया तिवारी फार्मा एनकाउंटर से जोड़कर योगी भारत लखनऊ में वायरल। मामले",,REF,same_as_gold,word,"{""shuffle_type"": ""uniform_random"", ""word_order_preserved"": false}","{""fluency_checked"": false, ""label_consistent"": true, ""meaning_preserved"": false}",
196,CA_WORD_03_Jumbling,hi,मगवर्ट अनिद्रा के उपचार में प्रभावी है।,एनसीसीआईएच के अनुसार मगवर्ट पर मानव शोध बहुत सीमित है और अनिद्रा सहित स्वास्थ्य स्थितियों में इसके लाभ पर निर्णायक साक्ष्य नहीं हैं।,मगवर्ट अनिद्रा है। उपचार में प्रभावी के,,NEI,same_as_gold,word,"{""shuffle_type"": ""uniform_random"", ""word_order_preserved"": false}","{""fluency_checked"": false, ""label_consistent"": true, ""meaning_preserved"": false}",
197,CA_WORD_03_Jumbling,hi,पीएम ई-ड्राइव योजना इलेक्ट्रिक दोपहिया और ई-तिपहिया वाहनों के लिए मांग प्रोत्साहन प्रदान करती है।,पीआईबी हिंदी पृष्ठ में पीएम ई-ड्राइव योजना को इलेक्ट्रिक दोपहिया और ई-तिपहिया वाहनों के लिए मांग प्रोत्साहन देने वाली योजना बताया गया है।,मांग ई-ड्राइव पीएम और करती प्रदान ई-तिपहिया योजना इलेक्ट्रिक प्रोत्साहन है। लिए के दोपहिया वाहनों,,SUP,same_as_gold,word,"{""shuffle_type"": ""uniform_random"", ""word_order_preserved"": false}","{""fluency_checked"": false, ""label_consistent"": true, ""meaning_preserved"": false}",
198,CA_WORD_03_Jumbling,hi,लेख के अनुसार रविवार को पूरे उत्तराखंड में मौसम पूरी तरह साफ रहा और कहीं बारिश नहीं हुई।,"लेख में कई स्थानों पर बारिश, बर्फबारी और ओलावृष्टि का उल्लेख है।",और को मौसम तरह में साफ के अनुसार बारिश रविवार लेख हुई। पूरे रहा पूरी नहीं कहीं उत्तराखंड,,REF,same_as_gold,word,"{""shuffle_type"": ""uniform_random"", ""word_order_preserved"": false}","{""fluency_checked"": false, ""label_consistent"": true, ""meaning_preserved"": false}",
199,CA_WORD_03_Jumbling,hi,'रामायण' में रणबीर और यश की भिड़ंत के लिए इंतजार करना होगा।,इंडिया टीवी: नितेश तिवारी की फिल्म 'रामायण' में रणबीर कपूर (राम) और यश (रावण) का महामुकाबला अभी शूट नहीं हुआ है। दो भागों में बन रही इस भव्य फिल्म का पहला पार्ट सस्पेंसभरे मोड़ पर खत्म होगा। इसके अलावा कोई आधिकारिक पुष्टि दर्ज नहीं है।,में लिए की इंतजार 'रामायण' और के भिड़ंत रणबीर यश करना होगा।,,NEI,same_as_gold,word,"{""shuffle_type"": ""uniform_random"", ""word_order_preserved"": false}","{""fluency_checked"": false, ""label_consistent"": true, ""meaning_preserved"": false}",
200,CA_WORD_03_Jumbling,hi,एंटीबायोटिक प्रतिरोध विकसित होने में हर बैक्टीरिया को कम से कम एक वर्ष लगता है।,"डब्ल्यूएचओ एएमआर को समय के साथ आनुवंशिक परिवर्तनों से जुड़ी प्रक्रिया बताता है, लेकिन सभी बैक्टीरिया के लिए एक वर्ष की न्यूनतम अवधि नहीं देता।",वर्ष एंटीबायोटिक एक कम में प्रतिरोध है। से होने विकसित हर कम बैक्टीरिया को लगता,,NEI,same_as_gold,word,"{""shuffle_type"": ""uniform_random"", ""word_order_preserved"": false}","{""fluency_checked"": false, ""label_consistent"": true, ""meaning_preserved"": false}",
201,CA_WORD_03_Jumbling,hi,"यादृच्छिक रूप से चुनी गई 5 प्रतिशत ईवीएम और वीवीपैट में 1,000 वोट का मॉक पोल कराया जाता है।","पीआईबी की विज्ञप्ति में 5 प्रतिशत यादृच्छिक चयनित ईवीएम तथा वीवीपैट में 1,000 वोट का मॉक पोल कराने की जानकारी है।","है। 5 मॉक चुनी से जाता रूप और यादृच्छिक में ईवीएम गई का वीवीपैट पोल कराया प्रतिशत 1,000 वोट",,SUP,same_as_gold,word,"{""shuffle_type"": ""uniform_random"", ""word_order_preserved"": false}","{""fluency_checked"": false, ""label_consistent"": true, ""meaning_preserved"": false}",
202,CA_WORD_03_Jumbling,hi,भारतीय सेना ने प्रभावित लोगों के लिए अस्थायी पुल (Bailey Bridge) का निर्माण किया।,लेख में अस्थायी पुल के निर्माण का कोई उल्लेख नहीं है।,सेना निर्माण लिए के प्रभावित Bridge) अस्थायी भारतीय ने (Bailey पुल लोगों का किया।,,NEI,same_as_gold,word,"{""shuffle_type"": ""uniform_random"", ""word_order_preserved"": false}","{""fluency_checked"": false, ""label_consistent"": true, ""meaning_preserved"": false}",
203,CA_WORD_03_Jumbling,hi,ईवीएम और वीवीपैट का दूसरा रैंडमाइजेशन चुनाव लड़ने वाले उम्मीदवारों की मौजूदगी में मतदान केंद्र-वार और रिजर्व मशीनों के आवंटन के लिए किया जाता है।,पीआईबी की विज्ञप्ति में दूसरे रैंडमाइजेशन को उम्मीदवारों की उपस्थिति में मतदान केंद्र-वार और रिजर्व मशीनों के आवंटन से जोड़ा गया है।,की मतदान मौजूदगी वीवीपैट वाले चुनाव और उम्मीदवारों दूसरा के ईवीएम मशीनों का और रिजर्व आवंटन में जाता लिए है। लड़ने किया के केंद्र-वार रैंडमाइजेशन,,SUP,same_as_gold,word,"{""shuffle_type"": ""uniform_random"", ""word_order_preserved"": false}","{""fluency_checked"": false, ""label_consistent"": true, ""meaning_preserved"": false}",
204,CA_WORD_03_Jumbling,hi,वायरल वीडियो में खुद को सैल्यूट करने के लिए कहता शख्स फर्जी आईपीएस अधिकारी है…,"सोशल मीडिया पर एक शख्स के पुलिस से बहस करने का वीडियो तेज़ी से वायरल हो रहा है। वीडियो में वह आदमी खुद को नोएडा का IPS अफ़सर बता रहा है और वहाँ मौजूद पुलिस वालों से सैल्यूट करने की मांग कर रहा है। इस वीडियो को शेयर कर दावा किया जा रहा है कि  लखनऊ में नोएडा के आईपीएस अधिकारी अपनी प्राइवेट कार से सिविल ड्रेस में लखनऊ पहुंचे थे। जब उन्होंने एक सिपाही को सैल्यूट करने के लिए कहा, तो सिपाही ने ऐसा करने से मना कर दिया क्योंकि वह तथा कथित आईपीएस आधिकारिक गाड़ी और ड्रेस में नहीं थे। वीडियो को यूपी पुलिस और योगी सरकार की तारीफ करते हुए शेयर किया जा रहा है। वायरल वीडियो के साथ यूजर ने लिखा है-  सिपाही में कर्तव्य पालन करते हुए किसी IPS को रोकने का साहस तभी आता है, जब CM योगी जी जैसा हो !नोएडा के एक IPS अपनी प्राइवेट कार से लखनऊ पहुंचे थे…चेकिंग के दौरान पुलिस ने गाड़ी रोक ली…गाड़ी से उतरते ही बोले “मैं नोएडा का IPS अधिकारी हूं” फिर क्या हुआ ? आप स्वयं देखिए फेसबुक।आर्काइव अनुसंधान से पता चलता है कि… पड़ताल की शुरुआत में हमने वायरल  वीडियो के तस्वीरों का रिवर्स इमेज सर्च किया। परिणाम में वायरल वीडियो हमें आजतक मेंप्रकाशितमिला।  16 जून 2026 को प्रकाशित रिपोर्ट के अनुसार, वीडियो में नजर आ रहा शख्स असली नहीं, बल्कि एक फेक आईपीएस अधिकारी था। दरअसल, लखनऊ में एक शख्स ने चाय की दुकान से 40 रुपये का बन का पैकेट लिया था और पैसे नहीं दिए थे। दुकानदार के पैसे मांगने पर वह खुद को नोएडा का आईपीएस अधिकारी बताने लगा और दुकानदार से बहस करने लगा। मौके पर पुलिस के आने पर वह उन्हें खुद को सैल्यूट करने के लिए कहने लगा। हद तो तब हो गई जब उसने असली पुलिसवालों को ही अर्दब में लेने की कोशिश की और उन्हें सैल्यूट मारने दबाव बनाने लगा।  हालांकि, उसकी ये हेकड़ी ज्यादा देर नहीं टिक सकी। विवाद की शुरुआत 40 रुपये का बन खाने और पैसा न देने से हुई थी। पड़ताल के दौरान हमें दावे से जुड़ी एक अन्य न्यूज रिपोर्टद ललन टॉपकी वेबसाइट पर  मिली। 16 जून 2026 को प्रकाशित  रिपोर्ट के मुताबिक, महानगर क्षेत्र के गोल मार्केट चौराहे पर पुलिस की नियमित चेकिंग चल रही थी। इसी दौरान पुलिस को सूचना मिली कि एक व्यक्ति खुद को आईपीएस अधिकारी बताकर एक स्थानीय दुकानदारों से विवाद कर रहा है और उन पर धौंस जमा रहा है। सूचना मिलते ही पुलिस",है… में फर्जी करने कहता खुद शख्स अधिकारी वीडियो को लिए सैल्यूट आईपीएस के वायरल,,REF,same_as_gold,word,"{""shuffle_type"": ""uniform_random"", ""word_order_preserved"": false}","{""fluency_checked"": false, ""label_consistent"": true, ""meaning_preserved"": false}",
205,CA_WORD_03_Jumbling,hi,शेखर सुमन ने छात्रों पर कार्रवाई पर भावुक प्रतिक्रिया दी।,अमर उजाला की स्टोरी बताती है कि एक्टर-होस्ट शेखर सुमन 'शेखर टूनाइट' के हालिया एपिसोड में भावुक हो गए। उन्होंने दिल्ली के जंतर-मंतर पर विरोध प्रदर्शन। पर इससे जुड़ी आधिकारिक तारीख या आंकड़े रिपोर्ट में नहीं दिए गए।,पर कार्रवाई पर छात्रों ने दी। शेखर भावुक सुमन प्रतिक्रिया,,NEI,same_as_gold,word,"{""shuffle_type"": ""uniform_random"", ""word_order_preserved"": false}","{""fluency_checked"": false, ""label_consistent"": true, ""meaning_preserved"": false}",
206,CA_WORD_03_Jumbling,hi,'तारक मेहता का उल्टा चश्मा' के मेकर्स एक नया शो लेकर आए हैं।,TV9 भारतवर्ष ने बताया कि टीवी शो 'तारक मेहता का उल्टा चश्मा' के मेकर्स एक नया शो लेकर आए हैं.,'तारक उल्टा का एक लेकर के शो आए चश्मा' मेहता नया हैं। मेकर्स,,SUP,same_as_gold,word,"{""shuffle_type"": ""uniform_random"", ""word_order_preserved"": false}","{""fluency_checked"": false, ""label_consistent"": true, ""meaning_preserved"": false}",
207,CA_WORD_03_Jumbling,hi,विश्वास 2026 योजना को ईपीएफ संबंधी विवादों के समाधान के लिए छह महीने के लिए शुरू किया गया।,एनडीटीवी इंडिया की रिपोर्ट विश्वास 2026 को स्वैच्छिक अनुपालन बढ़ाने और पीएफ विवाद सुलझाने की छह महीने की योजना बताती है।,लिए लिए समाधान संबंधी 2026 किया छह के महीने विश्वास के के विवादों योजना शुरू गया। ईपीएफ को,,SUP,same_as_gold,word,"{""shuffle_type"": ""uniform_random"", ""word_order_preserved"": false}","{""fluency_checked"": false, ""label_consistent"": true, ""meaning_preserved"": false}",
208,CA_WORD_03_Jumbling,hi,"पोलियो से बचाव केवल स्वच्छ पानी पीने से संभव है, टीकाकरण से नहीं।",डब्ल्यूएचओ के अनुसार पोलियो को टीकाकरण से रोका जा सकता है।,"पीने नहीं। है, से स्वच्छ संभव पानी से से टीकाकरण पोलियो केवल बचाव",,REF,same_as_gold,word,"{""shuffle_type"": ""uniform_random"", ""word_order_preserved"": false}","{""fluency_checked"": false, ""label_consistent"": true, ""meaning_preserved"": false}",
209,CA_WORD_03_Jumbling,hi,रियलिटी शो 'अलायंस' में कुशाल टंडन 'ऐस ऑफ द वीक' बने।,"प्रभात खबर के मुताबिक इतना ही पता चलता है कि प्राइम वीडियो के रियलिटी शो 'अलायंस' में ट्विस्ट! कुशाल टंडन 'ऐस ऑफ द वीक' बने, कम्या पंजाबी ने की धमाकेदार एंट्री. आगे कोई पुख्ता जानकारी नहीं मिलती।",शो टंडन वीक' द में ऑफ रियलिटी 'अलायंस' बने। 'ऐस कुशाल,,NEI,same_as_gold,word,"{""shuffle_type"": ""uniform_random"", ""word_order_preserved"": false}","{""fluency_checked"": false, ""label_consistent"": true, ""meaning_preserved"": false}",
210,CA_WORD_03_Jumbling,hi,लोकसभा चुनाव 2024 के छठे चरण में लगभग 11.13 करोड़ मतदाता और 1.14 लाख से अधिक मतदान केंद्र थे।,पीआईबी की हिंदी विज्ञप्ति में छठे चरण के लिए 11.13 करोड़ मतदाता और 1.14 लाख से अधिक मतदान केंद्र बताए गए हैं।,चरण चुनाव करोड़ छठे मतदान अधिक केंद्र 11.13 मतदाता 2024 और 1.14 से लाख के लगभग में लोकसभा थे।,,SUP,same_as_gold,word,"{""shuffle_type"": ""uniform_random"", ""word_order_preserved"": false}","{""fluency_checked"": false, ""label_consistent"": true, ""meaning_preserved"": false}",
211,CA_WORD_03_Jumbling,hi,"'जन नायकन' देखकर रोईं अभिनेत्री आनंदी, मेकर्स से की यह शिकायत; समर्थन में आए यूजर्स।",अमर उजाला ने पुष्टि की कि तमिल टीवी एक्ट्रेस आनंदी अजय का एक वीडियो सोशल मीडिया पर वायरल हो रहा है।,"से समर्थन अभिनेत्री 'जन नायकन' शिकायत; यह की रोईं आनंदी, देखकर मेकर्स आए यूजर्स। में",,SUP,same_as_gold,word,"{""shuffle_type"": ""uniform_random"", ""word_order_preserved"": false}","{""fluency_checked"": false, ""label_consistent"": true, ""meaning_preserved"": false}",
212,CA_WORD_03_Jumbling,hi,झूतिया गांव में एक परिवार के तीन लोगों की आपदा में मृत्यु हो गई।,लेख में एक ही परिवार के तीन लोगों की जान जाने का उल्लेख है।,गांव परिवार हो तीन मृत्यु आपदा लोगों में की झूतिया में के गई। एक,,SUP,same_as_gold,word,"{""shuffle_type"": ""uniform_random"", ""word_order_preserved"": false}","{""fluency_checked"": false, ""label_consistent"": true, ""meaning_preserved"": false}",
213,CA_WORD_03_Jumbling,hi,"पीएम-किसान के तहत पात्र किसान परिवारों को प्रति वर्ष 6,000 रुपये दिए जाते हैं।","कृषि मंत्रालय की विज्ञप्ति में पात्र किसान परिवारों को 2,000 रुपये की तीन समान किस्तों में प्रति वर्ष 6,000 रुपये देने का प्रावधान है।","को के दिए हैं। जाते तहत पीएम-किसान पात्र रुपये परिवारों किसान वर्ष प्रति 6,000",,SUP,same_as_gold,word,"{""shuffle_type"": ""uniform_random"", ""word_order_preserved"": false}","{""fluency_checked"": false, ""label_consistent"": true, ""meaning_preserved"": false}",
214,CA_WORD_03_Jumbling,hi,बिहार की शादियों में एक 35 साल पुराना भोजपुरी गाना बजता है।,"लाइव हिन्दुस्तान की रिपोर्ट में सिर्फ इतना बताया गया कि भोजपुरी गानों के शौकिन हैं? हां, तो इस गाने को पहचानिए जो बिहार और पूर्वांचल की हर शादी में बजता है, जिसके बिना वहां की शादियां अधूरी मानी जाती हैं। तारीख या आंकड़ों का उल्लेख नहीं है।",गाना शादियों बिहार साल 35 भोजपुरी पुराना बजता एक में की है।,,NEI,same_as_gold,word,"{""shuffle_type"": ""uniform_random"", ""word_order_preserved"": false}","{""fluency_checked"": false, ""label_consistent"": true, ""meaning_preserved"": false}",
215,CA_WORD_03_Jumbling,hi,"महिला पुलिसकर्मी के गर्भवती होने का दावा निकला झूठा, दिल्ली पुलिस ने सामने लाया सच।","महिला पुलिसकर्मी के प्रेग्नेंट होने की झूठी अफवाह, दिल्ली पुलिस ने किया स्पष्ट महिला न तो शादीशुदा है और न ही गर्भवती है। नीट (NEET) परीक्षा विवाद को लेकर बीते दिनों कॉकरोच जनता पार्टी (CJP) की तरफ से संसद मार्च का आयोजन किया गया था। इस दौरान मार्च निकाल रहे प्रदर्शनकारियों और पुलिस बलों के बीच तीखी झड़प हुई थी। इसी से जोड़ते हुए एक महिला पुलिसकर्मी की तस्वीर वायरल हो रही है जो बेसुध हालत में है और उसे कुछ अन्य महिला पुलिसकर्मी उठा रही है। तस्वीर को बेहद ही संवेदनशील बताया जा रहा है और दावा किया जा रहा है कि प्रदर्शन के दौरान यह महिला पुलिस अधिकारी घायल हो गई थी जिसके चलते वे अपने अपने अजन्मे बच्चे को खो बैठी। पोस्ट को इस कैप्शन के साथ शेयर किया जा रहा है… बड़ेअफ़सोसकीबातहै…जंतर–मंतरपरछात्रोंकेआंदोलनकेबीचघायलहुईगर्भवतीमहिलापुलिसअधिकारीकेअजन्मेबच्चेकोनहींबचायाजासका। बतायाजारहाहैकिएकमहिलापुलिसकोपत्थरलगाथा..वहचारमहीनेकीगर्भवतीथींऔरडॉक्टरोंकाकहनाथाकिउनकेहोनेवालेबच्चेकोबचपानाबहुतमुश्किलहै…महिलापुलिसअधिकारीकेपतिनेआरोपलगायाहैकिअभिजीतदिपकेऔरउनकेसाथियोंकेभड़काऊसंदेशोंनेहालातबिगाड़े,जिसकीकीमतएकअजन्मेबच्चेकोअपनीजानदेकरचुकानीपड़ी। फेसबुक पोस्ट।आर्काइव पोस्ट अनुसंधानसेपताचलताहैकि… हमने जांच की शुरुआत में वायरल तस्वीर का रिवर्स इमेज सर्च किया। परिणाम में हमें यही तस्वीरउदयवाणीकी वेबसाइट पर छपी एक रिपोर्ट मिली। रिपोर्ट 20 जुलाई को प्रकाशित हुई थी। तस्वीर का क्रेडिट न्यूज एजेंसी पीटीआई को दिया था। वहीं रिपोर्ट में बताया गया था कि चलो संसद मार्च के दौरान 50 से अधिक पुलिसकर्मी और प्रदर्शनकारी घायल हुए थें और 100 से अधिक लोगों को हिरासत में लिया गया था। रिपोर्ट में बताया गया कि,यह झड़प तब शुरू हुई जब कथित तौर पर सीजेपी  प्रदर्शनकारियों ने सुरक्षाकर्मियों पर पत्थर फेंके थें, जिसके बाद लाठीचार्ज किया गया था। पर इस रिपोर्ट में किसी भी महिला पुलिसकर्मी के अजन्मे बच्चे की मौत का जिक्र नहीं किया गया था। यहीं तस्वीर हमें 24 जुलाई 2026 को छपीआजतककी रिपोर्ट में भी मिली। इसमें बताया गया था कि 20 जुलाई को हुई हिंसा के दौरान पुलिस पर हमला करने वालों के खिलाफ एफआईआर दर्ज करने और जांच की मांग की गई थी। रिपोर्ट में दिल्ली पुलिस के इंस्पेक्टर नंद किशोर सिंह की चोटिल तस्वीर भी साझा की गई है। लेकिन कही","पुलिसकर्मी महिला पुलिस लाया सच। सामने ने गर्भवती झूठा, का दावा दिल्ली होने निकला के",,REF,same_as_gold,word,"{""shuffle_type"": ""uniform_random"", ""word_order_preserved"": false}","{""fluency_checked"": false, ""label_consistent"": true, ""meaning_preserved"": false}",
216,CA_WORD_03_Jumbling,hi,गुजरात के सूरत संसदीय निर्वाचन क्षेत्र से एक उम्मीदवार लोकसभा चुनाव 2024 में निर्विरोध चुना गया था।,पीआईबी की तीसरे चरण की हिंदी विज्ञप्ति में गुजरात के सूरत संसदीय निर्वाचन क्षेत्र से एक उम्मीदवार के निर्विरोध चुने जाने का उल्लेख है।,संसदीय में के गया निर्वाचन गुजरात क्षेत्र से चुनाव लोकसभा 2024 चुना निर्विरोध था। सूरत उम्मीदवार एक,,SUP,same_as_gold,word,"{""shuffle_type"": ""uniform_random"", ""word_order_preserved"": false}","{""fluency_checked"": false, ""label_consistent"": true, ""meaning_preserved"": false}",
217,CA_WORD_03_Jumbling,hi,"सुविधा 2.0 मोबाइल ऐप अभियान-संबंधी अनुमति के लिए आवश्यक आवेदन पत्र, घोषणाएं और अन्य दस्तावेज डाउनलोड करने देता है।","पीआईबी की विज्ञप्ति में सुविधा 2.0 ऐप से अभियान अनुमति हेतु आवेदन पत्र, घोषणाएं और अन्य दस्तावेज डाउनलोड करने की सुविधा बताई गई है।","पत्र, है। आवेदन सुविधा के देता डाउनलोड आवश्यक दस्तावेज घोषणाएं 2.0 मोबाइल लिए अभियान-संबंधी करने ऐप अनुमति अन्य और",,SUP,same_as_gold,word,"{""shuffle_type"": ""uniform_random"", ""word_order_preserved"": false}","{""fluency_checked"": false, ""label_consistent"": true, ""meaning_preserved"": false}",
218,CA_WORD_03_Jumbling,hi,"भारतीय दंड संहिता की धारा 500 मानहानि के लिए दो वर्ष तक के साधारण कारावास, जुर्माने या दोनों का प्रावधान बताती है।","पीआईबी की विज्ञप्ति में धारा 500 के अंतर्गत मानहानि के लिए दो वर्ष तक कारावास, जुर्माना या दोनों का उल्लेख है।","कारावास, के बताती तक मानहानि भारतीय 500 दोनों लिए दो दंड वर्ष का साधारण प्रावधान या के संहिता जुर्माने धारा है। की",,SUP,same_as_gold,word,"{""shuffle_type"": ""uniform_random"", ""word_order_preserved"": false}","{""fluency_checked"": false, ""label_consistent"": true, ""meaning_preserved"": false}",
219,CA_WORD_03_Jumbling,hi,जल जीवन मिशन-हर घर जल अगस्त 2019 में शुरू हुआ था।,पीआईबी की हिंदी विज्ञप्ति में जल जीवन मिशन-हर घर जल के अगस्त 2019 में शुरू होने का उल्लेख है।,में जल घर था। जल मिशन-हर जीवन 2019 हुआ अगस्त शुरू,,SUP,same_as_gold,word,"{""shuffle_type"": ""uniform_random"", ""word_order_preserved"": false}","{""fluency_checked"": false, ""label_consistent"": true, ""meaning_preserved"": false}",
220,CA_WORD_03_Jumbling,hi,भारत में मतदान अनिवार्य है।,निर्वाचन आयोग ने मत न देने पर खाते से राशि कटने वाले दावे के संदर्भ में स्पष्ट किया है कि भारत में अनिवार्य मतदान की कोई अवधारणा नहीं है।,भारत है। मतदान अनिवार्य में,,REF,same_as_gold,word,"{""shuffle_type"": ""uniform_random"", ""word_order_preserved"": false}","{""fluency_checked"": false, ""label_consistent"": true, ""meaning_preserved"": false}",
221,CA_WORD_03_Jumbling,hi,गुंटूर का एक साल पहले का वीडियो अब विशाखापट्टनम में पुलिस की हालिया कार्रवाई का बताकर  वायरल…..,"तीन युवकों की पिटाई करती पुलिस का एक वीडियो तेजी से वायरल हो रहा है। वीडियो में देखा जा सकता है कि कुछ पुलिसकर्मी तीन युवकों की डंडों से पिटाई कर रहे हैं। वीडियो को शेयर कर दावा किया जा रहा है कि  आंध्र प्रदेश के विशाखापट्टनम में तीनों युवक कॉलेज की लड़कियों के साथ छेड़छाड़ करते थे और उन्हें रोजाना परेशान करते थे, जिसकी शिकायत मिलने पर आंध्र प्रदेश पुलिस ने यूपी पुलिस की तरह कार्रवाई कर युवकों की सरेआम पिटाई कर दी। वायरल वीडियो के साथ यूजर ने लिखा है- महाराज जी मुख्यमंत्री तो बस एक यूपी के बने हैं पर उनकी बजह से माहौल पूरे देश का ख़राब हों गया है..प्रदेश कोई भी हों मुख्यमंत्री कोई भी हों पब्लिक उनसें सिर्फ़ योगी एक्शन की ही माँग करती है  विशाखापत्तनम में ये तीन लड़के रोज़ कॉलेज आने जाने वाली लड़कियों को छेड़ते थे जिसकी वजह से कई लड़कियों ने पढ़ाई छोड़ दी,फिर आंध्र पुलिस ने कॉलेज की लड़कियों को परेशान करने के लिए 3 युवकों को लाठियों से सरेआम पीट उन्हें यूपी पुलिस की याद दिला दी फेसबुक।आर्काइव अनुसंधान से पता चलता है कि… पड़ताल की शुरुआत में हमने वायरल  वीडियो के तस्वीरों का रिवर्स इमेज सर्च किया, परिणाम में वायरल वीडियो  हमेंआंध्र प्रदेशके पूर्व मुख्यमंत्री वाईएस जगन मोहन रेड्डी के आधिकारिक एक्स पर मिला । वीडियो को 27 मई 2025 को शेयर किया गया था।  इससे ये साफ है कि वायरल वीडियो हाल ही का नहीं है। मौजूद जानकारी के मुताबिक, वाईएस जगन मोहन रेड्डी, राज्य पुलिस की कार्रवाई को लेकर मौजूदा एन चंद्रबाबू नायडू सरकार पर निशाना साध रहे थे। The@ncbn-led government in Andhra Pradesh is openly violating the Indian Constitution by allowing police to exercise unchecked power. Rather than upholding the rule of law, the state is being run under a harsh “Red Book Constitution” that disregards the rights and protections…pic.twitter.com/zqvwxWXolJ मिली जानकारी की  मदद लेते हुए पड़ताल के दौरान हमें दावे से जुड़ी एक न्यूज रिपोर्ट‘एनडीटीवी’की वेबसाइट पर 28 मई 2025 को प्रकाशित की हुई मिली थी। इसमें वायरल वीडियो की तस्वीर को देखा जा सकता है। रिपोर्ट के अनुसार, वीडियो आंध्र प्रदेश के तेनाली का है। दरअसल, विक्टर, बाबूलाल और राकेश नाम के तीन युवक एक स्थानीय डॉन लड्डू के लिए काम करते हैं, जिन्हों",अब साल वीडियो का पहले का गुंटूर कार्रवाई में एक बताकर का हालिया विशाखापट्टनम वायरल….. पुलिस की,,REF,same_as_gold,word,"{""shuffle_type"": ""uniform_random"", ""word_order_preserved"": false}","{""fluency_checked"": false, ""label_consistent"": true, ""meaning_preserved"": false}",
222,CA_WORD_03_Jumbling,hi,पीएम स्वनिधि योजना के तहत ऋण देने की अवधि 31 मार्च 2030 तक बढ़ाई गई।,पीआईबी हिंदी पृष्ठ के अनुसार पीएम स्वनिधि योजना के पुनर्गठन और विस्तार में ऋण देने की अवधि 31 मार्च 2030 तक रखी गई है।,31 की अवधि गई। तहत के देने मार्च बढ़ाई 2030 स्वनिधि योजना तक ऋण पीएम,,SUP,same_as_gold,word,"{""shuffle_type"": ""uniform_random"", ""word_order_preserved"": false}","{""fluency_checked"": false, ""label_consistent"": true, ""meaning_preserved"": false}",
223,CA_WORD_03_Jumbling,hi,"वायरल वीडियो का ‘धुरंधर-2’ फिल्म से नहीं है कोई नाता, यह पाकिस्तान में नशा मुक्ति अभियान का हिस्सा है।","पाकिस्तानी NGO द्वारा नशेडियों को पकड़ने का वीडियो ‘धुरंधर-2’ और भारतीय जासूसों से जोड़कर गलत तरीके से वायरल। इन दिनों फिल्म धुरंधर-2 की जबरदस्त चर्चा हो रही है। डायरेक्टर आदित्य धर के निर्देशन में बनी इस फिल्म में पाकिस्तान में मौजूद एक भारतीय जासूस हमजा अली मजारी की कहानी दिखाई गई है, जिसका किरदार रणवीर सिंह ने निभाया है। इसी से जोड़ते हुए सोशल मीडिया पर एक वीडियो वायरल किया जा रहा है,जिसमें पाकिस्तान के कुछ पुलिसकर्मियों को सड़क किनारे सोते एक शख्स को जगाते हुए देखा जा सकता है। फिर पुलिसकर्मी उस शख्स की तलाशी लेते हुए पूछताछ करते हैं और उसे दोबारा सोने के लिए कहते हैं। दावा किया जा रहा है कि धुरंधर-2 फिल्म के बाद पाकिस्तान में भारतीय जासूसों को वहां की पुलिस और स्थानीय लोगों द्वारा ढूंढा जा रहा है। वीडियो को फेसबुक पर पोस्ट करते हुए कैप्शन लिखा गया है… धुरंधर 2 से पाकिस्तान में फैला इन्फेक्शन. पाकिस्तान के ल्यारी छेत्र में पाकिस्तानी भारतीय Raw एजेंट्स को ढूंढ़ने के चक़्कर में वहां के लोकल 7 मुस्लिम को मार चुके हैं, मतलब ये लोग हम भारतीयों पर कितना विश्वास करते हैं और एक हमारा विपक्ष है फेसबुक पोस्ट।आर्काइव पोस्ट अनुसंधान से पता चलता है कि… हमने जांच की शुरुआत में वायरल वीडियो के कीफ्रेम को रिवर्स इमेज सर्च किया। परिणाम में हमें यहीं वीडियोपाकिस्तान के एक एनजीओएंटी नारकोटिक एंड क्राइम कंट्रोल के फेसबुक अकाउंट पर मिला। यहां पर वीडियो को 25 दिसंबर 2025 को अपलोड किया गया था। हमें इसी फेसबुक अकाउंट पर 25 दिसंबर 2025 को अपलोड किए गए अन्य वीडियो भी मिले। इनमें बताया गया था कि पुलिस के साथ हैदराबाद के इलाकेसे नशे के आदी कईलोगों को पकड़ा गया था। इन सभीवीडियोमें उस शख्स को देखा जा सकता है, जिसे वायरल वीडियो में यह कहते हुए दिखाया गया है कि नाश्ता कराने के लिए पुलिस आ चुकी है। हमने इस फेसबुक अकाउंट को और चेक किया तो यह पता चला कि इसमेंएनजीओ की वेबसाइटमौजूद है। इसके अनुसार, वायरल वीडियो में पुलिस के साथ दिख रहे शख्स का नाम यूनुस अमीन बताया गया है जो एएनसीसी के लिएपाकिस्तान के ऑपरेशनल डायरेक्टरहै। वहीं एएनसीसी एक सामाजिक जागरूकता संगठन हैं, जो नशे की लत और अपराध के खिलाफ लड़ने के लिए प्रतिबद्ध है। इनका मिशन शैक्षणिक संस्थानों और सार्वजनिक स्थानों का दौरा करके लोगों को नशे के","से नहीं नाता, है वीडियो है। का फिल्म अभियान का कोई नशा यह ‘धुरंधर-2’ हिस्सा में मुक्ति पाकिस्तान वायरल",,REF,same_as_gold,word,"{""shuffle_type"": ""uniform_random"", ""word_order_preserved"": false}","{""fluency_checked"": false, ""label_consistent"": true, ""meaning_preserved"": false}",
224,CA_WORD_03_Jumbling,hi,दिल्ली पुलिस ने साइहॉक 5.0 अभियान के दौरान 916 लोगों को गिरफ्तार किया।,समाचार के अनुसार 48 घंटे के अभियान में दिल्ली पुलिस ने 916 लोगों को गिरफ्तार किया।,लोगों दौरान दिल्ली को ने साइहॉक गिरफ्तार 5.0 पुलिस किया। के 916 अभियान,,SUP,same_as_gold,word,"{""shuffle_type"": ""uniform_random"", ""word_order_preserved"": false}","{""fluency_checked"": false, ""label_consistent"": true, ""meaning_preserved"": false}",
225,CA_WORD_03_Jumbling,hi,लेख में भारत के सभी पुराने भवनों को तुरंत भूकंपरोधी बनाने के लिए नई राष्ट्रीय नीति लागू करने की घोषणा का उल्लेख है।,लेख में ऐसी किसी नई राष्ट्रीय नीति या सरकारी घोषणा का उल्लेख नहीं है।,में भारत नई के बनाने को घोषणा का के भूकंपरोधी तुरंत करने उल्लेख राष्ट्रीय लागू सभी है। लिए लेख की नीति पुराने भवनों,,NEI,same_as_gold,word,"{""shuffle_type"": ""uniform_random"", ""word_order_preserved"": false}","{""fluency_checked"": false, ""label_consistent"": true, ""meaning_preserved"": false}",
226,CA_WORD_03_Jumbling,hi,पोलियो से होने वाला पक्षाघात हर रोगी में दोनों पैरों को समान रूप से प्रभावित करता है।,"डब्ल्यूएचओ पक्षाघात की संभावना बताता है, लेकिन हर रोगी में दोनों पैरों के समान प्रभावित होने का नियम नहीं देता।",वाला पक्षाघात होने रूप हर प्रभावित में से को समान पैरों रोगी करता दोनों है। से पोलियो,,NEI,same_as_gold,word,"{""shuffle_type"": ""uniform_random"", ""word_order_preserved"": false}","{""fluency_checked"": false, ""label_consistent"": true, ""meaning_preserved"": false}",
227,CA_WORD_03_Jumbling,hi,"पीएम गतिशक्ति, जल जीवन मिशन और उड़ान को एकीकृत नियोजन पहल के रूप में सूचीबद्ध किया गया है।","पीआईबी हिंदी पृष्ठ प्रगति, पीएम गतिशक्ति, राष्ट्रीय रसद नीति, सागरमाला, पीएम-वानी, जल जीवन मिशन और उड़ान को एकीकृत नियोजन पहलों में शामिल करता है।","पीएम और में गतिशक्ति, सूचीबद्ध जीवन को उड़ान गया जल है। किया पहल नियोजन एकीकृत रूप मिशन के",,SUP,same_as_gold,word,"{""shuffle_type"": ""uniform_random"", ""word_order_preserved"": false}","{""fluency_checked"": false, ""label_consistent"": true, ""meaning_preserved"": false}",
228,CA_WORD_03_Jumbling,hi,लेख में भूकंप की रिक्टर पैमाने पर तीव्रता का आधिकारिक आंकड़ा दिया गया है।,लेख में रिक्टर पैमाने पर भूकंप की तीव्रता का उल्लेख नहीं है।,का दिया तीव्रता भूकंप की पर आंकड़ा में लेख पैमाने आधिकारिक है। रिक्टर गया,,NEI,same_as_gold,word,"{""shuffle_type"": ""uniform_random"", ""word_order_preserved"": false}","{""fluency_checked"": false, ""label_consistent"": true, ""meaning_preserved"": false}",
229,CA_WORD_03_Jumbling,hi,अनियंत्रित मधुमेह समय के साथ नसों और रक्त वाहिकाओं को गंभीर नुकसान पहुंचा सकता है।,"विश्व स्वास्थ्य संगठन के अनुसार लंबे समय तक बढ़ा रक्त ग्लूकोज शरीर की कई प्रणालियों, विशेषकर नसों और रक्त वाहिकाओं, को गंभीर नुकसान पहुंचाता है।",साथ नसों वाहिकाओं गंभीर मधुमेह अनियंत्रित को समय पहुंचा रक्त नुकसान और के है। सकता,,SUP,same_as_gold,word,"{""shuffle_type"": ""uniform_random"", ""word_order_preserved"": false}","{""fluency_checked"": false, ""label_consistent"": true, ""meaning_preserved"": false}",
230,CA_WORD_03_Jumbling,hi,कृषि एवं किसान कल्याण विभाग की कार्यान्वित योजनाओं की सूची में कृषि अवसंरचना कोष शामिल है।,पीआईबी सूची में कृषि अवसंरचना कोष को कृषि एवं किसान कल्याण विभाग की कार्यान्वित योजनाओं में शामिल किया गया है।,में शामिल की कृषि सूची योजनाओं अवसंरचना कोष एवं कार्यान्वित किसान है। विभाग कल्याण कृषि की,,SUP,same_as_gold,word,"{""shuffle_type"": ""uniform_random"", ""word_order_preserved"": false}","{""fluency_checked"": false, ""label_consistent"": true, ""meaning_preserved"": false}",
231,CA_WORD_03_Jumbling,hi,नमस्ते योजना में चिन्हित स्वच्छता कर्मियों और उनके परिवारों को आयुष्मान भारत पीएम-जेएवाई के तहत कवर करने का प्रावधान है।,सरकारी पृष्ठ में चिन्हित एसएसडब्ल्यू और उनके परिवारों को एबी-पीएमजेएवाई के अंतर्गत सुरक्षा कवच देने की जानकारी है।,है। चिन्हित भारत योजना प्रावधान के कर्मियों परिवारों को स्वच्छता करने तहत में कवर का नमस्ते आयुष्मान और उनके पीएम-जेएवाई,,SUP,same_as_gold,word,"{""shuffle_type"": ""uniform_random"", ""word_order_preserved"": false}","{""fluency_checked"": false, ""label_consistent"": true, ""meaning_preserved"": false}",
232,CA_WORD_03_Jumbling,hi,"प्रधानमंत्री विकसित भारत रोजगार योजना में पहली नौकरी करने वाले कर्मचारियों के लिए 15,000 रुपये तक प्रोत्साहन का उल्लेख किया गया।","एनडीटीवी इंडिया की हिंदी रिपोर्ट प्रधानमंत्री विकसित भारत रोजगार योजना में पहली नौकरी वाले कर्मचारियों को 15,000 रुपये तक प्रोत्साहन की जानकारी देती है।","15,000 गया। पहली उल्लेख प्रोत्साहन किया प्रधानमंत्री योजना विकसित रुपये कर्मचारियों नौकरी का लिए रोजगार तक वाले करने भारत के में",,SUP,same_as_gold,word,"{""shuffle_type"": ""uniform_random"", ""word_order_preserved"": false}","{""fluency_checked"": false, ""label_consistent"": true, ""meaning_preserved"": false}",
233,CA_WORD_03_Jumbling,hi,पीएम-किसान की 23वीं किस्त से 9.44 करोड़ से अधिक किसानों को वित्तीय सहायता मिली।,पीआईबी की हिंदी प्रेस नोट में 23वीं पीएम-किसान किस्त के अंतर्गत 9.44 करोड़ से अधिक किसानों को वित्तीय मदद मिलने की जानकारी दी गई है।,पीएम-किसान 9.44 को 23वीं करोड़ की अधिक सहायता किसानों किस्त मिली। से से वित्तीय,,SUP,same_as_gold,word,"{""shuffle_type"": ""uniform_random"", ""word_order_preserved"": false}","{""fluency_checked"": false, ""label_consistent"": true, ""meaning_preserved"": false}",
234,CA_WORD_03_Jumbling,hi,जैतून के तेल से पेट की मालिश करने से गर्भवती महिलाओं में स्ट्रेच मार्क्स कभी नहीं आते।,"राष्ट्रीय स्वास्थ्य संस्थान के पुस्तकालय में मौजूद शोध के अनुसार कोई भी सामयिक तेल या क्रीम स्ट्रेच मार्क्स को पूरी तरह से रोकने में सक्षम नहीं है, और जैतून का तेल इस मामले में अप्रभावी पाया गया है।",करने की आते। गर्भवती मालिश नहीं जैतून के से मार्क्स से में महिलाओं स्ट्रेच कभी तेल पेट,,NEI,same_as_gold,word,"{""shuffle_type"": ""uniform_random"", ""word_order_preserved"": false}","{""fluency_checked"": false, ""label_consistent"": true, ""meaning_preserved"": false}",
235,CA_WORD_03_Jumbling,hi,खसरा केवल पांच वर्ष से कम उम्र के बच्चों को हो सकता है।,"विश्व स्वास्थ्य संगठन के अनुसार खसरा किसी भी व्यक्ति को प्रभावित कर सकता है, हालांकि बच्चों में अधिक सामान्य है।",पांच वर्ष खसरा सकता कम को उम्र हो से है। केवल बच्चों के,,REF,same_as_gold,word,"{""shuffle_type"": ""uniform_random"", ""word_order_preserved"": false}","{""fluency_checked"": false, ""label_consistent"": true, ""meaning_preserved"": false}",
236,CA_WORD_03_Jumbling,hi,प्रधानमंत्री सूक्ष्म खाद्य प्रसंस्करण उद्यम औपचारिकीकरण योजना से 2.4 लाख स्वयं सहायता समूहों को ऋण सुविधा पाने में सहायता मिली।,पीआईबी हिंदी विज्ञप्ति में कहा गया है कि पीएमएफएमई योजना से 2.4 लाख स्वयं सहायता समूहों को ऋण सुविधा प्राप्त करने में सहायता मिली।,प्रसंस्करण सुविधा प्रधानमंत्री सहायता 2.4 पाने में समूहों उद्यम औपचारिकीकरण खाद्य स्वयं योजना सूक्ष्म सहायता मिली। को से लाख ऋण,,SUP,same_as_gold,word,"{""shuffle_type"": ""uniform_random"", ""word_order_preserved"": false}","{""fluency_checked"": false, ""label_consistent"": true, ""meaning_preserved"": false}",
237,CA_WORD_03_Jumbling,hi,भारत का गैर-नागरिक भारतीय मतदाता सूची में पंजीकृत हो सकता है।,"निर्वाचन आयोग के FAQ के अनुसार जो व्यक्ति भारत का नागरिक नहीं है, वह भारत की मतदाता सूची में पंजीकरण के लिए पात्र नहीं है।",पंजीकृत भारत सूची भारतीय सकता मतदाता का हो है। में गैर-नागरिक,,REF,same_as_gold,word,"{""shuffle_type"": ""uniform_random"", ""word_order_preserved"": false}","{""fluency_checked"": false, ""label_consistent"": true, ""meaning_preserved"": false}",
238,CA_WORD_03_Jumbling,hi,दीपिका पादुकोण ने एयरपोर्ट पर मीडिया से कहा कि वे जुड़वां बच्चों की उम्मीद कर रही हैं।,"BOOM Hindi ने वायरल वीडियो की जांच में पाया कि क्लिप में दीपिका ने गर्भावस्था या जुड़वां बच्चों पर कोई बयान नहीं दिया था। वीडियो में जो ऑडियो सुना जा रहा था, वह अलग स्रोत से जोड़ा गया एडिटेड हिस्सा निकला।",कहा उम्मीद जुड़वां रही पादुकोण हैं। कर ने मीडिया बच्चों वे कि पर से दीपिका की एयरपोर्ट,,REF,same_as_gold,word,"{""shuffle_type"": ""uniform_random"", ""word_order_preserved"": false}","{""fluency_checked"": false, ""label_consistent"": true, ""meaning_preserved"": false}",
239,CA_WORD_03_Jumbling,hi,"प्रधानमंत्री किसान योजना के तहत पश्चिम बंगाल में 6,000 रुपये की राशि 9,000 रुपये करने का चुनावी घोषणा में उल्लेख हुआ।","अमर उजाला की हिंदी रिपोर्ट में पश्चिम बंगाल में पीएम-किसान की वार्षिक राशि 6,000 से 9,000 रुपये करने की घोषणा का उल्लेख है।","में बंगाल करने 6,000 की पश्चिम योजना में राशि रुपये के रुपये किसान चुनावी उल्लेख 9,000 का तहत प्रधानमंत्री हुआ। घोषणा",,SUP,same_as_gold,word,"{""shuffle_type"": ""uniform_random"", ""word_order_preserved"": false}","{""fluency_checked"": false, ""label_consistent"": true, ""meaning_preserved"": false}",
240,CA_WORD_03_Jumbling,hi,आयुष्मान भारत वय वंदना योजना के तहत 70 वर्ष से अधिक आयु के सभी वरिष्ठ नागरिक स्वास्थ्य बीमा कवरेज में शामिल किए गए।,पीआईबी की हिंदी विज्ञप्ति में अक्टूबर 2024 के विस्तार के अंतर्गत 70 वर्ष से ऊपर के सभी वरिष्ठ नागरिकों को आयुष्मान भारत वय वंदना कवरेज में शामिल करने की जानकारी है।,सभी स्वास्थ्य में बीमा कवरेज किए आयु शामिल के वरिष्ठ योजना से 70 वय वंदना भारत तहत अधिक वर्ष आयुष्मान के गए। नागरिक,,SUP,same_as_gold,word,"{""shuffle_type"": ""uniform_random"", ""word_order_preserved"": false}","{""fluency_checked"": false, ""label_consistent"": true, ""meaning_preserved"": false}",
241,CA_WORD_03_Jumbling,hi,लेख में शोध के लिए उपयोग किए गए उपग्रहों और उनके नामों का विस्तृत विवरण दिया गया है।,लेख में किसी विशेष उपग्रह या उसके नाम का उल्लेख नहीं है।,और गया नामों का के उनके लिए लेख उपयोग है। में शोध गए उपग्रहों दिया विवरण विस्तृत किए,,NEI,same_as_gold,word,"{""shuffle_type"": ""uniform_random"", ""word_order_preserved"": false}","{""fluency_checked"": false, ""label_consistent"": true, ""meaning_preserved"": false}",
242,CA_WORD_03_Jumbling,hi,"एचपीवी संक्रमण और सर्वाइकल कैंसर से बचाव पूरी तरह जीवनशैली में बदलाव पर निर्भर करता है, टीके पर नहीं।","विश्व स्वास्थ्य संगठन के अनुसार, सुरक्षित और प्रभावी टीके उपलब्ध हैं जो एचपीवी संक्रमण को रोकते हैं और इसलिए सर्वाइकल कैंसर के जोखिम को काफी कम करते हैं।","और पर सर्वाइकल कैंसर करता संक्रमण बदलाव है, में पर बचाव एचपीवी टीके से जीवनशैली नहीं। पूरी तरह निर्भर",,REF,same_as_gold,word,"{""shuffle_type"": ""uniform_random"", ""word_order_preserved"": false}","{""fluency_checked"": false, ""label_consistent"": true, ""meaning_preserved"": false}",
243,CA_WORD_03_Jumbling,hi,"भारत सरकार ने प्रभावित लोगों के लिए ₹5,000 करोड़ के विशेष राहत पैकेज की घोषणा की।","लेख में किसी ₹5,000 करोड़ के राहत पैकेज की घोषणा का उल्लेख नहीं है।","के के करोड़ लोगों प्रभावित की। विशेष भारत सरकार लिए पैकेज की ने घोषणा ₹5,000 राहत",,NEI,same_as_gold,word,"{""shuffle_type"": ""uniform_random"", ""word_order_preserved"": false}","{""fluency_checked"": false, ""label_consistent"": true, ""meaning_preserved"": false}",
244,CA_WORD_03_Jumbling,hi,2022 के वीडियो को तमिलनाडू से भाग रहे बिहारी मजदूर के नाम से फैलाया जा रहा है।,"बिहार और झारखंड के बीच यात्रा करने वाली ट्रेन के वीडियो को तमिलनाडू से भाग रहे बिहारी मजदूर के नाम से फैलाया जा रहा है। तमिलनाडु में बिहारी मजदूरों पर हो रहे अत्याचार के नाम से फिर कई असंबंधित वीडियो को वायरल किया गया है। कई लोग ऐसा कथित तौर पर दावा कर रहे है की तमिलनाडु में हत्याओं के कारण बिहारी मजदूर वहां से भाग रहे है। इसी सन्दर्भ में लोगों को ट्रेन से लटकते हुए दिखाने वाला एक वीडियो शेयर किया जा रहा है जिसके साथ दावा किया जा रहा है कि ये ट्रेन तमिलनाडु से बिहार जा रही है जिसमे बिहारी मजदूर भाग रहे है। कहा जा रहा है की वीडियो में हम प्रवासी श्रमिकों को तमिलनाडु छोड़ते हुए देख सकते हैं। वीडियो के कैप्शन में लिखा गया है कि “#tamilnadu_to_biharसबसे जायदा जिम्मेदार कोन होगा, अफबा फैलाने वाला क्या से क्या हो गया।” फेसबुक पोस्ट।आर्काइव लिंक अनुसंधान से पता चलता है कि… जाँच की शुरुवात हमने वायरल वीडियो को छोटे फ्रेम्स में तोड़कर गूगल पर रिवर्स इमेज और कीवर्ड सर्च किया जिसके परिणाम से हमें ये वीडियो एक यूट्यूब चैनल पर 16 नवंबर 2022 को अपलोड किया हुआ मिला। इस वीडियो के कैप्शन में लिखा गया है कि “13348 पटना बरकाकाना पलामू एक्सप्रेस।” इस वीडियो को ध्यान से देखने पर हमें ट्रेन का नाम नज़र आता है। नीचे ट्रेन पर “पलामू एक्सप्रेस” लिखा हुआ देख सकते है। उपरोक्त जानकारी को ध्यान में रखते हुए हमनेइंडियन रेलवेके वेबसाइट को खंगाला, जिसके परिणाम से हमें पता चला की पलामू एक्सप्रेस बिहार के पटना जंक्शन और झारखण्ड के बरकाकाना जंक्शन के बीच चलती है। उपरोक्त तथ्यों से हम स्पष्ट हो सकते है कि वायरल वीडियो के साथ किया गया दावा गलत है। तमिलनाडु में बिहारी मजदूरों पर हो रहे अत्याचार के नाम से वायरल हुए कई असंबंधित वीडियो जिन्हें फैक्ट क्रेसेंडो ने फैक्ट चेक कर उन्हें गलत बताया है। इन फैक्ट चेक को आप नीचे पढ़ सकते है। #Thread– तमिलनाडु में बिहारी मजदूरों पर हो रहे अत्याचार के नाम से फिर से वायरल हुए कई असंबंधित वीडियो। त्रिपुरा में राजनैतिक दलों के बीच हुए झड़प के वीडियो को तमिलनाडु में बिहारी मजदूरों पर हो रहे अत्याचार का बताकर किया वायरल।https://t.co/ye3fTl1ibl निष्कर्ष: तथ्यों की जाँच के पश्चात हमने वायरल वीडियो के साथ किये दावे कोगलतपाया है। बिहार और झारखंड के बीच यात्रा करने वाली ट्रेन क",के है। के फैलाया बिहारी 2022 भाग रहे वीडियो रहा तमिलनाडू से को नाम मजदूर से जा,,REF,same_as_gold,word,"{""shuffle_type"": ""uniform_random"", ""word_order_preserved"": false}","{""fluency_checked"": false, ""label_consistent"": true, ""meaning_preserved"": false}",
245,CA_WORD_03_Jumbling,hi,NOTA विकल्प मतपत्र और ईवीएम दोनों में मतदाता को गोपनीयता बनाए रखते हुए किसी भी उम्मीदवार को न चुनने का अधिकार देता है।,निर्वाचन आयोग के एटलस में NOTA विकल्प को मतदाता द्वारा किसी उम्मीदवार को न चुनने के अधिकार और मत की गोपनीयता से जोड़ा गया है।,चुनने रखते मतदाता को का NOTA बनाए न और भी को में अधिकार किसी उम्मीदवार विकल्प देता गोपनीयता मतपत्र दोनों है। हुए ईवीएम,,SUP,same_as_gold,word,"{""shuffle_type"": ""uniform_random"", ""word_order_preserved"": false}","{""fluency_checked"": false, ""label_consistent"": true, ""meaning_preserved"": false}",
246,CA_WORD_03_Jumbling,hi,मान्यता प्राप्त राजनीतिक दलों के उम्मीदवारों को स्वीकृत फॉर्म 12D आवेदनों वाले अनुपस्थित मतदाताओं की सूची की मुद्रित प्रति साझा की जाती है।,निर्वाचन आयोग की प्रेस नोट में रिटर्निंग ऑफिसर द्वारा स्वीकृत फॉर्म 12D आवेदनों वाले अनुपस्थित मतदाताओं की सूची मान्यता प्राप्त दलों के उम्मीदवारों को देने का प्रावधान है।,प्रति साझा की 12D मुद्रित मान्यता सूची है। मतदाताओं को फॉर्म की की जाती उम्मीदवारों स्वीकृत राजनीतिक वाले के प्राप्त दलों आवेदनों अनुपस्थित,,SUP,same_as_gold,word,"{""shuffle_type"": ""uniform_random"", ""word_order_preserved"": false}","{""fluency_checked"": false, ""label_consistent"": true, ""meaning_preserved"": false}",
247,CA_WORD_03_Jumbling,hi,घरेलू मतदान से पहले मतदाताओं को नियोजित यात्रा के समय की सूचना दी जाती थी।,पीआईबी के अनुसार मतदाताओं को मतदान दल की नियोजित यात्रा के समय से पहले सूचित किया जाता था।,मतदाताओं के यात्रा थी। घरेलू से दी पहले की नियोजित को सूचना जाती समय मतदान,,SUP,same_as_gold,word,"{""shuffle_type"": ""uniform_random"", ""word_order_preserved"": false}","{""fluency_checked"": false, ""label_consistent"": true, ""meaning_preserved"": false}",
248,CA_WORD_03_Jumbling,hi,'मिर्जापुर 3' में विजय वर्मा भरत त्यागी के किरदार में वापस आए।,एबीपी न्यूज़ की ओटीटी रिपोर्ट में 'मिर्जापुर 3' के कलाकारों में विजय वर्मा का नाम शामिल था और उन्हें त्यागी परिवार की कहानी से जोड़ा गया। रिपोर्ट ने उनके किरदार की वापसी को सीजन के अहम बिंदुओं में रखा।,3' आए। त्यागी 'मिर्जापुर वापस किरदार भरत में में वर्मा के विजय,,SUP,same_as_gold,word,"{""shuffle_type"": ""uniform_random"", ""word_order_preserved"": false}","{""fluency_checked"": false, ""label_consistent"": true, ""meaning_preserved"": false}",
249,CA_WORD_03_Jumbling,hi,अजय देवगन की 'चौहान' में विक्रांत मैसी की एंट्री हो सकती है।,"लाइव हिन्दुस्तान के अनुसार, बॉलीवुड एक्टर अजय देवगन ने की फिल्म चौहान में विक्रांत मैसी की एंट्री होने की खबर है। — इससे अधिक जानकारी रिपोर्ट में शामिल नहीं है।",अजय है। 'चौहान' सकती विक्रांत मैसी में की हो एंट्री की देवगन,,NEI,same_as_gold,word,"{""shuffle_type"": ""uniform_random"", ""word_order_preserved"": false}","{""fluency_checked"": false, ""label_consistent"": true, ""meaning_preserved"": false}",
250,CA_WORD_03_Jumbling,hi,"मतदाता पंजीकरण फॉर्म निर्वाचन आयोग की वेबसाइट से डाउनलोड किए जा सकते हैं और ईआरओ, एईआरओ तथा बीएलओ कार्यालयों में निःशुल्क मिलते हैं।",निर्वाचन आयोग के FAQ में फॉर्म वेबसाइट से डाउनलोड करने और संबंधित अधिकारियों के कार्यालयों में निःशुल्क उपलब्ध होने की जानकारी है।,"डाउनलोड जा एईआरओ से फॉर्म तथा कार्यालयों में किए सकते आयोग हैं मिलते और निर्वाचन बीएलओ ईआरओ, निःशुल्क वेबसाइट हैं। पंजीकरण मतदाता की",,SUP,same_as_gold,word,"{""shuffle_type"": ""uniform_random"", ""word_order_preserved"": false}","{""fluency_checked"": false, ""label_consistent"": true, ""meaning_preserved"": false}",
251,CA_WORD_03_Jumbling,hi,'जन नायकन' ने 'कॉकटेल 2' समेत कई फिल्मों के लाइफटाइम कलेक्शन रिकॉर्ड तोड़ दिए।,"एबीपी न्यूज़ के अनुसार, थलापति विजय की फिल्म 'जन नायकन' ने रिलीज के बाद बवाल काट दिया है.",'कॉकटेल दिए। कलेक्शन रिकॉर्ड लाइफटाइम 2' फिल्मों ने के 'जन कई समेत नायकन' तोड़,,SUP,same_as_gold,word,"{""shuffle_type"": ""uniform_random"", ""word_order_preserved"": false}","{""fluency_checked"": false, ""label_consistent"": true, ""meaning_preserved"": false}",
252,CA_WORD_03_Jumbling,hi,खसरा मृत्यु का कारण बन सकता है।,"विश्व स्वास्थ्य संगठन के अनुसार खसरा गंभीर बीमारी, जटिलताओं और मृत्यु का कारण बन सकता है।",का खसरा है। मृत्यु कारण बन सकता,,SUP,same_as_gold,word,"{""shuffle_type"": ""uniform_random"", ""word_order_preserved"": false}","{""fluency_checked"": false, ""label_consistent"": true, ""meaning_preserved"": false}",
253,CA_WORD_03_Jumbling,hi,मंदिर बोर्ड ने आपदा प्रतिक्रिया बल के साथ हेलीकॉप्टर एम्बुलेंस सेवा भी शुरू करने की घोषणा की।,लेख में हेलीकॉप्टर एम्बुलेंस सेवा शुरू करने का कोई उल्लेख नहीं है।,की साथ मंदिर सेवा की। करने के बल आपदा एम्बुलेंस बोर्ड हेलीकॉप्टर ने भी शुरू प्रतिक्रिया घोषणा,,NEI,same_as_gold,word,"{""shuffle_type"": ""uniform_random"", ""word_order_preserved"": false}","{""fluency_checked"": false, ""label_consistent"": true, ""meaning_preserved"": false}",
254,CA_WORD_03_Jumbling,hi,लेख के अनुसार एनडीआरएफ कैडेवर डॉग्स को अपनी टीम में शामिल नहीं कर रही है।,लेख में स्पष्ट रूप से बताया गया है कि पहली बार कैडेवर डॉग्स को टीम में शामिल किया जा रहा है।,रही को एनडीआरएफ अनुसार शामिल डॉग्स लेख टीम में के कैडेवर कर अपनी है। नहीं,,REF,same_as_gold,word,"{""shuffle_type"": ""uniform_random"", ""word_order_preserved"": false}","{""fluency_checked"": false, ""label_consistent"": true, ""meaning_preserved"": false}",
255,CA_WORD_03_Jumbling,hi,महिलाओं में स्तन कैंसर का खतरा उम्र बढ़ने के साथ-साथ बढ़ता जाता है।,रोग नियंत्रण एवं रोकथाम केंद्र के अनुसार स्तन कैंसर के लिए सबसे बड़े जोखिम कारक महिला होना और उम्र का बढ़ना है; अधिकांश स्तन कैंसर पचास वर्ष या उससे अधिक उम्र की महिलाओं में पाए जाते हैं।,स्तन खतरा बढ़ने साथ-साथ महिलाओं है। उम्र बढ़ता में का जाता के कैंसर,,SUP,same_as_gold,word,"{""shuffle_type"": ""uniform_random"", ""word_order_preserved"": false}","{""fluency_checked"": false, ""label_consistent"": true, ""meaning_preserved"": false}",
256,CA_WORD_03_Jumbling,hi,गिरिडीह पुलिस ने नीरज हाजरा हत्याकांड में दो आरोपियों को गिरफ्तार किया।,पुलिस ने हत्या के मामले में जीजा और साली को गिरफ्तार कर स्कूटी और चाकू बरामद किए।,दो नीरज हाजरा ने को हत्याकांड पुलिस आरोपियों गिरिडीह किया। गिरफ्तार में,,SUP,same_as_gold,word,"{""shuffle_type"": ""uniform_random"", ""word_order_preserved"": false}","{""fluency_checked"": false, ""label_consistent"": true, ""meaning_preserved"": false}",
257,CA_WORD_03_Jumbling,hi,"लोकसभा आम चुनाव 2024 में किसी संसदीय निर्वाचन क्षेत्र में उम्मीदवारों की अधिकतम संख्या 54 थी और वह करूर, तमिलनाडु था।","निर्वाचन आयोग के एटलस में अधिकतम 54 उम्मीदवारों वाला निर्वाचन क्षेत्र करूर, तमिलनाडु बताया गया है।","आम 2024 था। 54 वह चुनाव निर्वाचन और अधिकतम तमिलनाडु संख्या क्षेत्र उम्मीदवारों किसी की थी में लोकसभा में करूर, संसदीय",,SUP,same_as_gold,word,"{""shuffle_type"": ""uniform_random"", ""word_order_preserved"": false}","{""fluency_checked"": false, ""label_consistent"": true, ""meaning_preserved"": false}",
258,CA_WORD_03_Jumbling,hi,केंद्र सरकार 2027 में 'एक परिवार एक नौकरी' योजना शुरू करेगी।,"वनइंडिया हिंदी फैक्ट चेक में ऐसी कोई योजना वर्तमान में न चलने की जानकारी है, पर 2027 की किसी भावी नीति-घोषणा का साक्ष्य नहीं दिया गया है।",करेगी। शुरू एक नौकरी' सरकार 'एक योजना परिवार 2027 केंद्र में,,NEI,same_as_gold,word,"{""shuffle_type"": ""uniform_random"", ""word_order_preserved"": false}","{""fluency_checked"": false, ""label_consistent"": true, ""meaning_preserved"": false}",
259,CA_WORD_03_Jumbling,hi,लेख में कहा गया है कि कुल्लू-मंडी फोरलेन पूरी तरह चालू हो चुका है और ट्रकों की आवाजाही सामान्य है।,लेख में फोरलेन के अभी पूरी तरह न खुलने और ट्रकों की आवाजाही में कठिनाई का उल्लेख है।,और पूरी चालू है चुका कुल्लू-मंडी लेख कि की फोरलेन है। तरह ट्रकों गया में है कहा हो आवाजाही सामान्य,,REF,same_as_gold,word,"{""shuffle_type"": ""uniform_random"", ""word_order_preserved"": false}","{""fluency_checked"": false, ""label_consistent"": true, ""meaning_preserved"": false}",
260,CA_WORD_03_Jumbling,hi,भारत निर्वाचन आयोग 25 जनवरी को अपने स्थापना दिवस के रूप में राष्ट्रीय मतदाता दिवस मनाता है।,निर्वाचन आयोग के राष्ट्रीय मतदाता दिवस संबंधी दस्तावेज़ में 25 जनवरी को आयोग का स्थापना दिवस और राष्ट्रीय मतदाता दिवस बताया गया है।,के 25 है। स्थापना दिवस निर्वाचन भारत रूप दिवस मतदाता अपने राष्ट्रीय मनाता में को जनवरी आयोग,,SUP,same_as_gold,word,"{""shuffle_type"": ""uniform_random"", ""word_order_preserved"": false}","{""fluency_checked"": false, ""label_consistent"": true, ""meaning_preserved"": false}",
261,CA_WORD_03_Jumbling,hi,"एंटीमाइक्रोबियल दवाओं में एंटीबायोटिक, एंटीवायरल, एंटीफंगल और एंटीपैरासिटिक दवाएं शामिल हैं।","विश्व स्वास्थ्य संगठन के अनुसार एंटीमाइक्रोबियल में एंटीबायोटिक, एंटीवायरल, एंटीफंगल और एंटीपैरासिटिक दवाएं शामिल हैं।","एंटीफंगल एंटीवायरल, में दवाएं एंटीमाइक्रोबियल शामिल एंटीबायोटिक, और एंटीपैरासिटिक दवाओं हैं।",,SUP,same_as_gold,word,"{""shuffle_type"": ""uniform_random"", ""word_order_preserved"": false}","{""fluency_checked"": false, ""label_consistent"": true, ""meaning_preserved"": false}",
262,CA_WORD_03_Jumbling,hi,लोकसभा आम चुनाव 2024 में पुरुष मतदाताओं की संख्या लगभग 50.34 करोड़ थी।,निर्वाचन आयोग के चुनाव 2024 एटलस में पुरुष मतदाताओं की संख्या 50.34 करोड़ बताई गई है।,लोकसभा की संख्या करोड़ पुरुष 2024 50.34 लगभग में मतदाताओं आम चुनाव थी।,,SUP,same_as_gold,word,"{""shuffle_type"": ""uniform_random"", ""word_order_preserved"": false}","{""fluency_checked"": false, ""label_consistent"": true, ""meaning_preserved"": false}",
263,CA_WORD_03_Jumbling,hi,प्रधानमंत्री सूक्ष्म खाद्य प्रसंस्करण उद्यम औपचारिकीकरण योजना से 60 हजार व्यक्तियों को ऋण सुविधा पाने में सहायता मिली।,पीआईबी की हिंदी विज्ञप्ति में पीएमएफएमई योजना से 60 हजार व्यक्तियों को ऋण सुविधा प्राप्त करने में मदद मिलने का उल्लेख है।,सूक्ष्म उद्यम ऋण खाद्य 60 में सुविधा से प्रसंस्करण पाने मिली। को हजार सहायता प्रधानमंत्री व्यक्तियों योजना औपचारिकीकरण,,SUP,same_as_gold,word,"{""shuffle_type"": ""uniform_random"", ""word_order_preserved"": false}","{""fluency_checked"": false, ""label_consistent"": true, ""meaning_preserved"": false}",
264,CA_WORD_03_Jumbling,hi,ब्लैक कोहोश की दीर्घकालिक सुरक्षा अच्छी तरह सिद्ध है।,एनसीसीआईएच के अनुसार ब्लैक कोहोश की दीर्घकालिक सुरक्षा के बारे में पर्याप्त विश्वसनीय जानकारी उपलब्ध नहीं है।,तरह सुरक्षा ब्लैक कोहोश की अच्छी है। सिद्ध दीर्घकालिक,,NEI,same_as_gold,word,"{""shuffle_type"": ""uniform_random"", ""word_order_preserved"": false}","{""fluency_checked"": false, ""label_consistent"": true, ""meaning_preserved"": false}",
265,CA_WORD_03_Jumbling,hi,शाहरुख खान और रवि किशन का वायरल डांस वीडियो किसी वास्तविक कार्यक्रम का नहीं था।,विश्वास न्यूज़ के अनुसार वीडियो को गलत दावे के साथ साझा किया गया।,वास्तविक रवि था। का कार्यक्रम वीडियो खान का नहीं किसी किशन और शाहरुख वायरल डांस,,REF,same_as_gold,word,"{""shuffle_type"": ""uniform_random"", ""word_order_preserved"": false}","{""fluency_checked"": false, ""label_consistent"": true, ""meaning_preserved"": false}",
266,CA_WORD_03_Jumbling,hi,ईवीएम और वीवीपैट का आवंटन केवल एक बार रैंडमाइजेशन के माध्यम से किया जाता है।,पीआईबी की विज्ञप्ति में ईवीएम प्रबंधन प्रणाली 2.0 के माध्यम से विधानसभा खंड और फिर मतदान केंद्र के लिए दो बार रैंडमाइजेशन करने का उल्लेख है।,एक केवल माध्यम किया का आवंटन है। जाता ईवीएम बार और वीवीपैट के रैंडमाइजेशन से,,REF,same_as_gold,word,"{""shuffle_type"": ""uniform_random"", ""word_order_preserved"": false}","{""fluency_checked"": false, ""label_consistent"": true, ""meaning_preserved"": false}",
267,CA_WORD_03_Jumbling,hi,गाजियाबाद के सूर्या चौहान हत्याकांड के आरोपी असद के जनाजे का नहीं है यह वायरल वीडियो….,"उत्तर प्रदेश के गाजियाबाद में हुए सूर्या चौहान हत्याकांड और पुलिस एनकाउंटर से जोड़कर एक वीडियो सोशल मीडिया पर तेजी से वायरल हो रहा है। वीडियो में रात के अंधेरे में कुछ लोग एक शव को दफनाने की तैयारी करते नजर आ रहे हैं।  वीडियो को शेयर करते हुए दावा किया जा रहा है कि गाजियाबाद के सूर्या चौहान हत्याकांड के आरोपी असद के जनाजे का वीडियो है । आरोपी असद को पुलिस मुठभेड़ में ढेर किए जाने के बाद उसके जनाजे को चार कंधे भी नसीब नहीं हुए और उसके परिवार ने शव लेने से इनकार कर दिया। वायरल वीडियो के साथ यूजर ने लिखा है- असद को चार कंधे भी नहीं मिले जनाजा उठाने को !! फेसबुक।आर्काइव अनुसंधान से पता चलता है कि… पड़ताल की शुरुआत में हमने वायरल  वीडियो के तस्वीरों का रिवर्स इमेज सर्च किया, परिणाम में हमें वायरल वीडियो  का लंबा वर्जन एकफेसबुकपोस्ट में मिला। यहां पर वीडियो को अंबेडकरनगर की एक घटना से संबंधित बताया गया है। इस दौरान हमेंNT UpBharatनामक फेसबुक पेज पर 5 मई को अपलोड की गई एक वीडियो रिपोर्ट मिली। रिपोर्ट का कैप्शन था, अंबेडकरनगर में हैवानियत का अंत! 4 बच्चों और मां के हत्यारे का एनकाउंटर, परिवार ने शव लेने से किया इनकार। वीडियो में स्पष्ट बताया गया है कि यह मामला यूपी के अंबेडकरनगर के मीरानपुर कॉलोनी का है, जहां चार बच्चों और उनकी मां की नृशंस हत्या करने के बाद आरोपी आमिर फरार हो गया था। बाद में पुलिस मुठभेड़ में वह ढेर हो गया। उसकी इस करतूत से नाराज होकर परिजनों ने शव लेने से मना कर दिया था और स्थानीय मौलाना ने भी फातिहा पढ़ने से इनकार कर दिया था। मिली जानकारी की मदद लेते हुए अधिक सर्च करने पर हमें दैनिक भास्करकी वेबसाइट पर 6 मई को प्रकाशित एक रिपोर्ट मिली, जिसमें वायरल वीडियो वाले दृश्य मौजूद थे। रिपोर्ट के मुताबिक, सऊदी अरब में नौकरी करने वाले एक व्यक्ति के पूरे परिवार को आमिर नामक सिरफिरे ने मौत के घाट उतार दिया था। मृतक बच्चों के पिता नियाज ने कहा था कि उसे आमिर पर शक था और पुलिस ने उसे न्याय दिलाया। महिला और चार बच्चों के हत्यारे आमिर के शव को दफनाने से परिवार ने इनकार कर दिया। इससे साबित होता है कि वायरल वीडियो गाजियाबाद की घटना से पहले का है और यूपी के अंबेडकर नगर जिले में हुई एक हत्या से संबंधित है। आजतककी रिपोर्ट के अनुसार 4 मई को आमिर, पुलिस के साथ हुई एक मुठभेड़ मे",के आरोपी चौहान जनाजे के असद हत्याकांड गाजियाबाद सूर्या यह है का के वीडियो…. नहीं वायरल,,REF,same_as_gold,word,"{""shuffle_type"": ""uniform_random"", ""word_order_preserved"": false}","{""fluency_checked"": false, ""label_consistent"": true, ""meaning_preserved"": false}",
268,CA_WORD_03_Jumbling,hi,अटल पेंशन योजना में नामांकन बैंकों और डाकघरों के माध्यम से किया जा सकता है।,पीआईबी की हिंदी विज्ञप्ति के अनुसार अटल पेंशन योजना में कम आय वाले लोगों के लिए बैंकों और डाकघरों के माध्यम से नामांकन की सुविधा है।,सकता जा नामांकन पेंशन और से माध्यम में अटल बैंकों के डाकघरों योजना किया है।,,SUP,same_as_gold,word,"{""shuffle_type"": ""uniform_random"", ""word_order_preserved"": false}","{""fluency_checked"": false, ""label_consistent"": true, ""meaning_preserved"": false}",
269,CA_WORD_03_Jumbling,hi,एक वायरल पोस्ट में दावा किया गया कि दीपिका पादुकोण ने मुनव्वर फारूकी को इंटरव्यू में बुलाया।,आजतक फैक्ट चेक ने वायरल ग्राफिक और कथित इंटरव्यू क्लिप की पड़ताल की। जांच में ऐसा कोई इंटरव्यू या बयान नहीं मिला; ग्राफिक में इस्तेमाल फॉन्ट और लोगो भी मूल मीडिया टेम्पलेट से मेल नहीं खाते।,इंटरव्यू फारूकी पोस्ट गया दीपिका ने मुनव्वर पादुकोण को एक वायरल में किया में दावा बुलाया। कि,,REF,same_as_gold,word,"{""shuffle_type"": ""uniform_random"", ""word_order_preserved"": false}","{""fluency_checked"": false, ""label_consistent"": true, ""meaning_preserved"": false}",
270,CA_WORD_03_Jumbling,hi,वाराणसी में किराना कारोबारी की हत्या के मामले में पांच आरोपी गिरफ्तार किए गए।,रोहनिया पुलिस ने किराना कारोबारी जितेंद्र पटेल की हत्या के मामले में पांच आरोपियों को गिरफ्तार किया।,में किराना गिरफ्तार आरोपी पांच की गए। में मामले वाराणसी के कारोबारी हत्या किए,,SUP,same_as_gold,word,"{""shuffle_type"": ""uniform_random"", ""word_order_preserved"": false}","{""fluency_checked"": false, ""label_consistent"": true, ""meaning_preserved"": false}",
271,CA_WORD_03_Jumbling,hi,"केंद्रीय बजट 2025-26 में जल जीवन मिशन का बजटीय परिव्यय बढ़ाकर 67,000 करोड़ रुपये किया गया।","पीआईबी के बजट-विवरण में जल जीवन मिशन का कुल बजटीय परिव्यय 67,000 करोड़ रुपये बताया गया है।","मिशन बजट करोड़ में केंद्रीय जल गया। बढ़ाकर रुपये 2025-26 67,000 किया बजटीय जीवन परिव्यय का",,SUP,same_as_gold,word,"{""shuffle_type"": ""uniform_random"", ""word_order_preserved"": false}","{""fluency_checked"": false, ""label_consistent"": true, ""meaning_preserved"": false}",
272,CA_WORD_03_Jumbling,hi,"मतदाता पंजीकरण के लिए वर्ष में 1 जनवरी, 1 अप्रैल, 1 जुलाई और 1 अक्टूबर चार पात्रता तिथियां हैं।","निर्वाचन आयोग के अनुसार संशोधन के बाद मतदाता पंजीकरण के लिए चार पात्रता तिथियां 1 जनवरी, 1 अप्रैल, 1 जुलाई और 1 अक्टूबर लागू हैं।","पात्रता 1 अप्रैल, जनवरी, मतदाता हैं। तिथियां पंजीकरण के वर्ष 1 और चार अक्टूबर 1 जुलाई में 1 लिए",,SUP,same_as_gold,word,"{""shuffle_type"": ""uniform_random"", ""word_order_preserved"": false}","{""fluency_checked"": false, ""label_consistent"": true, ""meaning_preserved"": false}",
273,CA_WORD_03_Jumbling,hi,मुक्त शर्करा बिल्कुल न खाने पर किसी व्यक्ति को कभी दंत क्षय नहीं होगा।,"डब्ल्यूएचओ के अनुसार दंत क्षय के कई जोखिम कारक हैं जैसे मुक्त शर्करा, तंबाकू, शराब और खराब मौखिक स्वच्छता; अकेले शर्करा हटाने से जोखिम शून्य होने की गारंटी नहीं मिलती।",मुक्त कभी किसी को शर्करा नहीं खाने बिल्कुल होगा। न क्षय दंत पर व्यक्ति,,REF,same_as_gold,word,"{""shuffle_type"": ""uniform_random"", ""word_order_preserved"": false}","{""fluency_checked"": false, ""label_consistent"": true, ""meaning_preserved"": false}",
274,CA_WORD_03_Jumbling,hi,नोनी सप्लीमेंट कैंसर की रोकथाम करता है।,एनसीसीआईएच के अनुसार नोनी सहित कई पोषण सप्लीमेंट के कैंसर-रोकथाम प्रभावों पर साक्ष्य निष्कर्ष निकालने के लिए बहुत सीमित हैं।,नोनी करता कैंसर की रोकथाम सप्लीमेंट है।,,NEI,same_as_gold,word,"{""shuffle_type"": ""uniform_random"", ""word_order_preserved"": false}","{""fluency_checked"": false, ""label_consistent"": true, ""meaning_preserved"": false}",
275,CA_WORD_03_Jumbling,hi,अटल पेंशन योजना का कुल सकल नामांकन अक्टूबर 2024 तक सात करोड़ पार कर गया था।,वित्त मंत्रालय की विज्ञप्ति में चालू वित्त वर्ष 2024-25 में 56 लाख से अधिक नामांकन के साथ एपीवाई का कुल सकल नामांकन सात करोड़ पार होने का उल्लेख है।,पार सकल गया कर 2024 का नामांकन सात तक करोड़ कुल अटल योजना पेंशन अक्टूबर था।,,SUP,same_as_gold,word,"{""shuffle_type"": ""uniform_random"", ""word_order_preserved"": false}","{""fluency_checked"": false, ""label_consistent"": true, ""meaning_preserved"": false}",
276,CA_WORD_03_Jumbling,hi,गोवा पुलिस ने ऑपरेशन साइबर विजिल के तहत सात लोगों को गिरफ्तार किया।,ऑपरेशन साइबर विजिल के दौरान 11 राज्यों में कार्रवाई करते हुए सात लोगों को गिरफ्तार किया गया।,लोगों तहत साइबर गोवा पुलिस ने सात के ऑपरेशन को गिरफ्तार किया। विजिल,,SUP,same_as_gold,word,"{""shuffle_type"": ""uniform_random"", ""word_order_preserved"": false}","{""fluency_checked"": false, ""label_consistent"": true, ""meaning_preserved"": false}",
277,CA_WORD_03_Jumbling,hi,"पीएम-किसान के तहत किसानों को प्रति वर्ष 6,000 रुपये की सहायता तीन किस्तों में सीधे बैंक खातों में भेजी जाती है।","अमर उजाला की हिंदी रिपोर्ट में पीएम-किसान के तहत प्रति वर्ष 6,000 रुपये की सहायता तीन किस्तों में सीधे बैंक खातों में भेजने का उल्लेख है।","पीएम-किसान तीन के की को बैंक 6,000 किस्तों भेजी रुपये किसानों प्रति में सीधे जाती सहायता तहत खातों में है। वर्ष",,SUP,same_as_gold,word,"{""shuffle_type"": ""uniform_random"", ""word_order_preserved"": false}","{""fluency_checked"": false, ""label_consistent"": true, ""meaning_preserved"": false}",
278,CA_WORD_03_Jumbling,hi,अमेरिका में बाजार में आने से पहले हर डाइटरी सप्लीमेंट की सुरक्षा और प्रभावशीलता को एफडीए मंजूरी देता है।,अमेरिकी खाद्य एवं औषधि प्रशासन के अनुसार उसे डाइटरी सप्लीमेंट को बाजार में आने से पहले सुरक्षा और प्रभावशीलता के लिए मंजूरी देने का अधिकार नहीं है; कई उत्पाद बिना पूर्व एफडीए अनुमोदन के बाजार में आ सकते हैं।,पहले है। सुरक्षा देता डाइटरी अमेरिका सप्लीमेंट को मंजूरी एफडीए की और में आने से प्रभावशीलता हर बाजार में,,REF,same_as_gold,word,"{""shuffle_type"": ""uniform_random"", ""word_order_preserved"": false}","{""fluency_checked"": false, ""label_consistent"": true, ""meaning_preserved"": false}",
279,CA_WORD_03_Jumbling,hi,सोनू निगम ने NEET प्रदर्शन पर नाराजगी जताई।,न्यूज़बाइट्स हिंदी की स्टोरी बताती है कि NEET पेपर लीक मामले को लेकर दिल्ली के जंतर-मंतर पर छात्र प्रदर्शन कर रहे हैं। पर तारीख या आंकड़े नहीं दिए गए।,पर सोनू ने निगम NEET नाराजगी प्रदर्शन जताई।,,NEI,same_as_gold,word,"{""shuffle_type"": ""uniform_random"", ""word_order_preserved"": false}","{""fluency_checked"": false, ""label_consistent"": true, ""meaning_preserved"": false}",
280,CA_WORD_03_Jumbling,hi,केंद्र सरकार ने सभी प्रभावित राज्यों के किसानों का पूरा कृषि ऋण माफ करने की घोषणा की।,लेख में किसानों के ऋण माफ करने की किसी घोषणा का उल्लेख नहीं है।,राज्यों घोषणा की। किसानों प्रभावित सभी कृषि की करने ऋण ने के केंद्र माफ सरकार का पूरा,,NEI,same_as_gold,word,"{""shuffle_type"": ""uniform_random"", ""word_order_preserved"": false}","{""fluency_checked"": false, ""label_consistent"": true, ""meaning_preserved"": false}",
281,CA_WORD_03_Jumbling,hi,ब्लैक कोहोश रजोनिवृत्ति के सभी लक्षणों में प्रभावी है।,एनसीसीआईएच के अनुसार ब्लैक कोहोश पर रजोनिवृत्ति लक्षणों के अध्ययन के परिणाम मिश्रित रहे हैं।,ब्लैक सभी में के है। लक्षणों कोहोश प्रभावी रजोनिवृत्ति,,NEI,same_as_gold,word,"{""shuffle_type"": ""uniform_random"", ""word_order_preserved"": false}","{""fluency_checked"": false, ""label_consistent"": true, ""meaning_preserved"": false}",
282,CA_WORD_03_Jumbling,hi,हर्बल उपचार इम्पेटिगो के इलाज में प्रभावी हैं।,"एनसीसीआईएच के अनुसार टी ट्री ऑयल, लहसुन, नारियल तेल, चाय और मनुका शहद जैसे हर्बल उपचारों को इम्पेटिगो में सुझाने या खारिज करने के लिए पर्याप्त साक्ष्य नहीं हैं।",प्रभावी उपचार के इम्पेटिगो हैं। में इलाज हर्बल,,NEI,same_as_gold,word,"{""shuffle_type"": ""uniform_random"", ""word_order_preserved"": false}","{""fluency_checked"": false, ""label_consistent"": true, ""meaning_preserved"": false}",
283,CA_WORD_03_Jumbling,hi,लेख के अनुसार भूकंप का केंद्र कराची शहर के नीचे स्थित था।,लेख में भूकंप का केंद्र डेरा गाजी खान के पास बताया गया है।,नीचे केंद्र शहर के स्थित के अनुसार लेख का कराची था। भूकंप,,REF,same_as_gold,word,"{""shuffle_type"": ""uniform_random"", ""word_order_preserved"": false}","{""fluency_checked"": false, ""label_consistent"": true, ""meaning_preserved"": false}",
284,CA_WORD_03_Jumbling,hi,लेख में कहा गया है कि लीबिया की बाढ़ ज्वालामुखी विस्फोट के कारण आई थी।,लेख में स्पष्ट रूप से तूफान डेनियल और बांध टूटने को बाढ़ का कारण बताया गया है.,विस्फोट लीबिया थी। की आई बाढ़ है लेख के कहा ज्वालामुखी कि में गया कारण,,REF,same_as_gold,word,"{""shuffle_type"": ""uniform_random"", ""word_order_preserved"": false}","{""fluency_checked"": false, ""label_consistent"": true, ""meaning_preserved"": false}",
285,CA_WORD_03_Jumbling,hi,'मुसाफिर कैफे' फिल्म विक्रांत मैसी और वेदिका पिंटो की है।,"TV9 भारतवर्ष के अनुसार केवल इतना पता है कि नेटफ्लिक्स की सीरीज 'मुसाफिर कैफे' रिलीज हो गई है. सीरीज में लीड रोल में हैं एक्टर विक्रांत मैसी, वेदिका पिंटो और महिमा मकवाना. इससे आगे कोई आधिकारिक पुष्टि या आंकड़े नहीं दिए गए।",कैफे' है। मैसी 'मुसाफिर पिंटो विक्रांत की और फिल्म वेदिका,,NEI,same_as_gold,word,"{""shuffle_type"": ""uniform_random"", ""word_order_preserved"": false}","{""fluency_checked"": false, ""label_consistent"": true, ""meaning_preserved"": false}",
286,CA_WORD_03_Jumbling,hi,'द ओडिसी' ने भारत में शतक गढ़ा।,अमर उजाला के मुताबिक इतना ही पता चलता है कि हॉलीवुड फिल्म 'द ओडिसी' भारतीय बॉक्स ऑफिस पर छाई हुई है। चर्चित सितारों की बॉलीवुड फिल्मों के बीच भी यह शानदार। आगे कोई पुख्ता जानकारी नहीं मिलती।,'द शतक ओडिसी' भारत गढ़ा। ने में,,NEI,same_as_gold,word,"{""shuffle_type"": ""uniform_random"", ""word_order_preserved"": false}","{""fluency_checked"": false, ""label_consistent"": true, ""meaning_preserved"": false}",
287,CA_WORD_03_Jumbling,hi,श्रवण हानि संचार और शिक्षा पर प्रभाव डाल सकती है।,"विश्व स्वास्थ्य संगठन के अनुसार अनुपचारित श्रवण हानि संचार, शिक्षा और रोजगार सहित जीवन के कई क्षेत्रों को प्रभावित कर सकती है।",पर हानि है। प्रभाव संचार श्रवण सकती शिक्षा और डाल,,SUP,same_as_gold,word,"{""shuffle_type"": ""uniform_random"", ""word_order_preserved"": false}","{""fluency_checked"": false, ""label_consistent"": true, ""meaning_preserved"": false}",
288,CA_WORD_03_Jumbling,hi,यूपी में बजरंग दल के प्रदर्शन का वीडियो भरत तिवारी के एनकाउंटर का बताकर  वायरल….,"17 जून 2026 को बिहार के भोजपुर ज़िले में पुलिस मुठभेड़ में भरत भूषण तिवारी घायल हो गए और बाद में उसी दिन इलाज के दौरान उनकी मौत हो गई। यह घटना तब विवादों में आ गई जब तिवारी के परिवार ने आरोप लगाया कि पुलिस ने उन्हें मुठभेड़ से पहले ही उठा लिया था और बाद में हुई गोलीबारी बनावटी थी। यह मामला अब सुप्रीम कोर्ट पहुंच गया है। इस बीच भरत तिवारी के एनकाउंटर का बताकर एक वीडियो सोशल मीडिया पर खूब वायरल हो रहा है। इसमें कुछ पुलिसवाले एक व्यक्ति के हाथ-पैर पकड़कर उसे ले जाते हुए नजर आ रहे हैं।  वीडियो के साथ दावा किया जा रहा है कि ये भरत तिवारी एनकाउंटर का लाइव वीडियो है। वायरल वीडियो के साथ यूजर ने लिखा है- वीडियो में साफ दिखाई दे रहा है कि उस समय गोली नहीं मारी गई थी। इससे घटना को लेकर कई गंभीर सवाल उठते हैं और निष्पक्ष जांच की आवश्यकता है।” ये भ्रष्ट और घूसखोर पुलिसकर्मी सच्चाई छिपाने की कोशिश कर रहे हैं।” “शहीद भरत तिवारी ज़िंदाबाद! फेसबुक।आर्काइव अनुसंधान से पता चलता है कि… पड़ताल की शुरुआत में हमने वायरल  वीडियो के तस्वीरों का रिवर्स इमेज सर्च किया, परिणाम में वायरल वीडियो  हमे एकं फेसबुकपेज पर मिला।  यहां इसे 21 जून को पोस्ट किया गया था। पोस्ट के कैप्शन के मुताबिक, ये वीडियो यूपी के महाराजगंज जनपद का है। जब बजरंग दल के कार्यकर्ता मदनपुरा गौशाला में गायों की मौत के विरोध में प्रदर्शन कर रहे थें। इस दौरान पुलिस और प्रदर्शनकारियों के बीच झड़प हो गई थी। मिली जानकारी की मदद लेते हुए अधिक सर्च करने पर‘देहाती न्यूज़ इंडिया’ की एक पोस्ट मिली। इसमें दिखाई देता है कि वायरल वीडियो में पुलिसकर्मियों द्वारा ले जाए जाते दिख रहे युवक घटना के बारे में अपना पक्ष रख रहा है। वीडियो में वह आरोप लगाता है कि महाराजगंज के मदनपुरा गौशाला में गायों की मौत को लेकर हुए विरोध-प्रदर्शन के दौरान, पुलिस से बार-बार छोड़े जाने की गुहार लगाने के बावजूद उसे हिरासत में ले लिया गया। पोस्ट में उसे बजरंग दल का कार्यकर्ता बताया गया है और प्रदर्शन के दौरान हुई घटनाओं के बारे में उसका बयान पेश किया गया है। सोशल मीडिया पोस्ट से मिली जानकारी के आधार पर, हमने गूगल पर संबंधित कीवर्ड्स सर्च किया। इसके बाद हमें अब वायरल वीडियो से  जुड़ीमीडिया रिपोर्ट्समिली। इन रिपोर्ट्स में ऐसे विज़ुअल्स हैं जो वायरल वीडियो से मेल खात",वायरल…. एनकाउंटर बजरंग बताकर दल यूपी वीडियो भरत का प्रदर्शन का तिवारी के में के,,REF,same_as_gold,word,"{""shuffle_type"": ""uniform_random"", ""word_order_preserved"": false}","{""fluency_checked"": false, ""label_consistent"": true, ""meaning_preserved"": false}",
289,CA_WORD_03_Jumbling,hi,लाल वाइन पीने से कैंसर का जोखिम कम होना सिद्ध है।,"अमेरिकी राष्ट्रीय कैंसर संस्थान के अनुसार लाल वाइन में कुछ पदार्थों के कैंसर-विरोधी गुण सुझाए गए हैं, लेकिन लाल वाइन पीने से कैंसर का जोखिम कम होता है, इसका प्रमाण नहीं है।",से सिद्ध होना जोखिम पीने है। कैंसर वाइन लाल का कम,,REF,same_as_gold,word,"{""shuffle_type"": ""uniform_random"", ""word_order_preserved"": false}","{""fluency_checked"": false, ""label_consistent"": true, ""meaning_preserved"": false}",
290,CA_WORD_03_Jumbling,hi,वायरल वीडियो सामने आने के बाद अभिनेता सोनू सूद ने खेसारी लाल यादव के समर्थन में सार्वजनिक बयान जारी किया।,आजतक में केवल यह बताया गया है कि वायरल वीडियो के ऑडियो के साथ छेड़छाड़ की गई थी और मूल वीडियो अलग संदर्भ का था। रिपोर्ट में सोनू सूद द्वारा इस वायरल वीडियो पर कोई सार्वजनिक बयान देने या चुनावी समर्थन की पुष्टि करने का उल्लेख नहीं है।,सूद बाद समर्थन में खेसारी ने अभिनेता के लाल आने सार्वजनिक के सामने वायरल किया। यादव वीडियो जारी बयान सोनू,,NEI,same_as_gold,word,"{""shuffle_type"": ""uniform_random"", ""word_order_preserved"": false}","{""fluency_checked"": false, ""label_consistent"": true, ""meaning_preserved"": false}",
291,CA_WORD_03_Jumbling,hi,अमित शाह ने आपदा प्रबंधन संशोधन विधेयक के साथ राष्ट्रीय जल नीति (National Water Policy) में संशोधन की भी घोषणा की।,लेख में राष्ट्रीय जल नीति में किसी संशोधन की घोषणा का उल्लेख नहीं है।,प्रबंधन आपदा जल के राष्ट्रीय साथ अमित संशोधन की। Water (National नीति में शाह ने भी की संशोधन Policy) विधेयक घोषणा,,NEI,same_as_gold,word,"{""shuffle_type"": ""uniform_random"", ""word_order_preserved"": false}","{""fluency_checked"": false, ""label_consistent"": true, ""meaning_preserved"": false}",
292,CA_WORD_03_Jumbling,hi,"लोकसभा चुनाव 2024 के छठे चरण के लिए 57 संसदीय क्षेत्रों में 1,978 नामांकन पत्र दाखिल किए गए।","पीआईबी की हिंदी विज्ञप्ति में छठे चरण के 57 संसदीय क्षेत्रों के लिए 1,978 नामांकन पत्र दाखिल होने की जानकारी दी गई है।","नामांकन लोकसभा 57 के किए संसदीय लिए के पत्र क्षेत्रों छठे दाखिल गए। चुनाव 1,978 चरण 2024 में",,SUP,same_as_gold,word,"{""shuffle_type"": ""uniform_random"", ""word_order_preserved"": false}","{""fluency_checked"": false, ""label_consistent"": true, ""meaning_preserved"": false}",
293,CA_WORD_03_Jumbling,hi,जल शक्ति मंत्रालय ने 18 नवंबर 2025 को पहला बहुभाषी सुजल ग्राम संवाद आयोजित किया।,विज्ञप्ति में कहा गया है कि डीडीडब्ल्यूएस ने 18 नवंबर 2025 को पहला बहुभाषी सुजल ग्राम संवाद आयोजित किया।,मंत्रालय सुजल पहला किया। ने 2025 को ग्राम जल नवंबर बहुभाषी 18 शक्ति आयोजित संवाद,,SUP,same_as_gold,word,"{""shuffle_type"": ""uniform_random"", ""word_order_preserved"": false}","{""fluency_checked"": false, ""label_consistent"": true, ""meaning_preserved"": false}",
294,CA_WORD_03_Jumbling,hi,रजनीकांत अपनी जीवन कहानी पर फिल्म की कहानी लिख रहे हैं।,"एबीपी न्यूज़ के मुताबिक इतना ही पता चलता है कि साउथ सुपरस्टार रजनीकांत को लेकर नई अपडेट सामने आई है. बताया जा रहा है कि वो खुद अपनी फिल्म की कहानी लिख रहे है, जिससे सभी उनकी जीवन को करीब से देख सकें. आगे कोई पुख्ता जानकारी नहीं मिलती।",रजनीकांत रहे अपनी की कहानी लिख हैं। पर कहानी फिल्म जीवन,,NEI,same_as_gold,word,"{""shuffle_type"": ""uniform_random"", ""word_order_preserved"": false}","{""fluency_checked"": false, ""label_consistent"": true, ""meaning_preserved"": false}",
295,CA_WORD_03_Jumbling,hi,मेडिटेशन हर स्वस्थ व्यक्ति में रक्तचाप को चिकित्सकीय रूप से महत्वपूर्ण मात्रा में कम करता है।,"एनसीसीआईएच के अनुसार मेडिटेशन से रक्तचाप में लाभ हो सकता है, लेकिन प्रभाव की मात्रा और विभिन्न समूहों में परिणाम समान नहीं हैं।",मेडिटेशन व्यक्ति रूप में महत्वपूर्ण रक्तचाप मात्रा को से करता हर है। कम स्वस्थ चिकित्सकीय में,,NEI,same_as_gold,word,"{""shuffle_type"": ""uniform_random"", ""word_order_preserved"": false}","{""fluency_checked"": false, ""label_consistent"": true, ""meaning_preserved"": false}",
296,CA_WORD_03_Jumbling,hi,राम चरण अस्पताल में भर्ती हुए।,इंडिया टीवी की स्टोरी बताती है कि साउथ अभिनेता राम चरण की फिल्म 'पेड्डी' के सेट पर लगी कलाई की चोट के बाद कोयंबटूर में सफल सर्जरी हुई। डॉक्टरों की विशेषज्ञ टीम की निगरानी में वे अब तेजी से रिकवर हो रहे हैं। पर इससे जुड़ी आधिकारिक तारीख या आंकड़े रिपोर्ट में नहीं दिए गए।,राम अस्पताल भर्ती चरण में हुए।,,NEI,same_as_gold,word,"{""shuffle_type"": ""uniform_random"", ""word_order_preserved"": false}","{""fluency_checked"": false, ""label_consistent"": true, ""meaning_preserved"": false}",
297,CA_WORD_03_Jumbling,hi,"रुद्र सिंह, जोहार सिंह, देव सिंह, धरम सिंह, रुक्मणी देवी और खिमुली देवी अपने परिवारों सहित प्राथमिक विद्यालय में शरण लेने पहुंचे।",लेख में इन परिवारों द्वारा प्राथमिक स्कूल में शरण लेने की जानकारी दी गई है।,"प्राथमिक सिंह, सिंह, रुक्मणी देवी विद्यालय सिंह, रुद्र में अपने देवी खिमुली शरण लेने सिंह, जोहार देव परिवारों पहुंचे। और धरम सहित",,SUP,same_as_gold,word,"{""shuffle_type"": ""uniform_random"", ""word_order_preserved"": false}","{""fluency_checked"": false, ""label_consistent"": true, ""meaning_preserved"": false}",
298,CA_WORD_03_Jumbling,hi,टाइप 2 मधुमेह का जोखिम केवल उम्र से निर्धारित होता है।,विश्व स्वास्थ्य संगठन अधिक वजन और मोटापे को टाइप 2 मधुमेह के बढ़े जोखिम से जोड़ता है।,जोखिम होता 2 है। का से मधुमेह केवल निर्धारित उम्र टाइप,,REF,same_as_gold,word,"{""shuffle_type"": ""uniform_random"", ""word_order_preserved"": false}","{""fluency_checked"": false, ""label_consistent"": true, ""meaning_preserved"": false}",
299,CA_WORD_03_Jumbling,hi,लेख के अनुसार सभी बाग और कृषि भूमि पूरी तरह सुरक्षित रहे।,लेख में कई नाली जमीन बहने और बागों के नष्ट होने की जानकारी दी गई है।,कृषि रहे। लेख सुरक्षित सभी पूरी और भूमि के अनुसार तरह बाग,,REF,same_as_gold,word,"{""shuffle_type"": ""uniform_random"", ""word_order_preserved"": false}","{""fluency_checked"": false, ""label_consistent"": true, ""meaning_preserved"": false}",
300,CA_WORD_03_Jumbling,hi,काजल अग्रवाल को पोस्टपार्टम के बाद मैच्योर रोल करने के ताने मिले।,एबीपी न्यूज़ की रिपोर्ट में सिर्फ इतना बताया गया कि एक्ट्रेस काजल अग्रवाल ने हाल ही में पोस्टपार्टम के दौरान बढ़े वजन और बॉडी शेमिंग पर बात की. तारीख या आंकड़ों का उल्लेख नहीं है।,अग्रवाल बाद पोस्टपार्टम ताने रोल को करने के मैच्योर के मिले। काजल,,NEI,same_as_gold,word,"{""shuffle_type"": ""uniform_random"", ""word_order_preserved"": false}","{""fluency_checked"": false, ""label_consistent"": true, ""meaning_preserved"": false}",
301,CA_WORD_03_Jumbling,hi,ग्रेटर नोएडा के दनकौर क्षेत्र में पुलिस मुठभेड़ में गौकशी के आरोपी को पैर में गोली लगने के बाद गिरफ्तार किया गया और उसके पास से अवैध तमंचा व चोरी की बाइक बरामद हुई।,"तलाशी के दौरान पुलिस को आरोपी के पास से अवैध 315 बोर का तमंचा, जिंदा कारतूस और खोखा कारतूस मिले, जबकि उसके तीन साथी अभी भी फरार हैं।",तमंचा व पुलिस में बाद आरोपी ग्रेटर क्षेत्र पैर हुई। पास नोएडा गोली गौकशी किया चोरी और के उसके से में में के के की गया अवैध गिरफ्तार मुठभेड़ को लगने दनकौर बरामद बाइक,,SUP,same_as_gold,word,"{""shuffle_type"": ""uniform_random"", ""word_order_preserved"": false}","{""fluency_checked"": false, ""label_consistent"": true, ""meaning_preserved"": false}",
302,CA_WORD_03_Jumbling,hi,आलिया भट्ट ने 'बॉयकॉट बॉलीवुड' अभियान के समर्थन में वायरल बयान दिया था।,जांच में ऐसा कोई आधिकारिक बयान या विश्वसनीय रिकॉर्ड नहीं मिला। वायरल कथन मनगढ़ंत पाया गया और अभिनेत्री से गलत तरीके से जोड़ा गया।,अभियान बॉलीवुड' समर्थन में आलिया था। भट्ट वायरल 'बॉयकॉट बयान के दिया ने,,REF,same_as_gold,word,"{""shuffle_type"": ""uniform_random"", ""word_order_preserved"": false}","{""fluency_checked"": false, ""label_consistent"": true, ""meaning_preserved"": false}",
303,CA_WORD_03_Jumbling,hi,85 वर्ष या उससे अधिक आयु के मतदाताओं तथा 40% या अधिक दिव्यांगता वाले मतदाताओं के लिए घर से मतदान की सुविधा उपलब्ध कराई गई।,निर्वाचन आयोग के 2024 के निर्देश में 85+ वरिष्ठ नागरिकों और 40% या अधिक दिव्यांगता वाले मतदाताओं के लिए घर से मतदान की सुविधा का उल्लेख है।,सुविधा 85 उससे आयु वाले लिए मतदाताओं गई। तथा दिव्यांगता वर्ष 40% या मतदाताओं अधिक या कराई उपलब्ध अधिक के मतदान की से के घर,,SUP,same_as_gold,word,"{""shuffle_type"": ""uniform_random"", ""word_order_preserved"": false}","{""fluency_checked"": false, ""label_consistent"": true, ""meaning_preserved"": false}",
304,CA_WORD_03_Jumbling,hi,सुविधा 2.0 में उत्पन्न संदर्भ आईडी से उपयोगकर्ता अपने अनुमति अनुरोध की स्थिति देख सकता है।,पीआईबी की विज्ञप्ति में संदर्भ आईडी उत्पन्न होने और उससे उपयोगकर्ताओं को अनुरोधों की स्थिति ट्रैक करने में मदद मिलने की जानकारी है।,स्थिति सकता से अपने की 2.0 अनुमति उपयोगकर्ता में देख आईडी उत्पन्न सुविधा अनुरोध है। संदर्भ,,SUP,same_as_gold,word,"{""shuffle_type"": ""uniform_random"", ""word_order_preserved"": false}","{""fluency_checked"": false, ""label_consistent"": true, ""meaning_preserved"": false}",
305,CA_WORD_03_Jumbling,hi,लोकसभा चुनाव 2024 में तिरुवुर निर्वाचन क्षेत्र की लंबाडा जनजाति ने पहली बार मतदान किया।,पीआईबी की हिंदी विज्ञप्ति में तिरुवुर निर्वाचन क्षेत्र की लंबाडा जनजाति के आम चुनाव में पहली बार मतदान करने का उल्लेख है।,पहली 2024 में लोकसभा चुनाव मतदान तिरुवुर किया। की बार लंबाडा निर्वाचन क्षेत्र ने जनजाति,,SUP,same_as_gold,word,"{""shuffle_type"": ""uniform_random"", ""word_order_preserved"": false}","{""fluency_checked"": false, ""label_consistent"": true, ""meaning_preserved"": false}",
306,CA_WORD_03_Jumbling,hi,अश्वगंधा मधुमेह के उपचार में प्रभावी है।,एनसीसीआईएच के अनुसार मधुमेह सहित कई स्वास्थ्य स्थितियों में अश्वगंधा की उपयोगिता निर्धारित करने के लिए पर्याप्त साक्ष्य नहीं हैं।,में मधुमेह प्रभावी है। उपचार के अश्वगंधा,,NEI,same_as_gold,word,"{""shuffle_type"": ""uniform_random"", ""word_order_preserved"": false}","{""fluency_checked"": false, ""label_consistent"": true, ""meaning_preserved"": false}",
307,CA_WORD_03_Jumbling,hi,प्रधानमंत्री विकसित भारत रोजगार योजना का उद्देश्य दो वर्षों में 3.5 करोड़ से अधिक नौकरियों के सृजन को प्रोत्साहित करना है।,श्रम एवं रोजगार मंत्रालय की वर्षांत समीक्षा में योजना के लिए दो वर्षों में 3.5 करोड़ से अधिक नौकरियों के सृजन का लक्ष्य दिया गया है।,उद्देश्य योजना रोजगार 3.5 को है। करना का भारत करोड़ नौकरियों से प्रोत्साहित के वर्षों विकसित में दो सृजन प्रधानमंत्री अधिक,,SUP,same_as_gold,word,"{""shuffle_type"": ""uniform_random"", ""word_order_preserved"": false}","{""fluency_checked"": false, ""label_consistent"": true, ""meaning_preserved"": false}",
308,CA_WORD_03_Jumbling,hi,'जन नायकन' तमिल सिनेमा की दूसरी सबसे ज्यादा कमाई वाली फिल्म बनी।,"एबीपी न्यूज़ के मुताबिक, 'जन नायकन' रिलीज के बाद से ही छाई हुई है. थलापति विजय की फिल्म को लोग काफी पसंद कर रहे हैं.",नायकन' कमाई बनी। ज्यादा तमिल सिनेमा दूसरी वाली की सबसे फिल्म 'जन,,SUP,same_as_gold,word,"{""shuffle_type"": ""uniform_random"", ""word_order_preserved"": false}","{""fluency_checked"": false, ""label_consistent"": true, ""meaning_preserved"": false}",
309,CA_WORD_03_Jumbling,hi,लेख में प्रशिक्षण पूरा करने वाले छात्रों के लिए राज्य सरकार द्वारा प्रमाणपत्र और छात्रवृत्ति देने की घोषणा का उल्लेख है।,"लेख में प्रमाणपत्र, छात्रवृत्ति या ऐसी किसी सरकारी घोषणा का उल्लेख नहीं है।",देने घोषणा में पूरा सरकार प्रशिक्षण लेख है। वाले की प्रमाणपत्र के छात्रवृत्ति उल्लेख करने और छात्रों राज्य लिए का द्वारा,,NEI,same_as_gold,word,"{""shuffle_type"": ""uniform_random"", ""word_order_preserved"": false}","{""fluency_checked"": false, ""label_consistent"": true, ""meaning_preserved"": false}",
310,CA_WORD_03_Jumbling,hi,सितंबर 2018 में आयुष्मान भारत-प्रधानमंत्री जन आरोग्य योजना शुरू की गई थी।,पीआईबी हिंदी पृष्ठ में आयुष्मान भारत-प्रधानमंत्री जन आरोग्य योजना को सितंबर 2018 में शुरू की गई योजना बताया गया है।,आरोग्य सितंबर योजना थी। जन 2018 शुरू की आयुष्मान गई भारत-प्रधानमंत्री में,,SUP,same_as_gold,word,"{""shuffle_type"": ""uniform_random"", ""word_order_preserved"": false}","{""fluency_checked"": false, ""label_consistent"": true, ""meaning_preserved"": false}",
311,CA_WORD_03_Jumbling,hi,गंभीर हैजा का समय पर उपचार न होने पर मृत्यु कुछ घंटों में हो सकती है।,विश्व स्वास्थ्य संगठन के अनुसार गंभीर हैजा का उपचार न किया जाए तो यह कुछ घंटों में जानलेवा हो सकता है।,घंटों कुछ उपचार में है। पर मृत्यु हो का हैजा होने सकती पर गंभीर समय न,,SUP,same_as_gold,word,"{""shuffle_type"": ""uniform_random"", ""word_order_preserved"": false}","{""fluency_checked"": false, ""label_consistent"": true, ""meaning_preserved"": false}",
312,CA_WORD_03_Jumbling,hi,केंद्र प्रायोजित सरकारी योजनाओं के लिए आवंटित धनराशि का अधिकांश हिस्सा उपयोग नहीं हो पाता है।,आकाशवाणी समाचार की हिंदी रिपोर्ट में पीआईबी फैक्ट चेक के अनुसार यह दावा गलत है; अधिकांश आवंटित धनराशि वर्षों से उपयोग होती रही है।,पाता आवंटित धनराशि केंद्र का उपयोग नहीं हिस्सा योजनाओं लिए हो प्रायोजित अधिकांश सरकारी है। के,,REF,same_as_gold,word,"{""shuffle_type"": ""uniform_random"", ""word_order_preserved"": false}","{""fluency_checked"": false, ""label_consistent"": true, ""meaning_preserved"": false}",
313,CA_WORD_03_Jumbling,hi,दिल्ली में 70 वर्ष और उससे अधिक आयु के वरिष्ठ नागरिकों के लिए आयुष्मान वय वंदना कार्ड योजना शुरू की गई।,राष्ट्रीय स्वास्थ्य प्राधिकरण की विज्ञप्ति दिल्ली के 70 वर्ष से अधिक वरिष्ठ नागरिकों के लिए आयुष्मान वय वंदना कार्ड योजना का उल्लेख करती है।,गई। योजना में शुरू वंदना और 70 के वरिष्ठ लिए के कार्ड अधिक आयु नागरिकों दिल्ली उससे आयुष्मान की वर्ष वय,,SUP,same_as_gold,word,"{""shuffle_type"": ""uniform_random"", ""word_order_preserved"": false}","{""fluency_checked"": false, ""label_consistent"": true, ""meaning_preserved"": false}",
314,CA_WORD_03_Jumbling,hi,अर्जुन कपूर 'लॉकअप 2' में जनता की आवाज बनकर आए।,"पीटीआई भाषा की खबर में अनुष्का शर्मा और विराट कोहली के विदेश में देखे जाने की चर्चा है, लेकिन स्थायी रूप से लंदन बसने की आधिकारिक घोषणा का कोई उल्लेख नहीं है। पोस्ट का सत्यापित लिंक या बयान भी रिपोर्ट में नहीं दिया गया।",आए। 2' 'लॉकअप अर्जुन बनकर कपूर में की आवाज जनता,,NEI,same_as_gold,word,"{""shuffle_type"": ""uniform_random"", ""word_order_preserved"": false}","{""fluency_checked"": false, ""label_consistent"": true, ""meaning_preserved"": false}",
315,CA_WORD_03_Jumbling,hi,धर्मेंद्र प्रधान के इस्तीफे पर बॉलीवुड कलाकारों ने प्रतिक्रिया दी।,"भास्कर के अनुसार, Bollywood celebs Prakash Raj and Vir Das react to Education Minister Dharmendra Pradhan resignation. — इससे अधिक जानकारी रिपोर्ट में शामिल नहीं है।",धर्मेंद्र दी। पर ने इस्तीफे प्रतिक्रिया के कलाकारों प्रधान बॉलीवुड,,NEI,same_as_gold,word,"{""shuffle_type"": ""uniform_random"", ""word_order_preserved"": false}","{""fluency_checked"": false, ""label_consistent"": true, ""meaning_preserved"": false}",
316,CA_WORD_03_Jumbling,hi,माइंडफुलनेस मेडिटेशन चिकित्सकीय रूप से निदान किए गए सभी चिंता विकारों का सिद्ध उपचार है।,"एनसीसीआईएच के अनुसार माइंडफुलनेस से चिंता लक्षणों में छोटा से मध्यम लाभ दिख सकता है, लेकिन निदान किए गए चिंता विकारों में पर्याप्त शक्ति वाले अध्ययनों की कमी है।",चिंता सिद्ध मेडिटेशन माइंडफुलनेस निदान से रूप किए गए उपचार चिकित्सकीय सभी विकारों है। का,,NEI,same_as_gold,word,"{""shuffle_type"": ""uniform_random"", ""word_order_preserved"": false}","{""fluency_checked"": false, ""label_consistent"": true, ""meaning_preserved"": false}",
317,CA_WORD_03_Jumbling,hi,रणबीर कपूर ने 'धूम 4' में अपनी एंट्री को लेकर खुलासा किया।,प्रभात खबर की खबर में इतना ही है कि रणबीर कपूर 'धूम 4' में नजर आएंगे? जानें इस खबर की पूरी सच्चाई और एक्टर ने खुद क्या कहा. शेष विवरण रिपोर्ट में नहीं है।,कपूर ने 'धूम अपनी किया। में रणबीर एंट्री 4' खुलासा को लेकर,,NEI,same_as_gold,word,"{""shuffle_type"": ""uniform_random"", ""word_order_preserved"": false}","{""fluency_checked"": false, ""label_consistent"": true, ""meaning_preserved"": false}",
318,CA_WORD_03_Jumbling,hi,27 फरवरी 2026 तक 86.3 करोड़ से अधिक आभा पहचानें बनाई जा चुकी थीं।,पीआईबी की हिंदी विज्ञप्ति में 27 फरवरी 2026 तक 863 मिलियन से अधिक आभा बनाए जाने की जानकारी दी गई है।,तक बनाई अधिक फरवरी से थीं। जा करोड़ पहचानें 27 चुकी आभा 86.3 2026,,SUP,same_as_gold,word,"{""shuffle_type"": ""uniform_random"", ""word_order_preserved"": false}","{""fluency_checked"": false, ""label_consistent"": true, ""meaning_preserved"": false}",
319,CA_WORD_03_Jumbling,hi,क्या ये वीडियो उत्तर प्रदेश में पेट्रोल पंप कर्मचारी के दिनदहाड़े हुये अपहरण का है?,"वायरल वीडियो के सम्बंध में बदायूं (उत्तर प्रदेश) के पुलिस अधीक्षक द्वारा स्पष्ट किया है कि यह मामला उत्तर प्रदेश से नही है | सोशल मीडिया पर एक पेट्रोल पंप कर्मचारी को दिनदहाड़े अगवा करने का एक वीडियो काफी तेजी से फैलाते हुए दावा किया जा रहा है कि यह घटना उत्तर प्रदेश के बदायूं से है | दावे अनुसार कुछ लोगों ने इस पेट्रोल पंप कर्मचारी को महज़ इसलिये अगवा किया क्योंकि इस कर्मचारी के पास पेट्रोल पंप की दिन भर की कमाई से भरा कैश का बैग था | वायरल हो रही वीडियो क्लिप में हम पेट्रोल पंप के अंदर एक काली कार को देख सकतें है, अपहरणकर्ताओं में से एक व्यक्ति गाड़ी के टैंक को भरता हुआ दिखाई दे रहा है, साथ ही पंप में काम करने वाले कर्मचारी को भी खड़े देख सकते है | क्षण भर बाद, एक दूसरा आदमी गाड़ी का पिछला दरवाजा खोलता है और उसके बगल में खड़ा व्यक्ति पेट्रोल पंप कर्मचारी को जबरदस्ती गाड़ी के अंदर धकेल देता है व चालक तेजी से गाड़ी चलाते हुए वहाँ से भाग जाते है | सोशल मीडिया पर वायरल पोस्ट के कैप्शन में लिखा गया है कि “पेट्रोल डालने वाले कर्मचारी को ही ले गए क्योंकि उसकी जेब में दिन भर का पेट्रोल की केश था उत्तर प्रदेश के बदायूं की घटना बताई ‌जा रही है |” पेट्रोल डालने वाले कर्मचारी को ही ले गए क्योंकि उसकी जेब में दिन भर का पेट्रोल की केश था उत्तर प्रदेश के बदायूं की घटना बताई ‌जा रही है.@Uppoliceplzzz check करे वायरल वीडीयो को।@CMOfficeUP@A_suryavanshi_@AyushChitransh_@mrajan_live@vaibhavnews@SamacharplusNpic.twitter.com/cmKvxAXN5h अनुसंधान से पता चलता है कि… जाँच की शुरुवात हमने वायरल हो रहे वीडियो को इन्विड टूल के माध्यम से छोटे कीफ्रेम्स में तोड़कर व गूगल पर रिवर्स इमेज सर्च करने से की,  जिसके परिणाम से हमें यह वीडियो 2 अक्टूबर २०२१ कोगल्फ न्यूज़द्वारा प्रकाशित किया हुआ मिला | इस खबर के अनुसार यह घटना सऊदी अरब के हेल क्षेत्र की है, ख़बर के मुताबिक़ 3 सऊदी अरब के नागरिकों ने 1 एशियाई गैस स्टेशन से एक कर्मचारी को अगवा कर लिया था | इस मामले के चलते हेल पुलिस द्वारा इन 3 लोगों की गिरफ़्तारी हो चुकी है | हेल पुलिस के मीडिया प्रवक्ता, लेफ्टिनेंट कर्नल सामी अल शममारी के अनुसार, हेल पुलिस को सऊदी के कुछ लोगों द्वारा एक एशियाई गैस कर्मचारी के अपहरण और लूटने के बारे में एक रिपोर्ट मिली,",पेट्रोल वीडियो ये अपहरण में प्रदेश दिनदहाड़े है? क्या पंप का के कर्मचारी हुये उत्तर,,REF,same_as_gold,word,"{""shuffle_type"": ""uniform_random"", ""word_order_preserved"": false}","{""fluency_checked"": false, ""label_consistent"": true, ""meaning_preserved"": false}",
320,CA_WORD_03_Jumbling,hi,नेपाल में अवैध बांग्लादेशियों के खिलाफ पुलिस कार्रवाई का नहीं है ये वीडियो….,"सोशल मीडिया पर एक वीडियो शेयर किया जा रहा है, जिसमें पुलिस यूनिफॉर्म पहने कुछ लोग सड़क पर खड़े ठेले या रेड़ी वालों को बलपूर्वक वहां से हटाने की कोशिश कर रहे हैं। वायरल वीडियो के साथ दावा किया जा रहा है कि  नेपाल  में हिंदुओं की सरकार ने अब बांग्लादेशियों को भगाना शुरू कर दिया है। वायरल वीडियो के साथ यूजर ने लिखा है- नेपाल का महा-एक्शन: “हम काफिर हैं, तो बाहर निकलो!” पशुपतिनाथ की धरती पर अवैध बांग्लादेशियों पर बड़ा प्रहार! नेपाल सरकार ने स्पष्ट संदेश दे दिया है—हिंदुओं को ‘काफिर’ कहने वालों के लिए हमारे देश में कोई जगह नहीं। घुसपैठियों को खदेड़ने का काम शुरू हो चुका है। क्या भारत को भी नेपाल से सीख लेनी चाहिए? अपनी राय कमेंट में लिखें! फेसबुक।आर्काइव अनुसंधान से पता चलता है कि… पड़ताल की शुरुआत में हमने वायरल  वीडियो के तस्वीरों का रिवर्स इमेज सर्च किया, परिणाम में वायरल वीडियो हमें फेसबुकपर  मिला। यहां पर वीडियो को बांग्लादेश के ढाका की घटना बताते हुए साझा किया गया था। वीडियो के साथ दिए गए कैप्शन में लिखा था, “सरकार ईद से ठीक पहले गरीबों के पेट पर लात मार रही है। मिली जानकारी की मदद लेते हुए अधिक सर्च करने पर वीडियो की खबर हमें  बांग्लादेश के कई न्यूज आउटलेट्स पर मिली।Maasranga Newsके मुताबिक  सड़क पर स्ट्रीट  वेंडर्स के अतिक्रमण को हटाने के लिए पुलिस ने मौके पर पहुंचकर सख्त एक्शन लिया था ।  लेकिन पुलिस के इस तरीके पर कई सवाल भी उठे थे । खोज में हमें वायरल वीडियो में नजर आ रहे एक पुलिस वाले की कैप पर बांग्लादेश पुलिस लिखा हुआ मिला। साथ हीपुलिसकर्मियोंने जो वर्दी पहन रखी थी उसमें दिख रहे सिंबल में बांग्लादेश की ढाका पुलिस की यूनिफॉर्म थी। बांग्ला भाषा में इससे सम्बंधित कीवर्ड्स सर्च करने पर, बांग्लादेशी न्यूज वेबसाइटBd24reportके आधिकारिक फेसबुक पेज पर 17 मार्च 2026 को किए गए पोस्ट में भी यहीं वीडियो मिले। साथ ही हमें प्राप्त हुई कुछ न्यूज आउटलेट्स कीफेसबुकपोस्ट  में भी वीडियो को बांग्लादेश के ढाका में स्ट्रीट वेंडर्स पर हो रही कार्रवाई का बताया गया है। निष्कर्ष-तथ्य-जांच के बाद हमने पाया कि,  वायरल वीडियो बांग्लादेश का है और इसका नेपाल से कोई संबंध नहीं है। Title:नेपाल में अवैध बांग्लादेशियों के खिलाफ पुलिस कार्रवाई का नहीं है ये वीडियो…. Fact Check By:Sarita Samal R",खिलाफ कार्रवाई के है का नहीं बांग्लादेशियों वीडियो…. अवैध ये नेपाल पुलिस में,,REF,same_as_gold,word,"{""shuffle_type"": ""uniform_random"", ""word_order_preserved"": false}","{""fluency_checked"": false, ""label_consistent"": true, ""meaning_preserved"": false}",
321,CA_WORD_03_Jumbling,hi,अभिषेक बच्चन और ऐश्वर्या राय बच्चन के तलाक को मुंबई की अदालत ने मंजूरी दे दी है।,रिपोर्ट में बताया गया कि सोशल मीडिया पर तलाक की कथित खबरों के समर्थन में कोई अदालती रिकॉर्ड या आधिकारिक बयान उपलब्ध नहीं है। परिवार या प्रतिनिधियों की ओर से भी ऐसा पुष्ट बयान नहीं मिला।,के दे दी है। तलाक राय मंजूरी की बच्चन को बच्चन और अभिषेक अदालत ऐश्वर्या मुंबई ने,,REF,same_as_gold,word,"{""shuffle_type"": ""uniform_random"", ""word_order_preserved"": false}","{""fluency_checked"": false, ""label_consistent"": true, ""meaning_preserved"": false}",
322,CA_WORD_03_Jumbling,hi,कमल किशोर ने अपनी पूरी सेवा केवल भारतीय सेना में दी थी और संयुक्त राष्ट्र में कभी काम नहीं किया।,लेख में UNDP में लगभग 13 वर्षों तक कार्य करने का उल्लेख है।,राष्ट्र में किशोर और केवल संयुक्त में कभी अपनी दी ने थी किया। सेवा कमल भारतीय नहीं सेना पूरी काम,,REF,same_as_gold,word,"{""shuffle_type"": ""uniform_random"", ""word_order_preserved"": false}","{""fluency_checked"": false, ""label_consistent"": true, ""meaning_preserved"": false}",
323,CA_WORD_03_Jumbling,hi,मतदाता सूचना पर्ची को मतदाता की पहचान के प्रमाण के रूप में स्वीकार किया जाता है।,पीआईबी की विज्ञप्ति में स्पष्ट है कि मतदाता सूचना पर्ची को मतदाता की पहचान के प्रमाण के रूप में स्वीकार नहीं किया जाएगा।,प्रमाण स्वीकार जाता को रूप है। किया में मतदाता पहचान सूचना के की के मतदाता पर्ची,,REF,same_as_gold,word,"{""shuffle_type"": ""uniform_random"", ""word_order_preserved"": false}","{""fluency_checked"": false, ""label_consistent"": true, ""meaning_preserved"": false}",
324,CA_WORD_03_Jumbling,hi,माइंडफुलनेस रजोनिवृत्ति की हॉट फ्लैश की आवृत्ति कम करती है।,"एनसीसीआईएच के अनुसार माइंडफुलनेस तनाव और कुछ लक्षणों से निपटने में मदद कर सकती है, लेकिन हॉट फ्लैश की आवृत्ति पर प्रभाव स्पष्ट नहीं है।",करती है। फ्लैश कम हॉट की माइंडफुलनेस की रजोनिवृत्ति आवृत्ति,,NEI,same_as_gold,word,"{""shuffle_type"": ""uniform_random"", ""word_order_preserved"": false}","{""fluency_checked"": false, ""label_consistent"": true, ""meaning_preserved"": false}",
325,CA_WORD_03_Jumbling,hi,अत्यधिक नमक का सेवन उच्च रक्तचाप और हृदय रोग के जोखिम को बढ़ाता है।,"विश्व स्वास्थ्य संगठन के अनुसार, आहार में सोडियम (नमक) का उच्च स्तर रक्तचाप को बढ़ाता है और हृदय रोग तथा स्ट्रोक के जोखिम को काफी बढ़ा देता है।",अत्यधिक और जोखिम है। रोग हृदय को रक्तचाप बढ़ाता नमक उच्च सेवन का के,,SUP,same_as_gold,word,"{""shuffle_type"": ""uniform_random"", ""word_order_preserved"": false}","{""fluency_checked"": false, ""label_consistent"": true, ""meaning_preserved"": false}",
326,CA_WORD_03_Jumbling,hi,तीसरे चरण के लिए सात मई के प्रेस नोट में अंतिम लिंग-वार मतदान प्रतिशत जारी कर दिया गया था।,पीआईबी की विज्ञप्ति में लिखा है कि लिंग-वार नवीनतम आंकड़े 11 मई 2024 तक प्रकाशित किए जाएंगे; उस प्रेस नोट में अंतिम लिंग-वार परिणाम उपलब्ध नहीं हैं।,जारी लिंग-वार मई सात के तीसरे अंतिम नोट के कर प्रेस गया था। में चरण लिए दिया मतदान प्रतिशत,,NEI,same_as_gold,word,"{""shuffle_type"": ""uniform_random"", ""word_order_preserved"": false}","{""fluency_checked"": false, ""label_consistent"": true, ""meaning_preserved"": false}",
327,CA_WORD_03_Jumbling,hi,खराब ईवीएम गलत उम्मीदवार के नाम पर वोट दर्ज कर सकती है।,"निर्वाचन आयोग के अनुसार यांत्रिक या भौतिक खराबी से ईवीएम काम करना बंद कर सकती है, पर वह गलत वोट दर्ज नहीं करती।",उम्मीदवार कर पर नाम सकती है। खराब ईवीएम दर्ज के गलत वोट,,REF,same_as_gold,word,"{""shuffle_type"": ""uniform_random"", ""word_order_preserved"": false}","{""fluency_checked"": false, ""label_consistent"": true, ""meaning_preserved"": false}",
328,CA_WORD_03_Jumbling,hi,कन्नड़ फिल्म की शूटिंग का वीडियो असली घटना बताकर वायरल…,"सोशल मीडिया पर एक वीडियो वायरल हो रहा है जिसमें पुलिस कुछ युवकों की डंडों से पिटाई करती नज़र आ रही है।  वीडियो के साथ दावा किया जा रहा है  कि  दलित समुदाय से आने वाले जो लोग सवर्णों को इंस्टाग्राम पर धमका रहे थे उन्हें पुलिस ने सबक सिखा दिया। वायरल वीडियो के साथ यूजर ने लिखा है- ये लोग दलित समुदाय के हैं जो इंस्टाग्राम पर सवर्णों को धमका रहे थे और इसी कारण पुलिस ने इन्हें सबक सिखा दिया. फेसबुक।आर्काइव अनुसंधान से पता चलता है कि… पड़ताल की शुरुआत में हमने वायरल वीडियो के कुछ तस्वीरो का रिवर्स इमेज सर्च किया। परिणाम में वायरल वीडियो हमेंKannada Pichhar” नाम के इंस्टाग्राम पेज पर मिला। यहां पर  वायरल वीडियो 15 अप्रैल को अपलोड किया गया है। यहां वीडियो के साथ लिखा है कि ये “डेडली सोमा 2” नाम की फिल्म की शूटिंग का वीडियो है। मिली जानकारी की मदद लेते हुए अधिक सर्च करने पर हमें यह वीडियो@KannadaPichharयू-ट्यूब चैनल पर मिला।दी गई जानकारी के मुताबिक, यह कन्नड़ मूवी “डेडली सोमा 2” की शूटिंग का वीडियो है।https://www.youtube.com/watch?v=v9ajeRRQta4 इस  फिल्म की शूटिंग को लेकर हमें‘न्यूज 18’की वेबसाइट पर 16 अप्रैल को छपी एक रिपोर्ट मिली। इसके मुताबिक, फिल्म की शूटिंग बेंगलुरु में हुई थी। ‘डेडली सोमा 2’ कन्नड़ फिल्म ‘डेडली सोमा’ का अगला पार्ट है। फिल्म का निर्देशन और लेखन रवि श्रीवत्सा ने किया है। यह फिल्म अंडरवर्ल्ड डॉन सोमा की असल जीवन की घटनाओं पर आधारित है। निष्कर्ष-तथ्य-जांच के हमने पाया कि ,इंस्टाग्राम पर सवर्णों को धमकाने वाले दलित समुदाय के लोगों को पुलिस द्वारा सबक सिखाने का दावा फर्जी है। ये कन्नड़ फिल्म की शूटिंग का वीडियो है, न कि किसी असल घटना का। Title:कन्नड़ फिल्म की शूटिंग का वीडियो असली घटना बताकर वायरल… Result:False",बताकर फिल्म का की घटना वायरल… कन्नड़ शूटिंग वीडियो असली,,REF,same_as_gold,word,"{""shuffle_type"": ""uniform_random"", ""word_order_preserved"": false}","{""fluency_checked"": false, ""label_consistent"": true, ""meaning_preserved"": false}",
329,CA_WORD_03_Jumbling,hi,प्रधानमंत्री रोजगार सृजन कार्यक्रम 2008 में दो पुरानी रोजगार योजनाओं को मिलाकर लागू किया गया था।,पीआईबी हिंदी पृष्ठ में पीएमईजीपी को 2008 में प्रधानमंत्री रोजगार योजना और ग्रामीण रोजगार सृजन कार्यक्रम को एकल ढांचे में एकीकृत करके लागू की गई योजना बताया गया है।,मिलाकर गया सृजन लागू कार्यक्रम 2008 योजनाओं पुरानी दो किया प्रधानमंत्री को रोजगार में था। रोजगार,,SUP,same_as_gold,word,"{""shuffle_type"": ""uniform_random"", ""word_order_preserved"": false}","{""fluency_checked"": false, ""label_consistent"": true, ""meaning_preserved"": false}",
330,CA_WORD_03_Jumbling,hi,लेख के अनुसार जलस्तर बढ़ने के बावजूद रेस्क्यू ऑपरेशन बिना रुके लगातार चलता रहा।,लेख में स्पष्ट रूप से कहा गया है कि जलस्तर बढ़ने पर अभियान अस्थायी रूप से रोक दिया गया था।,चलता के अनुसार लगातार बिना बावजूद ऑपरेशन रहा। रेस्क्यू जलस्तर रुके के बढ़ने लेख,,REF,same_as_gold,word,"{""shuffle_type"": ""uniform_random"", ""word_order_preserved"": false}","{""fluency_checked"": false, ""label_consistent"": true, ""meaning_preserved"": false}",
331,CA_WORD_03_Jumbling,hi,जीका वायरस मुख्य रूप से संक्रमित एडीज प्रजाति के मच्छरों के काटने से लोगों में फैलता है।,विश्व स्वास्थ्य संगठन के अनुसार जीका वायरस मुख्य रूप से दिन के समय काटने वाले संक्रमित एडीज मच्छरों के माध्यम से लोगों में फैलता है।,से लोगों एडीज के में काटने रूप फैलता प्रजाति मुख्य संक्रमित से मच्छरों वायरस के है। जीका,,SUP,same_as_gold,word,"{""shuffle_type"": ""uniform_random"", ""word_order_preserved"": false}","{""fluency_checked"": false, ""label_consistent"": true, ""meaning_preserved"": false}",
332,CA_WORD_03_Jumbling,hi,जून 2026 तक प्रधानमंत्री कौशल विकास योजना 4.0 के तहत 27 लाख से अधिक उम्मीदवारों को प्रशिक्षण दिया गया था।,पीआईबी की हिंदी विज्ञप्ति के अनुसार जून 2026 तक पीएमकेवीवाई 4.0 में 36 राज्यों और 741 जिलों के 40 क्षेत्रों में 27 लाख से अधिक उम्मीदवार प्रशिक्षित किए गए।,प्रधानमंत्री गया लाख के प्रशिक्षण विकास 27 था। तहत तक अधिक उम्मीदवारों को से जून योजना 2026 दिया कौशल 4.0,,SUP,same_as_gold,word,"{""shuffle_type"": ""uniform_random"", ""word_order_preserved"": false}","{""fluency_checked"": false, ""label_consistent"": true, ""meaning_preserved"": false}",
333,CA_WORD_03_Jumbling,hi,आयरन की कमी एनीमिया का सबसे आम पोषण संबंधी कारण है।,विश्व स्वास्थ्य संगठन के अनुसार आयरन की कमी एनीमिया का सबसे आम पोषण संबंधी कारण है।,की है। का संबंधी सबसे पोषण आम कारण एनीमिया आयरन कमी,,SUP,same_as_gold,word,"{""shuffle_type"": ""uniform_random"", ""word_order_preserved"": false}","{""fluency_checked"": false, ""label_consistent"": true, ""meaning_preserved"": false}",
334,CA_WORD_03_Jumbling,hi,प्रधानमंत्री सुरक्षा बीमा योजना के प्रीमियम के लिए 12 रुपये और प्रधानमंत्री जीवन ज्योति बीमा योजना के लिए 330 रुपये का उल्लेख किया गया।,एनडीटीवी इंडिया के हिंदी पृष्ठ में इन दो बीमा योजनाओं के वार्षिक प्रीमियम क्रमशः 12 रुपये और 330 रुपये बताए गए हैं।,सुरक्षा प्रधानमंत्री प्रीमियम ज्योति किया और योजना के का गया। जीवन रुपये रुपये उल्लेख लिए प्रधानमंत्री लिए बीमा बीमा के 330 योजना के 12,,SUP,same_as_gold,word,"{""shuffle_type"": ""uniform_random"", ""word_order_preserved"": false}","{""fluency_checked"": false, ""label_consistent"": true, ""meaning_preserved"": false}",
335,CA_WORD_03_Jumbling,hi,शगुफ्ता अली ने कहा कि गोविंदा आमिर से भी बड़े परफेक्शनिस्ट हैं।,"न्यूज़बाइट्स हिंदी की स्टोरी बताती है कि बॉलीवुड में गोविंदा की अदाकारी और कॉमिक टाइमिंग का हर कोई मुरीद रहा है, लेकिन सेट पर उनकी देर से आने की आदत भी अक्सर चर्चा का विषय बनती रही है। पर तारीख या आंकड़े नहीं दिए गए।",आमिर ने हैं। परफेक्शनिस्ट कि भी से अली गोविंदा शगुफ्ता बड़े कहा,,NEI,same_as_gold,word,"{""shuffle_type"": ""uniform_random"", ""word_order_preserved"": false}","{""fluency_checked"": false, ""label_consistent"": true, ""meaning_preserved"": false}",
336,CA_WORD_03_Jumbling,hi,जामताड़ा के करमाटांड़ क्षेत्र से तीन साइबर अपराधियों को गिरफ्तार किया गया।,पुलिस ने तीन आरोपियों को गिरफ्तार कर सात मोबाइल फोन और छह सिम कार्ड बरामद किए।,किया गया। साइबर गिरफ्तार अपराधियों तीन से जामताड़ा के करमाटांड़ को क्षेत्र,,SUP,same_as_gold,word,"{""shuffle_type"": ""uniform_random"", ""word_order_preserved"": false}","{""fluency_checked"": false, ""label_consistent"": true, ""meaning_preserved"": false}",
337,CA_WORD_03_Jumbling,hi,ओडिशा के पुरी शहर में जगन्नाथ रथ यात्रा के दौरान मची भगदड़ में दो लोगों की मौत हो गई और कम से कम 100 लोग घायल हुए।,"जगन्नाथ मंदिर के पास पूजा के लिए एकत्र हुई भीड़ में अचानक अफरा-तफरी मचने से यह हादसा हुआ, जिसकी जानकारी हिन्दुस्तान टाइम्स ने दी।",दौरान के कम पुरी से और कम गई की हो लोगों जगन्नाथ लोग दो भगदड़ रथ मौत हुए। मची के 100 यात्रा में ओडिशा में शहर घायल,,SUP,same_as_gold,word,"{""shuffle_type"": ""uniform_random"", ""word_order_preserved"": false}","{""fluency_checked"": false, ""label_consistent"": true, ""meaning_preserved"": false}",
338,CA_WORD_03_Jumbling,hi,"बंगाल में BJP की रैली में शामिल होने पर युवकों की पिटाई का दावा गलत, वायरल वीडियो पुराना ….","पश्चिम बंगाल में 23 अप्रैल को पहले चरण के मतदान हुए और दूसरे चरण का मतदान 29 अप्रैल को सम्पन्न हुआ। इसी से जोड़ते हुए कुछ लोगों पर लाठीचार्ज करती हुई पुलिस का एक वीडियो तेजी से वायरल किया गया है। दावा किया जा रहा है कि  बंगाल में  लड़कों का एक ग्रुप भाजपा की रैली में जा रहा था, तभी बंगाल पुलिस ने उन्हें बेरहमी से पीटा। साथ ही, उन पर बांग्लादेशी राष्ट्रगान गाने का दबाव डाला, लेकिन लड़कों ने ‘जन गण मन’ गाया। वायरल वीडियो के साथ यूजर ने लिखा है- ममता बनर्जी और पश्चिम बंगाल पुलिस के कुछ हिस्सों की क्रूरता देखिए। पुरुषों के एक समूह को—जो कथित तौर पर उनके विरोधी थे और BJP की रैली में जा रहे थे—बुरी तरह पीटा गया और उन पर बांग्लादेश का राष्ट्रगान गाने का दबाव डाला गया। इस हमले के बावजूद, उन पुरुषों ने ‘जन गण मन’ गाना चुना; घायल होने पर भी वे अपनी बात पर डटे रहे। इसके बाद जो हुआ, उसने हालात और भी बदतर कर दिए, क्योंकि उनका यह कहकर मज़ाक उड़ाया गया कि “TMC से आज़ादी मिलने वाली नहीं है”! पश्चिम बंगाल में अभी यही हाल है 😭 फेसबुक।आर्काइव अनुसंधान से पता चलता है कि… पड़ताल की शुरुआत में हमने वायरल  वीडियो के तस्वीरों का रिवर्स इमेज सर्च किया। परिणाम में वायरल वीडियो से जुड़ी हमें 2020 की कईसमाचार रिपोर्टें मिलीं। इनके अनुसार , वीडियो में फरवरी 2020 में दिल्ली दंगों के दौरान दिल्ली पुलिस कर्मियों द्वारा पुरुषों के एक समूह को राष्ट्रगान गाने के लिए मजबूर करने की घटना को दर्शाया गया है। साथ ही बताया गया कि, इस घटना में घायल हुए पांच लोगों में से एक की चोटों के कारण मौत हो गई थी। पीड़ित की मां ने मामले की जांच के लिए दिल्ली उच्च न्यायालय में एक याचिका दायर की थी। इसी से साफ़ होता है कि वायरल वीडियो हाल का नहीं है। मिली जानकारी की मदद लेते हुए आगे सर्च करने पर हमेंटाइम्स ऑफ इंडिया प्लस’ के वेरिफाइड एक्स हैंडल पर एक पोस्ट मिला। जिसे दिल्ली का बताते हुए शेयर किया गया था। साथ ही, इस वीडियो में मृतक युवक की मां का बयान भी मौजूद है। उन्होंने दिल्ली पुलिस पर आरोप लगाते हुए कहा कि उनके बेटे को घायल होने के बावजूद दो दिनों तक पुलिस हिरासत में रखा गया और इस दौरान उसे चिकित्सकीय सहायता मुहैया नहीं कराई गई। बाद में पुलिसवाले उसे अस्पताल लेकर गए, लेकिन उसे बचाया नहीं जा सका। #DelhiRiots2020: Bleed","शामिल में पिटाई की होने पर दावा रैली गलत, की BJP युवकों में बंगाल वीडियो पुराना वायरल …. का",,REF,same_as_gold,word,"{""shuffle_type"": ""uniform_random"", ""word_order_preserved"": false}","{""fluency_checked"": false, ""label_consistent"": true, ""meaning_preserved"": false}",
339,CA_WORD_03_Jumbling,hi,14 मई 2026 तक प्रधानमंत्री उज्ज्वला योजना के तहत कुल 10.55 करोड़ एलपीजी कनेक्शन जारी किए गए थे।,पीआईबी की हिंदी विज्ञप्ति में 14 मई 2026 तक पीएमयूवाई के तहत जारी कुल एलपीजी कनेक्शनों की संख्या 10.55 करोड़ बताई गई है।,के 2026 कनेक्शन कुल थे। जारी तक किए 14 तहत करोड़ मई 10.55 प्रधानमंत्री गए एलपीजी योजना उज्ज्वला,,SUP,same_as_gold,word,"{""shuffle_type"": ""uniform_random"", ""word_order_preserved"": false}","{""fluency_checked"": false, ""label_consistent"": true, ""meaning_preserved"": false}",
340,CA_WORD_03_Jumbling,hi,नई प्रणाली में वास्तविक समय की निगरानी की कोई सुविधा नहीं होगी।,लेख में वास्तविक समय की निगरानी को नई प्रणाली की प्रमुख विशेषता बताया गया है।,की निगरानी की कोई नई नहीं में वास्तविक समय होगी। सुविधा प्रणाली,,REF,same_as_gold,word,"{""shuffle_type"": ""uniform_random"", ""word_order_preserved"": false}","{""fluency_checked"": false, ""label_consistent"": true, ""meaning_preserved"": false}",
341,CA_WORD_03_Jumbling,hi,अस्थमा के उपचार से प्रभावित व्यक्ति सामान्य और सक्रिय जीवन जी सकता है।,"डब्ल्यूएचओ के अनुसार अस्थमा का उचित उपचार लक्षणों को नियंत्रित कर सकता है और प्रभावित लोगों को सामान्य, सक्रिय जीवन जीने में मदद कर सकता है।",अस्थमा है। जीवन उपचार सक्रिय प्रभावित सकता से सामान्य जी के व्यक्ति और,,SUP,same_as_gold,word,"{""shuffle_type"": ""uniform_random"", ""word_order_preserved"": false}","{""fluency_checked"": false, ""label_consistent"": true, ""meaning_preserved"": false}",
342,CA_WORD_03_Jumbling,hi,एक सत्र की मध्यम से तीव्र शारीरिक गतिविधि भी वयस्कों में चिंता की भावना कम कर सकती है।,"अमेरिकी रोग नियंत्रण एवं रोकथाम केंद्र के अनुसार मध्यम से तीव्र शारीरिक गतिविधि का एक सत्र भी तत्काल लाभ दे सकता है, जिसमें चिंता की भावना कम होना शामिल है।",वयस्कों एक कर की की सत्र है। भी से गतिविधि तीव्र चिंता भावना कम सकती में शारीरिक मध्यम,,SUP,same_as_gold,word,"{""shuffle_type"": ""uniform_random"", ""word_order_preserved"": false}","{""fluency_checked"": false, ""label_consistent"": true, ""meaning_preserved"": false}",
343,CA_WORD_03_Jumbling,hi,समेकित स्वास्थ्य का उद्देश्य विभिन्न प्रदाताओं और संस्थानों के बीच समन्वित देखभाल को बढ़ावा देना है।,एनसीसीआईएच के अनुसार समेकित स्वास्थ्य पारंपरिक और पूरक दृष्टिकोणों को जोड़कर विभिन्न प्रदाताओं और संस्थानों के बीच अच्छी तरह समन्वित देखभाल पर जोर देता है।,संस्थानों बीच समन्वित उद्देश्य स्वास्थ्य प्रदाताओं समेकित और को बढ़ावा के देना देखभाल है। विभिन्न का,,SUP,same_as_gold,word,"{""shuffle_type"": ""uniform_random"", ""word_order_preserved"": false}","{""fluency_checked"": false, ""label_consistent"": true, ""meaning_preserved"": false}",
344,CA_WORD_03_Jumbling,hi,राजस्थान के झालावाड़ जिले में पुलिस ने अंतरराज्यीय बाल तस्करी गिरोह का भंडाफोड़ करते हुए 10 नाबालिग लड़कियों को बचाकर पांच आरोपियों को गिरफ्तार किया।,आरोप है कि यह गिरोह नाबालिग लड़कियों की खरीद-फरोख्त कर उन्हें वेश्यावृत्ति के लिए भेजता था और फर्जी दस्तावेजों से उन्हें बालिग दिखाने की कोशिश करता था।,बचाकर में पांच लड़कियों 10 झालावाड़ तस्करी का गिरोह अंतरराज्यीय किया। पुलिस नाबालिग ने राजस्थान को को भंडाफोड़ हुए आरोपियों जिले करते के बाल गिरफ्तार,,SUP,same_as_gold,word,"{""shuffle_type"": ""uniform_random"", ""word_order_preserved"": false}","{""fluency_checked"": false, ""label_consistent"": true, ""meaning_preserved"": false}",
345,CA_WORD_03_Jumbling,hi,"महाराष्ट्र में बांग्लादेश, श्रीलंका, कजाकिस्तान और जिम्बाब्वे के प्रतिनिधियों ने रायगढ़ संसदीय क्षेत्र का दौरा किया था।",पीआईबी की विज्ञप्ति में इन चार देशों के चुनाव प्रबंधन निकाय प्रतिनिधियों के महाराष्ट्र के रायगढ़ संसदीय क्षेत्र दौरे की जानकारी है।,"में जिम्बाब्वे रायगढ़ था। महाराष्ट्र के कजाकिस्तान का प्रतिनिधियों और क्षेत्र बांग्लादेश, किया ने दौरा श्रीलंका, संसदीय",,SUP,same_as_gold,word,"{""shuffle_type"": ""uniform_random"", ""word_order_preserved"": false}","{""fluency_checked"": false, ""label_consistent"": true, ""meaning_preserved"": false}",
346,CA_WORD_03_Jumbling,hi,राष्ट्रीय मतदाता दिवस का मुख्य उद्देश्य विशेषकर नए मतदाताओं के अधिकतम नामांकन को प्रोत्साहित करना है।,"पीआईबी की विज्ञप्ति में राष्ट्रीय मतदाता दिवस का मुख्य उद्देश्य प्रोत्साहन, सहूलियत और विशेषकर नए मतदाताओं का अधिकतम नामांकन सुनिश्चित करना बताया गया है।",मतदाताओं का को मतदाता प्रोत्साहित मुख्य नए विशेषकर राष्ट्रीय करना नामांकन उद्देश्य के अधिकतम है। दिवस,,SUP,same_as_gold,word,"{""shuffle_type"": ""uniform_random"", ""word_order_preserved"": false}","{""fluency_checked"": false, ""label_consistent"": true, ""meaning_preserved"": false}",
347,CA_WORD_03_Jumbling,hi,रत्ना पाठक शाह ने शिक्षा व्यवस्था पर आलोचना की।,न्यूज़बाइट्स हिंदी ने केवल इतना बताया कि दिग्गज अभिनेत्री और नसीरुद्दीन शाह की पत्नी रत्ना पाठक शाह ने दिल्ली के जंतर-मंतर पर शिक्षा सुधारों की मांग कर रहे छात्रों का समर्थन करते हुए एक वीडियो जारी किया है। बाकी विवरण अनुपलब्ध है।,ने व्यवस्था पाठक की। शिक्षा पर आलोचना रत्ना शाह,,NEI,same_as_gold,word,"{""shuffle_type"": ""uniform_random"", ""word_order_preserved"": false}","{""fluency_checked"": false, ""label_consistent"": true, ""meaning_preserved"": false}",
348,CA_WORD_03_Jumbling,hi,लेख के अनुसार एनडीएमए की टीम ने हिमस्खलन क्षेत्र का निरीक्षण नहीं किया।,लेख में स्पष्ट रूप से एनडीएमए टीम द्वारा घटनास्थल का निरीक्षण किए जाने का उल्लेख है।,किया। ने की अनुसार टीम एनडीएमए हिमस्खलन निरीक्षण क्षेत्र लेख का के नहीं,,REF,same_as_gold,word,"{""shuffle_type"": ""uniform_random"", ""word_order_preserved"": false}","{""fluency_checked"": false, ""label_consistent"": true, ""meaning_preserved"": false}",
349,CA_WORD_03_Jumbling,hi,'रामायण' का ट्रेलर लॉन्च स्टूडेंट प्रोटेस्ट के कारण टल गया।,"द लल्लनटॉप की रिपोर्ट के अनुसार, हालांकि 'रामायण' के प्रोड्यूसर नमित मल्होत्रा का कहना है कि उन्होंने ये फैसला सोनी पिक्चर्स के साथ हुई डील के कारण लिया है। खबर में यही जानकारी स्पष्ट रूप से दर्ज है।",के स्टूडेंट लॉन्च का 'रामायण' ट्रेलर गया। प्रोटेस्ट कारण टल,,SUP,same_as_gold,word,"{""shuffle_type"": ""uniform_random"", ""word_order_preserved"": false}","{""fluency_checked"": false, ""label_consistent"": true, ""meaning_preserved"": false}",
350,CA_WORD_03_Jumbling,hi,लेख में कहा गया है कि सभी लापता लोगों को सुरक्षित बचा लिया गया था।,लेख में स्पष्ट रूप से लगभग 169 लोगों के अब भी लापता होने का उल्लेख है।,कहा है बचा सभी कि गया गया में था। को लेख लिया सुरक्षित लोगों लापता,,REF,same_as_gold,word,"{""shuffle_type"": ""uniform_random"", ""word_order_preserved"": false}","{""fluency_checked"": false, ""label_consistent"": true, ""meaning_preserved"": false}",
351,CA_WORD_03_Jumbling,hi,भोजन को ठीक पांच मिनट गर्म करने से हर रोगजनक नष्ट हो जाता है।,"डब्ल्यूएचओ सुरक्षित भोजन प्रथाओं की चर्चा करता है, लेकिन हर भोजन और रोगजनक के लिए पांच मिनट की सार्वभौमिक गारंटी नहीं देता।",पांच है। ठीक रोगजनक गर्म भोजन से करने नष्ट हर हो जाता को मिनट,,NEI,same_as_gold,word,"{""shuffle_type"": ""uniform_random"", ""word_order_preserved"": false}","{""fluency_checked"": false, ""label_consistent"": true, ""meaning_preserved"": false}",
352,CA_WORD_03_Jumbling,hi,लोकसभा चुनाव 2019 में NOTA का वोट-शेयर 1.06 प्रतिशत था।,निर्वाचन आयोग के एटलस में 2019 के लोकसभा चुनाव में NOTA वोट-शेयर 1.06 प्रतिशत बताया गया है।,था। वोट-शेयर NOTA का 2019 1.06 में लोकसभा चुनाव प्रतिशत,,SUP,same_as_gold,word,"{""shuffle_type"": ""uniform_random"", ""word_order_preserved"": false}","{""fluency_checked"": false, ""label_consistent"": true, ""meaning_preserved"": false}",
353,CA_WORD_03_Jumbling,hi,एंटीबायोटिक दवाएं सर्दी-जुकाम और फ्लू जैसे वायरल संक्रमणों को जल्दी ठीक कर देती हैं।,"विश्व स्वास्थ्य संगठन (डब्ल्यूएचओ) के अनुसार, एंटीबायोटिक्स वायरस के खिलाफ काम नहीं करते हैं; वे केवल जीवाणु (जीवाणुजनित) संक्रमण के इलाज में प्रभावी हैं।",जल्दी फ्लू ठीक दवाएं और सर्दी-जुकाम एंटीबायोटिक संक्रमणों जैसे वायरल को कर हैं। देती,,REF,same_as_gold,word,"{""shuffle_type"": ""uniform_random"", ""word_order_preserved"": false}","{""fluency_checked"": false, ""label_consistent"": true, ""meaning_preserved"": false}",
354,CA_WORD_03_Jumbling,hi,'द इंडिया स्टोरी' ने दूसरे दिन 25 लाख रुपये की नेट कमाई की।,इंडिया टीवी: 'द इंडिया स्टोरी' ने दूसरे दिन भारत में 25 लाख रुपये की नेट कमाई की।,ने रुपये दिन 25 की इंडिया स्टोरी' नेट 'द लाख कमाई की। दूसरे,,SUP,same_as_gold,word,"{""shuffle_type"": ""uniform_random"", ""word_order_preserved"": false}","{""fluency_checked"": false, ""label_consistent"": true, ""meaning_preserved"": false}",
355,CA_WORD_03_Jumbling,hi,"15 मई 2024 तक cVIGIL पर मिली 4,23,908 शिकायतों का निपटारा हो चुका था।","पीआईबी के अनुसार cVIGIL के माध्यम से मिली शिकायतों में 4,23,908 शिकायतों का निपटारा किया जा चुका था।","तक 15 था। निपटारा शिकायतों पर मिली 2024 मई cVIGIL हो 4,23,908 का चुका",,SUP,same_as_gold,word,"{""shuffle_type"": ""uniform_random"", ""word_order_preserved"": false}","{""fluency_checked"": false, ""label_consistent"": true, ""meaning_preserved"": false}",
356,CA_WORD_03_Jumbling,hi,पात्र सर्विस मतदाताओं के लिए इलेक्ट्रॉनिक ट्रांसमिटेड पोस्टल बैलेट सिस्टम (ईटीपीबीएस) लागू है।,निर्वाचन आयोग के ईटीपीबीएस पृष्ठ में पात्र सर्विस मतदाताओं के लिए इलेक्ट्रॉनिक रूप से प्रेषित डाक मतपत्र प्रणाली के कार्यान्वयन का विवरण है।,पात्र लिए लागू सिस्टम मतदाताओं बैलेट (ईटीपीबीएस) सर्विस ट्रांसमिटेड है। पोस्टल इलेक्ट्रॉनिक के,,SUP,same_as_gold,word,"{""shuffle_type"": ""uniform_random"", ""word_order_preserved"": false}","{""fluency_checked"": false, ""label_consistent"": true, ""meaning_preserved"": false}",
357,CA_WORD_03_Jumbling,hi,लेख के अनुसार कौंज गांव में अब भूस्खलन पूरी तरह रुक गया है और किसी प्रकार का खतरा नहीं है।,लेख में स्पष्ट रूप से बताया गया है कि गांव के निचले हिस्से में अभी भी भूस्खलन जारी है।,का गया है है। खतरा पूरी किसी के अनुसार गांव में और कौंज तरह प्रकार रुक अब नहीं भूस्खलन लेख,,REF,same_as_gold,word,"{""shuffle_type"": ""uniform_random"", ""word_order_preserved"": false}","{""fluency_checked"": false, ""label_consistent"": true, ""meaning_preserved"": false}",
358,CA_WORD_03_Jumbling,hi,लेख में विद्यार्थियों को भूकंप के समय भवन के भीतर ही रहने की सलाह दी गई है।,लेख में स्पष्ट रूप से खुले मैदान में जाने की सलाह दी गई है।,समय गई भीतर भूकंप विद्यार्थियों के को है। में के ही भवन की रहने लेख सलाह दी,,REF,same_as_gold,word,"{""shuffle_type"": ""uniform_random"", ""word_order_preserved"": false}","{""fluency_checked"": false, ""label_consistent"": true, ""meaning_preserved"": false}",
359,CA_WORD_03_Jumbling,hi,वायरल संदेश में शाहरुख खान के नाना के बारे में किया गया दावा सही नहीं है।,"उपलब्ध ऐतिहासिक रिकॉर्ड बताते हैं कि शाहरुख खान के सगे नाना इफ्तिखार अहमद थे, जबकि शाहनवाज खान आज़ाद हिंद फ़ौज से जुड़े अधिकारी थे। वायरल संदेश में दोनों के संबंध को गलत तरीके से प्रस्तुत किया गया।",के में बारे के में नहीं गया नाना किया शाहरुख दावा वायरल सही संदेश खान है।,,SUP,same_as_gold,word,"{""shuffle_type"": ""uniform_random"", ""word_order_preserved"": false}","{""fluency_checked"": false, ""label_consistent"": true, ""meaning_preserved"": false}",
360,CA_WORD_03_Jumbling,hi,प्रधानमंत्री रोजगार सृजन कार्यक्रम बैंक ऋण पर मार्जिन मनी सब्सिडी देकर सूक्ष्म उद्यमियों की सहायता करता है।,पीआईबी हिंदी सामग्री पीएमईजीपी को बैंक ऋण पर मार्जिन मनी सब्सिडी प्रदान करके सूक्ष्म उद्यमियों की सहायता करने वाली योजना बताती है।,उद्यमियों की देकर करता कार्यक्रम पर सूक्ष्म ऋण सृजन सब्सिडी मार्जिन बैंक है। सहायता प्रधानमंत्री रोजगार मनी,,SUP,same_as_gold,word,"{""shuffle_type"": ""uniform_random"", ""word_order_preserved"": false}","{""fluency_checked"": false, ""label_consistent"": true, ""meaning_preserved"": false}",
361,CA_WORD_03_Jumbling,hi,सकारात्मक सोच रखने से कैंसर होने का जोखिम कम हो जाता है और कैंसर से जीवित रहने की संभावना बढ़ जाती है।,अमेरिकी राष्ट्रीय कैंसर संस्थान के अनुसार किसी व्यक्ति के सकारात्मक या नकारात्मक रवैये को कैंसर होने या उससे मृत्यु के जोखिम से जोड़ने वाला ठोस वैज्ञानिक प्रमाण नहीं है।,है। से से जाती जोखिम सकारात्मक जीवित जाता कैंसर और कैंसर हो बढ़ रहने है का सोच कम रखने की होने संभावना,,REF,same_as_gold,word,"{""shuffle_type"": ""uniform_random"", ""word_order_preserved"": false}","{""fluency_checked"": false, ""label_consistent"": true, ""meaning_preserved"": false}",
362,CA_WORD_03_Jumbling,hi,प्रधानमंत्री सभी नागरिकों को मुफ्त मोबाइल रिचार्ज देने की योजना चला रहे हैं।,आकाशवाणी समाचार की हिंदी रिपोर्ट में पीआईबी फैक्ट चेक के हवाले से वायरल वीडियो को एआई-निर्मित और फर्जी बताया गया है।,मुफ्त की चला देने मोबाइल रिचार्ज योजना प्रधानमंत्री सभी को रहे हैं। नागरिकों,,REF,same_as_gold,word,"{""shuffle_type"": ""uniform_random"", ""word_order_preserved"": false}","{""fluency_checked"": false, ""label_consistent"": true, ""meaning_preserved"": false}",
363,CA_WORD_03_Jumbling,hi,उच्च रक्तचाप वाले हर व्यक्ति को भविष्य में स्ट्रोक होगा।,"डब्ल्यूएचओ उच्च रक्तचाप को जोखिम कारक बताता है, लेकिन हर व्यक्ति में स्ट्रोक होना निश्चित नहीं बताता।",व्यक्ति हर उच्च रक्तचाप भविष्य में को वाले होगा। स्ट्रोक,,NEI,same_as_gold,word,"{""shuffle_type"": ""uniform_random"", ""word_order_preserved"": false}","{""fluency_checked"": false, ""label_consistent"": true, ""meaning_preserved"": false}",
364,CA_WORD_03_Jumbling,hi,जनवरी 2026 तक प्रधानमंत्री उज्ज्वला योजना के लाभार्थियों की संख्या लगभग 10.41 करोड़ थी।,पीआईबी हिंदी पृष्ठ में जनवरी 2026 तक पीएमयूवाई लाभार्थियों की संख्या लगभग 10.41 करोड़ होने की जानकारी है।,तक 2026 लाभार्थियों लगभग करोड़ 10.41 के उज्ज्वला योजना संख्या प्रधानमंत्री जनवरी थी। की,,SUP,same_as_gold,word,"{""shuffle_type"": ""uniform_random"", ""word_order_preserved"": false}","{""fluency_checked"": false, ""label_consistent"": true, ""meaning_preserved"": false}",
365,CA_WORD_03_Jumbling,hi,"पश्चिम बंगाल में ‘बुलडोजर एक्शन’ का दावा झूठा, बांग्लादेश का वीडियो भ्रामक दावे के साथ वायरल।","बांग्लादेश में अतिक्रमण हटाओ कार्रवाई के वीडियो को सोशल मीडिया पर बंगाल का बताकर किया गया शेयर। बंगाल में चल रहे ताबड़तोड़ बुलडोजर एक्शन के बीच एक वीडियो सोशल मीडिया पर तेजी से वायरल हो रहा है। वीडियो में एक शख्स को बिलखते हुए रोते हुए दिखाया गया है। दावा किया जा रहा है कि यह पश्चिम बंगाल का वीडियो है। जहां उस शख्स के घर पर बुलडोजर चलने से वो रो रहा है। पोस्ट के साथ कैप्शन लिखा गया है… इनकंगालुओंकोदहाड़ेंमारमारकररोतादेखकरदिलकोबहुतअधिकसुकूनमिलरहाहै#WestBengal #बंगाल#TMC #MamataBanerjee फेसबुक पोस्ट।आर्काइव पोस्ट अनुसंधानसेपताचलताहैकि… हमने जांच की शुरुआत में वायरल वीडियो से तस्वीर को लेकर गूगल रिवर्स इमेज पर सर्च किया। परिणाम में हमेंNews Pointनाम के फेसबुक अकाउंंट पर वायरल वीडियो देखने को मिला। यहां पर वीडियो को 21 मई को साझा किया गया है। साथ ही बताया गया है कि आंखों के सामने घर ध्वस्त हो गया, एक युवक की चीख। इसके साथ ही यहां पर हैशटैग कलशी बस्ती और बंगालादेश लिखा हुआ देख सकते हैं।कलशी बस्ती बांग्लादेश के पल्लवी क्षेत्र में स्थित है। इस आउटलेट की तरफ से कलशी इलाके में हुईबुलडोजर कार्रवाईके और भी कई वीडियोफेसबुकपर पोस्ट किए हुए देखे जा सकते हैं। फिर हमेंprothomaloकी एक रिपोर्ट मिली। यह रिपोर्ट 20 मई 2026 को प्रकाशित की गई है। रिपोर्ट में बताया गया है कि पुलिस ने बताया कि कालशी के बौनिया बांध झुग्गी बस्ती क्षेत्र में सरकारी जमीन वापस लेने के लिए चलाए गए बेदखली अभियान के दौरान स्थानीय निवासियों ने पुलिस पर हमला कर दिया था। इस घटना में कम से कम पांच से छह पुलिसकर्मी घायल हो गए। मीरपुर संभाग के उपायुक्त (डीसी) मुस्तैक सरकार ने बताया कि यह घटना बुधवार दोपहर करीब 12:30 बजे घटी। उन्होंने कहा कि बेदखली अभियान के दौरान स्थानीय निवासियों द्वारा पुलिस पर हमला करने से स्थिति तनावपूर्ण हो गई। वायरल दावे से सम्बंधित हमें और भीरिपोर्ट्समिली, जिससे पता चलता है कि सरकारी जमीन से अवैध अतिक्रमण हटाने के लिए भारी पुलिस बल की मौजूदगी में बुलडोजर कार्रवाई की गई थी। निष्कर्ष तथ्यों के जांच से यह पता चलता है कि वायरल वीडियो के साथ किया जा रहा दावा गलत है। असल में यह वीडियो बांग्लादेश का है, पश्चिम बंगाल का नहीं। Title:पश्चिम बंगाल में ‘बुलडोजर एक्शन’ का दावा झूठा, बांग्लादेश का वीडियो भ्राम","एक्शन’ ‘बुलडोजर वायरल। झूठा, दावे का भ्रामक का में साथ के बंगाल दावा वीडियो पश्चिम बांग्लादेश",,REF,same_as_gold,word,"{""shuffle_type"": ""uniform_random"", ""word_order_preserved"": false}","{""fluency_checked"": false, ""label_consistent"": true, ""meaning_preserved"": false}",
366,CA_WORD_03_Jumbling,hi,आपदा में केवल 6 लोगों की मौत हुई थी।,लेख में कम से कम 65 लोगों की मौत का उल्लेख है।,में हुई मौत 6 आपदा केवल लोगों थी। की,,REF,same_as_gold,word,"{""shuffle_type"": ""uniform_random"", ""word_order_preserved"": false}","{""fluency_checked"": false, ""label_consistent"": true, ""meaning_preserved"": false}",
367,CA_WORD_03_Jumbling,hi,"बिहार विशेष गहन पुनरीक्षण में संभावित मृतक मतदाताओं की संख्या 12,55,620 बताई गई थी।","पीआईबी की हिंदी विज्ञप्ति की तालिका में संभावित मृतक मतदाताओं की संख्या 12,55,620 दी गई है।","मृतक थी। विशेष पुनरीक्षण संभावित बिहार मतदाताओं संख्या गई में की बताई 12,55,620 गहन",,SUP,same_as_gold,word,"{""shuffle_type"": ""uniform_random"", ""word_order_preserved"": false}","{""fluency_checked"": false, ""label_consistent"": true, ""meaning_preserved"": false}",
368,CA_WORD_03_Jumbling,hi,मेथी के बीज भिगोकर खाने से महिलाओं में पीसीओएस की बीमारी एक महीने में जड़ से खत्म हो जाती है।,महिला स्वास्थ्य कार्यालय के अनुसार पीसीओएस एक आजीवन रहने वाली स्थिति है जिसके लक्षणों को प्रबंधित किया जा सकता है। मेथी के बीज से एक महीने में इसे जड़ से खत्म करने का कोई नैदानिक प्रमाण नहीं है।,से महिलाओं की में से एक के बीमारी जाती बीज में है। भिगोकर जड़ खाने खत्म महीने हो मेथी पीसीओएस,,REF,same_as_gold,word,"{""shuffle_type"": ""uniform_random"", ""word_order_preserved"": false}","{""fluency_checked"": false, ""label_consistent"": true, ""meaning_preserved"": false}",
369,CA_WORD_03_Jumbling,hi,कर्नाटक विधानसभा चुनाव 2023 के दौरान निर्वाचन आयोग ने राष्ट्रीय और राज्य दलों तथा उम्मीदवारों को प्रचार में संयम बरतने की चेतावनी दी थी।,पीआईबी की विज्ञप्ति में निर्वाचन आयोग द्वारा कर्नाटक चुनाव के दौरान राष्ट्रीय व राज्य दलों और उम्मीदवारों को सावधानी व संयम बरतने की चेतावनी का उल्लेख है।,2023 और राज्य निर्वाचन बरतने उम्मीदवारों संयम चेतावनी चुनाव दी की के में दलों तथा थी। प्रचार कर्नाटक ने विधानसभा दौरान आयोग राष्ट्रीय को,,SUP,same_as_gold,word,"{""shuffle_type"": ""uniform_random"", ""word_order_preserved"": false}","{""fluency_checked"": false, ""label_consistent"": true, ""meaning_preserved"": false}",
370,CA_WORD_03_Jumbling,hi,यूट्यूबर अनुराग डोभाल ने पत्नी पर धोखा देने का आरोप लगाया।,"टीवी9 भारतवर्ष: यूट्यूबर अनुराग डोभाल ने एक वीडियो जारी करके कई कॉल रिकॉर्डिंग, चैट के स्क्रीन शॉट साझा किए हैं और बताया है कि उनकी वाइफ रितिका चौहान ने उन्हें धोखा दिया है. उनका कहना है कि लंबे समय तक उन्होंने अपने बच्चे और लगाव, प्यार की वजह से सारी चीजों को छुपाकर रखा था. इसके अलावा कोई आधिकारिक पुष्टि दर्ज नहीं है।",लगाया। आरोप अनुराग यूट्यूबर पर देने ने धोखा का डोभाल पत्नी,,NEI,same_as_gold,word,"{""shuffle_type"": ""uniform_random"", ""word_order_preserved"": false}","{""fluency_checked"": false, ""label_consistent"": true, ""meaning_preserved"": false}",
371,CA_WORD_03_Jumbling,hi,मई 2026 तक पोषण ट्रैकर में 8.93 करोड़ से अधिक लाभार्थी पंजीकृत थे।,पीआईबी की हिंदी विज्ञप्ति में मई 2026 तक पोषण ट्रैकर पर 8.93 करोड़ से अधिक लाभार्थियों के पंजीकरण का उल्लेख है।,8.93 ट्रैकर अधिक करोड़ में तक लाभार्थी पोषण से थे। 2026 मई पंजीकृत,,SUP,same_as_gold,word,"{""shuffle_type"": ""uniform_random"", ""word_order_preserved"": false}","{""fluency_checked"": false, ""label_consistent"": true, ""meaning_preserved"": false}",
372,CA_WORD_03_Jumbling,hi,कम मतदान वाले क्षेत्रों के लिए सभी जगह एक जैसी कार्ययोजना अपनाने का निर्देश था।,पीआईबी की विज्ञप्ति में मुख्य चुनाव आयुक्त ने स्पष्ट कहा कि 'सभी के लिए एक ही तरह की रणनीति' से परिणाम नहीं मिलेंगे और शहरी-ग्रामीण क्षेत्रों के लिए अलग रणनीतियां बनें।,लिए जैसी कम कार्ययोजना का एक सभी जगह क्षेत्रों वाले था। मतदान के अपनाने निर्देश,,REF,same_as_gold,word,"{""shuffle_type"": ""uniform_random"", ""word_order_preserved"": false}","{""fluency_checked"": false, ""label_consistent"": true, ""meaning_preserved"": false}",
373,CA_WORD_03_Jumbling,hi,प्रियंका चोपड़ा ने CJP के फाउंडर अभिजीत दीपक को इंस्टाग्राम पर किया फॉलो।,"प्रभात खबर की रिपोर्ट के अनुसार, नीट प्रोटेस्ट को लेकर मचे विवाद के बीच बॉलीवुड अभिनेत्री प्रियंका चोपड़ा ने CJP के संस्थापक अभिजीत दिपके को इंस्टाग्राम पर फॉलो किया है। खबर में यही जानकारी स्पष्ट रूप से दर्ज है।",प्रियंका फाउंडर पर CJP इंस्टाग्राम चोपड़ा फॉलो। किया ने के को अभिजीत दीपक,,SUP,same_as_gold,word,"{""shuffle_type"": ""uniform_random"", ""word_order_preserved"": false}","{""fluency_checked"": false, ""label_consistent"": true, ""meaning_preserved"": false}",
374,CA_WORD_03_Jumbling,hi,"फॉर्म 8 का उपयोग मतदाता सूची में पहले से दर्ज नाम को स्थानांतरित करने, प्रविष्टि सुधारने, ईपीआईसी बदलने या दिव्यांग मतदाता अंकित करने के लिए किया जाता है।",निर्वाचन आयोग के FAQ में फॉर्म 8 के इन्हीं उपयोगों का उल्लेख है।,"मतदाता का है। से को में सुधारने, के जाता पहले करने किया करने, प्रविष्टि दर्ज उपयोग मतदाता 8 नाम लिए अंकित या दिव्यांग बदलने स्थानांतरित सूची फॉर्म ईपीआईसी",,SUP,same_as_gold,word,"{""shuffle_type"": ""uniform_random"", ""word_order_preserved"": false}","{""fluency_checked"": false, ""label_consistent"": true, ""meaning_preserved"": false}",
375,CA_WORD_03_Jumbling,hi,सड़क परिवहन एवं राजमार्ग मंत्रालय की रिपोर्ट के अनुसार वर्ष 2024 में भारत में सड़क दुर्घटनाओं में 1.77 लाख से अधिक लोगों की मृत्यु हुई।,"रिपोर्ट के मुताबिक 2024 में देश भर में करीब 4.87 लाख सड़क दुर्घटनाएं दर्ज की गईं, जिनमें 1,77,175 लोगों की जान गई और 4,71,441 लोग घायल हुए।",में से मंत्रालय अधिक दुर्घटनाओं लाख परिवहन की अनुसार सड़क 2024 की 1.77 में हुई। रिपोर्ट लोगों वर्ष भारत राजमार्ग में मृत्यु एवं सड़क के,,SUP,same_as_gold,word,"{""shuffle_type"": ""uniform_random"", ""word_order_preserved"": false}","{""fluency_checked"": false, ""label_consistent"": true, ""meaning_preserved"": false}",
376,CA_WORD_03_Jumbling,hi,प्रधानमंत्री मुद्रा योजना के तहत लगभग 68 प्रतिशत ऋण महिला उद्यमियों को स्वीकृत किए गए थे।,पीआईबी की हिंदी विज्ञप्ति में प्रधानमंत्री मुद्रा योजना के अंतर्गत लगभग 68 प्रतिशत ऋण महिला उद्यमियों को स्वीकृत होने की जानकारी है।,लगभग ऋण योजना प्रतिशत स्वीकृत को के मुद्रा प्रधानमंत्री महिला गए किए उद्यमियों थे। तहत 68,,SUP,same_as_gold,word,"{""shuffle_type"": ""uniform_random"", ""word_order_preserved"": false}","{""fluency_checked"": false, ""label_consistent"": true, ""meaning_preserved"": false}",
377,CA_WORD_03_Jumbling,hi,अभिषेक बच्चन और ऐश्वर्या राय को न्यूयॉर्क में साथ देखा गया।,प्रभात खबर ने केवल इतना बताया कि अभिषेक बच्चन और ऐश्वर्या राय बच्चन को हाल ही में न्यूयॉर्क में एक साथ स्पॉट किया गया. बाकी विवरण अनुपलब्ध है।,राय ऐश्वर्या अभिषेक देखा और में बच्चन साथ को गया। न्यूयॉर्क,,SUP,same_as_gold,word,"{""shuffle_type"": ""uniform_random"", ""word_order_preserved"": false}","{""fluency_checked"": false, ""label_consistent"": true, ""meaning_preserved"": false}",
378,CA_WORD_03_Jumbling,hi,छत्तीसगढ़ में रिश्वत लेते पकड़े गए सब-इंस्पेक्टर का वीडियो CJP से जोड़कर भ्रामक दावे से वायरल।,"रिश्वत लेते पकड़े गए पुलिसकर्मी का वीडियो कॉकरोच जनता पार्टी से सम्बंधित नहीं, वायरल दावा सरासर फर्जी। इंटरनेट पर एक पुलिसकर्मी की जेब से पैसे निकालते लोगों का वीडियो तेजी से साझा किया जा रहा है। दावा किया जा रहा है कि सुप्रीम कोर्ट के मुख्य न्यायाधीश जस्टिस सूर्यकांत की टिप्पणी के बाद बने नवगठित डिजिटल ग्रुप कॉकरोच जनता पार्टी के सदस्यों ने छत्तीसगढ़ में 30,000 की रिश्वत लेते एक दरोगा को पकड़ा है। दरअसल अभी हाल ही में भारत के मुख्य न्यायाधीश सूर्यकांत ने एक अदालती सुनवाई के दौरान एक टिप्पणी की थी, जिसमें उन्होंने कथित तौर पर ऑनलाइन सक्रियता की आड़ में संस्थानों पर हमला करने वाले कुछ बेरोजगार युवाओं की तुलना “कॉकरोच” से की थी। हालांकि सीजेआई ने बाद में स्पष्ट किया कि उनकी यह टिप्पणी फर्जी डिग्रियों वाले व्यक्तियों के लिए थीं। तो इसी मौजूदा संदर्भ से जोड़कर यह वीडियो साझा किया जा रहा है। यूज़र ने वायरल वीडियो के साथ कैप्शन लिखा है… 30हजारकीरिश्वतलेतेहुएदरोगाकोधरलिया🚨“कॉकरोचजनतापार्टी”नेसड़े–गलेसिस्टमकीसफाईकाअभियानतेजकरदियाहै।छत्तीसगढ़में30,000कीरिश्वतलेतेहुएएकदरोगारंगेहाथोंपकड़ागया।भ्रष्टाचारपरचोटजारीहै,जनताअबजवाबमांगरहीहै। फेसबुक पोस्ट।आर्काइव पोस्ट अनुसंधानसेपताचलताहैकि… हमने जांच की शुरुआत में वायरल वीडियो से फ्रेम लेकर रिवर्स इमेज सर्च किया। परिणाम में हमेंन्यूज़24की तरफ से 26 फरवरी, 2026 की एक इंस्टाग्राम पोस्ट मिली, जिसमें उसी वायरल फुटेज को देखा जा सकता है। पोस्ट में बताया गया था कि वीडियो में छत्तीसगढ़ में एसीबी की तरफ से एक ऑपरेशन को अंजाम दिया गया था, जब सब-इंस्पेक्टर अब्दुल मुनाफ को कथित तौर पर 25,000 रुपये की रिश्वत लेते हुए पकड़ा गया था। आगे बताया गया है कि कोरिया जिले के पौड़ी चौकी पर तैनात अब्दुल मुनाफ ने कथित तौर पर सत्येंद्र प्रजापति नामक एक किसान से हत्या के मामले में फंसाने की धमकी देकर 50,000 रुपये की मांग की थी। जब किसान SI को 25 हजार कैश देने पहुंचा तो ACB ने रंगे हाथों पकड़ लिया था। फिर हमेंनवभारत टाइम्सकी 26 फरवरी, 2026 की एक और रिपोर्ट भी मिली। इसमें हमें वहीं दृश्य दिखाई दिए थें, जिससे यह पुष्टि हुई थी कि फुटेज छत्तीसगढ़ में एसीबी के एक आधिकारिक ऑपरेशन का ही है। इसके अलावाNewsX Worldकी तरफ से 26 फरवरी 2026 को वीडियो पोस्ट करते हुए लिखा गया थ",से से CJP भ्रामक का छत्तीसगढ़ जोड़कर सब-इंस्पेक्टर वीडियो में गए दावे वायरल। पकड़े लेते रिश्वत,,REF,same_as_gold,word,"{""shuffle_type"": ""uniform_random"", ""word_order_preserved"": false}","{""fluency_checked"": false, ""label_consistent"": true, ""meaning_preserved"": false}",
379,CA_WORD_03_Jumbling,hi,प्रधानमंत्री गरीब कल्याण अन्न योजना के तहत अप्रैल से जून 2020 में एनएफएसए लाभार्थियों को प्रति परिवार एक किलो दाल देने का प्रावधान था।,"आधिकारिक विज्ञप्ति में अप्रैल-जून 2020 के दौरान प्रत्येक एनएफएसए परिवार को एक किलो मूंग, तुअर, चना या उड़द देने की जानकारी है।",प्रावधान में प्रधानमंत्री किलो एक प्रति को अन्न 2020 से जून के था। एनएफएसए योजना लाभार्थियों तहत देने दाल का गरीब कल्याण परिवार अप्रैल,,SUP,same_as_gold,word,"{""shuffle_type"": ""uniform_random"", ""word_order_preserved"": false}","{""fluency_checked"": false, ""label_consistent"": true, ""meaning_preserved"": false}",
380,CA_WORD_03_Jumbling,hi,लेख के अनुसार एअर इंडिया का निजीकरण वर्ष 2024 में किया गया था।,लेख में निजीकरण का सौदा जनवरी 2022 में होने की जानकारी दी गई है।,था। वर्ष में 2024 किया के अनुसार का इंडिया गया लेख निजीकरण एअर,,REF,same_as_gold,word,"{""shuffle_type"": ""uniform_random"", ""word_order_preserved"": false}","{""fluency_checked"": false, ""label_consistent"": true, ""meaning_preserved"": false}",
381,CA_WORD_03_Jumbling,hi,दिल्ली सरकार ने आयुष्मान भारत प्रधानमंत्री जन आरोग्य योजना को लागू करने के लिए समझौता ज्ञापन पर हस्ताक्षर किए।,पीआईबी की हिंदी विज्ञप्ति दिल्ली में एबी-पीएमजेएवाई के कार्यान्वयन के लिए समझौता ज्ञापन का उल्लेख करती है।,प्रधानमंत्री हस्ताक्षर सरकार किए। आयुष्मान समझौता योजना करने ज्ञापन ने पर जन भारत के को आरोग्य दिल्ली लिए लागू,,SUP,same_as_gold,word,"{""shuffle_type"": ""uniform_random"", ""word_order_preserved"": false}","{""fluency_checked"": false, ""label_consistent"": true, ""meaning_preserved"": false}",
382,CA_WORD_03_Jumbling,hi,सलमान खान ने यह गीत कैटरीना कैफ की शादी में गाया था।,"आजतक फैक्ट चेक के अनुसार यह वीडियो IIFA अवॉर्ड्स का था, कैटरीना कैफ की शादी का नहीं।",में गाया सलमान कैटरीना शादी की खान यह था। ने गीत कैफ,,REF,same_as_gold,word,"{""shuffle_type"": ""uniform_random"", ""word_order_preserved"": false}","{""fluency_checked"": false, ""label_consistent"": true, ""meaning_preserved"": false}",
383,CA_WORD_03_Jumbling,hi,प्रयागराज में एक पुलिस कांस्टेबल द्वारा की गई आत्महत्या की तस्वीरों को सांप्रदायिक रंग देते हुए बरेली का बता फैलाया जा रहा है |,"सोशल मीडिया पर खून से लथपथ एक पुलिसकर्मी की तस्वीरों को साझा करते हुये ये दावा किया जा रहा है कि बरेली (उ.प्र) में मामूली चालान को लेकर कुछ मुस्लिम व्यक्तियों द्वारा इस पुलिसकर्मी का ये हाल किया गया है, तस्वीरों को देखने पर ऐसा प्रतीत होता है जैसे कि किसी ने इस पुलिसकर्मी को गोली मार दी है व पुलिसकर्मी का शरीर जमीन पर खून से सना गिरा पड़ा है| सोशल मीडिया पर वायरल पोस्ट के कैप्शन में लिखा गया है कि “बरेली सिविल लाईन्स न्यूज़ पुलिस द्वारा चालान काटने पर मुसलमानों ने उनकी पिटाई की जो कानून को चुनौती है। यह बताता है कि भविष्य में भारत का हाल भी अफगानिस्तान जैसा होने वाला है यदि अब ही हम नही जागे।” (शब्दशः) आर्काइव लिंक अनुसंधान से पता चलता है कि… फैक्ट क्रेसेंडो ने शोध कर पाया है कि इस घटना का ना तो चालान और ना ही किसी धर्म विशेष के व्यक्तियों के साथ कोई सम्बन्ध हैं, ये घटना आत्महत्या से सम्बंधित है, ये घटना व वायरल की जा रही तस्वीरें प्रयागराज में एक हेड कांस्टेबल की आत्महत्या से हैं जिन्हें गलत दावों के साथ बरेली का बता वायरल किया जा रहा है | जाँच की शुरुवात हमने वायरल हो रहे पोस्ट से संबंधित कीवर्ड सर्च करने से की, जिसके परिणाम में हमें कोई भी विश्वसनीय न्यूज़ रिपोर्ट नहीं मिली जो इस बात की पुष्टि करे की बरेली में कुछ मुस्लिम युवकों ने चालान काटने पर पुलिसकर्मी पर हमला किया हो | जाँच को आगे बढ़ाते हुये हमने गूगल पर वायरल हो रही तस्वीरों को रिवर्स इमेज सर्च किया, इसके परिणाम से हमें बरेली पुलिस द्वारा इस सम्बन्ध में जारी किया गया एक स्पष्टीकरण प्राप्त हुआ जिसके अनुसार यह मामला बरेली से नहीं बल्कि जी.आर.पी कानपूर का बताया गया है | इस ट्वीट में लिखा गया है कि इस मामले को गलत रूप से सांप्रदायिक रंग देते हुए फैलाया जा रहा है | यह घटना २० सितंबर की है जब जी.आर.पी कानपूर में नियुक्त हेड कांस्टेबल ने खुदको गोली मारते हुए आत्महत्या की थी | बरेली पुलिस ने सोशल मीडिया पर चल रहे दावे का खंडन करते हुए इसे फर्जी बताया है | #bareillypolice– Denial/खण्डन ।#UPPolice.@Uppolice.@dgpup.@UPPViralCheck.@adgzonebareilly.@igrangebareillypic.twitter.com/X9s8bXukx4 इस ट्वीट से संकेत लेते हुए हमने कीवर्ड सर्च किया जिसके परिणाम से हमेंटाइम्स ऑफ़ इंडियाऔरदैनिक भास्करद्वारा प्रकाशित खबरें मिली |",का बता रंग जा है प्रयागराज बरेली गई तस्वीरों आत्महत्या देते पुलिस सांप्रदायिक | रहा द्वारा को की कांस्टेबल की में एक फैलाया हुए,,REF,same_as_gold,word,"{""shuffle_type"": ""uniform_random"", ""word_order_preserved"": false}","{""fluency_checked"": false, ""label_consistent"": true, ""meaning_preserved"": false}",
384,CA_WORD_03_Jumbling,hi,16 जुलाई 2026 तक प्रधानमंत्री आवास योजना-ग्रामीण के 3.08 करोड़ घरों में शौचालय उपलब्ध कराए गए थे।,पीएमएवाई-ग्रामीण संबंधी विज्ञप्ति में 16 जुलाई 2026 तक 3.08 करोड़ घरों में शौचालय उपलब्ध होने का उल्लेख है।,तक जुलाई प्रधानमंत्री 3.08 16 थे। करोड़ योजना-ग्रामीण के में शौचालय घरों आवास गए कराए उपलब्ध 2026,,SUP,same_as_gold,word,"{""shuffle_type"": ""uniform_random"", ""word_order_preserved"": false}","{""fluency_checked"": false, ""label_consistent"": true, ""meaning_preserved"": false}",
385,CA_WORD_03_Jumbling,hi,हादसे में केवल 5 लोग घायल हुए थे।,लेख में स्पष्ट रूप से 150 से अधिक लोगों के घायल होने की जानकारी दी गई है।,में घायल थे। लोग हुए 5 केवल हादसे,,REF,same_as_gold,word,"{""shuffle_type"": ""uniform_random"", ""word_order_preserved"": false}","{""fluency_checked"": false, ""label_consistent"": true, ""meaning_preserved"": false}",
386,CA_WORD_03_Jumbling,hi,अस्थमा के दौरान फेफड़ों की वायुमार्गें पूरी तरह सामान्य और अप्रभावित रहती हैं।,विश्व स्वास्थ्य संगठन के अनुसार छोटी वायुमार्गों में सूजन और संकुचन अस्थमा के लक्षण पैदा करते हैं।,पूरी दौरान वायुमार्गें अप्रभावित के और की तरह हैं। सामान्य फेफड़ों रहती अस्थमा,,REF,same_as_gold,word,"{""shuffle_type"": ""uniform_random"", ""word_order_preserved"": false}","{""fluency_checked"": false, ""label_consistent"": true, ""meaning_preserved"": false}",
387,CA_WORD_03_Jumbling,hi,उपजिलाधिकारी भगत सिंह फोनिया ने बताया कि राजस्व टीम को मौके पर भेज दिया गया है और नुकसान का आकलन किया जा रहा है।,लेख में उपजिलाधिकारी के हवाले से यही जानकारी दी गई है।,उपजिलाधिकारी रहा भगत को पर है। टीम दिया ने बताया मौके है जा का गया आकलन और राजस्व नुकसान सिंह किया कि फोनिया भेज,,SUP,same_as_gold,word,"{""shuffle_type"": ""uniform_random"", ""word_order_preserved"": false}","{""fluency_checked"": false, ""label_consistent"": true, ""meaning_preserved"": false}",
388,CA_WORD_03_Jumbling,hi,कमल हासन ने छात्रों के विरोध-प्रदर्शन पर लाठीचार्ज का विरोध किया।,अमर उजाला के अनुसार केवल इतना पता है कि नीट पेपर लीक मामले को लेकर देश भर में विरोध प्रदर्शन जारी हैं। इससे आगे कोई आधिकारिक पुष्टि या आंकड़े नहीं दिए गए।,छात्रों लाठीचार्ज पर ने विरोध-प्रदर्शन किया। कमल के हासन का विरोध,,NEI,same_as_gold,word,"{""shuffle_type"": ""uniform_random"", ""word_order_preserved"": false}","{""fluency_checked"": false, ""label_consistent"": true, ""meaning_preserved"": false}",
389,CA_WORD_03_Jumbling,hi,'कॉकटेल 2' की कहानी और किरदार कमजोर हैं।,"प्रभात खबर के अनुसार, खूबसूरत लोकेशंस, ग्लैमरस एक्टर्स,स्टाइलिश ट्रीटमेंट हैं इसके बावजूद कॉकटेल 2 बढ़िया नहीं बन पाया है क्योंकि फिल्म की कहानी कमजोर है. — इससे अधिक जानकारी रिपोर्ट में शामिल नहीं है।",हैं। की कमजोर और कहानी 2' 'कॉकटेल किरदार,,NEI,same_as_gold,word,"{""shuffle_type"": ""uniform_random"", ""word_order_preserved"": false}","{""fluency_checked"": false, ""label_consistent"": true, ""meaning_preserved"": false}",
390,CA_WORD_03_Jumbling,hi,दीनदयाल अंत्योदय योजना-राष्ट्रीय ग्रामीण आजीविका मिशन ग्रामीण विकास मंत्रालय का प्रमुख गरीबी उन्मूलन कार्यक्रम है।,विज्ञप्ति में डीएवाई-एनआरएलएम को ग्रामीण विकास मंत्रालय द्वारा चलाया जा रहा प्रमुख गरीबी उन्मूलन कार्यक्रम कहा गया है।,दीनदयाल उन्मूलन ग्रामीण प्रमुख मंत्रालय आजीविका गरीबी मिशन का योजना-राष्ट्रीय ग्रामीण अंत्योदय है। कार्यक्रम विकास,,SUP,same_as_gold,word,"{""shuffle_type"": ""uniform_random"", ""word_order_preserved"": false}","{""fluency_checked"": false, ""label_consistent"": true, ""meaning_preserved"": false}",
391,CA_WORD_03_Jumbling,hi,कंगना रनौत की फिल्म Emergency को ऑस्कर 2025 के लिए भारत की आधिकारिक एंट्री चुना गया।,एबीपी न्यूज़ की रिपोर्ट में बताया गया कि ऑस्कर 2025 के लिए भारत की आधिकारिक एंट्री Laapataa Ladies चुनी गई। Emergency को आधिकारिक भारतीय प्रविष्टि बताए जाने का उल्लेख नहीं था।,2025 ऑस्कर फिल्म आधिकारिक रनौत को लिए की की Emergency एंट्री भारत चुना कंगना के गया।,,REF,same_as_gold,word,"{""shuffle_type"": ""uniform_random"", ""word_order_preserved"": false}","{""fluency_checked"": false, ""label_consistent"": true, ""meaning_preserved"": false}",
392,CA_WORD_03_Jumbling,hi,मार्च 2026 तक प्रधानमंत्री जन धन योजना के खातों की संख्या 57.71 करोड़ हो गई थी।,पीआईबी हिंदी प्रेस नोट के अनुसार पीएमजेडीवाई खातों की संख्या 2015 के 14.72 करोड़ से बढ़कर मार्च 2026 तक 57.71 करोड़ हो गई थी।,मार्च योजना थी। 2026 गई करोड़ प्रधानमंत्री संख्या धन तक जन के हो 57.71 की खातों,,SUP,same_as_gold,word,"{""shuffle_type"": ""uniform_random"", ""word_order_preserved"": false}","{""fluency_checked"": false, ""label_consistent"": true, ""meaning_preserved"": false}",
393,CA_WORD_03_Jumbling,hi,शाहरुख खान ने 'जवान' के प्रचार के दौरान साउथ फिल्मों को कमतर बताया।,"रिपोर्ट में वायरल क्लिप और बयान की जांच की गई, लेकिन ऐसा कोई पूरा इंटरव्यू नहीं मिला जिसमें शाहरुख खान ने साउथ सिनेमा को नीचा बताया हो। प्रचार के दौरान उन्होंने एटली, नयनतारा और दक्षिण भारतीय कलाकारों की प्रशंसा की थी।",शाहरुख कमतर को फिल्मों के ने बताया। 'जवान' दौरान साउथ प्रचार के खान,,REF,same_as_gold,word,"{""shuffle_type"": ""uniform_random"", ""word_order_preserved"": false}","{""fluency_checked"": false, ""label_consistent"": true, ""meaning_preserved"": false}",
394,CA_WORD_03_Jumbling,hi,पांच साल से ज्यादा पुरानी घटना को हाल-फिलहाल का बताकर भ्रम फैलाया जा रहा है…,"सोशल मीडिया पर एक शख्स को पीटते हुए पुलिसकर्मी की तस्वीर तेजी से वायरल हो रही है। तस्वीर को सांप्रदायिक रंग देते हुए शेयर कर दावा किया जा रहा है कि मध्य प्रदेश के रीवा के मंदिर में नवरात्र के दिन एक पुजारी दीपक जलाने आया हुआ था। इसी दौरान रीवा के एसपी आबिद खान ने मंदिर में पुजारी के साथ मारपीट की। वायरल पोस्ट के साथ यूजर ने लिखा है- माँ के नवरात्रि का अंतिम दिन है., अकेला दीपक जलाने आया हूँ साहब। रामनवमी है सर।”मध्यप्रदेश में रीवा के मन्दिर में अकेले पूजा कर रहे पुजारी को बेरहमी से पीटा। जल से भरा बर्तन लात मार कर फेंक दिया गया, और पूजा क्षेत्र को बूंट पहन के तबियत से कुचला गया है।बताते चले रीवा पुलिस के SP #आबिद_खान हैं। प्रत्येक हिन्दू का यह कर्तव्य है कि वह उक्त आरोपी को बर्खास्त कराने के लिए अपना योगदान दे। फेसबुक अनुसंधान से पता चलता है कि… पड़ताल की शुरुआत में हमने वायरल तस्वीर का रिवर्स इमेज सर्च किया। परिणाम में हमें अप्रैल 2020 में छपीदैनिक भास्कर की खबर मिली। यहां पर वायरल तस्वीर का इस्तेमाल किया गया है। यहां ये तो स्पष्ट है कि वायरल तस्वीर हाल का नहीं है। प्रकाशित खबर के अनुसार  रीवा में एक पुजारी लॉकडाउन के दौरान ढेकहा मोहल्ले में स्थित देवी मंदिर में भीड़ जमा करके वहां पूजा-पाठ कर रहा था। इसकी सूचना मिलते ही पुलिस मंदिर पहुंच गई थी और वहां से लोगों को भगा दिया गया था। लेकिन इसी दौरान सिविल लाइन थाना प्रभारी राजकुमार मिश्रा ने पुजारी की पिटाई कर दी थी।उन्होंने पूजा का सामान भी बिखेर दिया था। मिली जानकारी की मदद लेते हुए आगे का सर्च करने पर वायरल तस्वीर का खबर हमेंनवभारत टाइम्सकी वेबसाइट पर भी मिली।  3 अप्रैल 2020 को प्रकाशित  रिपोर्ट के अनुसार, घटना रीवा जिले के ढेकहा स्थित देवी मंदिर परिसर की है। जहां पर लॉकडाउन के नियमों का उल्लंघन करने की वजह से पुलिस ने पुजारी पर बर्बरता पूर्ण कार्रवाई की। तत्कालीन थाना प्रभारी निरीक्षक राजकुमार मिश्रा ने पुजारी को बेरहमी से पीटा था।  फिर लोगों ने इस बर्बरता पूर्ण कार्रवाई की शिकायत तत्कालीन डीजीपी विवेक जौहरी से की। इसके अलावा हमें दावे से जुड़ी एक पोस्ट मध्य प्रदेश जनसंपर्क केआधिकारिक एक्स अकाउंटपर मिली। पोस्ट 3 अप्रैल 2020 को की गई थी।  जिसमें ये स्पष्ट किया गया है कि फोटो में जो पुलिसकर्मी दिखाई दे रहे हैं वह रीव",का पांच पुरानी रहा को घटना है… जा हाल-फिलहाल से बताकर भ्रम फैलाया साल ज्यादा,,REF,same_as_gold,word,"{""shuffle_type"": ""uniform_random"", ""word_order_preserved"": false}","{""fluency_checked"": false, ""label_consistent"": true, ""meaning_preserved"": false}",
395,CA_WORD_03_Jumbling,hi,केंद्र सरकार ने वायनाड भूस्खलन को तुरंत राष्ट्रीय आपदा घोषित कर दिया।,"लेख में केवल मांग की वैधता की जांच की बात कही गई है, घोषणा की नहीं।",भूस्खलन केंद्र सरकार दिया। तुरंत ने वायनाड कर आपदा घोषित को राष्ट्रीय,,REF,same_as_gold,word,"{""shuffle_type"": ""uniform_random"", ""word_order_preserved"": false}","{""fluency_checked"": false, ""label_consistent"": true, ""meaning_preserved"": false}",
396,CA_WORD_03_Jumbling,hi,लोकसभा चुनाव 2024 के लिए उत्तर प्रदेश में सबसे अधिक 302 दिव्यांग-प्रबंधित मतदान केंद्र स्थापित किए गए थे।,पीआईबी की विज्ञप्ति में उत्तर प्रदेश में 302 दिव्यांग मानवयुक्त मतदान केंद्रों को सबसे अधिक बताया गया है।,2024 उत्तर 302 किए में थे। चुनाव मतदान केंद्र के सबसे गए स्थापित लोकसभा लिए प्रदेश दिव्यांग-प्रबंधित अधिक,,SUP,same_as_gold,word,"{""shuffle_type"": ""uniform_random"", ""word_order_preserved"": false}","{""fluency_checked"": false, ""label_consistent"": true, ""meaning_preserved"": false}",
397,CA_WORD_03_Jumbling,hi,एक्सपायरी डेट दवा की सुरक्षा और प्रभावशीलता की निर्माता द्वारा गारंटी की अंतिम तारीख होती है।,"अमेरिकी खाद्य एवं औषधि प्रशासन के अनुसार दवा की समाप्ति तिथि उस अवधि को दर्शाती है जिसमें, लेबल पर बताई भंडारण स्थितियों में रखने पर, उत्पाद की शक्ति, गुणवत्ता और शुद्धता स्थिर रहने की जानकारी उपलब्ध है।",अंतिम प्रभावशीलता है। निर्माता दवा द्वारा की तारीख डेट गारंटी और एक्सपायरी सुरक्षा होती की की,,SUP,same_as_gold,word,"{""shuffle_type"": ""uniform_random"", ""word_order_preserved"": false}","{""fluency_checked"": false, ""label_consistent"": true, ""meaning_preserved"": false}",
398,CA_WORD_03_Jumbling,hi,राखी सावंत के खिलाफ कोई कानूनी मामला दर्ज नहीं था और उनकी अस्पताल वाली तस्वीरें सिर्फ फिल्म प्रमोशन थीं।,"भास्कर की रिपोर्ट में राखी सावंत की तबीयत, अस्पताल में भर्ती होने और उनके पूर्व पति से जुड़े कानूनी विवादों का जिक्र किया गया। लेख में इसे फिल्म प्रमोशन बताने वाला निष्कर्ष नहीं दिया गया।",उनकी खिलाफ फिल्म कोई था वाली अस्पताल प्रमोशन और दर्ज कानूनी मामला सावंत राखी सिर्फ के नहीं थीं। तस्वीरें,,REF,same_as_gold,word,"{""shuffle_type"": ""uniform_random"", ""word_order_preserved"": false}","{""fluency_checked"": false, ""label_consistent"": true, ""meaning_preserved"": false}",
399,CA_WORD_03_Jumbling,hi,लोकसभा चुनाव 2024 के सातवें चरण में 8 राज्यों/केंद्र शासित प्रदेशों से 904 उम्मीदवार चुनाव मैदान में थे।,पीआईबी की हिंदी विज्ञप्ति में सातवें चरण के लिए 8 राज्यों/केंद्र शासित प्रदेशों से 904 उम्मीदवारों के चुनाव मैदान में होने की जानकारी है।,उम्मीदवार लोकसभा के सातवें शासित चरण 8 2024 मैदान 904 में में राज्यों/केंद्र थे। चुनाव चुनाव से प्रदेशों,,SUP,same_as_gold,word,"{""shuffle_type"": ""uniform_random"", ""word_order_preserved"": false}","{""fluency_checked"": false, ""label_consistent"": true, ""meaning_preserved"": false}",
400,CA_WORD_03_Jumbling,hi,"खान सर के पुराने इंटरव्यू की क्लिप  को पटना फायरिंग मामले से जोड़कर वायरल, दावा फर्जी….","बिहार की राजधानी पटना के ‘खान ग्लोबल स्टडीज’ परिसर के पास हवाई फायरिंग के मामले में कोचिंग संचालक ‘खान सर’ और उनके सुरक्षा गार्ड के विरुद्ध एफआईआर दर्ज की गई थी।  फिलहाल इस मामले में पटना सिविल कोर्ट ने खान सर की गिरफ्तारी पर अंतरिम रोक लगा दी है।इसी बीच सोशल मीडिया  पर खान सर का एक वीडियो तेजी से शेयर किया जा रहा है, जिसमें खान सर से फरार होने पर रिपोर्टर सवाल कर रहे हैं। वीडियो को शेयर कर दावा किया जा रहा है कि खान सर का यह इंटरव्यू हाल की फायरिंग की घटना के बाद का है। इसमें खान सर को मीडिया पर सवाल खड़ा करते हुए और अपने फरार होने के सवाल पर जवाब देते हुए देखा जा सकता है। वायरल वीडियो के साथ यूजर ने लिखा है- मीडिया वालों ने बहुत झूठी खबर फैलाई थी कि ,खान सर फरार हो गए हैं  सुनिए खान सर खुद को क्या बोल रहे हैं…. फेसबुक।आर्काइव अनुसंधान से पता चलता है कि… पड़ताल की शुरुआत में हमने वायरल  वीडियो के तस्वीरों का रिवर्स इमेज सर्च किया, परिणाम में हमें‘काबिल न्यूज’यूट्यूब चैनल पर 4 अगस्त 2024 को खान सर का ये वीडियो अपलोड किया हुआ मिला।  इससे ये साफ है कि वीडियो हाल ही का नहीं है। यहं पर वायरल वीडियो का  इंटरव्यू अपलोड किया गया था। जांच में पता चला कि करीब 17 मिनट के इंटरव्यू के प्रीव्यू वाले भाग को एडिट करके अब वायरल किया गया है। खान सर कोचिंग हमला- राजधानी पटना के कोचिंग हब मुसल्लहपुर हाट में स्थित खान ग्लोबल स्टडीज पर हुए हमले ने पूरे बिहार में चर्चा छेड़ दी है। मंगलवार रात हुई पथराव और तोड़फोड़ की घटना के बाद न केवल छात्रों में आक्रोश है, बल्कि कोचिंग संस्थानों के बीच बढ़ती प्रतिस्पर्धा को लेकर भी सवाल उठने लगे हैं। पुलिस ने मामले में ज्ञान बिंदु कोचिंग के संचालक रोशन आनंद समेत तीन लोगों को गिरफ्तार किया है, जबकि जांच अभी जारी है। प्रारंभिक जांच में सामने आई जानकारियां बताती हैं कि विवाद की जड़ दोनों संस्थानों के बीच लंबे समय से चली आ रही प्रतिस्पर्धा है। निष्कर्ष– तथ्य-जांच के बाद हमने पाया कि , अगस्त 2024 के इंटरव्यू के एक हिस्से को खान सर का वर्तमान बयान बताकर वायरल किया गया है। इसका पटना फायरिंग मामले से कोई संबंध नहीं है। Title:खान सर के पुराने इंटरव्यू की क्लिप  को पटना फायरिंग मामले से जोड़कर वायरल, दावा फर्जी…. Fact Check By:Sarita Samal Result:Misleading","पटना इंटरव्यू क्लिप खान पुराने सर से मामले वायरल, के दावा जोड़कर की को फायरिंग फर्जी….",,REF,same_as_gold,word,"{""shuffle_type"": ""uniform_random"", ""word_order_preserved"": false}","{""fluency_checked"": false, ""label_consistent"": true, ""meaning_preserved"": false}",
401,CA_WORD_03_Jumbling,hi,केंद्र सरकार अगले शैक्षणिक वर्ष में 'वन स्टूडेंट वन लैपटॉप योजना' शुरू करेगी।,वनइंडिया हिंदी फैक्ट चेक केवल यह स्पष्ट करता है कि ऐसी कोई योजना वर्तमान में संचालित नहीं हो रही है; भविष्य के किसी शैक्षणिक वर्ष के लिए घोषणा का प्रमाण नहीं देता।,वर्ष लैपटॉप वन स्टूडेंट में 'वन सरकार शैक्षणिक अगले करेगी। शुरू केंद्र योजना',,NEI,same_as_gold,word,"{""shuffle_type"": ""uniform_random"", ""word_order_preserved"": false}","{""fluency_checked"": false, ""label_consistent"": true, ""meaning_preserved"": false}",
402,CA_WORD_03_Jumbling,hi,प्रधानमंत्री मुद्रा योजना के तहत 27 मार्च 2026 तक 57 करोड़ से अधिक खाते खोले जा चुके थे।,आधिकारिक विज्ञप्ति में पीएमएमवाई के तहत 27 मार्च 2026 तक 57 करोड़ से अधिक खाते खुलने का उल्लेख है।,जा तहत करोड़ 27 के चुके मार्च प्रधानमंत्री अधिक से खोले 2026 57 खाते योजना मुद्रा तक थे।,,SUP,same_as_gold,word,"{""shuffle_type"": ""uniform_random"", ""word_order_preserved"": false}","{""fluency_checked"": false, ""label_consistent"": true, ""meaning_preserved"": false}",
403,CA_WORD_03_Jumbling,hi,"प्रधानमंत्री-आयुष्मान भारत स्वास्थ्य अवसंरचना मिशन के लिए वित्त वर्ष 2021-22 से 2025-26 तक 32,928.82 करोड़ रुपये स्वीकृत किए गए थे।","पीआईबी हिंदी पृष्ठ में पीएम-एबीएचआईएम के लिए पांच वर्षों की अवधि में 32,928.82 करोड़ रुपये स्वीकृत होने का उल्लेख है।","गए करोड़ अवसंरचना स्वीकृत मिशन वित्त भारत थे। रुपये वर्ष तक लिए से 2025-26 किए प्रधानमंत्री-आयुष्मान 32,928.82 2021-22 के स्वास्थ्य",,SUP,same_as_gold,word,"{""shuffle_type"": ""uniform_random"", ""word_order_preserved"": false}","{""fluency_checked"": false, ""label_consistent"": true, ""meaning_preserved"": false}",
404,CA_WORD_03_Jumbling,hi,सात लाख रुपये की साइबर ठगी के मामले में दिल्ली पुलिस ने राज भक्त को गिरफ्तार किया।,दिल्ली पुलिस ने जादूगोड़ा पुलिस की सहायता से राज भक्त को गिरफ्तार किया।,पुलिस मामले दिल्ली ठगी रुपये में किया। सात राज गिरफ्तार भक्त को की साइबर लाख के ने,,SUP,same_as_gold,word,"{""shuffle_type"": ""uniform_random"", ""word_order_preserved"": false}","{""fluency_checked"": false, ""label_consistent"": true, ""meaning_preserved"": false}",
405,CA_WORD_03_Jumbling,hi,प्रधानमंत्री फसल बीमा योजना के तहत किसानों के दावों के भुगतान के लिए एस्क्रो खाते शुरू करने का प्रावधान बताया गया।,कृषि मंत्रालय की विज्ञप्ति में फसल बीमा दावों के समयबद्ध भुगतान के लिए एस्क्रो खाते शुरू करने की जानकारी है।,प्रावधान दावों के योजना के के किसानों लिए बताया गया। एस्क्रो के तहत बीमा प्रधानमंत्री खाते करने शुरू भुगतान का फसल,,SUP,same_as_gold,word,"{""shuffle_type"": ""uniform_random"", ""word_order_preserved"": false}","{""fluency_checked"": false, ""label_consistent"": true, ""meaning_preserved"": false}",
406,CA_WORD_03_Jumbling,hi,"सहकारी फुटप्रिंट विस्तार की राष्ट्रीय योजना के अंतर्गत 15,793 मौजूदा समितियों को सशक्त किया गया था।","पीआईबी हिंदी पृष्ठ के अनुसार राष्ट्रीय योजना के तहत 15,793 मौजूदा समितियों को सशक्त किया गया।","को गया सहकारी के 15,793 किया फुटप्रिंट मौजूदा की विस्तार समितियों सशक्त राष्ट्रीय योजना था। अंतर्गत",,SUP,same_as_gold,word,"{""shuffle_type"": ""uniform_random"", ""word_order_preserved"": false}","{""fluency_checked"": false, ""label_consistent"": true, ""meaning_preserved"": false}",
407,CA_WORD_03_Jumbling,hi,लेख में यह नहीं बताया गया कि आपदा प्रतिक्रिया बल के लिए विशेष पर्वतारोहण उपकरण खरीदे जाएंगे।,लेख में ऐसे उपकरणों की खरीद का कोई उल्लेख नहीं है।,में बल के उपकरण लिए बताया नहीं विशेष आपदा प्रतिक्रिया खरीदे जाएंगे। पर्वतारोहण लेख गया कि यह,,NEI,same_as_gold,word,"{""shuffle_type"": ""uniform_random"", ""word_order_preserved"": false}","{""fluency_checked"": false, ""label_consistent"": true, ""meaning_preserved"": false}",
408,CA_WORD_03_Jumbling,hi,अमेरिकी वाणिज्य दूतावास के बाहर हुए विरोध प्रदर्शन का वीडियो गलत संदर्भ में हो रहा शेयर।,"अयातुल्ला खामेनेई की मौत से जुड़े प्रदर्शन का वीडियो PoK में हालिया संदर्भ से जोड़कर वायरल। पीओके (PoK) में विधानसभा की 12 आरक्षित सीटों को खत्म करने की मांग को लेकर जॉइंट अवामी एक्शन कमेटी (JAAC) का विरोध प्रदर्शन तेज हो गया है। हाल ही में वहां की सुप्रीम कोर्ट ने इस आरक्षण को हटाने की मांग खारिज कर दी थी, जिसके बाद से तनाव बढ़ गया है। इसी अशांति और आंदोलन से जोड़ते हुए सोशल मीडिया पर एक वीडियो तेजी से वायरल हो रहा है,जिसमें कुछ लोगों की भीड़ और कुछ पुलिसवालों के बीच झड़प को दिखाया गया है। वीडियो में पुलिसकर्मियों को पोजिशन लेकर लोगों पर गोलियां चलाते हुए देखा सकता है। साथ ही आंसू गैस का धुआं भी छोड़ते हुए दिखाया गया है। दावा किया जा रहा है कि यह वीडियो पीओके में चल रहे उसी बवाल से जुड़ा है। पोस्ट के साथ कैप्शन लिखा गया है… पाकिस्ताननिकलाभारतसेदोकदमआगेपीओकेमेंप्रदर्शनकेदौरानपुलिसपरपथरावकियातो12कोगोलीमारकरजन्नतरवानाकिया फेसबुक पोस्ट।आर्काइव पोस्ट अनुसंधानसेपताचलताहैकि… हमने जांच की शुरुआत में वायरल वीडियो से कीफ्रेम्स को रिवर्स सर्च किया। परिणाम में हमें इस वीडियो का लंबा वर्जनपाकिस्तानी पत्रकारSamar Abbas Journalistनाम के यूट्यूब चैनल पर मिला। यहां पर वीडियो को 3 मार्च, 2026 को अपलोड किया गया था। वीडियो के साथ कैप्शन लिखा गया था,‘कराची में अमेरिकी वाणिज्य दूतावास पर हमले के बाद, लापरवाही के कारण केमारी के एसएसपी अमजद शेख और अन्य अधिकारियों को हटा दिया गया।‘इससे यह स्पष्ट हुआ कि ये वीडियो पुराना है और इसका पीओके में अभी चल रहे मामले से कोई संबंध नहीं है। हमने देखा की इस वीडियो में पुलिस एक शख्स को पकड़कर ले जाती हुई दिखाई देती है, जिसकी तस्वीरAPTऔरद बिजनेस स्टैन्डर्डकी रिपोर्ट में प्रकाशित की गई है। वहीं रिपोर्ट में बताया गया है कि 1 मार्च 2026 को पाकिस्तान के कराची में, ईरान पर अमेरिका और इज़राइल के हमलों की खबर के बाद ईरान के सर्वोच्च नेता अयातुल्ला अली खामेनेई मारे गए थें। जिसको लेकर अमेरिकी वाणिज्य दूतावास के बाहर प्रदर्शन हो रहा था और सुरक्षा बलों ने एक प्रदर्शनकारी को हिरासत में लिया था। और पड़ताल करने परअन्य मीडिया रिपोर्टोंसे पता चला कि ईरान के पूर्व सुप्रीम लीडर अयातुल्ला अली खामेनेई की मौत के बाद पाकिस्तान के कराची में उग्र प्रदर्शन हुए थे। हालात इतने बेका",संदर्भ विरोध के बाहर गलत का में वीडियो रहा हुए हो वाणिज्य प्रदर्शन शेयर। अमेरिकी दूतावास,,REF,same_as_gold,word,"{""shuffle_type"": ""uniform_random"", ""word_order_preserved"": false}","{""fluency_checked"": false, ""label_consistent"": true, ""meaning_preserved"": false}",
409,CA_WORD_03_Jumbling,hi,"सुबह प्रदेशभर में धूप खिली रही, लेकिन शाम होते ही पहाड़ी क्षेत्रों में बर्फबारी शुरू हो गई।",लेख में सुबह धूप और शाम को बर्फबारी का उल्लेख है।,"शाम शुरू धूप क्षेत्रों पहाड़ी खिली हो प्रदेशभर होते में ही बर्फबारी रही, में सुबह लेकिन गई।",,SUP,same_as_gold,word,"{""shuffle_type"": ""uniform_random"", ""word_order_preserved"": false}","{""fluency_checked"": false, ""label_consistent"": true, ""meaning_preserved"": false}",
410,CA_WORD_03_Jumbling,hi,"पीएम-किसान की 23वीं किस्त में 18,880 करोड़ रुपये से अधिक की राशि जारी की गई थी।","पीआईबी हिंदी प्रेस नोट के अनुसार पीएम-किसान की 23वीं किस्त में 18,880 करोड़ रुपये से अधिक की राशि जारी की गई।","से की 23वीं पीएम-किसान अधिक गई राशि करोड़ की की 18,880 में थी। रुपये किस्त जारी",,SUP,same_as_gold,word,"{""shuffle_type"": ""uniform_random"", ""word_order_preserved"": false}","{""fluency_checked"": false, ""label_consistent"": true, ""meaning_preserved"": false}",
411,CA_WORD_03_Jumbling,hi,लेख के अनुसार पहले बैच में 250 कर्मचारियों को प्रशिक्षण दिया गया।,लेख में पहले बैच में केवल 25 कर्मचारियों का उल्लेख है।,पहले कर्मचारियों में लेख गया। 250 बैच दिया के अनुसार को प्रशिक्षण,,REF,same_as_gold,word,"{""shuffle_type"": ""uniform_random"", ""word_order_preserved"": false}","{""fluency_checked"": false, ""label_consistent"": true, ""meaning_preserved"": false}",
412,CA_WORD_03_Jumbling,hi,विक्रांत मैसी की 'मुसाफिर कैफे' रिलीज़ के पहले 24 घंटे में नेटफ्लिक्स की टॉप ट्रेंडिंग सूची में जगह नहीं बना सकी।,दैनिक जागरण की रिपोर्ट में बताया गया है कि सीरीज़ ने रिलीज़ के 24 घंटे के भीतर नेटफ्लिक्स की टॉप ट्रेंडिंग सूची में पहला स्थान हासिल किया।,बना 24 सकी। नेटफ्लिक्स नहीं घंटे ट्रेंडिंग जगह मैसी की पहले रिलीज़ कैफे' में 'मुसाफिर के की सूची विक्रांत में टॉप,,REF,same_as_gold,word,"{""shuffle_type"": ""uniform_random"", ""word_order_preserved"": false}","{""fluency_checked"": false, ""label_consistent"": true, ""meaning_preserved"": false}",
413,CA_WORD_03_Jumbling,hi,जावेद अख्तर की इस्लाम कबूल करने का दावा वाली तस्वीर AI निर्मित है।,विश्वास न्यूज़ की स्टोरी बताती है कि कुछ दिन पहले बॉलीवुड के गीतकार जावेद अख्‍तर और मुफ्ती शुमाइल नदवी के बीच 'ईश्‍वर के अस्तिव' विषय पर बहस हुई थी। पर तारीख या आंकड़े नहीं दिए गए।,निर्मित कबूल करने का वाली अख्तर की AI इस्लाम तस्वीर दावा जावेद है।,,NEI,same_as_gold,word,"{""shuffle_type"": ""uniform_random"", ""word_order_preserved"": false}","{""fluency_checked"": false, ""label_consistent"": true, ""meaning_preserved"": false}",
414,CA_WORD_03_Jumbling,hi,लेख के अनुसार आपदा में किसी प्रकार की जनहानि नहीं हुई।,लेख में एक महिला की मृत्यु होने का उल्लेख है।,में किसी के नहीं लेख की प्रकार हुई। आपदा जनहानि अनुसार,,REF,same_as_gold,word,"{""shuffle_type"": ""uniform_random"", ""word_order_preserved"": false}","{""fluency_checked"": false, ""label_consistent"": true, ""meaning_preserved"": false}",
415,CA_WORD_03_Jumbling,hi,नीलकंठ और नरनारायण पर्वत सहित आसपास की चोटियों पर दोपहर बाद बर्फबारी शुरू हुई।,लेख में बदरीनाथ के पीछे स्थित इन चोटियों पर बर्फबारी का उल्लेख है।,नीलकंठ दोपहर पर्वत चोटियों पर शुरू हुई। नरनारायण सहित की और बर्फबारी आसपास बाद,,SUP,same_as_gold,word,"{""shuffle_type"": ""uniform_random"", ""word_order_preserved"": false}","{""fluency_checked"": false, ""label_consistent"": true, ""meaning_preserved"": false}",
416,CA_WORD_03_Jumbling,hi,चलना और साइकिल चलाना शारीरिक गतिविधि के रूप हैं।,डब्ल्यूएचओ चलना और साइकिल चलाना शारीरिक गतिविधि के सामान्य रूपों में शामिल करता है।,शारीरिक और चलना रूप गतिविधि चलाना साइकिल के हैं।,,SUP,same_as_gold,word,"{""shuffle_type"": ""uniform_random"", ""word_order_preserved"": false}","{""fluency_checked"": false, ""label_consistent"": true, ""meaning_preserved"": false}",
417,CA_WORD_03_Jumbling,hi,रणबीर कपूर की फिल्में बॉक्स ऑफिस पर सफल रहीं।,न्यूज़बाइट्स हिंदी की स्टोरी में लिखा है: रणबीर कपूर की बहुप्रतीक्षित फिल्म 'रामायण: पार्ट 1' दिवाली 2026 पर सिनेमाघरों में रिलीज होने के लिए तैयार है।,बॉक्स कपूर रणबीर पर की सफल ऑफिस रहीं। फिल्में,,SUP,same_as_gold,word,"{""shuffle_type"": ""uniform_random"", ""word_order_preserved"": false}","{""fluency_checked"": false, ""label_consistent"": true, ""meaning_preserved"": false}",
418,CA_WORD_03_Jumbling,hi,लेख में भाजपा की ओर से अखिलेश यादव के आरोपों पर आधिकारिक प्रतिक्रिया प्रकाशित की गई है।,लेख में भाजपा की किसी आधिकारिक प्रतिक्रिया का उल्लेख नहीं है।,आरोपों के में है। की यादव की प्रतिक्रिया ओर से पर लेख प्रकाशित भाजपा गई आधिकारिक अखिलेश,,NEI,same_as_gold,word,"{""shuffle_type"": ""uniform_random"", ""word_order_preserved"": false}","{""fluency_checked"": false, ""label_consistent"": true, ""meaning_preserved"": false}",
419,CA_WORD_03_Jumbling,hi,"महाराजगंज में पीएम आवास योजना के 5,595 लाभार्थियों के खाते में पहली किस्त के रूप में एक लाख रुपये भेजे गए।","अमर उजाला की हिंदी रिपोर्ट में 5,595 लाभार्थियों को पहली किस्त के रूप में प्रत्येक के बैंक खाते में एक लाख रुपये भेजने की जानकारी है।","महाराजगंज पीएम एक पहली रुपये के के गए। में 5,595 में योजना रूप आवास भेजे लाभार्थियों किस्त खाते में लाख के",,SUP,same_as_gold,word,"{""shuffle_type"": ""uniform_random"", ""word_order_preserved"": false}","{""fluency_checked"": false, ""label_consistent"": true, ""meaning_preserved"": false}",
420,CA_WORD_03_Jumbling,hi,"केंद्रीय मंत्रिमंडल ने सार्वजनिक वितरण प्रणाली को आधुनिक बनाने के लिए 25,530 करोड़ रुपये की योजना मंजूर की।","अमर उजाला की हिंदी रिपोर्ट में पीडीएस आधुनिकीकरण और राशन दुकानों के समर्थन के लिए 25,530 करोड़ रुपये की योजना मंजूर होने का उल्लेख है।","केंद्रीय करोड़ योजना के बनाने वितरण की लिए ने को मंजूर मंत्रिमंडल की। 25,530 रुपये आधुनिक प्रणाली सार्वजनिक",,SUP,same_as_gold,word,"{""shuffle_type"": ""uniform_random"", ""word_order_preserved"": false}","{""fluency_checked"": false, ""label_consistent"": true, ""meaning_preserved"": false}",
421,CA_WORD_03_Jumbling,hi,मोतियाबिंद केवल आंखों में हल्की जलन पैदा करता है।,विश्व स्वास्थ्य संगठन मोतियाबिंद को वैश्विक स्तर पर दृष्टि हानि और अंधापन के प्रमुख कारणों में शामिल करता है।,पैदा जलन केवल है। मोतियाबिंद आंखों करता हल्की में,,REF,same_as_gold,word,"{""shuffle_type"": ""uniform_random"", ""word_order_preserved"": false}","{""fluency_checked"": false, ""label_consistent"": true, ""meaning_preserved"": false}",
422,CA_WORD_03_Jumbling,hi,आम चुनाव 2024 के सातवें चरण में मतदान केंद्रों पर 63.88 प्रतिशत मतदान दर्ज किया गया था।,पीआईबी की हिंदी विज्ञप्ति में सातवें चरण के 57 संसदीय क्षेत्रों के मतदान केंद्रों पर 63.88 प्रतिशत मतदान दर्ज होने की जानकारी है।,में चुनाव चरण था। प्रतिशत आम पर के केंद्रों किया मतदान 63.88 दर्ज सातवें मतदान 2024 गया,,SUP,same_as_gold,word,"{""shuffle_type"": ""uniform_random"", ""word_order_preserved"": false}","{""fluency_checked"": false, ""label_consistent"": true, ""meaning_preserved"": false}",
423,CA_WORD_03_Jumbling,hi,लोकसभा चुनाव 2024 के दौरान cVIGIL से प्राप्त मामलों में 99.9 प्रतिशत का निपटारा किया गया था।,पीआईबी की हिंदी विज्ञप्ति में cVIGIL से प्राप्त 99.9 प्रतिशत मामलों के निपटारे का उल्लेख है।,मामलों प्रतिशत चुनाव दौरान निपटारा cVIGIL के 2024 में 99.9 लोकसभा किया गया था। से का प्राप्त,,SUP,same_as_gold,word,"{""shuffle_type"": ""uniform_random"", ""word_order_preserved"": false}","{""fluency_checked"": false, ""label_consistent"": true, ""meaning_preserved"": false}",
424,CA_WORD_03_Jumbling,hi,लोकसभा चुनाव 2024 के तीसरे चरण में 11 राज्यों और केंद्रशासित प्रदेशों के 93 निर्वाचन क्षेत्रों में मतदान हुआ था।,पीआईबी की हिंदी विज्ञप्ति में तीसरे चरण के मतदान का दायरा 11 राज्यों/केंद्रशासित प्रदेशों के 93 निर्वाचन क्षेत्रों तक बताया गया है।,राज्यों निर्वाचन चरण मतदान तीसरे में लोकसभा 93 केंद्रशासित 11 के प्रदेशों था। चुनाव 2024 में के और हुआ क्षेत्रों,,SUP,same_as_gold,word,"{""shuffle_type"": ""uniform_random"", ""word_order_preserved"": false}","{""fluency_checked"": false, ""label_consistent"": true, ""meaning_preserved"": false}",
425,CA_WORD_03_Jumbling,hi,"इस हफ्ते धूम 4 में नहीं होंगे रणबीर कपूर, अफवाहों पर सालों बाद तोड़ी चुप्पी।",लाइव हिन्दुस्तान ने बताया कि रणबीर कपूर की फिल्म रामायण का फैंस बेसब्री से इंतजार कर रहे हैं।,"पर तोड़ी चुप्पी। कपूर, रणबीर अफवाहों इस होंगे बाद हफ्ते धूम 4 में सालों नहीं",,SUP,same_as_gold,word,"{""shuffle_type"": ""uniform_random"", ""word_order_preserved"": false}","{""fluency_checked"": false, ""label_consistent"": true, ""meaning_preserved"": false}",
426,CA_WORD_03_Jumbling,hi,दिल्ली पुलिस की साइबर सेल ने डिजिटल अरेस्ट के जरिए एक वरिष्ठ नागरिक से 42 लाख रुपये से अधिक की ठगी करने वाले तीन आरोपियों को गिरफ्तार किया।,"पुलिस उपायुक्त आदित्य गौतम के अनुसार जांच में आरोपियों के बैंक खातों में लगभग साढ़े आठ लाख रुपये मिले, जो दूसरे लोगों के नाम पर खोले गए खातों से जुड़े थे।",किया। तीन वरिष्ठ सेल डिजिटल लाख गिरफ्तार पुलिस ठगी करने दिल्ली रुपये जरिए नागरिक से अधिक के 42 वाले अरेस्ट एक साइबर से को ने आरोपियों की की,,SUP,same_as_gold,word,"{""shuffle_type"": ""uniform_random"", ""word_order_preserved"": false}","{""fluency_checked"": false, ""label_consistent"": true, ""meaning_preserved"": false}",
427,CA_WORD_03_Jumbling,hi,"चिराग पासवान के जिस वीडियो को श्रीगंगानगर का बताया जा रहा है, वह बिहार के दरभंगा का है।","श्रीगंगानगर रेप पीड़िता से मुलाकात का नहीं है चिराग पासवान का यह वीडियो, एक जातीय हिंसा से जुड़े मामले का है। राजस्थान के श्रीगंगानगर में 13 वर्षीय नाबालिग के साथ हुई दरिंदगी को लेकर जनता में भारी आक्रोश है और दोषियों को कड़ी सजा देने की मांग की जा रही है। इसी बीच इंटरनेट पर एक वीडियो वायरल हो रहा है, जिसमें केंद्रीय मंत्री और लोजपा (रामविलास) के अध्यक्ष चिराग पासवान एक बच्ची से मिलते दिख रहे हैं। यूजर्स का दावा है कि चिराग पासवान श्रीगंगानगर की पीड़िता से मिलने पहुंचे। वीडियो को इस कैप्शन के साथ साझा किया जा रहा है… श्रीगंगानगर(राजस्थान)कीमासूमबच्चीकेसाथहुईदरिंदगीनेपूरेदेशकोझकझोरकररखदियाहै।ऐसीअमानवीयघटनाएँकिसीभीसभ्यसमाजकेलिएकलंकहैं।दोषीचाहेकितनाभीप्रभावशालीक्योंनहो,उसेकानूनकेतहतकठोरसेकठोरसज़ामिलनीचाहिए।मासूमबेटियोंकीसुरक्षाकेवलसरकारयाप्रशासनकीनहीं,बल्किपूरेसमाजकीसामूहिकजिम्मेदारीहै।मैंमाननीयचिरागपासवानजीद्वाराइसमामलेकोगंभीरतासेउठानेऔरपीड़िताकोन्यायदिलानेकीप्रतिबद्धताकास्वागतकरताहूँ।न्यायतभीसार्थकहोगाजबइसजघन्यअपराधमेंशामिलप्रत्येकदोषीकोशीघ्रऔरकठोरदंडमिले,ताकिभविष्यमेंकोईभीऐसीहैवानियतकरनेकासाहसनकरसके। फेसबुक पोस्ट।आर्काइव पोस्ट अनुसंधानसेपताचलताहैकि… हमने जांच की शुरुआत में वायरल वीडियो से कीफ्रेम्स को गूगल लेंस की मदद से सर्च किया। परिणाम में हमें यह वीडियोबिहार तकके आधिकारिक यूट्यूब चैनल पर 15 फरवरी 2026 को अपलोड की गई वीडियो रिपोर्ट में मिला। इसके अनुसार, यह वीडियो बिहार के दरभंगा स्थित दरभंगा मेडिकल कॉलेज अस्पताल का है, जहां दरभंगा के हरिनगर गांव में हुई एक हिंसक मारपीट में घायल हुए लोगों को अस्पताल के इमरजेंसी वार्ड में भर्ती कराया गया था। इस दौरान चिराग पासवान उन्हीं घायलों का हालचाल जानने वहां पहुंचे थे, जहां पीड़ित परिवार से बात करते हुए वे भावुक हो गए थे। रिपोर्ट में चिराग पासवान को मीडिया से बात  करते हुए पीड़ित पक्ष को न्याय दिलाने की बात करते हुए देखा जा सकता है। तभी वे बातचीत करते हुए कहते हैं कि समाज में कुछ लोग भेदभाव फैलाने का काम करते हैं, लेकिन ऐसे लोगों के खिलाफ कड़ी कानूनी कार्रवाई की जाएगी। फिर हमें यहीं वीडियोनवभारत टाइम्सके आधिकारिक फेसबुक पेज पर मिला। यहां कैप्शन में लिखा था, “दरभंगा में चिराग पासवान जब अस्पताल में घायल बच्ची से मिलने पहुंचे,","का रहा वीडियो श्रीगंगानगर के दरभंगा को है। के बिहार चिराग वह जिस का है, जा पासवान बताया",,REF,same_as_gold,word,"{""shuffle_type"": ""uniform_random"", ""word_order_preserved"": false}","{""fluency_checked"": false, ""label_consistent"": true, ""meaning_preserved"": false}",
428,CA_WORD_03_Jumbling,hi,हरियाणा में मूर्ति हटाने का वीडियो मेरठ में हुए ब्लू ड्रम हत्याकांड जैसे हिंसक हत्या का बताकर वायरल…,"सोशल मीडिया पर एक वीडियो वायरल हो रहा है, जिसमें एक सीमेंट के खंबे के बीचों बीच किसी इनसान का धड़ नजर आ रहा है और उसके  चेहरे पर कपड़ा बंधा है। आसपास पुलिसवाले खड़े हैं और खंबे को जेसीबी से  खिसकाया जा रहा है। इस वायरल वीडियो के साथ दावा किया जा रहा है कि मेरठ के नीले ड्रम हत्याकांड के बाद अब एक महिला ने अपने प्रेमी के साथ मिलकर अपने पति को खंबे में चुनवा दिया। वायरल वीडियो के साथ यूजर ने लिखा है- अभी तक नीला ड्रम में मार कर रखा जा रहा था अब तो सारी हदें पार किया जा रहा है।पिल्लर में चुनवा दिया गया एक शख्स को फेसबुक।आर्काइव अनुसंधान से पता चलता है कि… पड़ताल की शुरुआत में हमने वायरल वीडियो के तस्वीरों का रिवर्स इमेज सर्च किया  परिणाम में वायरल वीडियो की खबर हमें‘City Big News’नामक यूट्यूब चैनल पर मिली। 10 सितंबर को अपलोड किए गए इस  वीडियो रिपोर्ट  के अनुसार वीडियो हिसार का है जहां एक बुजुर्ग को स्वतंत्रता सेनानी बताते हुए उनके परिवार ने उनकी प्रतिमा को स्थापित करवा दिया था, लेकिन बाद में गांव के लोगों ने ऐतराज करके उसे हटवा दिया। मिली जानकारी की मदद लेते हुए अधिक सर्च करने पर वायरल वीडियो की  खबर हमेंयहाँ,यहाँ, औरयहाँमिलीं। रिपोर्टस  के मुताबिक, ये घटना हिसार के आर्य नगर गांव की है।  15 अगस्त को हिसार के आर्यनगर गांव में स्वतंत्रता सेनानी कुम्भा राम की प्रतिमा का अनावरण हुआ था। लेकिन तकरीबन एक महीने बाद पीडब्लूडी डिपार्टमेंट के लोग वहां पहुंचे और प्रतिमा को अवैध बताकर हटवा दिया गया। रिपोर्ट में कुंभा राम के पोते भजनलाल कहते हैं कि उन्होंने मूर्ति को लगवाने के लिए सभी जरूरी सरकारी प्रक्रियाओं का पालन किया था लेकिन उन्हें एनओसी नहीं मिली। हालांकि उन्हें ये आश्वासन दिया गया था कि एनओसी जल्द ही मिल जाएगी। लेकिन बिना कोई नोटिस दिए मूर्ति हटवा दी गई। हमने गूगल मैप्स पर वायरल वीडियो वाली जगह  सर्च की। हमें  वायरल वीडियो में दिख रही ”सैनी स्वीट्स शॉप‘ गूगल मैप्स पर भी नजर आई। इस जगह का स्ट्रीटव्यू  देखा जा सकता है। ये साफ है कि वीडियो हरियाणा का ही है। निष्कर्ष-तथ्य-जांच के बाद हमने पाया कि, हरियाणा के हिसार में एक मूर्ति को लेकर हुए विवाद की घटना को एक आदमी की उसकी पत्नी द्वारा हत्या की घटना बताकर फर्जी दावे से शेयर किया जा रहा है। Title:हरियाणा में मूर्ति हटाने का वीडियो",में में हत्या का हरियाणा वीडियो हत्याकांड का ब्लू हुए वायरल… हटाने मूर्ति हिंसक ड्रम बताकर मेरठ जैसे,,REF,same_as_gold,word,"{""shuffle_type"": ""uniform_random"", ""word_order_preserved"": false}","{""fluency_checked"": false, ""label_consistent"": true, ""meaning_preserved"": false}",
429,CA_WORD_03_Jumbling,hi,प्रधानमंत्री मातृ वंदना योजना वर्ष 2017 में शुरू की गई थी।,महिला एवं बाल विकास मंत्रालय की विज्ञप्ति में पीएमएमवीवाई को वर्ष 2017 में शुरू की गई योजना बताया गया है।,वर्ष शुरू प्रधानमंत्री गई की योजना थी। में 2017 मातृ वंदना,,SUP,same_as_gold,word,"{""shuffle_type"": ""uniform_random"", ""word_order_preserved"": false}","{""fluency_checked"": false, ""label_consistent"": true, ""meaning_preserved"": false}",
430,CA_WORD_03_Jumbling,hi,लेख में बताया गया है कि कार्यशाला केवल पर्यटन विकास पर केंद्रित है और आपदा प्रबंधन पर चर्चा नहीं हुई।,लेख में पूरी कार्यशाला आपदा के कारणों और बचाव पर केंद्रित बताई गई है।,गया केवल है प्रबंधन में बताया पर्यटन कार्यशाला केंद्रित लेख और पर कि नहीं हुई। आपदा है पर विकास चर्चा,,REF,same_as_gold,word,"{""shuffle_type"": ""uniform_random"", ""word_order_preserved"": false}","{""fluency_checked"": false, ""label_consistent"": true, ""meaning_preserved"": false}",
431,CA_WORD_03_Jumbling,hi,एक ईवीएम सेट NOTA सहित अधिकतम 384 उम्मीदवारों को समायोजित कर सकता है।,निर्वाचन आयोग के FAQ में 24 बैलेट यूनिट वाले ईवीएम सेट की क्षमता NOTA सहित 384 उम्मीदवार बताई गई है।,एक अधिकतम समायोजित सेट 384 ईवीएम सहित NOTA कर उम्मीदवारों है। सकता को,,SUP,same_as_gold,word,"{""shuffle_type"": ""uniform_random"", ""word_order_preserved"": false}","{""fluency_checked"": false, ""label_consistent"": true, ""meaning_preserved"": false}",
432,CA_WORD_03_Jumbling,hi,जम्मू और उधमपुर के बाहर रहने वाले कश्मीरी प्रवासियों के लिए फॉर्म-एम के साथ संलग्न प्रमाणपत्र का स्व-सत्यापन अधिकृत किया गया था।,पीआईबी की विज्ञप्ति में जम्मू और उधमपुर के बाहर रहने वाले प्रवासियों के लिए फॉर्म-एम संलग्न प्रमाणपत्र के स्व-सत्यापन को अधिकृत करने की जानकारी है।,कश्मीरी के लिए गया स्व-सत्यापन फॉर्म-एम बाहर रहने प्रमाणपत्र था। वाले प्रवासियों किया संलग्न का उधमपुर के अधिकृत साथ के जम्मू और,,SUP,same_as_gold,word,"{""shuffle_type"": ""uniform_random"", ""word_order_preserved"": false}","{""fluency_checked"": false, ""label_consistent"": true, ""meaning_preserved"": false}",
433,CA_WORD_03_Jumbling,hi,प्रधानमंत्री किसान सम्मान निधि केंद्रीय क्षेत्र योजना 24 फरवरी 2019 को शुरू की गई थी।,पीआईबी हिंदी पृष्ठ के अनुसार प्रधानमंत्री किसान सम्मान निधि सभी भूमिधारक किसान परिवारों को वित्तीय सहायता देने के लिए 24 फरवरी 2019 को शुरू की गई केंद्रीय क्षेत्र योजना है।,केंद्रीय शुरू योजना की फरवरी गई 2019 किसान निधि 24 को क्षेत्र थी। सम्मान प्रधानमंत्री,,SUP,same_as_gold,word,"{""shuffle_type"": ""uniform_random"", ""word_order_preserved"": false}","{""fluency_checked"": false, ""label_consistent"": true, ""meaning_preserved"": false}",
434,CA_WORD_03_Jumbling,hi,एक पार्किंग के नीचे की आधी जमीन बह गई थी।,लेख में सड़क किनारे पार्किंग के नीचे की आधी जमीन बहने की जानकारी दी गई है।,बह के थी। गई पार्किंग जमीन एक आधी नीचे की,,SUP,same_as_gold,word,"{""shuffle_type"": ""uniform_random"", ""word_order_preserved"": false}","{""fluency_checked"": false, ""label_consistent"": true, ""meaning_preserved"": false}",
435,CA_WORD_03_Jumbling,hi,तीसरे चरण में सभी राज्यों और केंद्रशासित प्रदेशों में मतदान सुचारू और शांतिपूर्ण ढंग से संपन्न हुआ था।,"पीआईबी के अनुसार तीनों चरणों में सभी राज्यों/केंद्रशासित प्रदेशों में मतदान सुचारू एवं शांतिपूर्ण रहा, जिसमें संवेदनशील क्षेत्र भी शामिल थे।",प्रदेशों मतदान चरण हुआ सुचारू शांतिपूर्ण संपन्न सभी ढंग राज्यों था। और केंद्रशासित में में और से तीसरे,,SUP,same_as_gold,word,"{""shuffle_type"": ""uniform_random"", ""word_order_preserved"": false}","{""fluency_checked"": false, ""label_consistent"": true, ""meaning_preserved"": false}",
436,CA_WORD_03_Jumbling,hi,सुनीता अहूजा ने कश्मीरा शाह और कृष्णा अभिषेक के साथ 10 साल का वनवास खत्म किया।,"प्रभात खबर के मुताबिक, गोविंदा की पत्नी सुनीता आहूजा ने कश्मीरा शाह और कृष्णा अभिषेक को गले लगाकर ‘लॉफ्टर शेफ्स’ के सेट पर 10 साल पुरानी दूरियां खत्म कर दीं.",कृष्णा शाह अभिषेक खत्म कश्मीरा साथ का किया। के 10 ने सुनीता साल अहूजा और वनवास,,SUP,same_as_gold,word,"{""shuffle_type"": ""uniform_random"", ""word_order_preserved"": false}","{""fluency_checked"": false, ""label_consistent"": true, ""meaning_preserved"": false}",
437,CA_WORD_03_Jumbling,hi,आयशा खान को हिरासत में लिया गया।,न्यूज़बाइट्स हिंदी ने बताया कि रणवीर सिंह की 'धुरंधर' में मौजूद 'शरारत' गाने से चर्चा बटोरने वालीं अभिनेत्री आयशा खान हिरासत में ले ली गई हैं।,को आयशा गया। में लिया हिरासत खान,,SUP,same_as_gold,word,"{""shuffle_type"": ""uniform_random"", ""word_order_preserved"": false}","{""fluency_checked"": false, ""label_consistent"": true, ""meaning_preserved"": false}",
438,CA_WORD_03_Jumbling,hi,लोकसभा चुनाव 2024 के चौथे चरण में 96 संसदीय निर्वाचन क्षेत्रों के लिए 69.16 प्रतिशत मतदान दर्ज किया गया।,पीआईबी की हिंदी विज्ञप्ति में चौथे चरण के 96 संसदीय निर्वाचन क्षेत्रों के लिए 69.16 प्रतिशत मतदान दर्ज होने की जानकारी है।,निर्वाचन लोकसभा मतदान प्रतिशत चरण 2024 लिए क्षेत्रों गया। 69.16 में दर्ज के चौथे 96 के संसदीय चुनाव किया,,SUP,same_as_gold,word,"{""shuffle_type"": ""uniform_random"", ""word_order_preserved"": false}","{""fluency_checked"": false, ""label_consistent"": true, ""meaning_preserved"": false}",
439,CA_WORD_03_Jumbling,hi,क्रैनबेरी उत्पाद बार-बार होने वाले मूत्र मार्ग संक्रमण को सभी लोगों में रोकते हैं।,"एनसीसीआईएच के अनुसार कुछ समूहों में क्रैनबेरी से पुनरावर्ती यूटीआई का जोखिम कम हो सकता है, लेकिन परिणाम आबादी और उत्पाद के अनुसार अलग हैं।",होने उत्पाद रोकते बार-बार क्रैनबेरी संक्रमण सभी हैं। में लोगों मूत्र को मार्ग वाले,,NEI,same_as_gold,word,"{""shuffle_type"": ""uniform_random"", ""word_order_preserved"": false}","{""fluency_checked"": false, ""label_consistent"": true, ""meaning_preserved"": false}",
440,CA_WORD_03_Jumbling,hi,वीवीपैट के आने से मतदाता अपनी पसंद के उम्मीदवार के लिए दर्ज वोट को पर्ची देखकर सत्यापित नहीं कर सकता।,निर्वाचन आयोग के अनुसार मतदाता बैलेट यूनिट का बटन दबाने के बाद वीवीपैट की दृश्य-खिड़की में छपी पर्ची देखकर अपने चुने उम्मीदवार के लिए वोट दर्ज होने की पुष्टि कर सकता है।,अपनी सत्यापित कर देखकर वोट मतदाता पसंद के नहीं सकता। दर्ज के उम्मीदवार लिए को के से पर्ची आने वीवीपैट,,REF,same_as_gold,word,"{""shuffle_type"": ""uniform_random"", ""word_order_preserved"": false}","{""fluency_checked"": false, ""label_consistent"": true, ""meaning_preserved"": false}",
441,CA_WORD_03_Jumbling,hi,गोंडा में करोड़ों रुपये की साइबर ठगी से जुड़े गिरोह के नौ सदस्य गिरफ्तार किए गए।,यूपी पुलिस ने म्यूल खातों के जरिए साइबर ठगी करने वाले गिरोह के नौ सदस्यों को गिरफ्तार किया।,के गिरोह से नौ गए। रुपये गिरफ्तार सदस्य में की जुड़े करोड़ों साइबर गोंडा ठगी किए,,SUP,same_as_gold,word,"{""shuffle_type"": ""uniform_random"", ""word_order_preserved"": false}","{""fluency_checked"": false, ""label_consistent"": true, ""meaning_preserved"": false}",
442,CA_WORD_03_Jumbling,hi,वाहनों को लाने की व्यवस्था न होने पर पर्यटकों ने उनकी चाबियां ग्रामीणों को सौंप दीं।,लेख में पर्यटकों द्वारा चाबियां ग्रामीणों को देने की जानकारी दी गई है।,पर्यटकों लाने ग्रामीणों होने दीं। सौंप की को न वाहनों व्यवस्था पर ने चाबियां को उनकी,,SUP,same_as_gold,word,"{""shuffle_type"": ""uniform_random"", ""word_order_preserved"": false}","{""fluency_checked"": false, ""label_consistent"": true, ""meaning_preserved"": false}",
443,CA_WORD_03_Jumbling,hi,"मध्य प्रदेश के इंदौर में खाद्य सुरक्षा विभाग ने मिलावटी और जहरीले घी के खिलाफ छापेमारी कर 12.21 लाख रुपये मूल्य का 2,165 लीटर संदिग्ध घी जब्त किया।",सुदामा नगर और तालावली चांदा इलाकों में खाद्य अधिकारियों की संयुक्त टीम ने चार प्रतिष्ठानों पर छापेमारी की और 31 खाद्य पदार्थों के सैंपल जांच के लिए भेजे।,"ने जब्त कर छापेमारी खिलाफ सुरक्षा घी इंदौर विभाग प्रदेश 2,165 के रुपये लाख 12.21 का के मूल्य घी खाद्य लीटर संदिग्ध और जहरीले मिलावटी में किया। मध्य",,SUP,same_as_gold,word,"{""shuffle_type"": ""uniform_random"", ""word_order_preserved"": false}","{""fluency_checked"": false, ""label_consistent"": true, ""meaning_preserved"": false}",
444,CA_WORD_03_Jumbling,hi,राष्ट्रीय मीडिया पुरस्कार 2022 राष्ट्रीय मतदाता दिवस 25 जनवरी 2023 के अवसर पर दिए जाने थे।,"पीआईबी की विज्ञप्ति में पुरस्कार राष्ट्रीय मतदाता दिवस, 25 जनवरी 2023 के अवसर पर दिए जाने की जानकारी है।",थे। राष्ट्रीय जनवरी राष्ट्रीय पर मीडिया 2023 2022 मतदाता दिए पुरस्कार 25 अवसर के दिवस जाने,,SUP,same_as_gold,word,"{""shuffle_type"": ""uniform_random"", ""word_order_preserved"": false}","{""fluency_checked"": false, ""label_consistent"": true, ""meaning_preserved"": false}",
445,CA_WORD_03_Jumbling,hi,'क्योंकि सास भी कभी बहू थी 2' में तृप्ति विरानी की वापसी हो सकती है।,प्रभात खबर के अनुसार केवल इतना पता है कि क्या तृप्ति विरानी लौटेंगी 'क्योंकि सास भी कभी बहू थी 2' में? इससे आगे कोई आधिकारिक पुष्टि या आंकड़े नहीं दिए गए।,कभी है। सकती भी 'क्योंकि 2' तृप्ति विरानी की बहू वापसी थी सास हो में,,NEI,same_as_gold,word,"{""shuffle_type"": ""uniform_random"", ""word_order_preserved"": false}","{""fluency_checked"": false, ""label_consistent"": true, ""meaning_preserved"": false}",
446,CA_WORD_03_Jumbling,hi,मणिपुर से संबंधित राष्ट्रपति की 13 फरवरी 2025 की घोषणा को मंजूरी देने वाला वैधानिक प्रस्ताव संसद के दोनों सदनों में स्वीकृत हुआ।,संसदीय कार्य मंत्रालय की समीक्षा में अनुच्छेद 356(1) के तहत मणिपुर संबंधी 13 फरवरी 2025 की राष्ट्रपति घोषणा को मंजूरी देने वाले प्रस्ताव के दोनों सदनों में स्वीकृत होने की बात है।,मणिपुर की राष्ट्रपति वाला में सदनों दोनों 13 फरवरी के हुआ। प्रस्ताव देने को से संबंधित स्वीकृत वैधानिक संसद की मंजूरी घोषणा 2025,,SUP,same_as_gold,word,"{""shuffle_type"": ""uniform_random"", ""word_order_preserved"": false}","{""fluency_checked"": false, ""label_consistent"": true, ""meaning_preserved"": false}",
447,CA_WORD_03_Jumbling,hi,मतदाता सूची में नाम न होने पर कोई व्यक्ति केवल दो फोटो या फोटो पहचान-पत्र दिखाकर मतदान कर सकता है।,"निर्वाचन आयोग के अनुसार जिसका नाम मतदाता सूची में नहीं है, वह मतदान के दिन वोट नहीं डाल सकता।",सूची में फोटो कोई दो मतदाता होने फोटो सकता कर दिखाकर न मतदान पर व्यक्ति पहचान-पत्र केवल है। नाम या,,REF,same_as_gold,word,"{""shuffle_type"": ""uniform_random"", ""word_order_preserved"": false}","{""fluency_checked"": false, ""label_consistent"": true, ""meaning_preserved"": false}",
448,CA_WORD_03_Jumbling,hi,भारत में ईवीएम का निर्माण भारत इलेक्ट्रॉनिक्स लिमिटेड और इलेक्ट्रॉनिक्स कॉरपोरेशन ऑफ इंडिया लिमिटेड द्वारा किया जाता है।,निर्वाचन आयोग के पृष्ठ में इन दोनों सार्वजनिक उपक्रमों को ईवीएम के निर्माता बताया गया है।,लिमिटेड इलेक्ट्रॉनिक्स में इलेक्ट्रॉनिक्स ऑफ कॉरपोरेशन और किया इंडिया का है। निर्माण भारत लिमिटेड जाता ईवीएम भारत द्वारा,,SUP,same_as_gold,word,"{""shuffle_type"": ""uniform_random"", ""word_order_preserved"": false}","{""fluency_checked"": false, ""label_consistent"": true, ""meaning_preserved"": false}",
449,CA_WORD_03_Jumbling,hi,27 मार्च 2026 तक प्रधानमंत्री मुद्रा योजना के तहत 57 करोड़ से अधिक खाते खोले जा चुके थे।,पीआईबी की हिंदी विज्ञप्ति के अनुसार 27 मार्च 2026 तक प्रधानमंत्री मुद्रा योजना के तहत 57 करोड़ से अधिक खाते खोले जा चुके थे।,जा तहत तक के प्रधानमंत्री 2026 57 करोड़ थे। खोले योजना अधिक से खाते 27 मार्च चुके मुद्रा,,SUP,same_as_gold,word,"{""shuffle_type"": ""uniform_random"", ""word_order_preserved"": false}","{""fluency_checked"": false, ""label_consistent"": true, ""meaning_preserved"": false}",
450,CA_WORD_03_Jumbling,hi,बिहार के मोतिहारी में बापूधाम रेलवे स्टेशन पर चाइल्ड हेल्पलाइन और रेल पुलिस ने मानव तस्करी सिंडिकेट से 21 नाबालिग बच्चों को बचाकर एक तस्कर को गिरफ्तार किया।,"तस्कर 5 से 13 वर्ष की उम्र के गरीब तबके के इन बच्चों को भागलपुर ले जा रहा था, जिसे पुलिस और चाइल्ड हेल्पलाइन की सतर्कता से पकड़ लिया गया।",सिंडिकेट से को मानव 21 बचाकर तस्करी नाबालिग तस्कर हेल्पलाइन को किया। गिरफ्तार रेलवे चाइल्ड ने बच्चों मोतिहारी में स्टेशन के रेल पर पुलिस बिहार और एक बापूधाम,,SUP,same_as_gold,word,"{""shuffle_type"": ""uniform_random"", ""word_order_preserved"": false}","{""fluency_checked"": false, ""label_consistent"": true, ""meaning_preserved"": false}",
451,CA_WORD_03_Jumbling,hi,"केंद्र सरकार 'महिला वर्क फ्रॉम होम योजना 2026' में महिलाओं को हर महीने 25,000 रुपये दे रही है।","एशियानेट न्यूज़ हिंदी के अनुसार पीआईबी फैक्ट चेक ने महिला वर्क फ्रॉम होम योजना और 25,000 रुपये मासिक आय के वायरल दावे को फर्जी बताया है।","योजना में रही महीने फ्रॉम केंद्र महिलाओं दे हर 'महिला होम 25,000 रुपये वर्क है। को 2026' सरकार",,REF,same_as_gold,word,"{""shuffle_type"": ""uniform_random"", ""word_order_preserved"": false}","{""fluency_checked"": false, ""label_consistent"": true, ""meaning_preserved"": false}",
452,CA_WORD_03_Jumbling,hi,बॉबी देओल ने कहा कि ‘आश्रम’ की सफलता के बाद उन्हें OTT पर मजबूत पहचान मिली।,दैनिक जागरण के इंटरव्यू आधारित लेख में बॉबी देओल ने OTT प्लेटफॉर्म और ‘आश्रम’ से मिली नई पहचान पर बात की। रिपोर्ट में उनके करियर के दूसरे चरण का भी संदर्भ दिया गया।,बाद की बॉबी के कहा सफलता पर कि ‘आश्रम’ OTT ने मजबूत देओल पहचान उन्हें मिली।,,SUP,same_as_gold,word,"{""shuffle_type"": ""uniform_random"", ""word_order_preserved"": false}","{""fluency_checked"": false, ""label_consistent"": true, ""meaning_preserved"": false}",
453,CA_WORD_03_Jumbling,hi,लेख के अनुसार चारों पोर्टरों की मृत्यु हो गई थी।,लेख में केवल तीन पोर्टरों की मृत्यु और चौथे के सुरक्षित लौटने का उल्लेख है।,मृत्यु चारों लेख पोर्टरों गई की अनुसार हो के थी।,,REF,same_as_gold,word,"{""shuffle_type"": ""uniform_random"", ""word_order_preserved"": false}","{""fluency_checked"": false, ""label_consistent"": true, ""meaning_preserved"": false}",
454,CA_WORD_03_Jumbling,hi,आयुष्मान खुराना ने आम आदमी पार्टी के टिकट पर चंडीगढ़ से चुनाव लड़ने का ऐलान किया।,आजतक फैक्ट चेक ने आयुष्मान की टीम और उपलब्ध चुनावी रिकॉर्ड के हवाले से बताया कि ऐसा कोई आधिकारिक ऐलान नहीं हुआ। वायरल पोस्ट में इस्तेमाल तस्वीर एक पुराने सार्वजनिक कार्यक्रम की थी।,ने चुनाव का लड़ने के से किया। ऐलान आम पार्टी चंडीगढ़ खुराना आदमी पर आयुष्मान टिकट,,REF,same_as_gold,word,"{""shuffle_type"": ""uniform_random"", ""word_order_preserved"": false}","{""fluency_checked"": false, ""label_consistent"": true, ""meaning_preserved"": false}",
455,CA_WORD_03_Jumbling,hi,"CJP के संसद मार्च में पुलिसवाले को जूता मारकर भागा युवक? नहीं, वीडियो पुराना है….","एक पुलिसवाले को जूते से मारकर  भागते लड़के का वीडियो सोशल मीडिया पर तेजी से वायरल हो रहा है। वायरल वीडियो में एक पुलिसवाला सड़क पर गिरे हुए एक लड़के को लात मार देता है। लेकिन अगले ही पल  लड़का फुर्ती से उठता है और पुलिसवाले के मुंह पर जूता मारकर भाग जाता है। पुलिसवाला भी उसके पीछे-पीछे भागता है। दावा किया जा रहा है कि वीडियो कॉकरोच जनता पार्टी के हालिया संसद  मार्च का है। वायरल वीडियो के साथ यूजर ने लिखा है- दिल्ली में छात्र आंदोलन के बाद पुलिस को जड़ा थप्पड़ छात्रों ने फेसबुक।आर्काइव अनुसंधान से पता चलता है कि… पड़ताल की शुरुआत में हमने वायरल  वीडियो के तस्वीरों का रिवर्स इमेज सर्च किया, परिणाम में हमें वायरल वीडियो एकयूट्यूब चैनलपर मिला, जिसे 16 अगस्त 2025 को पोस्ट किया गया था। इससे ये साफ है कि वीडियो हाल का नहीं है। यहां दी गई जानकारी के मुताबिक ये पटना में हुए STET अभ्यर्थियों के विरोध प्रदर्शन से संबंधित है। मिली जानकारी की मदद लेते हुए अधिक सर्च करने पर हमेंआजतककी 7 अगस्त 2025 की रिपोर्ट में भी वायरल वीडियो का स्क्रीनशॉट मिला। इस खबर के मुताबिक, ये वीडियो पटना के जेपी गोलंबर इलाके का है जहां सैकड़ों अभ्यर्थी, टीआरई-4 (टीचर रिक्रूटमेंट एग्जाम -4) से पहले STET करवाने की मांग को लेकर इकट्ठा हुए। इस वजह से इलाके में जाम लग गया था। ‘द इंडियन एक्सप्रेस‘ ने दिल्ली पुलिस के हवाले से बताया है कि कॉकरोच जनता पार्टी के संसद मार्च के दौरान 118 पुलिसकर्मी घायल हुए हैं।  बार-बार चेतावनी देने के बाद भी जब छात्र वहां से नहीं हटे तो पुलिस ने लाठीचार्ज कर दिया। ‘दर्श न्यूज’ने इस घटना के बारे में ग्राउंड रिपोर्ट छापी थीं। इससे ये साफ है कि वीडियो हाल ही के CJP प्रदर्शन का नहीं है। निष्कर्ष– तथ्य-जांच के बाद हमने पाया कि , बिहार के एक पुराने वीडियो को कॉकरोच जनता पार्टी के संसद मार्च के संदर्भ में शेयर किया जा रहा है। जबकि ये वीडियो अगस्त, 2025 का है और पटना का है। जहां प्रदर्शन कर रहे STET अभ्यर्थियों को पुलिस ने पीटा था। Title:CJP के संसद मार्च में पुलिसवाले को जूता मारकर भागा युवक? नहीं, वीडियो पुराना है…. Written By:Sarita Samal Result:Misleading","मारकर में को संसद के भागा वीडियो मार्च पुराना युवक? जूता नहीं, CJP है…. पुलिसवाले",,REF,same_as_gold,word,"{""shuffle_type"": ""uniform_random"", ""word_order_preserved"": false}","{""fluency_checked"": false, ""label_consistent"": true, ""meaning_preserved"": false}",
456,CA_WORD_03_Jumbling,hi,पूरक स्वास्थ्य उत्पाद का जोखिम केवल उसकी खुराक पर निर्भर करता है।,"एनसीसीआईएच के अनुसार सुरक्षा विशिष्ट उत्पाद, सामग्री, निर्माण गुणवत्ता, व्यक्ति की स्वास्थ्य स्थिति और दवा अंतःक्रियाओं सहित कई कारकों पर निर्भर करती है।",पूरक पर का स्वास्थ्य उसकी जोखिम है। निर्भर उत्पाद खुराक करता केवल,,REF,same_as_gold,word,"{""shuffle_type"": ""uniform_random"", ""word_order_preserved"": false}","{""fluency_checked"": false, ""label_consistent"": true, ""meaning_preserved"": false}",
457,CA_WORD_03_Jumbling,hi,दृष्टिबाधित मतदाताओं के लिए मतदान केंद्रों पर ब्रेल लिपि में डमी मतपत्र उपलब्ध कराए गए थे।,पीआईबी की विज्ञप्ति में मतदान केंद्रों पर दृष्टिबाधित मतदाताओं के लिए ब्रेल लिपि में डमी मतपत्र उपलब्ध होने का उल्लेख है।,मतपत्र थे। लिपि केंद्रों के गए ब्रेल मतदान मतदाताओं दृष्टिबाधित पर डमी में लिए उपलब्ध कराए,,SUP,same_as_gold,word,"{""shuffle_type"": ""uniform_random"", ""word_order_preserved"": false}","{""fluency_checked"": false, ""label_consistent"": true, ""meaning_preserved"": false}",
458,CA_WORD_03_Jumbling,hi,डंपसाइट रेमेडिएशन एक्सेलेरेटर प्रोग्राम नवंबर 2025 में शुरू किया गया था।,पीआईबी हिंदी पृष्ठ में डंपसाइट रेमेडिएशन एक्सेलेरेटर प्रोग्राम के नवंबर 2025 में आरंभ होने का उल्लेख है।,डंपसाइट एक्सेलेरेटर प्रोग्राम गया नवंबर 2025 शुरू रेमेडिएशन किया था। में,,SUP,same_as_gold,word,"{""shuffle_type"": ""uniform_random"", ""word_order_preserved"": false}","{""fluency_checked"": false, ""label_consistent"": true, ""meaning_preserved"": false}",
459,CA_WORD_03_Jumbling,hi,"मतदाता सहभागिता बढ़ाने के लिए मतदान केंद्रों पर कतार प्रबंधन, शेल्टर और पार्किंग जैसी सुविधाओं पर जोर दिया गया था।","पीआईबी के अनुसार आयोग ने कम मतदान वाले क्षेत्रों में कतार प्रबंधन, भीड़भाड़ वाले इलाकों में शेल्टर और पार्किंग सहित सुविधाएं देने पर जोर दिया।","सहभागिता प्रबंधन, कतार दिया पार्किंग और मतदाता मतदान जोर पर केंद्रों था। सुविधाओं बढ़ाने गया के पर जैसी शेल्टर लिए",,SUP,same_as_gold,word,"{""shuffle_type"": ""uniform_random"", ""word_order_preserved"": false}","{""fluency_checked"": false, ""label_consistent"": true, ""meaning_preserved"": false}",
460,CA_WORD_03_Jumbling,hi,ट्रंप की नीतियों के खिलाफ हुए ‘नो किंग्स’ प्रदर्शन का वीडियो एपस्टीन फाइल्स से जोड़कर भ्रामक दावे से वायरल…,"यह वीडियो ट्रंप टावर के बाहर एपस्टीन फाइल्स से संबंधित प्रदर्शन का नहीं है, दावा फर्जी है। इन दिनों एपस्टीन फाइल्स के सामने आने के बाद दुनिया भर में तहलका मचा हुआ है। दरअसल हाल ही में अमेरिकी न्याय विभाग ने अपराधी जेफरी एपस्टीन की जांच से जुड़े लगभग तीन मिलियन पेज के दस्तावेज, हजारों वीडियो और तस्वीरों को सार्वजनिक किया है। जिनमें कई मशहूर हस्तियों के नाम सामने आए हैं। इसी से जोड़ते हुए दो अलग – अलग वीडियो के एक क्लिप को मिलाकर एक वीडियो सोशल मीडिया पर खूब वायरल हो रहा है, जिसमें हजारों की बड़ी सी भीड़ सड़क पर दिखाई दे रही है। दावा किया जा रहा है कि एपस्टीन फाइल्स के सामने आने के बाद लोगों द्वारा ट्रंप टॉवर के सामने प्रदर्शन किया गया है। वीडियो इस कैप्शन के साथ फैलाया जा रहा है… अमेरिकामेंजेफ्रीएपस्टीनसेजुड़ीफाइलोंमेंडोनाल्डट्रंपकानामआनेकेबादन्यूयॉर्ककेट्रंपटावरकेबाहरविरोधप्रदर्शनहुआ।सैकड़ोंलोगोंनेट्रंपकेइस्तीफेऔरसख्तकार्रवाईकीमांगकी।सोशलमीडियापरभीमामलेकोलेकरतीखीबहसजारीहै। फेसबुक पोस्ट।आर्काइव पोस्ट अनुसंधानसेपताचलताहैकि… हमने जांच की शुरुआत में यह देखा कि वायरल वीडियो में दो अलग-अलग क्लिप है।  इसलिए हमने दोनों को एक -एक कर चेक करना शुरु किया। हमने वायरल वीडियो की पहली क्लिप के की-फ्रेम्स को गूगल लेंस के जरिए सर्च किया। परिणाम में हमें यहीं वीडियोन्यूज़ज़ोन360नाम के एक इंस्टाग्राम अकाउंट पर 10 जनवरी 2026 को पोस्ट किया हुआ मिला। इसमें बताया गया था कि प्रदर्शनकारियों ने नेशनल गार्ड सैनिकों की तैनाती के खिलाफ मार्च करने के लिए लॉस एंजिल्स और शिकागो की सड़कों पर विरोध प्रदर्शन किया, यह घटना बड़े “नो किंग्स” आंदोलन का हिस्सा थी जिसके तहत पूरे अमेरिका में प्रदर्शन हुआ था। https://www.instagram.com/reels/DTVFXFxDKG- फिर हमें यहीं वीडियोblockclubchiनाम के इंस्टाग्राम अकाउंट पर 19 अक्टूबर 2025 को पोस्ट किया हुआ मिला। इस वीडियो के साथ कैप्शन में लिखा गया था “नो किंग्स विरोध प्रदर्शन मिशिगन एवेन्यू पर उत्तर की ओर बढ़ रहा है।” साथ ही यह वीडियो‘thetrid.ent’नाम के इंस्टाग्राम अकाउंट पर पोस्ट किया गया था। जिसे 19 अक्टूबर 2025 को अपलोड किया गया था। मौजूद जानकारी के अनुसार, “18 अक्टूबर 2025 को अमेरिका के सभी 50 राज्यों में लाखों लोग राष्ट्रपति डोनल्ड ट्रंप के प्रशासन के खिलाफ ‘नो कि",भ्रामक के की वायरल… फाइल्स जोड़कर हुए प्रदर्शन से ‘नो वीडियो खिलाफ ट्रंप दावे से किंग्स’ नीतियों एपस्टीन का,,REF,same_as_gold,word,"{""shuffle_type"": ""uniform_random"", ""word_order_preserved"": false}","{""fluency_checked"": false, ""label_consistent"": true, ""meaning_preserved"": false}",
461,CA_WORD_03_Jumbling,hi,मंजू देवी के घर में रखी दस हजार रुपये की नकदी भी पीछे छूट गई।,लेख में 10 हजार रुपये नकद घर में छूटने का उल्लेख है।,घर मंजू देवी की रुपये में भी रखी गई। दस छूट नकदी के हजार पीछे,,SUP,same_as_gold,word,"{""shuffle_type"": ""uniform_random"", ""word_order_preserved"": false}","{""fluency_checked"": false, ""label_consistent"": true, ""meaning_preserved"": false}",
462,CA_WORD_03_Jumbling,hi,दिसंबर 2025 तक प्रधानमंत्री रोजगार सृजन कार्यक्रम के तहत 10.71 लाख से अधिक सूक्ष्म उद्यमों को मार्जिन मनी सब्सिडी मिली थी।,पीआईबी की हिंदी विज्ञप्ति के अनुसार वित्त वर्ष 2008-09 से दिसंबर 2025 तक पीएमईजीपी के अंतर्गत 10.71 लाख से अधिक सूक्ष्म उद्यमों को मार्जिन मनी सब्सिडी दी गई।,तहत तक अधिक दिसंबर थी। के मार्जिन कार्यक्रम उद्यमों मनी को सूक्ष्म मिली सृजन सब्सिडी रोजगार प्रधानमंत्री से 2025 10.71 लाख,,SUP,same_as_gold,word,"{""shuffle_type"": ""uniform_random"", ""word_order_preserved"": false}","{""fluency_checked"": false, ""label_consistent"": true, ""meaning_preserved"": false}",
463,CA_WORD_03_Jumbling,hi,गुजरात के अहमदाबाद में एक पटाखा फैक्ट्री में भीषण आग लगने से 8 लोगों की मौत हो गई और 15 से अधिक लोग घायल हुए।,"महमूदपुरा इलाके की टैलेंट फायरवर्क्स फैक्ट्री में आग लगने के बाद हुए कई धमाकों से पूरे इलाके में अफरा-तफरी मच गई, और घायलों को एलजी व सिविल अस्पताल में भर्ती कराया गया।",लोग में भीषण गई घायल और एक के 15 अधिक 8 मौत में पटाखा हुए। अहमदाबाद से लगने फैक्ट्री गुजरात आग की से हो लोगों,,SUP,same_as_gold,word,"{""shuffle_type"": ""uniform_random"", ""word_order_preserved"": false}","{""fluency_checked"": false, ""label_consistent"": true, ""meaning_preserved"": false}",
464,CA_WORD_03_Jumbling,hi,दीपिका पादुकोण और रणवीर सिंह की तस्वीर में 'Vote for BJP' लिखा हुआ गमछा वास्तविक था।,जांच में पाया गया कि वायरल तस्वीर एडिट की गई थी। मूल फोटो में गमछे पर 'Vote for BJP' नहीं लिखा था।,सिंह में 'Vote दीपिका वास्तविक for हुआ तस्वीर पादुकोण रणवीर गमछा BJP' और की लिखा था।,,REF,same_as_gold,word,"{""shuffle_type"": ""uniform_random"", ""word_order_preserved"": false}","{""fluency_checked"": false, ""label_consistent"": true, ""meaning_preserved"": false}",
465,CA_WORD_03_Jumbling,hi,विकसित भारत संकल्प यात्रा का लक्ष्य 25 जनवरी 2024 तक 2.55 लाख से अधिक ग्राम पंचायतों को कवर करना था।,विज्ञप्ति में विकसित भारत संकल्प यात्रा का लक्ष्य 25 जनवरी 2024 तक 2.55 लाख से अधिक ग्राम पंचायतों को कवर करना बताया गया है।,25 भारत करना से को संकल्प अधिक 2.55 जनवरी लाख पंचायतों यात्रा विकसित तक 2024 कवर ग्राम था। लक्ष्य का,,SUP,same_as_gold,word,"{""shuffle_type"": ""uniform_random"", ""word_order_preserved"": false}","{""fluency_checked"": false, ""label_consistent"": true, ""meaning_preserved"": false}",
466,CA_WORD_03_Jumbling,hi,गतिविधियों में रुचि या आनंद की कमी केवल सामान्य थकान का संकेत है।,डब्ल्यूएचओ इसे अवसाद के प्रमुख लक्षणों में शामिल करता है।,रुचि केवल का कमी है। गतिविधियों आनंद या में थकान सामान्य की संकेत,,REF,same_as_gold,word,"{""shuffle_type"": ""uniform_random"", ""word_order_preserved"": false}","{""fluency_checked"": false, ""label_consistent"": true, ""meaning_preserved"": false}",
467,CA_WORD_03_Jumbling,hi,प्रधानमंत्री सभी नागरिकों को मुफ्त इलेक्ट्रिक स्कूटर देने की योजना चला रहे हैं।,आकाशवाणी समाचार के हिंदी पृष्ठ में पीआईबी फैक्ट चेक द्वारा मुफ्त इलेक्ट्रिक स्कूटर संबंधी वायरल दावे को फर्जी बताया गया है।,को रहे देने सभी नागरिकों स्कूटर प्रधानमंत्री योजना इलेक्ट्रिक मुफ्त की हैं। चला,,REF,same_as_gold,word,"{""shuffle_type"": ""uniform_random"", ""word_order_preserved"": false}","{""fluency_checked"": false, ""label_consistent"": true, ""meaning_preserved"": false}",
468,CA_WORD_03_Jumbling,hi,"NOTA विकल्प केवल ईवीएम में है, मतपत्र पर नहीं।",निर्वाचन आयोग के एटलस में उच्चतम न्यायालय के निर्देश पर NOTA को मतपत्र और ईवीएम दोनों में शामिल करने का उल्लेख है।,"है, पर विकल्प NOTA नहीं। केवल ईवीएम में मतपत्र",,REF,same_as_gold,word,"{""shuffle_type"": ""uniform_random"", ""word_order_preserved"": false}","{""fluency_checked"": false, ""label_consistent"": true, ""meaning_preserved"": false}",
469,CA_WORD_03_Jumbling,hi,"मुस्लिम चक्की मालिक का एक बच्ची के साथ दुष्कर्म मामले में नहीं है कोई सांप्रदायिक एंगल,दावा फेक है…","सोशल मीडिया पर एक वीडियो वायरल हो रहा है, जिसमें एक बुजुर्ग शख्स को एक मासूम बच्ची के साथ अश्लील हरकतें हुए दिखाया गया है। वीडियो को उत्तर प्रदेश के सहारनपुर का बताया जा रहा है। साथ ही दावा किया जा रहा है कि चक्की मालिक जो एक मुस्लिम है उसने 11 वर्षीय बच्ची के साथ दुष्कर्म की कोशिश की। वायरल वीडियो के साथ यूजर ने लिखा है- उत्तर प्रदेश के सहारनपुर से एक मामला आया है। मामला सहारनपुर के फतेहपुर थाना क्षेत्र में 11 वर्षीय बच्ची के साथ दुष्कर्म की कोशिश का मामला सामने आया है। चक्की मालिक ने बच्ची के साथ छेड़छाड़ की और जबरन गोदी में उठाकर अंदर ले जाकर दुष्कर्म की कोशिश की। चक्की मालिक मुस्लिम बताया जा रहा है,सहारनपुर पुलिस ने घटना का संज्ञान लेकर आरोपी के खिलाफ मामला दर्ज कर लिया है। अभी तक आरोपी को पकड़ा नहीं गया है। फेसबुक।आर्काइव अनुसंधान से पता चलता है कि… पड़ताल की शुरुआत में हमने वायरल वीडियो के तस्वीरों का रिवर्स इमेज सर्च किया  परिणाम में वायरल वीडियो की खबर हमेंआजतकपर मिली। यहां पर वायरल वीडियो के स्क्रीनशॉर्ट मौजूद है। 9 सितंबर 2025 को प्रकाशित इस खबर के अनुसार सहारनपुर में एक बुजुर्ग द्वारा 11 साल की बच्ची से छेड़छाड़ का वीडियो वायरल हुआ। आरोपी ने आटा चक्की पर बच्ची को पकड़कर अश्लील हरकत की। पुलिस ने पॉक्सो एक्ट में मामला दर्ज कर आरोपी की तलाश शुरू की। स्थानीय लोगों में आक्रोश है और वे कड़ी सजा की मांग कर रहे हैं। मिली जानकारी की मदद लेते हुए अधिक सर्च करने पर वायरल वीडियो की खबर हमेंदैनिक भास्करकी वेबसाइट पर  मिली। 10 सितंबर को छपी खबर के अनुसार, सहारनपुर में 70 साल के रिटायर टीचर पर नाबालिग से छेड़छाड़ का आरोप लगा है। रात को हुई मोहल्ले की पंचायत में आरोपी के रिश्तेदार ने उसको थप्पड़ मारे थे। आरोपी ने नाबालिग को झाड़ू लगाने के बहाने चक्की पर बुलाया था। खबर में आरोपी चक्की मालिक का नामअजमेर सिंहलिखा हुआ है। इसके अलावा हमें वायरल वीडियो की खबरपत्रिकापर मिली। प्रकाशित खबर के अनुसार वायरल वीडियो में दिख रहे आरोपी का नाम अजमेर सिंह है। एक नाबालिग लड़की रिटायर्ड टीचर अजमेर सिंह की चक्की पर गेहूं पिसवाने के लिए आई थी। आरोप है कि अजमेर सिंह ने बच्ची से झाड़ू लगाने के लिए कहा और उससे छे़ड़छाड़ करने लगा। । लड़की विरोध करती है लेकिन अजमेर उसे जबरन अंदर ले जाता है। जांच","चक्की मालिक साथ है सांप्रदायिक मुस्लिम मामले बच्ची है… का फेक दुष्कर्म कोई के एंगल,दावा नहीं में एक",,REF,same_as_gold,word,"{""shuffle_type"": ""uniform_random"", ""word_order_preserved"": false}","{""fluency_checked"": false, ""label_consistent"": true, ""meaning_preserved"": false}",
470,CA_WORD_03_Jumbling,hi,"गोरखपुर के सांसद रवि किशन ने भरत तिवारी ‘एनकाउंटर’ पर नहीं दिया बयान, भ्रामक है वायरल दावा…","उत्तर प्रदेश के गोरखपुर से भाजपा सांसद रवि किशन का एक वीडियो सोशल मीडिया  पर तेजी से वायरल हो रहा है, जिसमें वे एक एनकाउंटर को सही ठहरा रहे हैं। वायरल वीडियो के साथ यूजर ने दावा किया है कि  बिहार में हुए भरत तिवारी के कथित एनकाउंटर को रवि किशन ने सही ठहराते हुए कहा है कि भरत तिवारी अपराधी था इसलिए उसका ‘एनकाउंटर’ हुआ। वायरल वीडियो के साथ यूजर ने लिखा है- भरत तिवारी एनकाउंटर पर रवि किशन के बयान से छिड़ी बहस भोजपुर एनकाउंटर मामले पर सांसद रवि किशन ने कहा कि कार्रवाई अपराधी के खिलाफ हुई है। वहीं, इस बयान को लेकर सोशल मीडिया पर अलग-अलग प्रतिक्रियाएं सामने आ रही हैं।अब आपकी बारी—आपकी राय में, यदि कोई व्यक्ति अपराध के आरोपों का सामना कर रहा हो, तो क्या पुलिस एनकाउंटर उचित है या हर मामले में अदालत के जरिए न्याय होना चाहिए? फेसबुक।आर्काइव़ अनुसंधान से पता चलता है कि… पड़ताल की शुरुआत में हमने वायरल  वीडियो के तस्वीरों का रिवर्स इमेज सर्च किया, परिणाम में वायरल वीडियो से  मिलता-जुलता वीडियो हमें‘आज तक’के यूट्यूब चैनल पर एक पोस्ट  में मिला। यह वीडियो 28 जून 2026 को अपलोड किया गया था। कैप्शन में बताया गया कि बीजेपी सांसद ने एसपी अध्यक्ष अखिलेश यादव पर तंज कसते हुए तीखा जवाब दिया। इस पोस्ट के अनुसार , यूपी में हो रहे एनकाउंटर के बारे में बीजेपी सांसद रवि किशन ने कहा कि एनकाउंटर में मारे गए लोग आम नागरिक नहीं, बल्कि आपराधिक मामलों में शामिल आरोपी थे।रवि किशन ने चुनाव के माहौल में विपक्ष पर जनता को गुमराह करने का आरोप भी लगाया। मिली जानकारी की मदद लेते हुए अधिक सर्च करने पर हमें‘नवभारत लाइव’ के यूट्यूब चैनल पर भी वायरल वीडियो मिला ।  29 जून 2026 को अपलोड हुए इस  वीडियो में 2 मिनट 8 सेकंड पर एक पत्रकार यह सवाल करता है कि अखिलेश यादव ने लगातार हो रहे एनकाउंटर पर सवाल खड़ा किया है। इसी का जवाब देते हुए भाजपा सांसद ने वायरल बयान दिया था। इस पूरी बातचीत में कहीं भी बिहार के भरत तिवारी एनकाउंटर का संदर्भ नहीं मिला। आगे की पड़ताल में हमनेरवि किशनके सोशल मीडिया हैंडल्स को खंगाला। हमें 30 जून 2026 को अपलोड किया गया एक बयान मिला। इसमें रवि किशन वायरल दावे का खंडन करते हुए यह कहते हैं कि उन्होंने भरत तिवारी एनकाउंटर को लेकर कोई बयान नहीं दिया है। वायरल बयान यूपी के अपराधियों के संदर्भ में द","भरत पर रवि सांसद वायरल दावा… तिवारी के भ्रामक किशन दिया गोरखपुर है बयान, नहीं ने ‘एनकाउंटर’",,REF,same_as_gold,word,"{""shuffle_type"": ""uniform_random"", ""word_order_preserved"": false}","{""fluency_checked"": false, ""label_consistent"": true, ""meaning_preserved"": false}",
471,CA_WORD_03_Jumbling,hi,उम्मीदवार के बूथ या कियोस्क पर हुआ खर्च कभी भी उसके चुनाव व्यय में शामिल नहीं किया जाता।,पीआईबी की विज्ञप्ति में मतदान केंद्रों के बाहर उम्मीदवारों के बूथों पर खर्च को उम्मीदवार या उसके चुनाव एजेंट द्वारा किया गया मानकर चुनाव खर्च खाते में शामिल करने का निर्देश है।,कभी हुआ किया भी खर्च के में व्यय या उम्मीदवार उसके जाता। नहीं बूथ शामिल चुनाव पर कियोस्क,,REF,same_as_gold,word,"{""shuffle_type"": ""uniform_random"", ""word_order_preserved"": false}","{""fluency_checked"": false, ""label_consistent"": true, ""meaning_preserved"": false}",
472,CA_WORD_03_Jumbling,hi,तीसरे चरण के बाद 20 राज्यों और केंद्रशासित प्रदेशों के 283 संसदीय निर्वाचन क्षेत्रों में मतदान संपन्न हो चुका था।,पीआईबी की हिंदी विज्ञप्ति में तीसरे चरण के समापन तक 20 राज्यों/केंद्रशासित प्रदेशों और 283 संसदीय निर्वाचन क्षेत्रों में मतदान समाप्त होने की जानकारी है।,में बाद तीसरे के 20 संसदीय प्रदेशों के राज्यों और हो चुका केंद्रशासित 283 था। संपन्न मतदान चरण क्षेत्रों निर्वाचन,,SUP,same_as_gold,word,"{""shuffle_type"": ""uniform_random"", ""word_order_preserved"": false}","{""fluency_checked"": false, ""label_consistent"": true, ""meaning_preserved"": false}",
473,CA_WORD_03_Jumbling,hi,लेख में आपदा प्रभावित परिवारों के स्थायी पुनर्वास के लिए सरकार द्वारा तय की गई नई तिथि का उल्लेख है।,लेख में पुनर्वास की किसी निश्चित तिथि या समयसीमा का उल्लेख नहीं है।,लिए आपदा पुनर्वास की के द्वारा उल्लेख नई तय तिथि प्रभावित सरकार लेख के का है। में गई परिवारों स्थायी,,NEI,same_as_gold,word,"{""shuffle_type"": ""uniform_random"", ""word_order_preserved"": false}","{""fluency_checked"": false, ""label_consistent"": true, ""meaning_preserved"": false}",
474,CA_WORD_03_Jumbling,hi,रसोई में बर्तन पर पेशाब छिड़कने की घटना में फर्जी सांप्रदायिक दावा वायरल…,"बर्तन में पेशाब करती हिंदू नौकरानी का वीडियो फर्जी सांप्रदायिक दावे से किया जा रहा है शेयर सोशल मीडिया पर एक हैरान कर देने वाला वीडियो सांप्रदायिक दावे से साझा किया जा रहा है। वायरल वीडियो में दिखाई दे रहा है कि एक रसोई में एक महिला है जो एक गिलास में पेशाब करती दिख रही है। दावा किया जा रहा है वीडियो में दिख रही महिला एक मुस्लिम है जिसका नाम शकीना है और वो एक हिंदू के घर में इस घिनौनी वारदात को अंजाम दे रही थी। यूज़र ने कैप्शन में लिखा है… पेशाबवालीकामवालीशकीना…मामलाबिजनौरकाहैजहांएकहिंदूव्यापारीकेघरशकीनापिछलेकईवर्षोंसेखानाबनारहीथी.शकहोनेपरघरवालोंनेएककैमराछुपाकररखदियाफिरजोदेखागयावोआपकेसामनेहै.थूहै,इसमजहबीगंदगीपर फेसबुक पोस्ट।आर्काइव पोस्ट अनुसंधानसेपताचलताहैकि हमने वायरल वीडियो की पड़ताल में कीफ्रेम्स को रिवर्स इमेज सर्च किया। परिणाम में हमेंजिस्टके आधिकारिक इंस्टाग्राम हैंडल पर एक वीडियो रिपोर्ट मिली। इस रिपोर्ट में हम वायरल वीडियो को देख सकते हैं। साथ ही इसमें बताया गया है कि वीडियो में बिजनौर की एक नौकरानी को, जो लगभग दस सालों से एक व्यवसायी के परिवार के साथ काम कर रही थी, एक छिपे हुए कैमरे में परिवार के बर्तनों पर पेशाब करते हुए कैद होने के बाद गिरफ्तार किया। परिवार को हाल के हफ़्तों में उसके व्यवहार पर शक हुआ और उन्होंने कैमरा लगा दिया, जिससे उसकी करतूत उजागर हो गई। अब नौकरानी को कानूनी कार्यवाही का सामना करना पड़ रहा है। 22 अगस्त 2025 कोटाइम्स ऑफ़ इंडियाकी छपी रिपोर्ट में वायरल वीडियो की एक स्क्रीन शॉट का इस्तेमाल किया गया है। रिपोर्ट में लिखा गया है कि, उत्तर प्रदेश के बिजनौर में पुलिस ने घरेलू सहायिका सामंत्रा को गिरफ्तार किया है। उसने नगीना में सत्यम के घर पर बर्तन साफ ​​करते समय उन पर पेशाब कर दिया था। घटना का एक वीडियो सोशल मीडिया पर वायरल होने के बाद यह कार्रवाई हुई थी। नगीना थाने के एसएचओ संजय कुमार ने गिरफ्तारी की पुष्टि की। जिसके बाद नौकरनी पर मामला दर्ज कर लिया गया है और जाँच जारी है। इस घटना से इलाके में आक्रोश फैल गया था। हमें इस घटना की विस्तृत वीडियो रिपोर्टन्यूज़18के यूट्यूब चैनल पर भी मिली। 22 अगस्त, 2025 को छपीपीटीआईकी एक रिपोर्ट के अनुसार , उत्तर प्रदेश के बिजनौर जिले के नगीना इलाके में एक घरेलू सहायिका को बर्तन साफ ​​करते समय उन पर पेशाब करने",फर्जी की बर्तन रसोई सांप्रदायिक में में छिड़कने पर पेशाब दावा घटना वायरल…,,REF,same_as_gold,word,"{""shuffle_type"": ""uniform_random"", ""word_order_preserved"": false}","{""fluency_checked"": false, ""label_consistent"": true, ""meaning_preserved"": false}",
475,CA_WORD_03_Jumbling,hi,Kay Kay Menon की 'आदर्श बाल विद्यालय' सीरीज अमेजन प्राइम पर रिलीज हो चुकी है।,TV9 भारतवर्ष के मुताबिक इतना ही पता चलता है कि के के मेनन स्टारर 'आदर्श बाल विद्यालय' अमेजन प्राइम पर रिलीज होते ही चर्चा में आ गई है. आगे कोई पुख्ता जानकारी नहीं मिलती।,रिलीज अमेजन हो Kay Kay चुकी प्राइम की पर है। बाल Menon सीरीज 'आदर्श विद्यालय',,NEI,same_as_gold,word,"{""shuffle_type"": ""uniform_random"", ""word_order_preserved"": false}","{""fluency_checked"": false, ""label_consistent"": true, ""meaning_preserved"": false}",
476,CA_WORD_03_Jumbling,hi,बंगाल के दुर्गापुर में खेती के जानवर ले जा रहे लोगों से मारपीट का वीडियो कसाइयों की गिरफ्तारी के भ्रामक दावे से वायरल।,"बंगाल में कसाइयों के पकड़े जाने का दावा पूरी तरह झूठ, वीडियो में दिख रहे पीड़ित असल में किसान थे। हाल के दिनों में पश्चिम बंगाल सरकार की तरफ से बकरीद के त्योहार को लेकर एक नई गाइडलाइन जारी की गई थी। जिसके तहत राज्य में बिना वैध स्वास्थ्य प्रमाणपत्र के पशु वध करने पर कानूनी रोक लगाने व खुले में पशुओं की कुर्बानी न देने के स्पष्ट निर्देश दिए गए थें। वहीं प्रशासन की तरफ से चेतावनी दी गई कि नियमों की अनदेखी करने या आदेश का उल्लंघन करने वाले लोगों के खिलाफ सख्त कानूनी कार्रवाई अमल में लाई जाएगी। इसी संदर्भ से जोड़ते हुए इंटरनेट पर एक वीडियो वायरल हुआ है, जिसमें कुछ लोगों की भीड़ मुस्लिम बुजुर्गों को रस्सी से बांधकर धमकाती व उनके साथ अभद्र व्यवहार करती दिख रही है। दावा किया जा रहा है कि बंगाल की नई बीजेपी सरकार में कुर्बानी के लिए अवैध तरीके से गाय बेचने आए कसाइयों को पकड़ा गया और उन्हें पुलिस के हवाले कर दिया गया। वीडियो को फेसबुक पर इस कैप्शन के साथ साझा किया जा रहा है… चिच्चाभूलगएथेकिअबइनकीबाज़ीसरकारमेंनहींहै..बंगालमेंकुर्बानीकेलिएगायबेचनेआयेदोकसाइयोंकोगौपुत्रोंनेरंगेहाथोंपकड़लिया…दोनोंकेपासनतोगायकामालिकहोनेकाकोईप्रमाणथानहीखुदकेभारतीयहोनेका..हिन्दुओंनेदोनोंकोपुलिसकोसुपुर्दकिया। फेसबुक पोस्ट।आर्काइव पोस्ट अनुसंधानसेपताचलताहैकि… हमने जांच की शुरुआत में वायरल वीडियो से फ्रेम लेकर गूगल रिवर्स इमेज पर सर्च किया। परिणाम में हमेंThe Siasat Dailyके एक्स अकाउंट पर वायरल वीडियो मिला। यहां वीडियो को 3 अगस्त 2025 को शेयर किया गया है। पोस्ट में बताया गया है कि पश्चिम बंगाल के दुर्गापुर में शुक्रवार,1 अगस्त को कृषि उद्देश्यों के लिए मवेशियों को ले जा रहे मुस्लिम मवेशी व्यापारियों के एक समूह पर बीजेपी के कार्यकर्ताओं ने हमला कर दिया। उपद्रवियों के खिलाफ मामला दर्ज किया गया और दो लोगों को गिरफ्तारी हुई। https://twitter.com/TheSiasatDaily/status/1951998107497213996?s=20 फिर हमेंइंडिया टुडेकी रिपोर्ट मिली जो 2 अगस्त 2025 को प्रकाशित की गई थी। रिपोर्ट के अनुसार, दुर्गापुर में कोक ओवन पुलिस थाना क्षेत्र के अंतर्गत गैमन ब्रिज के पास हुई एक घटना के बाद तनाव बढ़ गया। असल में भाजपा युवा शाखा के सदस्यों ने कथित तौर पर मवेशियों से भरी एक पिकअप वैन को रोका और उसमें सवार लोगों पर हमला किया, उन्हे",के दुर्गापुर जानवर की रहे वायरल। लोगों कसाइयों मारपीट का वीडियो के खेती में बंगाल गिरफ्तारी दावे भ्रामक के जा से ले से,,REF,same_as_gold,word,"{""shuffle_type"": ""uniform_random"", ""word_order_preserved"": false}","{""fluency_checked"": false, ""label_consistent"": true, ""meaning_preserved"": false}",
477,CA_WORD_03_Jumbling,hi,नाइजीरिया में प्रदर्शन का वीडियो तमिलनाडु में बिहारी मजदूरों पर हो रहे अत्याचार के नाम से वायरल।,"वायरल वीडियो तमिलनाडु में बिहारी मजदूरों पर हो रहे अत्याचार का नहीं है बल्कि ये नाइजीरिया में नोट्बंदी के खिलाफ हो रहे विरोध प्रदर्शन का है। तमिलनाडु में बिहारी मजदूरों पर अत्याचारों कीख़बरोंके बीच सोशल मीडिया पर तरह तरह के असंबंधित वीडियो शेयर किए जा रहे हैं। इसी के चलते सोशल मीडिया पर एक वीडियो वायरल हो रहा है जिसमे हम लोगों को आगजनी की वजह से उठते धुएं के बीच इधर उधर भागते हुए देख सकते है। इस वीडियो को शेयर करते हुए दावा किया जा रहा है कि तमिलनाडु में बिहारी मजदूरों को भगा भगाकर हत्या की जा रही है। सोशल मीडिया पर वायरल वीडियो के कैप्शन में लिखा गया है की “तमिलनाडु के लोग बिहारियों को मार रहे हैं और हत्या भी कर रहे हैं।” इन्स्टाग्राम पोस्ट।आर्काइव लिंक अनुसंधान से पता चलता है की… जाँच की शुरुवात हमने वायरल वीडियो को छोटे फ्रेम्स में तोड़कर गूगल पर रिवर्स इमेज सर्च करने से की, परिणाम से हमें ये वीडियो फेसबुक पर 7 फरवरी को उपलब्ध मिला। इस वीडियो के कैप्शन में लिखा गया है कि ये वीडियो अफ्रीका के नाइजीरिया में ओगुन नामक एक राज्य के राजधानी से है जहाँ अबेओकुटा में नायरा के कमी के वजह से विरोध प्रदर्शन हुआ था। इस बात को ध्यान में रखा जाए की वायरल वीडियो और फेसबुक वीडियो एक जैसे नहीं है, बल्कि उनमें थोड़ा अंतर है। इस वीडियो को एक ही जगह से शॉट किया गया है, दोनों वीडियो में काफी समानताय देख सकते है। इस वीडियो कोसहारा रिपोर्टरने अपने आधिकारिक फेसबुक अकाउंट से शेयर किया है। इसके आलावा हमें इस घटना का एक और लम्बा वीडियो मिला जिसेओडूडूवा टीवी रेडियोके फेसबुक पेज पर अपलोड किया गया है। इस वीडियो को 7 फरवरी 2023 को इस कैप्शन के साथ अपलोड किया गया है – “ईंधन की कमी और नायरा की कमी के कारण अबेओकुटा में हो रहा है।” आगे हमने वायरल वीडियो में दिख रहे लोकेशन को गूगल मैप्स पर ढूँढा, जिसे आप नीचे देख सकते है। ये ब्रिज नाइजीरिया के अबेओकुटा शहर के शोपन मॉल के पास है। नीचे आप इस ब्रिज और वायरल वीडियो में दिख रहे दृश्यों की समानताए देख सकते है, जिससे हम स्पष्ट हो सकते है कि वायरल वीडियो नाइजीरिया से है नाकि तमिलनाडु से है। इस वीडियो के दुसरे वर्शन कोवीदिन नाइजीरियाने 7 फरवरी 2023 को नाइरा के कमी के कारण हो रहे विरोध प्रदर्शन के नाम से अपलोड किया गया है। नाइजीरिया में क्या हुआ है? नाइजीरिया",नाम वायरल। के से में हो प्रदर्शन नाइजीरिया पर रहे मजदूरों अत्याचार बिहारी में तमिलनाडु का वीडियो,,REF,same_as_gold,word,"{""shuffle_type"": ""uniform_random"", ""word_order_preserved"": false}","{""fluency_checked"": false, ""label_consistent"": true, ""meaning_preserved"": false}",
478,CA_WORD_03_Jumbling,hi,रैपर बादशाह को दुबई पुलिस ने ड्रग्स केस में हिरासत में लिया।,"आजतक फैक्ट चेक ने पाया कि वायरल वीडियो दुबई के एक क्लब इवेंट का था, जिसमें बादशाह सुरक्षा घेरे के साथ बाहर निकल रहे थे। पुलिस हिरासत या ड्रग्स केस से जुड़ी कोई पुष्ट रिपोर्ट सामने नहीं आई।",में को लिया। पुलिस में रैपर ने बादशाह हिरासत केस ड्रग्स दुबई,,REF,same_as_gold,word,"{""shuffle_type"": ""uniform_random"", ""word_order_preserved"": false}","{""fluency_checked"": false, ""label_consistent"": true, ""meaning_preserved"": false}",
479,CA_WORD_03_Jumbling,hi,लेख में बताया गया है कि हाथी पर्वत और मैठाणा में लैंड स्लाइड मिटिगेशन पूरी तरह असफल रहा।,लेख में इन दोनों स्थानों पर इस तकनीक के सफल होने की जानकारी दी गई है।,में में बताया लैंड गया स्लाइड मिटिगेशन है कि तरह रहा। मैठाणा लेख और हाथी पर्वत असफल पूरी,,REF,same_as_gold,word,"{""shuffle_type"": ""uniform_random"", ""word_order_preserved"": false}","{""fluency_checked"": false, ""label_consistent"": true, ""meaning_preserved"": false}",
480,CA_WORD_03_Jumbling,hi,अभिनेता असरानी ने हालिया चुनावों के दौरान भाजपा की आलोचना करते हुए यह वीडियो रिकॉर्ड किया था।,"वीडियो के प्रमुख फ्रेम की जांच से पता चला कि यह क्लिप चुनावों से पहले की है। इसे नए चुनावी घटनाक्रम से जोड़कर साझा किया गया, जबकि मूल वीडियो का उस चुनाव से कोई संबंध नहीं था",हुए अभिनेता भाजपा असरानी वीडियो रिकॉर्ड ने आलोचना था। करते के किया चुनावों की दौरान यह हालिया,,REF,same_as_gold,word,"{""shuffle_type"": ""uniform_random"", ""word_order_preserved"": false}","{""fluency_checked"": false, ""label_consistent"": true, ""meaning_preserved"": false}",
481,CA_WORD_03_Jumbling,hi,रणबीर कपूर 'धूम 4' में नजर आएंगे।,इंडिया टीवी ने केवल इतना बताया कि रणबीर कपूर ने हाल ही में अपने अपकमिंग प्रोजेक्ट्स के बारे में बात की। बाकी विवरण अनुपलब्ध है।,रणबीर 'धूम 4' कपूर आएंगे। नजर में,,NEI,same_as_gold,word,"{""shuffle_type"": ""uniform_random"", ""word_order_preserved"": false}","{""fluency_checked"": false, ""label_consistent"": true, ""meaning_preserved"": false}",
482,CA_WORD_03_Jumbling,hi,तकनीकी कारणों के चलते पायलट ने इमरजेंसी लैंडिंग का फैसला लिया था।,लेख में तकनीकी कारणों से पायलट द्वारा इमरजेंसी लैंडिंग का निर्णय लेने का उल्लेख है।,ने था। इमरजेंसी फैसला के लैंडिंग पायलट चलते तकनीकी लिया कारणों का,,SUP,same_as_gold,word,"{""shuffle_type"": ""uniform_random"", ""word_order_preserved"": false}","{""fluency_checked"": false, ""label_consistent"": true, ""meaning_preserved"": false}",
483,CA_WORD_03_Jumbling,hi,"मतदाता पंजीकरण का आवेदन संबंधित ईआरओ/एईआरओ को, डाक से, बीएलओ के माध्यम से या ऑनलाइन दायर किया जा सकता है।","निर्वाचन आयोग के FAQ में आवेदन जमा करने के लिए ईआरओ/एईआरओ, डाक, बीएलओ और ऑनलाइन माध्यमों का विवरण दिया गया है।","से, को, ऑनलाइन या किया है। से बीएलओ जा संबंधित डाक के ईआरओ/एईआरओ सकता आवेदन पंजीकरण माध्यम का दायर मतदाता",,SUP,same_as_gold,word,"{""shuffle_type"": ""uniform_random"", ""word_order_preserved"": false}","{""fluency_checked"": false, ""label_consistent"": true, ""meaning_preserved"": false}",
484,CA_WORD_03_Jumbling,hi,'वेलकम टू द जंगल' फिल्म का 30 दिनों का कलेक्शन अज्ञात है।,एबीपी न्यूज़ की रिपोर्ट में सिर्फ इतना बताया गया कि अक्षय कुमार की कॉमेडी फिल्म 'वेलकम टू द जंगल' की रिलीज को 30 दिनों का वक्त हो गया है. तारीख या आंकड़ों का उल्लेख नहीं है।,टू 'वेलकम द दिनों है। फिल्म का कलेक्शन का जंगल' अज्ञात 30,,NEI,same_as_gold,word,"{""shuffle_type"": ""uniform_random"", ""word_order_preserved"": false}","{""fluency_checked"": false, ""label_consistent"": true, ""meaning_preserved"": false}",
485,CA_WORD_03_Jumbling,hi,लगातार बारिश के बावजूद डाकपत्थर बैराज का कोई भी गेट नहीं खोला गया।,लेख में इसके विपरीत सभी गेट खोले जाने की जानकारी दी गई है।,गेट बारिश नहीं बावजूद लगातार भी के खोला डाकपत्थर बैराज गया। कोई का,,REF,same_as_gold,word,"{""shuffle_type"": ""uniform_random"", ""word_order_preserved"": false}","{""fluency_checked"": false, ""label_consistent"": true, ""meaning_preserved"": false}",
486,CA_WORD_03_Jumbling,hi,डिजिटल कृषि मिशन के तहत 7.63 करोड़ से अधिक किसान आईडी बनाई गई थीं।,पीआईबी की हिंदी विज्ञप्ति में डिजिटल कृषि मिशन के अंतर्गत 7.63 करोड़ से अधिक किसान आईडी बनाए जाने का उल्लेख है।,से के डिजिटल कृषि बनाई गई तहत मिशन अधिक करोड़ थीं। आईडी किसान 7.63,,SUP,same_as_gold,word,"{""shuffle_type"": ""uniform_random"", ""word_order_preserved"": false}","{""fluency_checked"": false, ""label_consistent"": true, ""meaning_preserved"": false}",
487,CA_WORD_03_Jumbling,hi,भारत में ईवीएम निजी कंपनियां बनाती हैं।,निर्वाचन आयोग के अनुसार ईवीएम भारत इलेक्ट्रॉनिक्स लिमिटेड और इलेक्ट्रॉनिक्स कॉरपोरेशन ऑफ इंडिया लिमिटेड जैसे सार्वजनिक उपक्रमों द्वारा बनाई जाती हैं।,में निजी कंपनियां बनाती हैं। भारत ईवीएम,,REF,same_as_gold,word,"{""shuffle_type"": ""uniform_random"", ""word_order_preserved"": false}","{""fluency_checked"": false, ""label_consistent"": true, ""meaning_preserved"": false}",
488,CA_WORD_03_Jumbling,hi,शाहरुख खान ने अपने आधिकारिक एक्स अकाउंट से छात्रों के समर्थन में वायरल हो रहा संदेश स्वयं पोस्ट किया था।,तथ्य-जांच के दौरान संबंधित पोस्ट अभिनेता के सत्यापित एक्स अकाउंट पर नहीं मिली। रिपोर्ट में स्पष्ट किया गया कि प्रसारित स्क्रीनशॉट वास्तविक नहीं है।,खान से में आधिकारिक रहा समर्थन किया ने संदेश शाहरुख था। हो स्वयं एक्स छात्रों अपने अकाउंट पोस्ट वायरल के,,REF,same_as_gold,word,"{""shuffle_type"": ""uniform_random"", ""word_order_preserved"": false}","{""fluency_checked"": false, ""label_consistent"": true, ""meaning_preserved"": false}",
489,CA_WORD_03_Jumbling,hi,असम में भारी बारिश के बावजूद किसी भी प्रकार का भूस्खलन नहीं हुआ।,लेख में स्पष्ट रूप से कई स्थानों पर लैंडस्लाइड होने का उल्लेख है।,हुआ। असम प्रकार भारी का नहीं के भी भूस्खलन बावजूद बारिश में किसी,,REF,same_as_gold,word,"{""shuffle_type"": ""uniform_random"", ""word_order_preserved"": false}","{""fluency_checked"": false, ""label_consistent"": true, ""meaning_preserved"": false}",
490,CA_WORD_03_Jumbling,hi,प्रियंका चोपड़ा 'वाराणसी' की शूटिंग के लिए हैदराबाद पहुंचीं।,"TV9 भारतवर्ष के मुताबिक, प्रियंका चोपड़ा अपनी अपकमिंग फिल्म 'वाराणसी' की शूटिंग के लिए हैदराबाद पहुंच गई हैं.",लिए के 'वाराणसी' की पहुंचीं। शूटिंग चोपड़ा प्रियंका हैदराबाद,,SUP,same_as_gold,word,"{""shuffle_type"": ""uniform_random"", ""word_order_preserved"": false}","{""fluency_checked"": false, ""label_consistent"": true, ""meaning_preserved"": false}",
491,CA_WORD_03_Jumbling,hi,लेख में मलबे से हुए कुल आर्थिक नुकसान की आधिकारिक राशि बताई गई है।,लेख में किसी कुल आर्थिक नुकसान की आधिकारिक राशि का उल्लेख नहीं है।,हुए कुल में आधिकारिक की आर्थिक राशि है। लेख बताई नुकसान मलबे से गई,,NEI,same_as_gold,word,"{""shuffle_type"": ""uniform_random"", ""word_order_preserved"": false}","{""fluency_checked"": false, ""label_consistent"": true, ""meaning_preserved"": false}",
492,CA_WORD_03_Jumbling,hi,ईवीएम का उपयोग किसी दूसरे देश में नहीं होता।,"निर्वाचन आयोग के स्पष्टीकरण के अनुसार अमेरिका, ब्राजील, नामीबिया और भूटान सहित अन्य देशों में भी इलेक्ट्रॉनिक वोटिंग मशीनों का उपयोग होता है।",देश होता। दूसरे नहीं उपयोग का में किसी ईवीएम,,REF,same_as_gold,word,"{""shuffle_type"": ""uniform_random"", ""word_order_preserved"": false}","{""fluency_checked"": false, ""label_consistent"": true, ""meaning_preserved"": false}",
493,CA_WORD_03_Jumbling,hi,तीसरे चरण के सात मई के प्रेस नोट में डाक मतपत्रों की अंतिम कुल संख्या 10 लाख बताई गई थी।,पीआईबी की हिंदी विज्ञप्ति केवल यह कहती है कि विस्तृत सांख्यिकीय आंकड़े जांच और पुनर्मतदान के बाद प्रकाशित होंगे; इसमें डाक मतपत्रों की अंतिम कुल संख्या नहीं दी गई है।,चरण मतपत्रों नोट डाक प्रेस तीसरे थी। सात अंतिम की मई के में संख्या बताई के लाख 10 कुल गई,,NEI,same_as_gold,word,"{""shuffle_type"": ""uniform_random"", ""word_order_preserved"": false}","{""fluency_checked"": false, ""label_consistent"": true, ""meaning_preserved"": false}",
494,CA_WORD_03_Jumbling,hi,लेख में बताया गया है कि भारतीय वायुसेना ने लाचेन में फंसे किसी भी पर्यटक को नहीं निकाला।,लेख में एमआई-17 हेलीकॉप्टरों द्वारा कई पर्यटकों को सुरक्षित निकाले जाने की जानकारी दी गई है।,किसी निकाला। लाचेन भारतीय लेख में को गया भी कि वायुसेना में पर्यटक है बताया ने फंसे नहीं,,REF,same_as_gold,word,"{""shuffle_type"": ""uniform_random"", ""word_order_preserved"": false}","{""fluency_checked"": false, ""label_consistent"": true, ""meaning_preserved"": false}",
495,CA_WORD_03_Jumbling,hi,"वर्ष 2014 से 2023 के अंत तक 1,562 पुराने और अनावश्यक कानून निरस्त किए जा चुके थे।","पीआईबी की वर्षांत समीक्षा 2023 में 2014 से अब तक 1,562 पुराने और अनावश्यक कानून निरस्त किए जाने का उल्लेख है।","थे। से 2014 तक अनावश्यक के कानून वर्ष अंत और निरस्त पुराने 2023 1,562 चुके जा किए",,SUP,same_as_gold,word,"{""shuffle_type"": ""uniform_random"", ""word_order_preserved"": false}","{""fluency_checked"": false, ""label_consistent"": true, ""meaning_preserved"": false}",
496,CA_WORD_03_Jumbling,hi,नसीरुद्दीन शाह ने ‘द केरला स्टोरी’ पर विवाद के बीच कहा था कि उन्होंने यह फिल्म नहीं देखी और देखने का इरादा भी नहीं है।,"रिपोर्ट में नसीरुद्दीन शाह के इंटरव्यू का हवाला दिया गया, जिसमें उन्होंने फिल्म पर चल रही बहस पर टिप्पणी की और कहा कि वे इसे देखने नहीं जा रहे। बयान को संदर्भ सहित प्रकाशित किया गया था।",विवाद नहीं पर स्टोरी’ इरादा ‘द नसीरुद्दीन था है। फिल्म कहा कि उन्होंने देखने यह भी केरला के का देखी और शाह नहीं ने बीच,,SUP,same_as_gold,word,"{""shuffle_type"": ""uniform_random"", ""word_order_preserved"": false}","{""fluency_checked"": false, ""label_consistent"": true, ""meaning_preserved"": false}",
497,CA_WORD_03_Jumbling,hi,प्रशासन ने लोगों से नदी-नालों के किनारे नहीं जाने की अपील की।,लेख में प्रशासन द्वारा यह अपील किए जाने का उल्लेख है।,लोगों ने जाने नहीं के प्रशासन से की। किनारे अपील नदी-नालों की,,SUP,same_as_gold,word,"{""shuffle_type"": ""uniform_random"", ""word_order_preserved"": false}","{""fluency_checked"": false, ""label_consistent"": true, ""meaning_preserved"": false}",
498,CA_WORD_03_Jumbling,hi,सरकार भविष्य में अग्निपथ योजना को 'सैनिक सम्मान योजना' नाम से लागू करेगी।,"न्यूज़चेकर हिंदी के साक्ष्य में मौजूदा वायरल दस्तावेज और उसमें बताए बदलावों को फर्जी कहा गया है, लेकिन भविष्य के किसी नीति-निर्णय का प्रमाण नहीं है।",में से लागू को सम्मान 'सैनिक अग्निपथ करेगी। नाम सरकार योजना भविष्य योजना',,NEI,same_as_gold,word,"{""shuffle_type"": ""uniform_random"", ""word_order_preserved"": false}","{""fluency_checked"": false, ""label_consistent"": true, ""meaning_preserved"": false}",
499,CA_WORD_03_Jumbling,hi,विराट कोहली ने सार्वजनिक रूप से घोषणा की कि वह अनुष्का शर्मा और बच्चों के साथ स्थायी रूप से लंदन शिफ्ट हो गए हैं।,"एबीपी न्यूज़ की रिपोर्ट में विराट-अनुष्का के लंदन में देखे जाने और शिफ्टिंग की अटकलों का उल्लेख था, लेकिन विराट कोहली की किसी आधिकारिक घोषणा का हवाला नहीं दिया गया। लेख ने इसे सोशल मीडिया चर्चा के रूप में पेश किया।",के कोहली रूप गए स्थायी और साथ कि लंदन घोषणा की हैं। से अनुष्का रूप से विराट वह बच्चों सार्वजनिक शर्मा ने हो शिफ्ट,,REF,same_as_gold,word,"{""shuffle_type"": ""uniform_random"", ""word_order_preserved"": false}","{""fluency_checked"": false, ""label_consistent"": true, ""meaning_preserved"": false}",
500,CA_WORD_03_Jumbling,hi,खसरे वाले हर बच्चे में एक ही दिन चकत्ते दिखाई देते हैं।,"डब्ल्यूएचओ खसरे के लक्षणों और चकत्तों की चर्चा करता है, लेकिन हर बच्चे के लिए एक ही दिन की निश्चित समय-सीमा नहीं देता।",हर वाले दिन ही एक खसरे में बच्चे दिखाई चकत्ते देते हैं।,,NEI,same_as_gold,word,"{""shuffle_type"": ""uniform_random"", ""word_order_preserved"": false}","{""fluency_checked"": false, ""label_consistent"": true, ""meaning_preserved"": false}",
501,CA_WORD_03_Jumbling,hi,दिसंबर 2025 तक सुकन्या समृद्धि योजना में 4.53 करोड़ से अधिक खाते खोले जा चुके थे।,पीआईबी की हिंदी विज्ञप्ति में दिसंबर 2025 तक सुकन्या समृद्धि योजना के 4.53 करोड़ से अधिक खाते खोले जाने का उल्लेख है।,दिसंबर से जा तक सुकन्या में करोड़ 2025 खोले खाते चुके थे। योजना अधिक समृद्धि 4.53,,SUP,same_as_gold,word,"{""shuffle_type"": ""uniform_random"", ""word_order_preserved"": false}","{""fluency_checked"": false, ""label_consistent"": true, ""meaning_preserved"": false}",
502,CA_WORD_03_Jumbling,hi,टीबी संक्रमण घटाने में अच्छी तरह हवादार स्थान महत्वपूर्ण होते हैं।,डब्ल्यूएचओ स्वास्थ्य संस्थानों और अन्य संस्थानों में टीबी संक्रमण घटाने के लिए अच्छी तरह हवादार स्थानों को महत्वपूर्ण बताता है।,स्थान तरह संक्रमण महत्वपूर्ण में हैं। होते टीबी अच्छी घटाने हवादार,,SUP,same_as_gold,word,"{""shuffle_type"": ""uniform_random"", ""word_order_preserved"": false}","{""fluency_checked"": false, ""label_consistent"": true, ""meaning_preserved"": false}",
503,CA_WORD_03_Jumbling,hi,जमीन विवाद को लेकर दो पक्षों में हुई लड़ाई के वीडियो को सांप्रदायिक दावे से वायरल…,"बुर्का पहने एक महिला और एक शख्स के बीच  लड़ाई का एक वीडियो सोशल मीडिया पर तेजी से वायरल हो रहा है। इस वीडियो को सांप्रदायिक एंगल के साथ शेयर कर दावा किया जा रहा है कि प्रयागराज में  दबंगों ने एक मुस्लिम महिला पर खुलेआम तमंचा लहराया और फायरिंग की। वीडियो को शेयर कर यूजर सरकार पर निशाना साध रहे हैं। वायरल वीडियो के साथ यूजर ने लिखा है- प्रयागराज में मुस्लिम महिला पर दबंगो ने कथित तौर पर खुलेआम तमंचा लहराते हुए फायरिंग करदी, और मुख्यमंत्री का कहना है की प्रदेश अपराधमुक्त हो गया है। फेसबुक।आर्काइव अनुसंधान से पता चलता है कि… पड़ताल की शुरुआत में हमने वायरल  वीडियो के तस्वीरों का रिवर्स इमेज सर्च किया। परिणाम में वायरल वीडियो की तस्वीर  हमेंइंस्टाग्रामपर मिला। जानकारी के अनुसार, बुधवार को ईसीपुर चौराहे के पास जमीन के सौदे को लेकर दो पक्षों में कहासुनी हुई। विवाद बढ़ने पर मारपीट शुरू हो गई और इसी दौरान एक युवक ने तमंचे से फायरिंग कर दी। गोली एक युवक की जांघ में लगी, जिससे वह घायल हो गया। बताया जा रहा है कि जमीन के सौदे में एडवांस रकम देने के बावजूद रजिस्ट्री नहीं हो पाई थी। इसी बात को लेकर दोनों पक्षों के बीच लंबे समय से विवाद चल रहा था। सोमवार को पैसे मांगने पर यह विवाद हिंसक रूप ले लिया। मिली जानकारी की मदद लेते हुए अधिक सर्च करने पर वायरल वीडियो की  रिपोर्ट हमें‘दैनिक भास्कर’की वेबसाइट पर मिली। इस रिपोर्ट को 2 दिन पहले प्रकाशित किया गया था। रिपोर्ट के अनुसार, घटना प्रयागराज बहादुरपुर के झूंसी थाना क्षेत्र की है। घटना दो पक्षों के बीच पैसों और जमीन को लेकर हुए विवाद का है। दरअसल, दोनों पक्ष जमीन लेन-देन का सौदा कर रहे थे। एक पक्ष ने जमीन खरीदने के लिए एडवांस रकम भी दे दी थी, लेकिन फिर भी रजिस्ट्री नहीं हो पाई थी। इसी को लेकर दोनों के बीच हुए विवाद ने हिंसक रूप ले लिया। हमें दावे से जुड़े ‘प्रयागराज न्यूज़’ की एक रिपोर्ट भी मिली, जिसमें इस घटना का पूरा ब्योरा और आरोपियों की पहचान बताई गई थी। रिपोर्ट के अनुसार आरोपियों की पहचान इस प्रकार हुई, 1. सोनू उर्फ समसुद्दीन अहमद (32) पुत्र स्वर्गीय फरमूद अहमद उर्फ बच्चे, निवासी इसीपुर मलावा खुर्द, झूंसी थाना क्षेत्र, जिला प्रयागराज। 2. इंजमाम (26) पुत्र कमरुल हसन उर्फ गुडडू निवासी 123 सदियाबाद बड़ा बघाड़ा, कर्नलगंज थाना क्षेत्र, ज",लेकर पक्षों से हुई के को जमीन वीडियो दावे में विवाद दो वायरल… को सांप्रदायिक लड़ाई,,REF,same_as_gold,word,"{""shuffle_type"": ""uniform_random"", ""word_order_preserved"": false}","{""fluency_checked"": false, ""label_consistent"": true, ""meaning_preserved"": false}",
504,CA_WORD_03_Jumbling,hi,अंगूर के बीज का अर्क कैंसर की रोकथाम करता है।,एनसीसीआईएच के अनुसार अंगूर के बीज के अर्क सहित कई सप्लीमेंट के कैंसर-रोकथाम प्रभावों पर साक्ष्य इतने सीमित हैं कि निष्कर्ष नहीं निकाला जा सकता।,की का रोकथाम करता कैंसर अंगूर है। के अर्क बीज,,NEI,same_as_gold,word,"{""shuffle_type"": ""uniform_random"", ""word_order_preserved"": false}","{""fluency_checked"": false, ""label_consistent"": true, ""meaning_preserved"": false}",
505,CA_WORD_03_Jumbling,hi,अगरतला में प्रधानमंत्री आवास योजना-शहरी और ग्रामीण के तहत दो लाख से अधिक लाभार्थियों के लिए गृह प्रवेश कार्यक्रम की घोषणा की गई थी।,17 दिसंबर 2022 की विज्ञप्ति में पीएमएवाई-शहरी और ग्रामीण के तहत दो लाख से अधिक लाभार्थियों के लिए गृह प्रवेश कार्यक्रम का उल्लेख है।,आवास प्रवेश ग्रामीण घोषणा योजना-शहरी गृह तहत कार्यक्रम लाभार्थियों की की प्रधानमंत्री से लिए अगरतला थी। में लाख दो गई अधिक के के और,,SUP,same_as_gold,word,"{""shuffle_type"": ""uniform_random"", ""word_order_preserved"": false}","{""fluency_checked"": false, ""label_consistent"": true, ""meaning_preserved"": false}",
506,CA_WORD_03_Jumbling,hi,माइग्रेन का प्रभाव केवल दर्द तक सीमित रहता है।,डब्ल्यूएचओ माइग्रेन में प्रकाश के प्रति संवेदनशीलता का उल्लेख करता है।,सीमित है। रहता का तक प्रभाव दर्द माइग्रेन केवल,,REF,same_as_gold,word,"{""shuffle_type"": ""uniform_random"", ""word_order_preserved"": false}","{""fluency_checked"": false, ""label_consistent"": true, ""meaning_preserved"": false}",
507,CA_WORD_03_Jumbling,hi,Karnataka: शिमोगा सरकारी कॉलेज में तिरंगा हटाकर नहीं लहराया गया भगवा झंड़ा,"Byline- शिमोगा के गवर्नमेंट फर्स्ट ग्रेड कॉलेज के प्रिंसिपल और शिमोगा पुलिस अधीक्षक (एसपी) ने फैक्ट क्रेसेंडो को पुष्टि करते हुए कहा कि कॉलेज में खंबे पर तिरंगा ध्वज नहीं था। कर्नाटक में मुस्लिम छात्राओं ने हिजाब पहनने का मुद्दा गरमाता जा रहा है। हिजाब विवाद के चलते मंगलवार को राज्य के विविध शहरों में हिंसा भी शुरु हो गयी। शिमोगा शहर के सरकारी कॉलेज में तो कुछ छात्रों ने पोल पर भगवा झंडा फहराने का वीडियो भी सामने आया। इस वीडियो को लेकर दावा किया जा रहा है कि इन छात्रों ने कॉलेज में तिरंगा ध्वज उतार के भगवा झंडा फहराया। Was the tricolour replaced with a saffron flag in Shivamogga college, as alleged by Karnataka Cong chief DK Shivakumar? He takes my questions on this and the Karnataka campus hijab face-off live:pic.twitter.com/cwlssLoI3X आर्काइव लिंक #KarnatakaHijabRow@INCKarnatakapresident@DKShivakumarhas tweeted saying replacing National flag with Saffron flag at#Shimogais a breakdown of law and order.And the college should be closed for a week.pic.twitter.com/0Rr3RL4cyn आर्काइव लिंक The situation in some Karnataka educational institutions has gone so out of hand that in one case the National flag was replaced by a saffron flag. I think the affected institutions should be closed for a week to restore law and order. Teaching can continue online. अनुसंधान से पता चलता है कि… इस वीडियो के बारे में पूरी जानकारी लेने के लिए फैक्ट क्रेसेंडो ने शिमोगा के गवर्नमेंट फर्स्ट ग्रेड कॉलेज केप्रिंसिपलधनंजय बीआर से संपर्क किया। वे उस समय घटनास्थल पर मौजूद थे। उन्होंने बताया कि जब ये छात्र भगवा झंडा फहराने के लिए पोल पर चढ़ रहे थे तब पोल पर तिरंगा झंडा नहीं था। वो पोल खाली था। हालांकि छात्रोंने भगवा झंड़ा तो लहराया पर उसे लगाने के लिए राष्ट्रीय ध्वज उतारा नहीं था। उन्होंने फैक्ट क्रेसेंडो के साथ भगवा झंडा फहराने से पहले की एक तस्वीर भी शेयर की है। उसमें साफ दिखता है कि खंबे पर तिरंगा नहीं था। आगे फैक्ट क्रेसेंडो ने शिमोगा के पुलिस अधीक्षक बी.एम. लक्ष्मी प्रसाद से बातचीत की। उन्होंने बताया कि राष्ट्रीय ध्वज को भगवे झंड़े से नहीं बदला गया था। भगवा झंडा फहराने के बाद प्रदर्शनकारियों स",Karnataka: भगवा लहराया हटाकर शिमोगा झंड़ा नहीं कॉलेज गया तिरंगा में सरकारी,,REF,same_as_gold,word,"{""shuffle_type"": ""uniform_random"", ""word_order_preserved"": false}","{""fluency_checked"": false, ""label_consistent"": true, ""meaning_preserved"": false}",
508,CA_WORD_03_Jumbling,hi,टी ट्री ऑयल एथलीट फुट को हर मामले में ठीक कर देता है।,"एनसीसीआईएच के अनुसार कुछ अध्ययनों में टी ट्री ऑयल से एथलीट फुट के लक्षणों में लाभ का संकेत मिला है, लेकिन परिणाम सीमित हैं और पूर्ण इलाज निश्चित नहीं है।",मामले एथलीट ठीक ट्री फुट देता ऑयल कर हर है। में टी को,,NEI,same_as_gold,word,"{""shuffle_type"": ""uniform_random"", ""word_order_preserved"": false}","{""fluency_checked"": false, ""label_consistent"": true, ""meaning_preserved"": false}",
509,CA_WORD_03_Jumbling,hi,"राजस्थान के भीलवाड़ा में खाद्य सुरक्षा विभाग ने 'शुद्ध आहार, मिलावट पर वार' अभियान के तहत रामस्नेही जलपान गृह पर छापा मारकर मिर्च, तेल और नमकीन के नमूने जब्त किए।","विभाग ने लालमिर्च पाउडर, रिफाइंड सोयाबीन तेल और नमकीन के नमूने लेकर उन्हें जांच के लिए अजमेर स्थित प्रयोगशाला भेजा है।","सुरक्षा ने पर मिर्च, आहार, रामस्नेही नमूने जब्त छापा के खाद्य तेल नमकीन तहत मिलावट विभाग राजस्थान जलपान में किए। के और के अभियान वार' पर मारकर भीलवाड़ा गृह 'शुद्ध",,SUP,same_as_gold,word,"{""shuffle_type"": ""uniform_random"", ""word_order_preserved"": false}","{""fluency_checked"": false, ""label_consistent"": true, ""meaning_preserved"": false}",
510,CA_WORD_03_Jumbling,hi,"बजरंग दल ने बांग्लादेश में फहराया भगवा? नहीं, वीडियो ओडिशा का  है  …","दिसंबर 2025 में, बांग्लादेश में कम से कम चार हिंदू पुरुषों की हत्या की खबरें आईं।इसी बीच सोशल मीडिया पर एक वीडियो वायरल हो रहा है।  वीडियो में काले कपड़े पहने हुआ एक शख्स एक बिल्डिंग में लगे होर्डिंग पर चढ़ा दिखाई देता है। वो एक हरे रंग का झंडा निकाल कर फेंक देता है।इसके बाद वो वहां भगवान हनुमान की फोटो वाला एक भगवा झंडा लगा देता है।वायरल वीडियो के साथ दावा किया जा रहा है कि बजरंग दल के सदस्यों ने बांग्लादेश में घुसकर वहां भगवा झंडा फहरा दिया। वायरल वीडियो के साथ यूजर ने लिखा है- बजरंग दल के शेर बांग्लादेश में घुसे, हिंदू सुरक्षा के लिए बड़ा ऐलान #bangladesh #save #hindu #bajrangdal फेसबुक।आर्काइव अनुसंधान से पता चलता है कि… पड़ताल की शुुरुआत में हमने देखा कि वायरल वीडियो में दुकानों के बोर्ड पर लिखे शब्द उल्टे नजर आ रहे हैं, यानी इसका दायां हिस्सा बाईं तरफ दिख रहा है। जब हमने इसे   फ्लिप किया तो समझ में आया कि इसमें  दुकानों के नाम उड़िया भाषा में लिखे हैं। वायरल वीडियो के तस्वीरों का रिवर्स इमेज सर्च किया, परिणाम में  वायरल वीडियो की खबर हमें  6 अक्टूबर 2025 की ChotaNews App की एकX पोस्टमिली। इस पोस्ट में वही वीडियो दूसरे वीडियो के साथ था, और इसके डिस्क्रिप्शन के अनुसार, विजुअल्स में ओडिशा के कटक में दुर्गा विसर्जन के दौरान हुई झड़प दिखाई गई है। डीजे बजाने को लेकर दो ग्रुप के बीच लड़ाई हो गई, जिसमें DCP ऋषिकेश खिलारी समेत छह लोग घायल हो गए। झड़प के दौरान पत्थर फेंके गए, गाड़ियों में आग लगा दी गई, और कटक पुलिस ने प्रदर्शनकारियों को तितर-बितर करने और स्थिति को कंट्रोल में लाने के लिए दखल दिया। దుర్గాదేవి నిమజ్జనంలో ఘర్షణ.. డీజే పెట్టడంపై ఇరు వర్గాల గొడవఒడిశాలోని కటక్‌‌లో దుర్గా నిమజ్జనం సందర్భంగా డీజే పెట్టడంపై రెండు వర్గాల మధ్య మొదలైన గొడవఘర్షణలో డీసీపీ రిషికేశ్‌ ఖిలారీతో సహా ఆరుగురికి గాయాలు   ఒకరిపై ఒకరు రాళ్లదాడికి తెగబడి.. వాహనాలకు నిప్పుఆందోళనకారులను…pic.twitter.com/HrCOZ0vXiq पड़ताल में आगे हमें सुशील स्वाधीन साहू नाम के एक यूजर का चैनल मिला।  5 अक्टूबर 2025 को  स्वाधीन ने यूट्यूब पर वायरल वीडियो शेयर किया था। यहां वीडियो के साथ कैप्शन में लिखा है, ‘ ‘कटक हिंदू मुस्लिम दंगा। जांच में हमेंद टाइम्स ऑफ़ इण्डिया में वायरल वीडियो का खबर मिला। प्रकाशित खबर के अनुसा","में बांग्लादेश नहीं, बजरंग का ने फहराया है भगवा? दल … वीडियो ओडिशा",,REF,same_as_gold,word,"{""shuffle_type"": ""uniform_random"", ""word_order_preserved"": false}","{""fluency_checked"": false, ""label_consistent"": true, ""meaning_preserved"": false}",
511,CA_WORD_03_Jumbling,hi,प्रधानमंत्री कौशल विकास योजना 2015 में शुरू की गई थी।,पीआईबी की हिंदी विज्ञप्ति प्रधानमंत्री कौशल विकास योजना को 2015 में शुरू की गई रोजगार और उद्यमिता से जुड़ी प्रमुख कौशल-विकास पहल बताती है।,कौशल थी। में विकास प्रधानमंत्री गई की 2015 योजना शुरू,,SUP,same_as_gold,word,"{""shuffle_type"": ""uniform_random"", ""word_order_preserved"": false}","{""fluency_checked"": false, ""label_consistent"": true, ""meaning_preserved"": false}",
512,CA_WORD_03_Jumbling,hi,सेंट जॉन्स वॉर्ट एंटीडिप्रेसेंट दवाओं के प्रभाव में कभी हस्तक्षेप नहीं करता।,एनसीसीआईएच के अनुसार सेंट जॉन्स वॉर्ट एंटीडिप्रेसेंट सहित दवाओं के साथ ऐसी अंतःक्रिया कर सकता है जो उनके इच्छित प्रभाव में बाधा डाले।,हस्तक्षेप करता। जॉन्स कभी नहीं के वॉर्ट प्रभाव सेंट में एंटीडिप्रेसेंट दवाओं,,NEI,same_as_gold,word,"{""shuffle_type"": ""uniform_random"", ""word_order_preserved"": false}","{""fluency_checked"": false, ""label_consistent"": true, ""meaning_preserved"": false}",
513,CA_WORD_03_Jumbling,hi,मनीष तिवारी ने विधेयक का पूर्ण समर्थन किया और किसी प्रकार की आपत्ति नहीं जताई।,लेख में मनीष तिवारी द्वारा विधेयक का विरोध और कई आपत्तियां दर्ज करने का उल्लेख है।,प्रकार किसी किया मनीष पूर्ण का आपत्ति समर्थन विधेयक तिवारी ने की और नहीं जताई।,,REF,same_as_gold,word,"{""shuffle_type"": ""uniform_random"", ""word_order_preserved"": false}","{""fluency_checked"": false, ""label_consistent"": true, ""meaning_preserved"": false}",
514,CA_WORD_03_Jumbling,hi,ऑपरेशन सिंदूर पर राज्यसभा में विशेष चर्चा 29 और 30 जुलाई 2025 को हुई।,संसदीय कार्य मंत्रालय की पीआईबी समीक्षा में ऑपरेशन सिंदूर पर राज्यसभा में 29 और 30 जुलाई 2025 को विशेष चर्चा होने का उल्लेख है।,हुई। 2025 राज्यसभा विशेष चर्चा को पर में और ऑपरेशन सिंदूर 30 जुलाई 29,,SUP,same_as_gold,word,"{""shuffle_type"": ""uniform_random"", ""word_order_preserved"": false}","{""fluency_checked"": false, ""label_consistent"": true, ""meaning_preserved"": false}",
515,CA_WORD_03_Jumbling,hi,महाराजगंज पुलिस ने साइबर ठगी करने वाले अंतरराज्यीय गिरोह के पांच आरोपियों को गिरफ्तार किया।,"पुलिस ने पांच आरोपियों को गिरफ्तार कर 318 मोबाइल फोन, मदरबोर्ड, बाइक और नकदी बरामद की।",पुलिस ठगी गिरफ्तार किया। ने आरोपियों अंतरराज्यीय गिरोह को साइबर करने महाराजगंज के वाले पांच,,SUP,same_as_gold,word,"{""shuffle_type"": ""uniform_random"", ""word_order_preserved"": false}","{""fluency_checked"": false, ""label_consistent"": true, ""meaning_preserved"": false}",
516,CA_WORD_03_Jumbling,hi,दुर्ग जिले में पुलिस ने गांजा तस्करी के खिलाफ कार्रवाई करते हुए खुर्सीपार और छावनी थाना क्षेत्र में छापेमारी कर 7 तस्करों को गिरफ्तार किया।,छापेमारी के दौरान पुलिस ने आरोपियों से लाखों रुपये मूल्य के मादक पदार्थ और नशीली दवाएं जब्त कीं।,गांजा खिलाफ के दुर्ग तस्करों करते और गिरफ्तार क्षेत्र छावनी छापेमारी जिले में को ने पुलिस तस्करी 7 किया। में हुए थाना खुर्सीपार कार्रवाई कर,,SUP,same_as_gold,word,"{""shuffle_type"": ""uniform_random"", ""word_order_preserved"": false}","{""fluency_checked"": false, ""label_consistent"": true, ""meaning_preserved"": false}",
517,CA_WORD_03_Jumbling,hi,हर सड़क पर एक ही गति सीमा दुर्घटनाओं की रोकथाम के लिए सर्वोत्तम है।,"डब्ल्यूएचओ गति प्रबंधन के महत्व की चर्चा करता है, लेकिन सभी सड़कों के लिए एक ही गति सीमा को सर्वोत्तम नहीं बताता।",सीमा रोकथाम दुर्घटनाओं है। ही एक सड़क की गति सर्वोत्तम लिए के हर पर,,NEI,same_as_gold,word,"{""shuffle_type"": ""uniform_random"", ""word_order_preserved"": false}","{""fluency_checked"": false, ""label_consistent"": true, ""meaning_preserved"": false}",
518,CA_WORD_03_Jumbling,hi,पूरक स्वास्थ्य पद्धतियों की प्रभावशीलता पर सभी वैज्ञानिक प्रश्न हल हो चुके हैं।,"एनसीसीआईएच के अनुसार कई पूरक पद्धतियों की सुरक्षा, प्रभावशीलता और कार्यविधि के बारे में अभी अनेक अनुत्तरित प्रश्न हैं।",वैज्ञानिक चुके हल पूरक सभी प्रभावशीलता पद्धतियों हैं। पर की हो प्रश्न स्वास्थ्य,,NEI,same_as_gold,word,"{""shuffle_type"": ""uniform_random"", ""word_order_preserved"": false}","{""fluency_checked"": false, ""label_consistent"": true, ""meaning_preserved"": false}",
519,CA_WORD_03_Jumbling,hi,मुक्त शर्करा का अधिक सेवन दंत क्षय के जोखिम से जुड़ा है।,डब्ल्यूएचओ मुक्त शर्करा के अधिक सेवन को दंत क्षय का प्रमुख जोखिम कारक बताता है।,का शर्करा है। सेवन जोखिम के जुड़ा अधिक मुक्त दंत क्षय से,,SUP,same_as_gold,word,"{""shuffle_type"": ""uniform_random"", ""word_order_preserved"": false}","{""fluency_checked"": false, ""label_consistent"": true, ""meaning_preserved"": false}",
520,CA_WORD_03_Jumbling,hi,लहसुन के सप्लीमेंट उच्च रक्तचाप वाले लोगों में रक्तचाप को चिकित्सकीय रूप से महत्वपूर्ण मात्रा में कम करते हैं।,"एनसीसीआईएच के अनुसार सीमित साक्ष्य बताते हैं कि लहसुन रक्तचाप को थोड़ी मात्रा में कम कर सकता है, लेकिन प्रभाव की मात्रा और महत्व पर साक्ष्य सीमित हैं।",के में रक्तचाप मात्रा महत्वपूर्ण वाले हैं। में सप्लीमेंट से लहसुन रक्तचाप को चिकित्सकीय कम लोगों रूप करते उच्च,,NEI,same_as_gold,word,"{""shuffle_type"": ""uniform_random"", ""word_order_preserved"": false}","{""fluency_checked"": false, ""label_consistent"": true, ""meaning_preserved"": false}",
521,CA_WORD_03_Jumbling,hi,"केंद्र सरकार भविष्य में 'महिला वर्क फ्रॉम होम योजना' के अंतर्गत 25,000 रुपये मासिक सहायता की नई योजना शुरू करेगी।","एशियानेट न्यूज़ हिंदी में मौजूदा वायरल योजना को फर्जी बताया गया है, किंतु भविष्य में ऐसी किसी नई योजना की घोषणा या अस्वीकृति का साक्ष्य नहीं है।","फ्रॉम 25,000 रुपये सहायता वर्क में अंतर्गत सरकार योजना' होम शुरू की मासिक 'महिला योजना केंद्र के करेगी। भविष्य नई",,NEI,same_as_gold,word,"{""shuffle_type"": ""uniform_random"", ""word_order_preserved"": false}","{""fluency_checked"": false, ""label_consistent"": true, ""meaning_preserved"": false}",
522,CA_WORD_03_Jumbling,hi,मथुरा में साइबर ठगों के खिलाफ अभियान में 130 लोगों को पकड़ा गया।,"पुलिस ने कई गांवों में छापेमारी कर 130 लोगों को हिरासत में लिया तथा मोबाइल, टैबलेट और लैपटॉप बरामद किए।",गया। साइबर पकड़ा 130 को में ठगों मथुरा अभियान खिलाफ लोगों में के,,SUP,same_as_gold,word,"{""shuffle_type"": ""uniform_random"", ""word_order_preserved"": false}","{""fluency_checked"": false, ""label_consistent"": true, ""meaning_preserved"": false}",
523,CA_WORD_03_Jumbling,hi,"प्रधानमंत्री फसल बीमा योजना और पुनर्गठित मौसम आधारित फसल बीमा योजना के तहत 10,000 पैक्स प्रतिभागियों को प्रशिक्षण देने का प्रावधान है।","पीआईबी की हिंदी विज्ञप्ति में पीएमएफबीवाई/आरडब्ल्यूबीसीआईएस के तहत पैक्स के 10,000 प्रतिभागियों को प्रशिक्षित करने के लिए प्रशिक्षण कार्यक्रमों को मंजूरी मिलने की जानकारी दी गई है।","फसल 10,000 के प्रशिक्षण योजना प्रावधान प्रतिभागियों देने योजना और आधारित पैक्स तहत बीमा को है। मौसम बीमा पुनर्गठित प्रधानमंत्री फसल का",,SUP,same_as_gold,word,"{""shuffle_type"": ""uniform_random"", ""word_order_preserved"": false}","{""fluency_checked"": false, ""label_consistent"": true, ""meaning_preserved"": false}",
524,CA_WORD_03_Jumbling,hi,मणिपुर के विशेष मतदान केंद्रों पर मतदान वेबकास्टिंग या वीडियोग्राफी के तहत आयोजित किया गया था।,पीआईबी की विज्ञप्ति में मणिपुर के विशेष मतदान केंद्रों पर मतदान वेबकास्टिंग/वीडियोग्राफी के तहत आयोजित होने की बात है।,वीडियोग्राफी या मणिपुर गया मतदान के पर किया के था। विशेष केंद्रों वेबकास्टिंग आयोजित तहत मतदान,,SUP,same_as_gold,word,"{""shuffle_type"": ""uniform_random"", ""word_order_preserved"": false}","{""fluency_checked"": false, ""label_consistent"": true, ""meaning_preserved"": false}",
525,CA_WORD_03_Jumbling,hi,सलमान खान ने 2024 में अपनी संस्था के जरिए 500 करोड़ रुपये का दान करने की घोषणा की।,"नवभारत टाइम्स की रिपोर्ट में सलमान खान की चैरिटी गतिविधियों और बीइंग ह्यूमन से जुड़े कामों का उल्लेख है, पर 500 करोड़ रुपये की किसी नई घोषणा का प्रमाण नहीं दिया गया।",अपनी रुपये जरिए 2024 की करने करोड़ 500 दान की। में खान संस्था का के सलमान ने घोषणा,,REF,same_as_gold,word,"{""shuffle_type"": ""uniform_random"", ""word_order_preserved"": false}","{""fluency_checked"": false, ""label_consistent"": true, ""meaning_preserved"": false}",
526,CA_WORD_03_Jumbling,hi,प्रधानमंत्री आवास योजना-ग्रामीण का उद्देश्य बेघर तथा कच्चे या जीर्ण-शीर्ण घरों में रहने वाले लोगों को पक्का घर उपलब्ध कराना है।,पीआईबी की हिंदी विज्ञप्ति पीएमएवाई-जी का उद्देश्य बेघर परिवारों और कच्चे या जीर्ण-शीर्ण घरों में रहने वाले लोगों को बुनियादी सुविधाओं सहित पक्का घर देना बताती है।,वाले रहने उपलब्ध का घर आवास उद्देश्य कच्चे तथा जीर्ण-शीर्ण को घरों बेघर या में योजना-ग्रामीण पक्का प्रधानमंत्री कराना लोगों है।,,SUP,same_as_gold,word,"{""shuffle_type"": ""uniform_random"", ""word_order_preserved"": false}","{""fluency_checked"": false, ""label_consistent"": true, ""meaning_preserved"": false}",
527,CA_WORD_03_Jumbling,hi,वर्ष 2024 के दौरान संसद के दोनों सदनों ने 16 विधेयक पारित किए।,संसदीय कार्य मंत्रालय की पीआईबी वर्षांत समीक्षा 2024 में संसद के दोनों सदनों द्वारा 16 विधेयक पारित होने की जानकारी है।,पारित वर्ष 2024 दोनों 16 ने के किए। दौरान विधेयक के संसद सदनों,,SUP,same_as_gold,word,"{""shuffle_type"": ""uniform_random"", ""word_order_preserved"": false}","{""fluency_checked"": false, ""label_consistent"": true, ""meaning_preserved"": false}",
528,CA_WORD_03_Jumbling,hi,घर से मतदान कराने वाली टीम मतदाता के निवास पर सुरक्षा अधिकारियों के साथ जाती थी।,पीआईबी की विज्ञप्ति में मतदान अधिकारियों की समर्पित टीम के सुरक्षा अधिकारियों के साथ मतदाता के निवास पर जाने का वर्णन है।,कराने पर सुरक्षा अधिकारियों से निवास के थी। मतदान टीम घर जाती वाली साथ मतदाता के,,SUP,same_as_gold,word,"{""shuffle_type"": ""uniform_random"", ""word_order_preserved"": false}","{""fluency_checked"": false, ""label_consistent"": true, ""meaning_preserved"": false}",
529,CA_WORD_03_Jumbling,hi,"मतदाता सूची में पंजीकरण के लिए आवेदक का भारतीय नागरिक, 18 वर्ष या अधिक आयु का और संबंधित क्षेत्र का सामान्य निवासी होना आवश्यक है।","निर्वाचन आयोग के FAQ में पंजीकरण की शर्तें भारतीय नागरिकता, पात्र आयु और संबंधित क्षेत्र में सामान्य निवास बताई गई हैं।","का वर्ष भारतीय के मतदाता आवेदक सूची 18 नागरिक, और का संबंधित है। क्षेत्र निवासी पंजीकरण सामान्य अधिक लिए होना या में आयु आवश्यक का",,SUP,same_as_gold,word,"{""shuffle_type"": ""uniform_random"", ""word_order_preserved"": false}","{""fluency_checked"": false, ""label_consistent"": true, ""meaning_preserved"": false}",
530,CA_WORD_03_Jumbling,hi,"अठारहवीं लोकसभा के छठे सत्र में चुनाव सुधारों पर राज्यसभा में 11, 15 और 16 दिसंबर 2025 को चर्चा हुई।","पीआईबी की वर्षांत समीक्षा में राज्यसभा में 11, 15 और 16 दिसंबर 2025 को चुनाव सुधारों पर चर्चा होने का उल्लेख है।","लोकसभा पर में 2025 में को राज्यसभा चुनाव 16 दिसंबर छठे 11, और सुधारों के अठारहवीं 15 सत्र चर्चा हुई।",,SUP,same_as_gold,word,"{""shuffle_type"": ""uniform_random"", ""word_order_preserved"": false}","{""fluency_checked"": false, ""label_consistent"": true, ""meaning_preserved"": false}",
531,CA_WORD_03_Jumbling,hi,प्रधानमंत्री जन धन योजना का उद्देश्य प्रत्येक परिवार को बैंकिंग सुविधा उपलब्ध कराना है।,पीएमजेडीवाई के आधिकारिक हिंदी परिचय पृष्ठ में योजना का उद्देश्य बैंकिंग सेवाओं तक सार्वभौमिक पहुंच बताया गया है।,योजना को जन सुविधा है। उपलब्ध परिवार कराना बैंकिंग उद्देश्य का धन प्रत्येक प्रधानमंत्री,,SUP,same_as_gold,word,"{""shuffle_type"": ""uniform_random"", ""word_order_preserved"": false}","{""fluency_checked"": false, ""label_consistent"": true, ""meaning_preserved"": false}",
532,CA_WORD_03_Jumbling,hi,"सीजेपी के प्रदर्शन से जोड़कर वायरल हुआ महिलाओं के साथ पुलिस की हाथापाई का वीडियो, असल में देहरादून के पुराने मामले का है।","जंतर- मंतर पर दिल्ली पुलिस द्वारा महिला प्रदर्शनकारियों की पिटाई का नहीं, बल्कि अन्य मामले का है वायरल वीडियो। अभी हाल ही में 20 जुलाई को कॉकरोच जनता पार्टी (सीजेपी) की तरफ से ‘चलो संसद’ नाम से एक प्रदर्शन का आयोजन किया गया था, जिससे जोड़ते हुए सोशल मीडिया पर एक वीडियो वायरल हो रहा है। इसमें ट्रक के पास मौजूद कुछ महिलाओं और पुलिसकर्मियों के बीच धक्कामुक्की व मारपीट को दिखाया गया है। दावा किया जा रहा है कि यह वीडियो सीजेपी के तरफ से किए गए उसी प्रदर्शन का है, जिसमें पुलिसकर्मी महिला प्रदर्शनकारियों के साथ मारपीट कर रहे हैं। वीडियो के साथ कैप्शन लिखा गया है… रुबिकालियाकतयहखबरेंनहींदिखाओगी…दिल्लीपुलिसकेजवानलड़कियोंऔरऔरतोंकेसाथमारपीटकररहेहैं. फेसबुक पोस्ट।आर्काइव पोस्ट अनुसंधानसेपताचलताहैकि… हमने जांच की शुरुआत में वायरल वीडियो से कीफ्रेम लेकर उसे गूगल रिवर्स इमेज सर्च किया। परिणाम में हमेंiamvikasbaliyanनाम के इंस्टाग्राम अकाउंट पर यही वायरल वीडियो मिला, जिसे 15 अक्टूबर 2025 को अपलोड किया गया था।वीडियो से साथ लिखे कैप्शन के अनुसार, “उत्तराखंड की राजधानी देहरादून स्थित मोहब्बेवाला में एक ट्रक के मकान से टकराने के बाद विवाद हो गया था। हादसे में मकान क्षतिग्रस्त होने के बाद मकान मालिक महिला ने मुआवजे की मांग की। मांग पूरी नहीं होने पर महिला ने कथित तौर पर ट्रक में आग लगाने का प्रयास किया। मौके पर पहुंची पुलिस ने जब उसे रोकने की कोशिश की, तो महिला और पुलिसकर्मियों के बीच धक्का-मुक्की हुई।“ हमेंएबीपी न्यूज़की वेबसाइट पर 15 अक्टूबर 2025 को प्रकाशित एक रिपोर्ट मिली, जिसमें वायरल वीडियो से संबंधित दृश्य दिखाई देते हैं। जबकि रिपोर्ट के अनुसार, उत्तराखंड में देहरादून के मोहब्बेवाला में एक ट्रक मकान से टकराया, जिससे मकान को काफी नुकसान हुआ। मुआवजे की मांग पर महिला गुस्से में ट्रक जलाने की कोशिश करने लगी। लेकिन बातचीत इतनी बढ़ गई कि महिला गुस्से में आ गई। 15 अक्टूबर 2025 को प्रकाशितईटीवीकी रिपोर्ट के अनुसार, “देहरादून के पटेल नगर कोतवाली क्षेत्र में एक ट्रक आशारोड़ी से देहरादून की तरफ जा रहा था। तभी वह बेकाबू हो गया और एक घर की दीवार से टकरा गया। फिर पीड़ित परिवार की महिलाओं ने हंगामा करना शुरू कर दिया और उन्होंने ट्रक को आग लगाने का प्रयास किया। ऐसा करने से रोकने पर महिलाओं ने पु","सीजेपी पुलिस का है। के हाथापाई देहरादून के के जोड़कर में हुआ साथ की असल मामले वीडियो, पुराने से महिलाओं का वायरल प्रदर्शन",,REF,same_as_gold,word,"{""shuffle_type"": ""uniform_random"", ""word_order_preserved"": false}","{""fluency_checked"": false, ""label_consistent"": true, ""meaning_preserved"": false}",
533,CA_WORD_03_Jumbling,hi,फिल्म उद्योग से जुड़े लोगों की वायरल कोलाज तस्वीर में पोस्टरों पर लिखा संदेश बाद में डिजिटल रूप से जोड़ा गया था।,"रिवर्स सर्च के दौरान इस कोलाज के पुराने संस्करण मिले, जिनमें कलाकार अलग संदेश वाले पोस्टर लिए हुए दिखाई देते हैं। वायरल तस्वीर में पोस्टरों के मूल पाठ को संपादित कर नया संदेश जोड़ा गया था, जिससे उसका अर्थ बदल गया।",पोस्टरों कोलाज जुड़े उद्योग बाद जोड़ा गया से तस्वीर था। संदेश में लिखा में रूप फिल्म लोगों पर वायरल डिजिटल से की,,SUP,same_as_gold,word,"{""shuffle_type"": ""uniform_random"", ""word_order_preserved"": false}","{""fluency_checked"": false, ""label_consistent"": true, ""meaning_preserved"": false}",
534,CA_WORD_03_Jumbling,hi,"लोकसभा चुनाव 2024 के तीसरे चरण के लिए 95 संसदीय निर्वाचन क्षेत्रों में कुल 2,963 नामांकन दाखिल किए गए।","पीआईबी की हिंदी विज्ञप्ति में तीसरे चरण के 95 संसदीय निर्वाचन क्षेत्रों के लिए कुल 2,963 नामांकन दर्ज होने की जानकारी है।","में चुनाव लोकसभा नामांकन के चरण संसदीय लिए के कुल किए तीसरे गए। 2024 2,963 क्षेत्रों निर्वाचन दाखिल 95",,SUP,same_as_gold,word,"{""shuffle_type"": ""uniform_random"", ""word_order_preserved"": false}","{""fluency_checked"": false, ""label_consistent"": true, ""meaning_preserved"": false}",
535,CA_WORD_03_Jumbling,hi,लेख के अनुसार अगले सप्ताह राजस्थान और गुजरात में बिल्कुल भी बारिश नहीं होगी।,लेख के सार में इन क्षेत्रों में तेज बारिश का अनुमान बताया गया है।,में गुजरात भी और लेख नहीं बिल्कुल होगी। अनुसार राजस्थान अगले बारिश के सप्ताह,,REF,same_as_gold,word,"{""shuffle_type"": ""uniform_random"", ""word_order_preserved"": false}","{""fluency_checked"": false, ""label_consistent"": true, ""meaning_preserved"": false}",
536,CA_WORD_03_Jumbling,hi,आयुष्मान भारत डिजिटल मिशन का उद्देश्य राष्ट्रीय डिजिटल स्वास्थ्य इको-सिस्टम तैयार करना है।,पीआईबी के अनुसार 2021 में शुरू किए गए एबीडीएम का उद्देश्य देश भर में राष्ट्रीय डिजिटल स्वास्थ्य इको-सिस्टम बनाना है।,का राष्ट्रीय स्वास्थ्य इको-सिस्टम डिजिटल तैयार मिशन उद्देश्य है। भारत करना आयुष्मान डिजिटल,,SUP,same_as_gold,word,"{""shuffle_type"": ""uniform_random"", ""word_order_preserved"": false}","{""fluency_checked"": false, ""label_consistent"": true, ""meaning_preserved"": false}",
537,CA_WORD_03_Jumbling,hi,वयस्कों को टिटनेस और डिप्थीरिया से बचाव के लिए हर 10 साल में टिटनेस का बूस्टर शॉट (टीडी) लगवाना चाहिए।,सीडीसी (सीडीसी) टिटनेस और डिप्थीरिया से सुरक्षा बनाए रखने के लिए वयस्कों को हर 10 साल में एक टीडी या टीडीएपी बूस्टर शॉट लगवाने की सिफारिश करता है।,हर में टिटनेस टिटनेस लिए से को 10 साल और लगवाना शॉट (टीडी) चाहिए। के बूस्टर बचाव वयस्कों का डिप्थीरिया,,SUP,same_as_gold,word,"{""shuffle_type"": ""uniform_random"", ""word_order_preserved"": false}","{""fluency_checked"": false, ""label_consistent"": true, ""meaning_preserved"": false}",
538,CA_WORD_03_Jumbling,hi,मोरक्को सरकार ने हादसे के पीड़ित परिवारों के लिए विशेष वित्तीय राहत पैकेज की घोषणा की।,लेख में किसी वित्तीय राहत पैकेज की घोषणा का उल्लेख नहीं है।,लिए मोरक्को राहत हादसे पैकेज ने विशेष सरकार के परिवारों की। पीड़ित घोषणा की के वित्तीय,,NEI,same_as_gold,word,"{""shuffle_type"": ""uniform_random"", ""word_order_preserved"": false}","{""fluency_checked"": false, ""label_consistent"": true, ""meaning_preserved"": false}",
539,CA_WORD_03_Jumbling,hi,मतदाता सूचना पर्ची को मतदान के लिए पहचान के प्रमाण के रूप में स्वीकार किया जाता है।,पीआईबी की हिंदी विज्ञप्ति स्पष्ट कहती है कि मतदाता सूचना पर्ची को मतदाता की पहचान के प्रमाण के रूप में स्वीकार नहीं किया जाएगा।,के के स्वीकार लिए में पर्ची रूप मतदान है। प्रमाण किया मतदाता के सूचना पहचान जाता को,,REF,same_as_gold,word,"{""shuffle_type"": ""uniform_random"", ""word_order_preserved"": false}","{""fluency_checked"": false, ""label_consistent"": true, ""meaning_preserved"": false}",
540,CA_WORD_03_Jumbling,hi,घर से मतदान की व्यवस्था में मतदान की गोपनीयता की रक्षा के लिए कोई निर्देश नहीं हैं।,"निर्वाचन आयोग के अनुसार घर से मतदान में गोपनीयता की रक्षा के निर्देश दिए गए हैं, जिनमें जहां संभव हो वहां पूरी प्रक्रिया की वीडियो रिकॉर्डिंग भी शामिल है।",लिए मतदान रक्षा हैं। के कोई नहीं मतदान की निर्देश व्यवस्था की की में से गोपनीयता घर,,REF,same_as_gold,word,"{""shuffle_type"": ""uniform_random"", ""word_order_preserved"": false}","{""fluency_checked"": false, ""label_consistent"": true, ""meaning_preserved"": false}",
541,CA_WORD_03_Jumbling,hi,सड़कें बंद होने के कारण पंचाचूली घूमने गए पर्यटक दारमा घाटी में फंस गए थे।,लेख में पर्यटकों के फंसने का यही कारण बताया गया है।,पर्यटक के फंस सड़कें पंचाचूली गए दारमा होने बंद थे। में कारण गए घाटी घूमने,,SUP,same_as_gold,word,"{""shuffle_type"": ""uniform_random"", ""word_order_preserved"": false}","{""fluency_checked"": false, ""label_consistent"": true, ""meaning_preserved"": false}",
542,CA_WORD_03_Jumbling,hi,"यदि किसी मतदान केंद्र पर टेंडर वोट 14 प्रतिशत से अधिक हो जाएं, तो पुनर्मतदान अनिवार्य है।",निर्वाचन आयोग के ‘मिथक बनाम वास्तविकता’ पृष्ठ में कहा गया है कि ऐसा कोई प्रावधान नहीं है; पुनर्मतदान से संबंधित प्रावधान अलग कानून-धारा में हैं।,"हो अनिवार्य किसी है। पुनर्मतदान यदि पर मतदान टेंडर 14 वोट जाएं, से तो प्रतिशत केंद्र अधिक",,REF,same_as_gold,word,"{""shuffle_type"": ""uniform_random"", ""word_order_preserved"": false}","{""fluency_checked"": false, ""label_consistent"": true, ""meaning_preserved"": false}",
543,CA_WORD_03_Jumbling,hi,अस्थमा के लक्षणों को नियंत्रित करने के लिए केवल मौखिक गोलियां ही कारगर हैं।,विश्व स्वास्थ्य संगठन के अनुसार इनहेल्ड दवाएं अस्थमा के लक्षण नियंत्रित कर सकती हैं।,लक्षणों कारगर अस्थमा केवल हैं। ही करने लिए के के नियंत्रित गोलियां मौखिक को,,REF,same_as_gold,word,"{""shuffle_type"": ""uniform_random"", ""word_order_preserved"": false}","{""fluency_checked"": false, ""label_consistent"": true, ""meaning_preserved"": false}",
544,CA_WORD_03_Jumbling,hi,एचपीवी टीकाकरण गर्भाशय ग्रीवा के कैंसर की रोकथाम में महत्वपूर्ण है।,डब्ल्यूएचओ एचपीवी टीकाकरण को सर्वाइकल कैंसर की रोकथाम का प्रमुख उपाय बताता है।,कैंसर महत्वपूर्ण में की टीकाकरण ग्रीवा के है। गर्भाशय रोकथाम एचपीवी,,SUP,same_as_gold,word,"{""shuffle_type"": ""uniform_random"", ""word_order_preserved"": false}","{""fluency_checked"": false, ""label_consistent"": true, ""meaning_preserved"": false}",
545,CA_WORD_03_Jumbling,hi,अमाल मलिक ने तनिष्क बागची पर शोषण और उत्पीड़न का आरोप लगाया।,"भास्कर के मुताबिक, Amaal Mallik accuses Tanishk Bagchi of exploitation and harassment.",तनिष्क और आरोप अमाल मलिक उत्पीड़न ने का लगाया। पर बागची शोषण,,SUP,same_as_gold,word,"{""shuffle_type"": ""uniform_random"", ""word_order_preserved"": false}","{""fluency_checked"": false, ""label_consistent"": true, ""meaning_preserved"": false}",
546,CA_WORD_03_Jumbling,hi,राष्ट्रपति भवन ने सुभाष चंद्र बोस को अभिनेता प्रसेनजीत चटर्जी समझ लिया था।,ऑल्ट न्यूज़ के अनुसार ऐसा दावा गलत था और वायरल पोस्ट भ्रामक थी।,चटर्जी भवन चंद्र समझ को था। राष्ट्रपति बोस सुभाष लिया ने प्रसेनजीत अभिनेता,,REF,same_as_gold,word,"{""shuffle_type"": ""uniform_random"", ""word_order_preserved"": false}","{""fluency_checked"": false, ""label_consistent"": true, ""meaning_preserved"": false}",
547,CA_WORD_03_Jumbling,hi,वायरल तस्वीर में दिखाई दे रहा पोस्टर कैमरे से ली गई मूल फोटो का हिस्सा है।,तस्वीर की तुलना मूल संस्करण से करने पर पता चला कि पोस्टर पर लिखा संदेश बाद में डिजिटल तरीके से जोड़ा गया था। मूल फोटो में ऐसा संदेश मौजूद नहीं था।,वायरल हिस्सा रहा मूल है। का फोटो से पोस्टर दे तस्वीर गई ली में दिखाई कैमरे,,REF,same_as_gold,word,"{""shuffle_type"": ""uniform_random"", ""word_order_preserved"": false}","{""fluency_checked"": false, ""label_consistent"": true, ""meaning_preserved"": false}",
548,CA_WORD_03_Jumbling,hi,क्या गोल्डन टेंपल के पवित्र तालाब में मुंह धोने पर एक मुस्लिम युवक को सिखों ने पीटा ?,"सोशल मीडिया पर एक वीडियो वायरल हो रहा है। इसमें कुछ लोगों को एक शख्‍स को थप्‍पड़ मारते हुए देखा जा सकता है। शख्स एक दुकान में हाथ जोड़े खड़ा दिख रहा है। इस वीडियो के साथ दावा किया जा  रहा  हैं कि जिस शख्‍स को थप्‍पड़ मारा गया, वह मुस्लिम है। इसने कुछ दिन पहले अमृतसर के स्वर्ण मंदिर के पवित्र सरोवर में कुल्ला किया था। वायरल वीडियो के साथ यूजर ने लिखा है- सिक्खों की दादागिरी हिंदुओं पर ….कुछ साल पहले एक गरीब लाचार बच्चा  किसी गुरुद्वारा के घुस गया लंगर खाने के लालच में रात में , क्योंकि वो भूखा था ….खाना तो नही मिला गरीब बच्चा को लेकिन निंले घाघरे वालो ने बच्चा को चोर बताकर पिट पिट कर मार दिया क्योंकि वो एक हिन्दू लड़का था …अब पांच दीन पहले एक मुसलमान ने उसके गुरुद्वारा के अंदर घुसकर उसके तालाब में कुल्ला किया पैर धोया थूका तालाब में फिर नमाज पढ़ा ….अमृतसर के स्वर्ण मंदिर के पवित्र सरोवर को कुल्ला करके गंदा करने वाले हाथ पैर धोने वाले और तोहिद का निशान यानी एकमात्र अल्लाह ही सर्वश्रेष्ठ है दिखाने वाले मुस्लिम की दुकान पर कुछ निहंग पहुंचे…..उसने माफी मांग लिया………… और निहंग लोगों ने माफ कर दिया….# फेसबुक।आर्काइव अनुसंधान से पता चलता है कि… पड़ताल की शुरुआत में हमने वायरल  वीडियो के  तस्वीरों का रिवर्स इमेज सर्च किया, परिणाम में वायरल वीडियो हमेंNihal Singh Ubhiनाम के फेसबुक पेज पर मिला। यहां पर वीडियो को 26 दिसंबर 2025 को पोस्ट किया गया है। फेसबुक यूजर ने वीडियो को पोस्ट करते हुए पंजाबी भाषा में  लिखा है, “सिख धर्म को लेकर गलत भाषा का प्रयोग करने वाले व्यक्ति को धर्म प्रचार कमेटी, अमृतसर ने ठीक से समझाया। उन्होंने पुलिस की मौजूदगी में लिखित में माफी मांगी। मिली जानकारी की मदद लेते हुए अधिक सर्च करने पर हमेंभास्‍कर डॉट कॉमपर भी खबर मिली। इसमें वायरल वीडियो का इस्‍तेमाल किया गया था। खबर में बताया गया कि पंजाब के मलेरकोटला में श्री गुरु गोबिंद सिंह जी पर आपत्तिजनक टिप्पणी की गई। व्यक्ति ने इसको लेकर सोशल मीडिया पर पोस्ट डाली। इस पर सिख संगठन भड़क गए। इस दौरान सिख संगठन के नेता ने व्यक्ति को थप्पड़ भी मारे। इसके बाद व्यक्ति ने अपनी गलती मानी और माफी मांगी। व्यक्ति सुरेश ऋषि जिंदल मलेरकोटला के अहमदगढ़ का रहने वाला है। हमें एक एक्‍स हैंडल पर यह वीडियो मिला। 27 दिसंबर 2025 को",ने एक ? पीटा सिखों पवित्र मुंह को गोल्डन टेंपल क्या तालाब धोने युवक मुस्लिम के में पर,,REF,same_as_gold,word,"{""shuffle_type"": ""uniform_random"", ""word_order_preserved"": false}","{""fluency_checked"": false, ""label_consistent"": true, ""meaning_preserved"": false}",
549,CA_WORD_03_Jumbling,hi,2 जनवरी 2026 तक प्रधानमंत्री मुद्रा योजना में कुल 56.32 करोड़ खाते स्वीकृत थे।,पीआईबी हिंदी पृष्ठ के अनुसार 2 जनवरी 2026 तक प्रधानमंत्री मुद्रा योजना के अंतर्गत कुल स्वीकृत खातों की संख्या 56.32 करोड़ थी।,कुल थे। में करोड़ योजना तक खाते 56.32 जनवरी मुद्रा प्रधानमंत्री 2 स्वीकृत 2026,,SUP,same_as_gold,word,"{""shuffle_type"": ""uniform_random"", ""word_order_preserved"": false}","{""fluency_checked"": false, ""label_consistent"": true, ""meaning_preserved"": false}",
550,CA_WORD_03_Jumbling,hi,बंगापानी क्षेत्र में दो दिनों से बिजली आपूर्ति बाधित है।,लेख में बंगापानी में दो दिन से बिजली गुल होने की जानकारी दी गई है।,बाधित दो में आपूर्ति है। बिजली क्षेत्र बंगापानी से दिनों,,SUP,same_as_gold,word,"{""shuffle_type"": ""uniform_random"", ""word_order_preserved"": false}","{""fluency_checked"": false, ""label_consistent"": true, ""meaning_preserved"": false}",
551,CA_WORD_03_Jumbling,hi,1 जुलाई 2025 को 18 वर्ष की आयु प्राप्त कर चुके या 1 अक्टूबर 2025 तक 18 वर्ष के होने वाले युवा मतदाताओं को फॉर्म 6 में आवेदन करने के लिए प्रोत्साहित किया गया।,पीआईबी की विज्ञप्ति में 1 जुलाई 2025 को 18 वर्ष पूरे कर चुके अथवा 1 अक्टूबर 2025 तक 18 वर्ष के होने वाले युवाओं को फॉर्म 6 आवेदन हेतु प्रोत्साहित करने की बात है।,जुलाई में प्राप्त अक्टूबर तक 2025 कर 2025 18 को के वाले को 1 युवा आयु 6 गया। या फॉर्म आवेदन करने के वर्ष किया चुके की प्रोत्साहित वर्ष 18 मतदाताओं लिए होने 1,,SUP,same_as_gold,word,"{""shuffle_type"": ""uniform_random"", ""word_order_preserved"": false}","{""fluency_checked"": false, ""label_consistent"": true, ""meaning_preserved"": false}",
552,CA_WORD_03_Jumbling,hi,लेख में बताया गया है कि टाटा समूह ने मनीष तिवारी के आरोपों का विस्तृत आधिकारिक जवाब जारी कर दिया।,लेख में कहा गया है कि टाटा समूह या एअर इंडिया की ओर से कोई आधिकारिक प्रतिक्रिया नहीं आई है।,कि जवाब दिया। में टाटा बताया का आरोपों ने है विस्तृत जारी तिवारी कर मनीष समूह आधिकारिक के गया लेख,,REF,same_as_gold,word,"{""shuffle_type"": ""uniform_random"", ""word_order_preserved"": false}","{""fluency_checked"": false, ""label_consistent"": true, ""meaning_preserved"": false}",
553,CA_WORD_03_Jumbling,hi,रानिकोर उपचुनाव 2018 के लिए नामांकन दाखिल करने की अंतिम तिथि 6 अगस्त 2018 थी।,पीआईबी की हिंदी विज्ञप्ति के चुनाव कार्यक्रम में रानिकोर उपचुनाव के लिए नामांकन की अंतिम तिथि 6 अगस्त 2018 है।,की 2018 अगस्त अंतिम रानिकोर लिए 6 थी। तिथि नामांकन के करने 2018 उपचुनाव दाखिल,,SUP,same_as_gold,word,"{""shuffle_type"": ""uniform_random"", ""word_order_preserved"": false}","{""fluency_checked"": false, ""label_consistent"": true, ""meaning_preserved"": false}",
554,CA_WORD_03_Jumbling,hi,बिहार के मधुबनी जिले में बेनीपट्टी थाना क्षेत्र से अपहृत युवक रोहित कुमार को पुलिस ने 24 घंटे के भीतर सकुशल बरामद कर पांच आरोपियों को गिरफ्तार किया।,"कार्रवाई के दौरान पुलिस ने घटना में प्रयुक्त एक स्कॉर्पियो वाहन और छह मोबाइल फोन भी जब्त किए, जबकि एक आरोपी की गिरफ्तारी के लिए छापेमारी जारी है।",पांच किया। रोहित घंटे अपहृत आरोपियों बरामद में जिले कुमार गिरफ्तार को मधुबनी को पुलिस बिहार के युवक कर ने थाना सकुशल बेनीपट्टी के क्षेत्र 24 से भीतर,,SUP,same_as_gold,word,"{""shuffle_type"": ""uniform_random"", ""word_order_preserved"": false}","{""fluency_checked"": false, ""label_consistent"": true, ""meaning_preserved"": false}",
555,CA_WORD_03_Jumbling,hi,लोकसभा आम चुनाव 2024 में कुल मतदाताओं की संख्या लगभग 97.98 करोड़ थी।,निर्वाचन आयोग के लोकसभा चुनाव 2024 एटलस में कुल मतदाता संख्या 97.98 करोड़ दी गई है।,आम लोकसभा 2024 कुल में लगभग थी। चुनाव 97.98 मतदाताओं करोड़ संख्या की,,SUP,same_as_gold,word,"{""shuffle_type"": ""uniform_random"", ""word_order_preserved"": false}","{""fluency_checked"": false, ""label_consistent"": true, ""meaning_preserved"": false}",
556,CA_WORD_03_Jumbling,hi,नव्या योजना 24 जून 2025 को शुरू की गई महिला एवं बाल विकास मंत्रालय और कौशल विकास मंत्रालय की संयुक्त पहल है।,पीआईबी विज्ञप्ति नव्या को 24 जून 2025 को लॉन्च हुई महिला एवं बाल विकास तथा कौशल विकास एवं उद्यमिता मंत्रालय की सहयोगी पहल बताती है।,और बाल की विकास गई कौशल को मंत्रालय एवं है। की 2025 संयुक्त 24 योजना पहल विकास मंत्रालय महिला जून शुरू नव्या,,SUP,same_as_gold,word,"{""shuffle_type"": ""uniform_random"", ""word_order_preserved"": false}","{""fluency_checked"": false, ""label_consistent"": true, ""meaning_preserved"": false}",
557,CA_WORD_03_Jumbling,hi,हर मतदान केंद्र में मतदान करने वालों की संख्या फॉर्म 17सी में दर्ज की जानी थी।,पीआईबी के अनुसार वैधानिक आवश्यकताओं के तहत प्रत्येक मतदान केंद्र पर मतदाताओं की संख्या फॉर्म 17सी में पूर्ण संख्या में दर्ज की जानी है।,हर दर्ज करने केंद्र संख्या वालों 17सी की में मतदान थी। जानी मतदान फॉर्म में की,,SUP,same_as_gold,word,"{""shuffle_type"": ""uniform_random"", ""word_order_preserved"": false}","{""fluency_checked"": false, ""label_consistent"": true, ""meaning_preserved"": false}",
558,CA_WORD_03_Jumbling,hi,सूरत साइबर क्राइम सेल ने 26.2 लाख रुपये के ऑनलाइन निवेश धोखाधड़ी मामले में पांच आरोपियों को गिरफ्तार किया।,जांच में पता चला कि धोखाधड़ी में इस्तेमाल बैंक खाता देशभर की 149 साइबर शिकायतों और 6.53 करोड़ रुपये से अधिक के संदिग्ध लेनदेन से जुड़ा हुआ था।,के निवेश को 26.2 ऑनलाइन मामले लाख सेल में आरोपियों किया। गिरफ्तार पांच क्राइम रुपये सूरत ने साइबर धोखाधड़ी,,SUP,same_as_gold,word,"{""shuffle_type"": ""uniform_random"", ""word_order_preserved"": false}","{""fluency_checked"": false, ""label_consistent"": true, ""meaning_preserved"": false}",
559,CA_WORD_03_Jumbling,hi,रश्मिका मंदाना ने अपनी वायरल डीपफेक तस्वीर को असली फोटोशूट बताते हुए शेयर किया।,Newschecker Hindi ने बताया कि वायरल तस्वीर एक एडिटेड/AI-मॉर्फ्ड इमेज है और रश्मिका ने इसे अपना असली फोटोशूट नहीं बताया। उनके आधिकारिक अकाउंट्स पर ऐसी कोई पोस्ट नहीं मिली।,हुए अपनी तस्वीर किया। शेयर को मंदाना ने बताते वायरल डीपफेक फोटोशूट रश्मिका असली,,REF,same_as_gold,word,"{""shuffle_type"": ""uniform_random"", ""word_order_preserved"": false}","{""fluency_checked"": false, ""label_consistent"": true, ""meaning_preserved"": false}",
560,CA_WORD_03_Jumbling,hi,'लॉक अप 2' में रितेश देशमुख ने योगेश रावत पर भड़के।,"TV9 भारतवर्ष की रिपोर्ट के अनुसार, 'लॉक अप 2' में TRP का घमंड दिखाने पर योगेश रावत पर रितेश देशमुख बुरी तरह से भड़के. शो से बेघर करने की धमकी मिलते ही योगेश ने मांगी हाथ जोड़कर माफी। खबर में यही जानकारी स्पष्ट रूप से दर्ज है।",'लॉक अप देशमुख योगेश भड़के। 2' पर में रितेश ने रावत,,SUP,same_as_gold,word,"{""shuffle_type"": ""uniform_random"", ""word_order_preserved"": false}","{""fluency_checked"": false, ""label_consistent"": true, ""meaning_preserved"": false}",
561,CA_WORD_03_Jumbling,hi,आमिर खान की गौरी स्प्रैट से शादी में उनकी पूर्व पत्नियां शामिल नहीं थीं।,"आजतक की रिपोर्ट के अनुसार, आमिर खान ने गौरी स्प्रैट से रजिस्टर मैरिज की। शादी में उनके तीनों बच्चे (जुनैद, आयरा, आजाद) मौजूद रहे, लेकिन किसी भी तस्वीर या वीडियो में एक्स-वाइफ रीना दत्ता और किरण राव नजर नहीं आईं, और करीबी दोस्त सलमान खान-शाहरुख खान भी समारोह में शामिल नहीं हुए।",में पूर्व शादी गौरी से नहीं खान उनकी आमिर की पत्नियां थीं। शामिल स्प्रैट,,SUP,same_as_gold,word,"{""shuffle_type"": ""uniform_random"", ""word_order_preserved"": false}","{""fluency_checked"": false, ""label_consistent"": true, ""meaning_preserved"": false}",
562,CA_WORD_03_Jumbling,hi,महाराष्ट्र की पुण्यश्लोक अहिल्यादेवी होल्कर किसान कर्जमाफी योजना 2026 में 56 लाख किसान परिवारों के 2 लाख रुपये तक के ऋण माफ करने की बात कही गई।,एनडीटीवी इंडिया की रिपोर्ट योजना के तहत लगभग 56 लाख किसान परिवारों का दो लाख रुपये तक का ऋण माफ होने की जानकारी देती है।,के ऋण किसान 56 अहिल्यादेवी लाख के तक महाराष्ट्र योजना कही 2026 की रुपये लाख बात किसान पुण्यश्लोक परिवारों कर्जमाफी की गई। करने में 2 होल्कर माफ,,SUP,same_as_gold,word,"{""shuffle_type"": ""uniform_random"", ""word_order_preserved"": false}","{""fluency_checked"": false, ""label_consistent"": true, ""meaning_preserved"": false}",
563,CA_WORD_03_Jumbling,hi,आकांक्षा दुबे का वायरल वीडियो उनके निधन से ठीक पहले रिकॉर्ड किया गया था।,जांच में स्पष्ट हुआ कि वायरल वीडियो पुराना था और अंतिम वीडियो होने का दावा गलत था।,पहले किया से ठीक गया आकांक्षा का उनके दुबे निधन था। वीडियो वायरल रिकॉर्ड,,REF,same_as_gold,word,"{""shuffle_type"": ""uniform_random"", ""word_order_preserved"": false}","{""fluency_checked"": false, ""label_consistent"": true, ""meaning_preserved"": false}",
564,CA_WORD_03_Jumbling,hi,20 जनवरी 2025 तक 73 करोड़ से अधिक आयुष्मान भारत स्वास्थ्य खाते बनाए जा चुके थे।,आधिकारिक विज्ञप्ति में 20 जनवरी 2025 तक 73 करोड़ से अधिक एबीएचए सफलतापूर्वक बनाए जाने का उल्लेख है।,20 खाते बनाए से 2025 थे। जा चुके अधिक भारत 73 करोड़ जनवरी तक आयुष्मान स्वास्थ्य,,SUP,same_as_gold,word,"{""shuffle_type"": ""uniform_random"", ""word_order_preserved"": false}","{""fluency_checked"": false, ""label_consistent"": true, ""meaning_preserved"": false}",
565,CA_WORD_03_Jumbling,hi,गुजरात में दुष्कर्म के आरोपियों का जुलूस निकालती पुलिस का वीडियो श्रीगंगानगर घटना का बताकर वायरल…,"राजस्थान के श्री गंगानगर में 13 वर्षीय लड़की के साथ हुए भयावह यौन उत्पीड़न के बाद, पुलिस द्वारा कुछ पुरुषों को सरेआम परेड कराते और पीटने का एक वीडियो सोशल मीडिया पर  तेजी से वायरल हो रहा है।वीडियो के साथ दावा किया जा रहा है कि राजस्थान पुलिस ने श्री गंगानगर सामूहिक बलात्कार मामले के आरोपियों को सार्वजनिक रूप से परेड कराई। वायरल वीडियो के साथ लिखा गया है- राजस्थान के श्रीगंगानगर से रूह कंपा देने वाली वारदात..13 साल की एक मासूम बच्ची को अगवा कर 5 दिनों तक होटलों में बंधक बनाया गया, जहाँ दरिंदों ने उसके साथ बर्बरता की सारी हदें पार कर दीं। इस घिनौने रैकेट का भंडाफोड़ करते हुए पुलिस की SIT ने अब तक 14 आरोपियों को गिरफ्तार कर लिया है। प्रशासन ने कार्रवाई करते हुए हैवानियत के ठिकाने बने 3 होटलों को बुलडोजर से जमींदोज कर दिया है। पीड़ित बच्ची का इलाज जारी है। कानून से सख्त से सख्त सजा की मांग। फेसबुक।आर्काइव अनुसंधान से पता चलता है कि… पड़ताल की शुरुआत में हमने वायरल  वीडियो के तस्वीरों का रिवर्स इमेज सर्च किया, परिणाम में वायरल वीडियो से  मिलता-जुलता वीडियो हमेंबर्ट हिंदीद्वारा 20 अप्रैल 2026 को की गई एक फेसबुक पोस्ट पर मिला । इससे ये साफ है कि वीडियो हाल ही का नहीं है। इस पोस्ट में घटना को गुजरात के खेड़ा जिले में 17 वर्षीय नाबालिग के साथ कथित तौर पर बार-बार बलात्कार और ब्लैकमेल के मामले में गिरफ्तार किए गए आठ आरोपियों के खिलाफ पुलिस कार्रवाई का बताया गया है। मिली  जानकारी की मदद लेते हुए अधिक सर्च करने पर  हमें दावे से जुड़ी न्यूज रिपोर्ट‘deshgujarat’ की आधिकारिक वेबसाइट पर मिली। 18 अप्रैल 2026 को प्रकाशित रिपोर्ट के अनुसार, गुजरात के खेड़ा जिले के चंदना गांव में पुलिस ने एक नाबालिग हिंदू लड़की के साथ कथित तौर पर तीन साल तक बार-बार यौन शोषण और ब्लैकमेल करने के आरोप में आठ लोगों को गिरफ्तार किया था, जबकि एक आरोपी फरार था। POCSO एक्ट के तहत मामला दर्ज कर आरोपियों को गिरफ्तार किया गया था। पुलिस ने जांच में पाया था कि मुख्य आरोपी परवेज पठान ने लगभग दो साल पहले नाबालिग को “प्यार के जाल” में फंसाया था। फिर उसने नाबालिग की आपत्तिजनक तस्वीरें और वीडियो रिकॉर्ड किए और उसे ब्लैकमेल करना शुरू कर दिया। उसने अपने कई दोस्तों के साथ मिलकर नाबालिग का दुष्कर्म भी किया। एबीपीन्यूजकी एक र",का श्रीगंगानगर का में निकालती जुलूस का वीडियो के दुष्कर्म आरोपियों बताकर घटना गुजरात पुलिस वायरल…,,REF,same_as_gold,word,"{""shuffle_type"": ""uniform_random"", ""word_order_preserved"": false}","{""fluency_checked"": false, ""label_consistent"": true, ""meaning_preserved"": false}",
566,CA_WORD_03_Jumbling,hi,उत्तराखंड सरकार ने केदारनाथ पुनर्निर्माण के लिए नए 1000 करोड़ रुपये के अतिरिक्त पैकेज की घोषणा की।,लेख में ऐसे किसी नए अतिरिक्त वित्तीय पैकेज की घोषणा का उल्लेख नहीं है।,उत्तराखंड रुपये के केदारनाथ की पैकेज करोड़ के अतिरिक्त नए लिए सरकार घोषणा ने की। 1000 पुनर्निर्माण,,NEI,same_as_gold,word,"{""shuffle_type"": ""uniform_random"", ""word_order_preserved"": false}","{""fluency_checked"": false, ""label_consistent"": true, ""meaning_preserved"": false}",
567,CA_WORD_03_Jumbling,hi,लेख के अनुसार दारमा घाटी से किसी भी पर्यटक को सुरक्षित नहीं निकाला जा सका।,लेख में सभी पर्यटकों के सुरक्षित निकाले जाने की जानकारी दी गई है।,भी को जा दारमा नहीं सुरक्षित निकाला लेख अनुसार किसी से सका। के घाटी पर्यटक,,REF,same_as_gold,word,"{""shuffle_type"": ""uniform_random"", ""word_order_preserved"": false}","{""fluency_checked"": false, ""label_consistent"": true, ""meaning_preserved"": false}",
568,CA_WORD_03_Jumbling,hi,क्या पासपोर्ट चोरी होने के बाद आगरा में मजदूरी करने को मजबूर हुआ ऑस्ट्रेलियाई नागरिक ‘एंडरसन’? नहीं दावा फर्जी…,"सोशल मीडिया पर एक वीडियो शेयर कर दावा किया जा रहा है कि आगरा घूमने आये ऑस्ट्रेलियाई नागरिक एंडरसन का पासपोर्ट और अन्य सामान चोरी हो गया, जिसके चलते उसे ईंट भट्ठे पर मजदूरी करना पड़ रहा है। वीडियो के साथ दावा किया जा रहा है कि पासपोर्ट चोरी होने के कारण आगरा में ऑस्ट्रेलियाई नागरिक एंडरसन को मजदूरी करने के लिए मजबूर होना पड़ा। वायरल वीडियो के साथ यूजर ने लिखा है-    अतिथि देवो भव के देश से आई इस तस्वीर ने सबको शर्मसार कर दिया है! 🚨💔 आगरा (उत्तर प्रदेश): ऑस्ट्रेलिया से भारत की संस्कृति और खूबसूरती को निहारने आए ‘एंडर्सन’ नाम के एक विदेशी पर्यटक के साथ आगरा में एक बेहद दुखद और शर्मनाक वाकया पेश आया है। आगरा घूमने के दौरान चोरों ने एंडर्सन का पासपोर्ट, सारे पैसे और उनका पूरा सामान पार कर दिया। विदेशी धरती पर सब कुछ खो जाने के बाद एंडर्सन पूरी तरह लाचार हो गए। हालत यह हो गई है कि अब उन्हें दो वक्त की रोटी और अपना पेट भरने के लिए एक ईंट के भट्टे पर कड़ा शारीरिक श्रम और मजदूरी करनी पड़ रही है। जिस सैलानी का स्वागत पलकों पर होना चाहिए था, वह आज दाने-दाने को मोहताज है। हम सभी देशवासियों से अपील करते हैं कि इस वीडियो को इतना शेयर करें कि यह प्रशासन तक पहुंचे। साथ ही, जिसने भी इनका सामान चुराया है, कृपया इंसानियत के नाते इनका पासपोर्ट और सामान लौटा दें ताकि यह मासूम विदेशी नागरिक अपने वतन सुरक्षित वापस लौट सके। . फेसबुक।आर्काइव अनुसंधान से पता चलता है कि… पड़ताल की शुरुआत में हमने वायरल  वीडियो के तस्वीरों का रिवर्स इमेज सर्च किया, परिणाम में वायरल वीडियो से  मिलता-जुलता वीडियो हमेंसाहिल देशवालनामक इंस्टाग्राम यूजर के अकाउंट पर मिला, जिसे 16 फरवरी 2025 को अपलोड किया गया था। अधिक सर्च करने पर हमें इंस्टाग्राम यूजर ‘sahildeshwal7500’के अकाउंट पर पोस्ट किया गया एक वीडियो मिला। इसे 25 जून 2026 को अपलोड किया गया था। इसमें इनसेट में वायरल वीडियो के स्क्रीनशॉट को देखा जा सकता है। वीडियो में दी गई  जानकारी के अनुसार, एंडरसन के दावे से जिस युवक की कहानी वायरल हो रही है, वह यूपी के बागपत जिले के काठा गांव का है और उसका नाम ‘साहिल देशवाल’ है। वीडियो में साहिल कह रहा है कि यह सब फेक है और मुंशी ने उसका वीडियो बनाकर वायरल कर दिया था। साहिल ईंट-भट्ठे पर काम करता है। पड़ताल के दौरान हमेंनालं",चोरी में मजबूर नागरिक नहीं होने आगरा बाद दावा के ऑस्ट्रेलियाई फर्जी… क्या मजदूरी करने पासपोर्ट को हुआ ‘एंडरसन’?,,REF,same_as_gold,word,"{""shuffle_type"": ""uniform_random"", ""word_order_preserved"": false}","{""fluency_checked"": false, ""label_consistent"": true, ""meaning_preserved"": false}",
569,CA_WORD_03_Jumbling,hi,तंबाकू संपर्क का एक निश्चित सुरक्षित स्तर होता है।,डब्ल्यूएचओ स्पष्ट करता है कि तंबाकू संपर्क का कोई सुरक्षित स्तर नहीं है।,एक तंबाकू है। स्तर सुरक्षित निश्चित का होता संपर्क,,REF,same_as_gold,word,"{""shuffle_type"": ""uniform_random"", ""word_order_preserved"": false}","{""fluency_checked"": false, ""label_consistent"": true, ""meaning_preserved"": false}",
570,CA_WORD_03_Jumbling,hi,पीएम-किसान योजना के तहत लाभ सीधे पात्र लाभार्थियों के बैंक खातों में भेजा जाता है।,विज्ञप्ति में आधुनिक डिजिटल तकनीक के जरिए प्रत्यक्ष लाभ हस्तांतरण से लाभ राशि पात्र लाभार्थियों के बैंक खातों में भेजने का उल्लेख है।,भेजा में है। के सीधे खातों बैंक योजना लाभार्थियों जाता के लाभ पात्र तहत पीएम-किसान,,SUP,same_as_gold,word,"{""shuffle_type"": ""uniform_random"", ""word_order_preserved"": false}","{""fluency_checked"": false, ""label_consistent"": true, ""meaning_preserved"": false}",
571,CA_WORD_03_Jumbling,hi,"पुलिस आधुनिकीकरण हेतु राज्यों को सहायता योजना के लिए 4,846 करोड़ रुपये आवंटित किए गए हैं।","पीआईबी हिंदी पृष्ठ के अनुसार एएसयूएमपी योजना के तहत राज्यों और केंद्र शासित प्रदेशों की पुलिस के आधुनिकीकरण के लिए 4,846 करोड़ रुपये आवंटित किए गए हैं।","आधुनिकीकरण हैं। के राज्यों सहायता गए 4,846 आवंटित को रुपये लिए योजना किए करोड़ हेतु पुलिस",,SUP,same_as_gold,word,"{""shuffle_type"": ""uniform_random"", ""word_order_preserved"": false}","{""fluency_checked"": false, ""label_consistent"": true, ""meaning_preserved"": false}",
572,CA_WORD_03_Jumbling,hi,संयुक्त राज्य अमेरिका में 10 से 24 वर्ष की आयु के युवाओं में आत्महत्या मृत्यु के प्रमुख कारणों में से एक है।,"सीडीसी (सीडीसी) के आंकड़ों के अनुसार, अमेरिका में आत्महत्या 10-14 आयु वर्ग के लोगों में मृत्यु का दूसरा और 15-24 आयु वर्ग के लोगों में मृत्यु का तीसरा प्रमुख कारण (प्रमुख कारण) है।",है। अमेरिका में कारणों एक के प्रमुख की आत्महत्या आयु राज्य युवाओं 24 में के में 10 संयुक्त से वर्ष मृत्यु से,,SUP,same_as_gold,word,"{""shuffle_type"": ""uniform_random"", ""word_order_preserved"": false}","{""fluency_checked"": false, ""label_consistent"": true, ""meaning_preserved"": false}",
573,CA_WORD_03_Jumbling,hi,आंध्र प्रदेश के श्रीकाकुलम में वेंकटेश्वर स्वामी मंदिर में मची भगदड़ में 9 श्रद्धालुओं की मौत हो गई।,"मंदिर की पहली मंजिल पर दर्शन स्थल तक पहुंचने के लिए सीढ़ियों पर उमड़ी भारी भीड़ के बीच लोहे की रेलिंग टूटने से लोग नीचे गिर पड़े, जिससे भगदड़ मच गई।",गई। 9 में मची के हो स्वामी मंदिर श्रीकाकुलम प्रदेश में वेंकटेश्वर मौत आंध्र भगदड़ में की श्रद्धालुओं,,SUP,same_as_gold,word,"{""shuffle_type"": ""uniform_random"", ""word_order_preserved"": false}","{""fluency_checked"": false, ""label_consistent"": true, ""meaning_preserved"": false}",
574,CA_WORD_03_Jumbling,hi,"धारचूला पहुंचे पर्यटकों ने राज्य सरकार, वायुसेना और जिलाधिकारी डॉ. आशीष चौहान का आभार व्यक्त किया।",लेख में पर्यटकों द्वारा सभी का धन्यवाद करने का उल्लेख है।,"आभार वायुसेना सरकार, किया। डॉ. और जिलाधिकारी धारचूला का पहुंचे चौहान पर्यटकों आशीष ने व्यक्त राज्य",,SUP,same_as_gold,word,"{""shuffle_type"": ""uniform_random"", ""word_order_preserved"": false}","{""fluency_checked"": false, ""label_consistent"": true, ""meaning_preserved"": false}",
575,CA_WORD_03_Jumbling,hi,बादलों वाले दिन भी यूवी किरणें त्वचा तक पहुंचकर त्वचा कैंसर का कारण बन सकती हैं।,"यूवी किरणें बादलों से होकर गुजर सकती हैं। बादलों वाले दिनों में भी, सूरज की 80 प्रतिशत तक यूवी किरणें आपकी त्वचा तक पहुँच सकती हैं और नुकसान पहुंचा सकती हैं।",कारण त्वचा किरणें सकती वाले कैंसर बादलों दिन तक पहुंचकर का बन यूवी हैं। त्वचा भी,,SUP,same_as_gold,word,"{""shuffle_type"": ""uniform_random"", ""word_order_preserved"": false}","{""fluency_checked"": false, ""label_consistent"": true, ""meaning_preserved"": false}",
576,CA_WORD_03_Jumbling,hi,मतदाता पहचानपत्र और आधार का जोड़ना हर मतदाता के लिए अनिवार्य है।,"निर्वाचन आयोग के स्पष्टीकरण में चुनाव कानून (संशोधन) अधिनियम, 2021 के तहत आधार-विवरण देना स्वैच्छिक बताया गया है।",अनिवार्य पहचानपत्र और है। के लिए आधार मतदाता जोड़ना मतदाता हर का,,REF,same_as_gold,word,"{""shuffle_type"": ""uniform_random"", ""word_order_preserved"": false}","{""fluency_checked"": false, ""label_consistent"": true, ""meaning_preserved"": false}",
577,CA_WORD_03_Jumbling,hi,प्रधानमंत्री विश्वकर्मा योजना 17 सितंबर 2023 को शुरू की गई थी।,एमएसएमई मंत्रालय की वर्षांत समीक्षा में पीएम विश्वकर्मा के 17 सितंबर 2023 को शुभारंभ का उल्लेख है।,की योजना प्रधानमंत्री को गई थी। 17 2023 शुरू सितंबर विश्वकर्मा,,SUP,same_as_gold,word,"{""shuffle_type"": ""uniform_random"", ""word_order_preserved"": false}","{""fluency_checked"": false, ""label_consistent"": true, ""meaning_preserved"": false}",
578,CA_WORD_03_Jumbling,hi,वैज्ञानिकों के अनुसार कटोरानुमा आकृति के कारण मानसूनी प्रभाव आगे नहीं बढ़ पाता।,लेख में वैज्ञानिकों का यही निष्कर्ष दिया गया है।,कारण आकृति प्रभाव नहीं मानसूनी के अनुसार बढ़ आगे के कटोरानुमा वैज्ञानिकों पाता।,,SUP,same_as_gold,word,"{""shuffle_type"": ""uniform_random"", ""word_order_preserved"": false}","{""fluency_checked"": false, ""label_consistent"": true, ""meaning_preserved"": false}",
579,CA_WORD_03_Jumbling,hi,सनी देओल ने 'बंटवारा 1947' के ट्रेलर की रिलीज डेट की घोषणा की।,"अमर उजाला की रिपोर्ट के अनुसार, फिल्म ‘बंटवारा 1947’ का ट्रेलर कब रिलीज होगा, इसकी जानकरी अभिनेता सनी देओल ने साझा की है। यह जानकार साझा करने के साथ ही। खबर में यही जानकारी स्पष्ट रूप से दर्ज है।",'बंटवारा के की रिलीज की 1947' ट्रेलर घोषणा की। ने देओल डेट सनी,,SUP,same_as_gold,word,"{""shuffle_type"": ""uniform_random"", ""word_order_preserved"": false}","{""fluency_checked"": false, ""label_consistent"": true, ""meaning_preserved"": false}",
580,CA_WORD_03_Jumbling,hi,"2026-27 के ग्रामीण रोजगार कार्यक्रम के लिए 95,692.31 करोड़ रुपये का बजट अनुमान आवंटन बताया गया।","एनडीटीवी इंडिया की रिपोर्ट में 2026-27 के ग्रामीण रोजगार कार्यक्रम के लिए 95,692.31 करोड़ रुपये आवंटित होने का उल्लेख है।","के 95,692.31 ग्रामीण लिए करोड़ 2026-27 रोजगार गया। आवंटन के रुपये का बजट बताया अनुमान कार्यक्रम",,SUP,same_as_gold,word,"{""shuffle_type"": ""uniform_random"", ""word_order_preserved"": false}","{""fluency_checked"": false, ""label_consistent"": true, ""meaning_preserved"": false}",
581,CA_WORD_03_Jumbling,hi,कोएंजाइम क्यू10 माइग्रेन की आवृत्ति को निश्चित रूप से कम करता है।,एनसीसीआईएच के अनुसार कोएंजाइम क्यू10 से माइग्रेन की आवृत्ति कम होने के सीमित साक्ष्य हैं और अधिक कठोर शोध की आवश्यकता है।,माइग्रेन की आवृत्ति कोएंजाइम करता कम निश्चित है। को क्यू10 से रूप,,NEI,same_as_gold,word,"{""shuffle_type"": ""uniform_random"", ""word_order_preserved"": false}","{""fluency_checked"": false, ""label_consistent"": true, ""meaning_preserved"": false}",
582,CA_WORD_03_Jumbling,hi,एचआईवी केवल खांसने से हवा के जरिए फैलता है।,"डब्ल्यूएचओ एचआईवी के संचरण को संक्रमित रक्त, स्तन दूध, वीर्य और योनि स्राव जैसे शारीरिक तरल पदार्थों से जोड़ता है; यह हवा से फैलने वाला संक्रमण नहीं है।",से हवा एचआईवी केवल के फैलता खांसने जरिए है।,,REF,same_as_gold,word,"{""shuffle_type"": ""uniform_random"", ""word_order_preserved"": false}","{""fluency_checked"": false, ""label_consistent"": true, ""meaning_preserved"": false}",
583,CA_WORD_03_Jumbling,hi,भारत निर्वाचन आयोग ने इलेक्ट्रॉनिक वोटिंग मशीनों के उपयोग पर प्रतिबंध लगाने की घोषणा की थी।,निर्वाचन आयोग के ‘मिथक बनाम वास्तविकता’ पृष्ठ में ऐसी किसी घोषणा को न होने की बात स्पष्ट की गई है।,ने लगाने भारत निर्वाचन के की इलेक्ट्रॉनिक उपयोग की घोषणा वोटिंग थी। आयोग पर प्रतिबंध मशीनों,,REF,same_as_gold,word,"{""shuffle_type"": ""uniform_random"", ""word_order_preserved"": false}","{""fluency_checked"": false, ""label_consistent"": true, ""meaning_preserved"": false}",
584,CA_WORD_03_Jumbling,hi,हिना खान ने केतन-सिया मामले पर अपनी राय रखी।,अमर उजाला की खबर में इतना ही है कि पुणे का केतन अग्रवाल हत्याकांड अब भी चर्चा में बना हुआ है। इसमें मंगेतर सिया गोयल पर केतन की हत्या का आरोप लगा है। शेष विवरण रिपोर्ट में नहीं है।,ने पर केतन-सिया राय रखी। हिना खान अपनी मामले,,NEI,same_as_gold,word,"{""shuffle_type"": ""uniform_random"", ""word_order_preserved"": false}","{""fluency_checked"": false, ""label_consistent"": true, ""meaning_preserved"": false}",
585,CA_WORD_03_Jumbling,hi,इसराइल के हवाई अड्डे पर ईरान के हमले के दावे से असंबंधित वीडियो वायरल…,"वायरल हो रहा यह वीडियो अमेरिकन एयरलाइंस की फ़्लाइट की घटना से सम्बंधित है। इसका इसराइल व ईरान के हालिया संघर्षों से कोई सम्बन्ध नहीं है। ईरान पर इसराइल और अमेरिकी हमलों के संदर्भ से जोड़ते हुए सोशल मीडिया पर एक वीडियो वायरल किया जा रहा है, जिसमें दिखाई दे रहा है कि एक हवाई जहाज़ रनवे पर खड़ा है और उसके एक हिस्से से धुआँ उठ रहा है। साथ ही यात्रियों को आपातकालीन गेट के द्वारा बाहर निकलते हुए देखा जा सकता है। इस वीडियो को साझा करते हुए दावा किया जा रहा है कि ये वीडियो इसराइल का है, जहाँ ईरान की तरफ से एक एयरपोर्ट पर हमला कर दिया गया। वीडियो के साथ कैप्शन लिखा गया है… कहा था जिन्दा खुमेनी अमेरिका के लिए इतने ख़तरनाक नहीं हैं जितना वो मरने के बाद होंगे…अमेरिका को वहां कि ख़ुफ़िया एजेंसी ने चेताया था कि खामनेई के मात्र मरने से अमेरिका जंग नहीं जीत सकता है फिर भी ट्रम्प ने ईरान पर हमला करके दुनिया को जंग के मुहाने पर ला खड़ा किया है….Khamenei कि हत्या के बाद ईरान पागलों कि तरह अरब से लेकर इज़राइल पर हमला कर रहा है, मुझे लगता है नेतान्याहु का अंत तय हो चुका….जंग अब दोगुनी तेज़ी से होने जा रही है। फेसबुक पोस्ट।आर्काइव पोस्ट अनुसंधान से पता चलता है कि… हमने जांच की शुरुआत में वायरल वीडियो के की-फ्रेम्स का रिवर्स इमेज सर्च किया। परिणाम में हमेंGlobal Governance Newsनाम की वेबसाइट पर 28 जुलाई 2025 को प्रकाशित एक रिपोर्ट मिली, जिसमें वीडियो से मिलती-जुलती तस्वीर देखी जा सकती है। बताया गया है कि यह घटना अमेरिकन एयरलाइंस की एक फ्लाइट की थी, जिसके लैंडिंग गियर में डेनवर एयरपोर्ट पर आग लग गई थी। फिर हमें इसी घटना से जुड़ी और भी रिपोर्ट्स मिली। इनमें 27 जुलाई 2025 को छपी प्रकाशित वीडियो रिपोर्ट्स के अनुसार, अमेरिकन एयरलाइंस कीफ़्लाइट बोइंग 737 MAX 8मियामी की ओर जा रही थी, तभी उसके बाएं पिछले लैंडिंग गियर में आग लग गयी। टायर में आग लगने के कारण हवाई जहाज़ को डेनवर इंटरनेशनल एयरपोर्ट पर टेकऑफ़ करना पड़ा।हालांकि जहाज़ में सवार 173 यात्रियों और छह क्रू मेंबर्स को इमरजेंसी स्लाइड्स द्वारा सुरक्षित निकाल लिया गया था। लेकिन एक यात्री को मामूली चोट आई थी, जिसे उपचार के लिए अस्पताल में भर्ती कराया गया था। इससे जुड़ी वीडियो रिपोर्ट्सयहांपर भी देखें। निष्कर्ष तथ्यों के जांच से पता चलता है कि वा",इसराइल वीडियो दावे असंबंधित पर के के हमले ईरान से वायरल… अड्डे के हवाई,,REF,same_as_gold,word,"{""shuffle_type"": ""uniform_random"", ""word_order_preserved"": false}","{""fluency_checked"": false, ""label_consistent"": true, ""meaning_preserved"": false}",
586,CA_WORD_03_Jumbling,hi,पूर्व मुख्य चुनाव आयुक्त टी. एस. कृष्णमूर्ति ने कहा था कि किसी पार्टी ने ईवीएम हैक करके विधानसभा चुनाव जीता।,निर्वाचन आयोग के पृष्ठ में टी. एस. कृष्णमूर्ति के नाम से प्रसारित मीडिया-क्लिप को फर्जी बताया गया है और उनके खंडन का उल्लेख है।,विधानसभा टी. एस. जीता। पूर्व था ने चुनाव हैक किसी करके चुनाव ने कि आयुक्त कृष्णमूर्ति पार्टी मुख्य ईवीएम कहा,,REF,same_as_gold,word,"{""shuffle_type"": ""uniform_random"", ""word_order_preserved"": false}","{""fluency_checked"": false, ""label_consistent"": true, ""meaning_preserved"": false}",
587,CA_WORD_03_Jumbling,hi,सॉ पाल्मेटो बढ़े हुए प्रोस्टेट के मूत्र संबंधी लक्षणों में प्रभावी है।,एनसीसीआईएच के अनुसार उच्च गुणवत्ता वाले अध्ययनों में सॉ पाल्मेटो के लाभ पर असंगत निष्कर्ष मिले हैं और समग्र प्रभाव स्पष्ट नहीं है।,प्रभावी पाल्मेटो मूत्र बढ़े में हुए है। संबंधी सॉ के प्रोस्टेट लक्षणों,,NEI,same_as_gold,word,"{""shuffle_type"": ""uniform_random"", ""word_order_preserved"": false}","{""fluency_checked"": false, ""label_consistent"": true, ""meaning_preserved"": false}",
588,CA_WORD_03_Jumbling,hi,अलसी रजोनिवृत्ति की हॉट फ्लैश समस्या को निश्चित रूप से कम करती है।,एनसीसीआईएच के अनुसार अलसी और हॉट फ्लैश पर शोध सीमित तथा असंगत है।,निश्चित की को फ्लैश करती है। रजोनिवृत्ति से समस्या अलसी रूप हॉट कम,,NEI,same_as_gold,word,"{""shuffle_type"": ""uniform_random"", ""word_order_preserved"": false}","{""fluency_checked"": false, ""label_consistent"": true, ""meaning_preserved"": false}",
589,CA_WORD_03_Jumbling,hi,रजनीकांत ने 'कॉकरोच जनता पार्टी' से जुड़ा बयान दिया था।,आजतक फैक्ट चेक में बताया गया कि वायरल पोस्ट में अभिनेता रजनीकांत और सोनम वांगचुक से जुड़ा दावा भ्रामक था। लेख में इस कथित बयान की पुष्टि नहीं होती।,रजनीकांत जुड़ा ने 'कॉकरोच पार्टी' था। से बयान जनता दिया,,NEI,same_as_gold,word,"{""shuffle_type"": ""uniform_random"", ""word_order_preserved"": false}","{""fluency_checked"": false, ""label_consistent"": true, ""meaning_preserved"": false}",
590,CA_WORD_03_Jumbling,hi,बिहार चुनाव 2025 में आदर्श आचार संहिता के उल्लंघन से सख्ती से निपटने की बात निर्वाचन आयोग ने कही थी।,पीआईबी की विज्ञप्ति में आयोग ने आदर्श आचार संहिता दिशानिर्देशों के किसी भी उल्लंघन से सख्ती से निपटने की बात कही है।,के कही चुनाव बिहार से उल्लंघन से आदर्श थी। आयोग में निपटने आचार 2025 ने निर्वाचन सख्ती संहिता बात की,,SUP,same_as_gold,word,"{""shuffle_type"": ""uniform_random"", ""word_order_preserved"": false}","{""fluency_checked"": false, ""label_consistent"": true, ""meaning_preserved"": false}",
591,CA_WORD_03_Jumbling,hi,'जन नायकन' को ऑस्कर के लिए भारत की आधिकारिक प्रविष्टि चुना गया।,लेख में केवल फिल्म के बॉक्स ऑफिस प्रदर्शन और कमाई का उल्लेख है। ऑस्कर प्रविष्टि से संबंधित कोई जानकारी नहीं दी गई है।,ऑस्कर आधिकारिक को प्रविष्टि भारत गया। के की नायकन' चुना लिए 'जन,,NEI,same_as_gold,word,"{""shuffle_type"": ""uniform_random"", ""word_order_preserved"": false}","{""fluency_checked"": false, ""label_consistent"": true, ""meaning_preserved"": false}",
592,CA_WORD_03_Jumbling,hi,प्रधानमंत्री आवास योजना-ग्रामीण के अंतर्गत घरों का न्यूनतम आकार 25 वर्ग मीटर है।,"पीआईबी हिंदी पृष्ठ में पीएमएवाई-जी के तहत घरों का न्यूनतम आकार 25 वर्ग मीटर बताया गया है, जिसमें स्वच्छ खाना पकाने के लिए समर्पित क्षेत्र भी होता है।",प्रधानमंत्री घरों अंतर्गत वर्ग 25 मीटर का आवास योजना-ग्रामीण के आकार है। न्यूनतम,,SUP,same_as_gold,word,"{""shuffle_type"": ""uniform_random"", ""word_order_preserved"": false}","{""fluency_checked"": false, ""label_consistent"": true, ""meaning_preserved"": false}",
593,CA_WORD_03_Jumbling,hi,"आर्थिक समीक्षा 2020-21 में स्वच्छ भारत अभियान, जल जीवन मिशन, पीएम आवास, सौभाग्य और उज्ज्वला को बुनियादी आवश्यकताओं तक पहुंच सुधारने वाली पहलें बताया गया।",वित्त मंत्रालय की आर्थिक समीक्षा विज्ञप्ति में इन सरकारी पहलों को बुनियादी आवश्यकताओं तक पहुंच में सुधार से जोड़ा गया है।,"समीक्षा मिशन, स्वच्छ 2020-21 आवश्यकताओं को बुनियादी भारत पहलें जल आवास, में उज्ज्वला अभियान, पहुंच तक पीएम सुधारने और वाली गया। बताया सौभाग्य आर्थिक जीवन",,SUP,same_as_gold,word,"{""shuffle_type"": ""uniform_random"", ""word_order_preserved"": false}","{""fluency_checked"": false, ""label_consistent"": true, ""meaning_preserved"": false}",
594,CA_WORD_03_Jumbling,hi,सुकन्या समृद्धि योजना में जमा राशि पर वर्तमान में 8.2 प्रतिशत ब्याज मिलता है।,पीआईबी के हिंदी पृष्ठ में सुकन्या समृद्धि योजना की जमा राशि पर वर्तमान अधिसूचित ब्याज दर 8.2 प्रतिशत बताई गई है।,राशि योजना में वर्तमान मिलता सुकन्या ब्याज 8.2 पर समृद्धि प्रतिशत है। में जमा,,SUP,same_as_gold,word,"{""shuffle_type"": ""uniform_random"", ""word_order_preserved"": false}","{""fluency_checked"": false, ""label_consistent"": true, ""meaning_preserved"": false}",
595,CA_WORD_03_Jumbling,hi,मधुबनी में भारत-नेपाल सीमा पर एसएसबी और हरलाखी पुलिस की संयुक्त टीम ने 31 बोतल नशीली कफ सिरप के साथ एक तस्कर को गिरफ्तार किया।,सीमा स्तंभ से लगभग 3.5 किलोमीटर भीतर विशेष निगरानी के दौरान संदिग्ध व्यक्ति को देखकर संयुक्त टीम ने घेराबंदी कर उसे पकड़ लिया और तलाशी में नशीली सिरप बरामद की।,पर किया। मधुबनी भारत-नेपाल तस्कर पुलिस एक गिरफ्तार को संयुक्त एसएसबी की साथ सिरप ने में सीमा 31 हरलाखी नशीली के और बोतल टीम कफ,,SUP,same_as_gold,word,"{""shuffle_type"": ""uniform_random"", ""word_order_preserved"": false}","{""fluency_checked"": false, ""label_consistent"": true, ""meaning_preserved"": false}",
596,CA_WORD_03_Jumbling,hi,"वेनेजुएला में आए दो शक्तिशाली भूकंपों में अब तक 1,450 लोगों की मौत हो चुकी है।","लेख में सरकार के हवाले से 1,450 लोगों की मौत होने की जानकारी दी गई है।","भूकंपों अब की दो लोगों में हो वेनेजुएला आए शक्तिशाली 1,450 तक मौत में चुकी है।",,SUP,same_as_gold,word,"{""shuffle_type"": ""uniform_random"", ""word_order_preserved"": false}","{""fluency_checked"": false, ""label_consistent"": true, ""meaning_preserved"": false}",
597,CA_WORD_03_Jumbling,hi,लोकसभा आम चुनाव 2024 में कुल 543 संसदीय निर्वाचन क्षेत्र थे।,निर्वाचन आयोग के लोकसभा चुनाव 2024 एटलस में कुल संसदीय निर्वाचन क्षेत्रों की संख्या 543 बताई गई है।,लोकसभा कुल 2024 निर्वाचन संसदीय क्षेत्र आम 543 चुनाव थे। में,,SUP,same_as_gold,word,"{""shuffle_type"": ""uniform_random"", ""word_order_preserved"": false}","{""fluency_checked"": false, ""label_consistent"": true, ""meaning_preserved"": false}",
598,CA_WORD_03_Jumbling,hi,ईवीएम और वीवीपैट बाहरी बिजली के बिना अपने पावर-पैक से चल सकते हैं।,निर्वाचन आयोग के अनुसार ईवीएम और वीवीपैट को बाहरी बिजली आपूर्ति नहीं चाहिए और वे अपने पावर-पैक से संचालित होते हैं।,और ईवीएम के बिजली सकते बाहरी वीवीपैट बिना पावर-पैक चल अपने हैं। से,,SUP,same_as_gold,word,"{""shuffle_type"": ""uniform_random"", ""word_order_preserved"": false}","{""fluency_checked"": false, ""label_consistent"": true, ""meaning_preserved"": false}",
599,CA_WORD_03_Jumbling,hi,आमिर खान की तीसरी शादी से जुड़ा वायरल वीडियो फर्जी था।,"फैक्ट-चेक के दौरान वायरल वीडियो के पुराने संस्करण मिले, जिनसे स्पष्ट हुआ कि यह क्लिप आमिर खान की बेटी इरा खान की शादी के समारोह की है। इसे बाद में उनकी कथित तीसरी शादी से जोड़कर भ्रामक दावे के साथ साझा किया गया।",था। आमिर की जुड़ा से फर्जी तीसरी वायरल वीडियो शादी खान,,REF,same_as_gold,word,"{""shuffle_type"": ""uniform_random"", ""word_order_preserved"": false}","{""fluency_checked"": false, ""label_consistent"": true, ""meaning_preserved"": false}",
600,CA_WORD_03_Jumbling,hi,"उत्तराखंड के रामनगर में दीपावली से पहले खाद्य सुरक्षा विभाग ने मिलावट रोकने के लिए दूध, दही, पनीर और मावा की जांच अभियान चलाया और छह नमूने प्रयोगशाला भेजे।","टीम ने हल्दुआ चेक पोस्ट पर वाहनों की जांच के दौरान करीब 25 किलो मावा, 60 किलो पनीर, 150 लीटर दूध और 40 किलो क्रीम की जांच की, जिनमें से कुछ में मिलावट की आशंका पाई गई।","सुरक्षा दही, और लिए भेजे। विभाग रामनगर छह पनीर दीपावली मिलावट चलाया और से पहले जांच प्रयोगशाला ने के नमूने के मावा दूध, रोकने उत्तराखंड में खाद्य की अभियान",,SUP,same_as_gold,word,"{""shuffle_type"": ""uniform_random"", ""word_order_preserved"": false}","{""fluency_checked"": false, ""label_consistent"": true, ""meaning_preserved"": false}",
601,CA_WORD_03_Jumbling,hi,"भरत तिवारी एनकाउंटर के बाद सवर्ण समाज के प्रदर्शन के नाम पर फर्जी वीडियो वायरल, उदयपुर में मनाई गई होली का है वीडियो।","राजस्थान के उदयपुर की होली का पुराना वीडियो, भरत तिवारी मामले से फर्जी रूप में शेयर किया जा रहा है। बिहार के भोजपुर में 17 जून को हुए भारत तिवारी एनकाउंटर मामले में सीएम सम्राट चौधरी ने जांच के आदेश दे दिए हैं। इसी से जोड़ते हुए सोशल मीडिया पर एक वीडियो वायरल हो रहा है, जिसमें किसी जगह पर भारी संख्या में कई लोग मौजूद है जो बंदूक लहराकर हवाई फायरिंग कर रहे हैं। वायरल वीडियो में एक टेक्स्ट भी है, जिसमें लिखा है “भारत तिवारी एनकाउंटर के खिलाफ सवर्ण समाज का बारूद की होली बिहार, नया बिहार”। यह वीडियो शेयर करते हुए दावा किया जा रहा है कि सवर्ण समाज के लोगों ने भरत तिवारी एनकाउंटर के बाद पुलिस के खिलाफ मोर्चा खोल दिया है। यूज़र ने वीडियो के साथ कैप्शन लिखा है… भरततिवारीकाइन्काउन्टरहुआतोबिहारकेलोगोंनेपुलिसकेखिलाफमोर्चाखोलदिया!#india #bihar #bjp फेसबुक पोस्ट।आर्काइव पोस्ट अनुसंधानसेपताचलताहैकि… हमने जांच की शुरुआत में वायरल वीडियो कीफ्रेम लेकर रिवर्स इमेज सर्च किया। परिणाम में हमें यहीं वीडियो,हार्दिक सेननाम के इंस्टाग्राम अकाउंट से 16 मार्च 2025 को अपलोडेड मिला। वीडियो के साथ लिखे कैप्शन में,  मेनार, होली जैसे हैशटैग मौजूद थे। साथ ही वीडियो को “बारूद की होली” बताया गया था। इसी अकाउंट पर हमें 16 मार्च 2025 कोअपलोडकिया गया एक और वीडियो मिला, जिसमें वायरल वीडियो वाले दृश्य दिखाई दिए। फिर हमें यह वीडियोudaipurcityoflakesनाम के एक और इंस्टाग्राम अकाउंट पर 5 मार्च को पोस्ट किया हुआ मिला। यहां भी इसे राजस्थान के उदयपुर के मेनार गांव में बारूद की होली का ही बताया गया है। वीडियो के साथ कैप्शन में लिखा गया है, ‘मेवाड़ (उदयपुर, राजस्थान) की बारूद होली — रंगों की नहीं, शौर्य और परंपरा की सबसे अनोखी पहचान है। और पड़ताल किए जाने पर हमें 16 मार्च 2025 को एकयूट्यूब अकाउंटपर मेनार गांव में मनाई जाने वाली होली से जुड़े वीडियो अपलोडेड मिले। इनमें दिख रहे दृश्य वायरल वीडियो से काफी मेल खा रहे थें। 16 मार्च 2025 को प्रकाशितईटीवी की वेबसाइटपर प्रकाशित रिपोर्ट के अनुसार, मेनार गांव में यह होली 15 मार्च 2025 की रात को मनाई गई थी, जिसमें  रंग और फूलों की नहीं, बल्कि पटाखे और गोला-बारूद का इस्तमाल किया गया था। अंत में हमने वायरल वीडियो की सत्यता को और अधिक जांचने के लिएudaipurcityoflakesके संचालक कम","एनकाउंटर मनाई में तिवारी पर के बाद होली सवर्ण भरत प्रदर्शन है समाज के वीडियो उदयपुर वीडियो। नाम के गई वायरल, का फर्जी",,REF,same_as_gold,word,"{""shuffle_type"": ""uniform_random"", ""word_order_preserved"": false}","{""fluency_checked"": false, ""label_consistent"": true, ""meaning_preserved"": false}",
602,CA_WORD_03_Jumbling,hi,"यदि किसी व्यक्ति का ब्लड शुगर लेवल नियंत्रण में नहीं है, तो उसे चावल, गुड़ या शहद का सेवन बिल्कुल नहीं करना चाहिए।","अमेरिकन डायबिटीज़ एसोसिएशन (ADA) के अनुसार, मधुमेह से पीड़ित व्यक्ति संतुलित भोजन योजना के तहत कार्बोहाइड्रेट और अतिरिक्त शर्करा वाले खाद्य पदार्थ सीमित मात्रा में ले सकते हैं। चावल, गुड़ या शहद को पूरी तरह छोड़ना सभी लोगों के लिए आवश्यक नहीं है; भोजन की मात्रा और कुल आहार योजना अधिक महत्वपूर्ण होती है।","का गुड़ लेवल तो नहीं सेवन शहद चावल, करना ब्लड किसी या बिल्कुल व्यक्ति शुगर उसे में नियंत्रण है, नहीं यदि का चाहिए।",,REF,same_as_gold,word,"{""shuffle_type"": ""uniform_random"", ""word_order_preserved"": false}","{""fluency_checked"": false, ""label_consistent"": true, ""meaning_preserved"": false}",
603,CA_WORD_03_Jumbling,hi,बजट 2024-25 में प्रधानमंत्री ग्राम सड़क योजना का चरण IV शुरू करने की घोषणा की गई।,आधिकारिक बजट विज्ञप्ति में पीएमजीएसवाई चरण IV आरंभ करने की घोषणा दर्ज है।,बजट IV प्रधानमंत्री की 2024-25 योजना में की घोषणा गई। ग्राम चरण शुरू करने सड़क का,,SUP,same_as_gold,word,"{""shuffle_type"": ""uniform_random"", ""word_order_preserved"": false}","{""fluency_checked"": false, ""label_consistent"": true, ""meaning_preserved"": false}",
604,CA_WORD_03_Jumbling,hi,मई 2024 तक स्टैंड-अप इंडिया योजना के 77.7 प्रतिशत लाभार्थी महिलाएं थीं।,पीआईबी हिंदी पृष्ठ में मई 2024 तक स्टैंड-अप इंडिया योजना के 77.7 प्रतिशत लाभार्थियों के महिलाएं होने का उल्लेख है।,थीं। के 77.7 2024 योजना महिलाएं मई इंडिया प्रतिशत स्टैंड-अप तक लाभार्थी,,SUP,same_as_gold,word,"{""shuffle_type"": ""uniform_random"", ""word_order_preserved"": false}","{""fluency_checked"": false, ""label_consistent"": true, ""meaning_preserved"": false}",
605,CA_WORD_03_Jumbling,hi,मीडिया भी वोटर टर्नआउट ऐप के माध्यम से अनुमानित मतदाता मतदान डेटा देख सकता है।,पीआईबी की विज्ञप्ति में मीडिया को भी अनुमानित मतदाता मतदान डेटा कैप्चर करने के लिए वोटर टर्नआउट ऐप का उपयोग करने की बात है।,टर्नआउट है। ऐप माध्यम मीडिया के मतदान वोटर अनुमानित देख मतदाता सकता से डेटा भी,,SUP,same_as_gold,word,"{""shuffle_type"": ""uniform_random"", ""word_order_preserved"": false}","{""fluency_checked"": false, ""label_consistent"": true, ""meaning_preserved"": false}",
606,CA_WORD_03_Jumbling,hi,पोलियो एक अत्यधिक संक्रामक वायरल रोग है।,डब्ल्यूएचओ पोलियोमाइलाइटिस को वायरस से होने वाला अत्यधिक संक्रामक रोग बताता है।,पोलियो वायरल रोग अत्यधिक है। एक संक्रामक,,SUP,same_as_gold,word,"{""shuffle_type"": ""uniform_random"", ""word_order_preserved"": false}","{""fluency_checked"": false, ""label_consistent"": true, ""meaning_preserved"": false}",
607,CA_WORD_03_Jumbling,hi,तीसरे चरण के विस्तृत लिंग-वार मतदान आंकड़े 11 मई 2024 तक प्रकाशित किए जाने थे।,पीआईबी की हिंदी विज्ञप्ति में जांच और संभावित पुनर्मतदान के बाद 11 मई 2024 तक लिंग-वार नवीनतम मतदान आंकड़े प्रकाशित करने की बात कही गई है।,11 के जाने थे। तीसरे प्रकाशित विस्तृत चरण तक आंकड़े किए लिंग-वार मतदान मई 2024,,SUP,same_as_gold,word,"{""shuffle_type"": ""uniform_random"", ""word_order_preserved"": false}","{""fluency_checked"": false, ""label_consistent"": true, ""meaning_preserved"": false}",
608,CA_WORD_03_Jumbling,hi,प्रभास ने 'सलार' की कमाई का पूरा हिस्सा अयोध्या राम मंदिर को दान कर दिया।,PIB Fact Check ने सोशल मीडिया पर चल रहे इस दावे को भ्रामक बताया। किसी अधिकृत दान घोषणा या प्रोडक्शन हाउस के बयान में पूरी कमाई दान करने की बात नहीं पाई गई।,मंदिर कमाई दान का दिया। 'सलार' की अयोध्या पूरा राम ने हिस्सा प्रभास कर को,,REF,same_as_gold,word,"{""shuffle_type"": ""uniform_random"", ""word_order_preserved"": false}","{""fluency_checked"": false, ""label_consistent"": true, ""meaning_preserved"": false}",
609,CA_WORD_03_Jumbling,hi,जल जीवन मिशन 2.0 में समुदाय-नेतृत्व वाले ग्रामीण जल सुशासन को मजबूत करने की बात कही गई।,पेयजल एवं स्वच्छता विभाग की हिंदी विज्ञप्ति जल जीवन मिशन 2.0 के अंतर्गत समुदाय-नेतृत्व वाले जल सुशासन को मजबूत करने की बात कहती है।,2.0 मजबूत मिशन गई। ग्रामीण जीवन जल में वाले समुदाय-नेतृत्व को की सुशासन करने जल कही बात,,SUP,same_as_gold,word,"{""shuffle_type"": ""uniform_random"", ""word_order_preserved"": false}","{""fluency_checked"": false, ""label_consistent"": true, ""meaning_preserved"": false}",
610,CA_WORD_03_Jumbling,hi,'जन नायकन' ने तीसरे दिन बॉक्स ऑफिस पर रिकॉर्ड बनाया।,एबीपी न्यूज़: 'जन नायकन' बॉक्स ऑफिस पर धमाकेदार कलेक्शन कर रही है. फिल्म को फैंस खूब पसंद कर रहे हैं.,दिन 'जन बॉक्स रिकॉर्ड ऑफिस पर तीसरे नायकन' ने बनाया।,,SUP,same_as_gold,word,"{""shuffle_type"": ""uniform_random"", ""word_order_preserved"": false}","{""fluency_checked"": false, ""label_consistent"": true, ""meaning_preserved"": false}",
611,CA_WORD_03_Jumbling,hi,आमिर खान की बेटी इरा खान की शादी हो चुकी थी।,लेख में वायरल शादी संबंधी दावे का कोई विश्वसनीय प्रमाण नहीं मिला।,बेटी आमिर खान चुकी शादी खान की थी। की इरा हो,,REF,same_as_gold,word,"{""shuffle_type"": ""uniform_random"", ""word_order_preserved"": false}","{""fluency_checked"": false, ""label_consistent"": true, ""meaning_preserved"": false}",
612,CA_WORD_03_Jumbling,hi,2021 में कर्णाटक के वीडियो को तमिलनाडु में बिहारी मजदूरों पर हमले के नाम से फैलाया जा रहा है।,"वायरल वीडियो तमिलनाडु से नहीं बल्कि 2021 को कर्णाटक से है जहाँ आपसी रंजिश के चलते एक हिस्ट्री शीटर पर हमला किया गया था। सोशल मीडिया पर एक विचलित कर देने वाले वीडियो को साझा करते हुए दावा किया जा रहा है कि यह वीडियो तमिलनाडू से है जहाँ एक बिहारी मजदूर को कुल्हाड़ी से काटकर हत्या कर दी गयी है। वायरल हो रहे इस वीडियो में हम 4 व्यक्तियों को मिलकर एक लड़के पर कुल्हाड़ी और दूसरे धारदार हथियारों से हमला करते हुए देख सकते है,  हमलावारों को पीड़ित पर बार बार इन धारदार हथियारों से वार करते हुए देखा जा सकता है। जिसके बाद वीडियो में पीड़ित ज़मीन पे गिर जाता है। वीडियो के कैप्शन में लिखा गया है कि “बिहारी भाईयों को तमिलनाडु में बेरहमी से पिट पिट कर हत्या और फीर भी चुप है नीतीश सरकार ये सरकार को सिर्फ सता से मतलब है।” ट्विटर लिंक।आर्काइव लिंक अनुसंधान से पता चलता है कि… जाँच की शुरुवात हमने वायरल वीडियो को छोटे फ्रेम्स में तोड़कर गूगल पर रिवर्स इमेज सर्च करने से की, जिसके परिणाम से हमेंफेसबुकपर ये वीडियो गोवा रिपोर्ट कार्ड के पेज पर मिला। 8 अगस्त 2021 को इस वीडियो को शेयर करते हुए लिखा गया है कि वीडियो में गैंगस्टर अनवर शेख़ पर किये गये हमला को देख सकते है। कहा जा रहा है कि ये घटना कर्णाटक के सवान्नुर कसबे से है। ख़बरोंके अनुसार गैंगस्टर टाइगर अनवर को सवान्नुर कसबे के कराटागी कोर्स में दिन दहाड़े कुल्हाड़ी से मारकर हत्या कर दी गयी। रिपोर्ट में ये बताया गया है कि मारा गया व्यक्ति गोवा का एक हिस्ट्रीशीटर था जिसका मर्डर पैसे के लेन देन के चलते हुआ था। टाइम्स ऑफ़ इंडियाद्वारा प्रकाशित खबर के अनुसार अनवर शेख उर्फ टाइगर अनवर की कर्नाटक के हावेरी जिले के सवान्नुर में दिनदहाड़े हत्या कर दी गई थी, इमरान चौधरी नाम के एक व्यक्ति उसे “सुरक्षा राशि” का भुगतान नहीं कर सका , जिसके कारण से उसके द्वारा इस हत्या को अंजाम दिया गया। रिपोर्ट के अनुसार इमरान चौधरी को गिरफ्तार कर लिया गया है और पुलिस हमले में शामिल तीन अन्य लोगों की तलाश कर रही है। जाँच में आगे बढ़ते हुए फैक्ट क्रेसेंडो ने कर्नाटक मेंहावेरी के एस.पी हनुमंतरायसे संपर्क किया उन्होंने हमें बताया कि “वीडियो में दिख रहे पीड़ित का नाम अनवर शेख है जो गोवा में काफी जाना-माना अपराधी है। इसके खिलाफ गोवा में कई अलग अलग अपराधों से जुड़े मुक़दमे दर",2021 मजदूरों जा के में तमिलनाडु में कर्णाटक को पर नाम वीडियो से है। फैलाया बिहारी हमले रहा के,,REF,same_as_gold,word,"{""shuffle_type"": ""uniform_random"", ""word_order_preserved"": false}","{""fluency_checked"": false, ""label_consistent"": true, ""meaning_preserved"": false}",
613,CA_WORD_03_Jumbling,hi,सलमान खान का एक वीडियो शिक्षा मंत्री धर्मेंद्र प्रधान के इस्तीफे पर उनकी हालिया प्रतिक्रिया के तौर पर वायरल हो रहा है।,"साइबरपीस रिसर्च विंग की जांच में सामने आया कि यह वीडियो अक्टूबर 2022 का है, जिसमें सलमान खान अभिनेता चिरंजीवी को उनकी फिल्म 'गॉडफादर' की सफलता पर बधाई दे रहे हैं। धर्मेंद्र प्रधान के इस्तीफे से इस वीडियो का कोई संबंध नहीं है।",उनकी रहा इस्तीफे पर तौर सलमान वायरल मंत्री प्रतिक्रिया है। वीडियो शिक्षा खान के हालिया के धर्मेंद्र हो एक पर का प्रधान,,REF,same_as_gold,word,"{""shuffle_type"": ""uniform_random"", ""word_order_preserved"": false}","{""fluency_checked"": false, ""label_consistent"": true, ""meaning_preserved"": false}",
614,CA_WORD_03_Jumbling,hi,करण कुंद्रा ने स्कूबा डाइविंग के दौरान तेजस्वी को अंगूठी पहनाई।,"इंडिया टीवी ने केवल इतना बताया कि करण कुंद्रा और तेजस्वी प्रकाश इन दिनों मॉरिशस में छुट्टियां मना रहे हैं, जहां करण ने बहुत ही रोमांटिक अंदाज में अपनी लेडी लव को प्रपोज किया। बाकी विवरण अनुपलब्ध है।",ने करण पहनाई। कुंद्रा अंगूठी को स्कूबा डाइविंग के दौरान तेजस्वी,,NEI,same_as_gold,word,"{""shuffle_type"": ""uniform_random"", ""word_order_preserved"": false}","{""fluency_checked"": false, ""label_consistent"": true, ""meaning_preserved"": false}",
615,CA_WORD_03_Jumbling,hi,उत्तराखंड सरकार ने डाकपत्थर बैराज के आधुनिकीकरण के लिए ₹500 करोड़ की नई परियोजना की घोषणा की।,लेख में ऐसी किसी नई परियोजना या वित्तीय घोषणा का उल्लेख नहीं है।,की करोड़ उत्तराखंड नई की। लिए के डाकपत्थर के ₹500 परियोजना आधुनिकीकरण की सरकार घोषणा बैराज ने,,NEI,same_as_gold,word,"{""shuffle_type"": ""uniform_random"", ""word_order_preserved"": false}","{""fluency_checked"": false, ""label_consistent"": true, ""meaning_preserved"": false}",
616,CA_WORD_03_Jumbling,hi,नमक पूरी तरह छोड़ने से हर व्यक्ति का रक्तचाप सात दिन में सामान्य हो जाता है।,"डब्ल्यूएचओ नमक कम करने को रक्तचाप घटाने से जोड़ता है, लेकिन सात दिन में हर व्यक्ति के सामान्य होने की गारंटी नहीं देता।",रक्तचाप जाता पूरी हर सामान्य नमक हो सात दिन है। का से छोड़ने व्यक्ति में तरह,,NEI,same_as_gold,word,"{""shuffle_type"": ""uniform_random"", ""word_order_preserved"": false}","{""fluency_checked"": false, ""label_consistent"": true, ""meaning_preserved"": false}",
617,CA_WORD_03_Jumbling,hi,पीआरईपी (PrEP) एचआईवी-नकारात्मक लोगों में संक्रमण का जोखिम कम करने के लिए दी जाती है।,डब्ल्यूएचओ पीआरईपी को एचआईवी-नकारात्मक लोगों में एचआईवी प्राप्त करने के जोखिम को कम करने के लिए उपयोग की जाने वाली एंटीरेट्रोवायरल रोकथाम बताता है।,(PrEP) संक्रमण दी एचआईवी-नकारात्मक पीआरईपी कम है। लोगों के में जाती का लिए करने जोखिम,,SUP,same_as_gold,word,"{""shuffle_type"": ""uniform_random"", ""word_order_preserved"": false}","{""fluency_checked"": false, ""label_consistent"": true, ""meaning_preserved"": false}",
618,CA_WORD_03_Jumbling,hi,अटल पेंशन योजना 2015 में असंगठित क्षेत्र के कामगारों के लिए शुरू की गई थी।,पीआईबी हिंदी पृष्ठ अटल पेंशन योजना को 2015 में शुरू की गई ऐसी अंशदायी योजना बताता है जिसका उद्देश्य असंगठित क्षेत्र के कामगारों में पेंशन कवरेज बढ़ाना है।,गई लिए शुरू अटल क्षेत्र के में योजना पेंशन कामगारों थी। असंगठित की 2015 के,,SUP,same_as_gold,word,"{""shuffle_type"": ""uniform_random"", ""word_order_preserved"": false}","{""fluency_checked"": false, ""label_consistent"": true, ""meaning_preserved"": false}",
619,CA_WORD_03_Jumbling,hi,नीरज चोपड़ा की जीत पर केवल अक्षय कुमार ने ही उन्हें बधाई दी थी।,आजतक फैक्ट चेक की जांच में पाया गया कि कई बॉलीवुड हस्तियों ने नीरज चोपड़ा को बधाई दी थी। इसलिए वायरल दावा सही नहीं था।,उन्हें थी। चोपड़ा ने दी नीरज पर बधाई जीत ही अक्षय की कुमार केवल,,REF,same_as_gold,word,"{""shuffle_type"": ""uniform_random"", ""word_order_preserved"": false}","{""fluency_checked"": false, ""label_consistent"": true, ""meaning_preserved"": false}",
620,CA_WORD_03_Jumbling,hi,लेख में बताया गया है कि राज्य को मानसून से कोई आर्थिक नुकसान नहीं हुआ।,"लेख में ₹1,014.08 करोड़ के नुकसान का उल्लेख है।",से मानसून आर्थिक गया कोई नुकसान कि नहीं को लेख है हुआ। बताया में राज्य,,REF,same_as_gold,word,"{""shuffle_type"": ""uniform_random"", ""word_order_preserved"": false}","{""fluency_checked"": false, ""label_consistent"": true, ""meaning_preserved"": false}",
621,CA_WORD_03_Jumbling,hi,पीएम ई-ड्राइव योजना ई-ट्रक और ई-एम्बुलेंस जैसी नई वाहन श्रेणियों को भी सहायता देती है।,पीआईबी की हिंदी विज्ञप्ति में पीएम ई-ड्राइव योजना के अंतर्गत ई-ट्रक और ई-एम्बुलेंस जैसी नई श्रेणियों को सहायता देने का उल्लेख है।,पीएम योजना भी और देती है। ई-एम्बुलेंस वाहन ई-ट्रक सहायता को श्रेणियों ई-ड्राइव नई जैसी,,SUP,same_as_gold,word,"{""shuffle_type"": ""uniform_random"", ""word_order_preserved"": false}","{""fluency_checked"": false, ""label_consistent"": true, ""meaning_preserved"": false}",
622,CA_WORD_03_Jumbling,hi,लेख में राज्य की प्रत्येक नदी पर सेंसर स्थापना की सटीक समय-सारिणी और जिला-वार सूची प्रकाशित की गई है।,लेख में ऐसी कोई विस्तृत समय-सारिणी या जिला-वार सूची नहीं दी गई है।,प्रत्येक जिला-वार समय-सारिणी की पर लेख में सेंसर स्थापना की नदी और प्रकाशित है। राज्य गई सटीक सूची की,,NEI,same_as_gold,word,"{""shuffle_type"": ""uniform_random"", ""word_order_preserved"": false}","{""fluency_checked"": false, ""label_consistent"": true, ""meaning_preserved"": false}",
623,CA_WORD_03_Jumbling,hi,"पश्चिमी विक्षोभ के कारण देहरादून, उत्तरकाशी, टिहरी और चमोली में मौसम बदला।",लेख में इन जिलों में मौसम बदलने का उल्लेख है।,"के में देहरादून, टिहरी बदला। मौसम उत्तरकाशी, और कारण विक्षोभ पश्चिमी चमोली",,SUP,same_as_gold,word,"{""shuffle_type"": ""uniform_random"", ""word_order_preserved"": false}","{""fluency_checked"": false, ""label_consistent"": true, ""meaning_preserved"": false}",
624,CA_WORD_03_Jumbling,hi,निर्वाचन आयोग ने कहा कि असत्यापित आरोपों या विकृतियों के आधार पर अन्य दलों अथवा उनके कार्यकर्ताओं की आलोचना नहीं की जानी चाहिए।,पीआईबी की विज्ञप्ति में आदर्श आचार संहिता के प्रावधान के रूप में असत्यापित आरोपों या विकृतियों के आधार पर आलोचना न करने की बात दी गई है।,की चाहिए। असत्यापित निर्वाचन विकृतियों ने पर कहा आरोपों आलोचना आयोग आधार कि की अथवा जानी दलों के या उनके कार्यकर्ताओं नहीं अन्य,,SUP,same_as_gold,word,"{""shuffle_type"": ""uniform_random"", ""word_order_preserved"": false}","{""fluency_checked"": false, ""label_consistent"": true, ""meaning_preserved"": false}",
625,CA_WORD_03_Jumbling,hi,भारत में अनिवार्य मतदान लागू है और मत न देने पर कानूनी दंड मिलता है।,निर्वाचन आयोग ने स्पष्ट किया है कि भारत में अनिवार्य मतदान की कोई अवधारणा नहीं है।,लागू में है और अनिवार्य न है। कानूनी भारत मिलता मत मतदान दंड पर देने,,REF,same_as_gold,word,"{""shuffle_type"": ""uniform_random"", ""word_order_preserved"": false}","{""fluency_checked"": false, ""label_consistent"": true, ""meaning_preserved"": false}",
626,CA_WORD_03_Jumbling,hi,1 जुलाई 2026 से वीबी जी-राम-जी कानून लागू होने का उल्लेख किया गया।,एनडीटीवी इंडिया की हिंदी रिपोर्ट में 1 जुलाई 2026 से मनरेगा के स्थान पर वीबी जी-राम-जी कानून लागू होने की जानकारी है।,होने से जी-राम-जी 2026 वीबी का उल्लेख जुलाई कानून 1 किया लागू गया।,,SUP,same_as_gold,word,"{""shuffle_type"": ""uniform_random"", ""word_order_preserved"": false}","{""fluency_checked"": false, ""label_consistent"": true, ""meaning_preserved"": false}",
627,CA_WORD_03_Jumbling,hi,किसान ई-मित्र किसानों के लिए आवाज़-आधारित कृत्रिम बुद्धिमत्ता चैटबॉट है।,कृषि मंत्रालय की विज्ञप्ति में किसान ई-मित्र को आवाज़-आधारित एआई चैटबॉट बताया गया है।,बुद्धिमत्ता कृत्रिम है। के चैटबॉट लिए किसान आवाज़-आधारित ई-मित्र किसानों,,SUP,same_as_gold,word,"{""shuffle_type"": ""uniform_random"", ""word_order_preserved"": false}","{""fluency_checked"": false, ""label_consistent"": true, ""meaning_preserved"": false}",
628,CA_WORD_03_Jumbling,hi,लेख में बताया गया है कि अनुराग ठाकुर ने प्रदेश कांग्रेस सरकार की आपदा प्रबंधन की खुलकर प्रशंसा की।,"लेख में उन्होंने प्रदेश सरकार की आलोचना की है, प्रशंसा नहीं।",प्रशंसा कांग्रेस अनुराग की। में ने सरकार आपदा खुलकर कि गया लेख है प्रदेश की बताया ठाकुर की प्रबंधन,,REF,same_as_gold,word,"{""shuffle_type"": ""uniform_random"", ""word_order_preserved"": false}","{""fluency_checked"": false, ""label_consistent"": true, ""meaning_preserved"": false}",
629,CA_WORD_03_Jumbling,hi,सिद्धार्थ शुक्ला के अंतिम संस्कार का वायरल दृश्य वास्तविक था।,"आजतक फैक्ट चेक ने बताया कि वायरल दृश्य धारावाहिक 'बालिका वधू' का था, अंतिम संस्कार का नहीं।",के शुक्ला वास्तविक था। सिद्धार्थ संस्कार का अंतिम दृश्य वायरल,,REF,same_as_gold,word,"{""shuffle_type"": ""uniform_random"", ""word_order_preserved"": false}","{""fluency_checked"": false, ""label_consistent"": true, ""meaning_preserved"": false}",
630,CA_WORD_03_Jumbling,hi,असुरक्षित इंजेक्शन और दूषित सुई साझा करना हेपेटाइटिस सी के संचरण का कारण बन सकता है।,विश्व स्वास्थ्य संगठन के अनुसार असुरक्षित इंजेक्शन और सुई-सिरिंज साझा करने से रक्त के संपर्क द्वारा हेपेटाइटिस सी फैल सकता है।,सुई और कारण दूषित का करना इंजेक्शन है। बन साझा के हेपेटाइटिस सी असुरक्षित सकता संचरण,,SUP,same_as_gold,word,"{""shuffle_type"": ""uniform_random"", ""word_order_preserved"": false}","{""fluency_checked"": false, ""label_consistent"": true, ""meaning_preserved"": false}",
631,CA_WORD_03_Jumbling,hi,हैजा के उपचार में सबसे प्रभावी तरीका केवल एंटीबायोटिक दवाएं हैं।,डब्ल्यूएचओ अधिकांश हैजा रोगियों के सफल उपचार में ओरल रिहाइड्रेशन सॉल्यूशन (ओआरएस) को महत्वपूर्ण बताता है।,तरीका उपचार सबसे हैं। हैजा प्रभावी में एंटीबायोटिक के दवाएं केवल,,REF,same_as_gold,word,"{""shuffle_type"": ""uniform_random"", ""word_order_preserved"": false}","{""fluency_checked"": false, ""label_consistent"": true, ""meaning_preserved"": false}",
632,CA_WORD_03_Jumbling,hi,सी सॉल्ट या कोशर सॉल्ट में सामान्य टेबल सॉल्ट की तुलना में बहुत कम सोडियम होता है।,अमेरिकन हार्ट एसोसिएशन के अनुसार सी सॉल्ट और कोशर सॉल्ट में टेबल सॉल्ट के समान मात्रा में सोडियम होता है और इन्हें केवल इस आधार पर स्वस्थ विकल्प नहीं माना जा सकता।,कोशर है। कम होता सी सॉल्ट में सॉल्ट में टेबल बहुत सॉल्ट की तुलना सोडियम या सामान्य,,REF,same_as_gold,word,"{""shuffle_type"": ""uniform_random"", ""word_order_preserved"": false}","{""fluency_checked"": false, ""label_consistent"": true, ""meaning_preserved"": false}",
633,CA_WORD_03_Jumbling,hi,केंद्र सरकार 'वन स्टूडेंट वन लैपटॉप योजना' के तहत सभी छात्रों को मुफ्त लैपटॉप दे रही है।,वनइंडिया हिंदी फैक्ट चेक में पीआईबी फैक्ट चेक के हवाले से कहा गया है कि केंद्र सरकार ऐसी कोई योजना संचालित नहीं कर रही है।,सभी छात्रों योजना' सरकार केंद्र के है। लैपटॉप दे स्टूडेंट लैपटॉप 'वन रही तहत वन मुफ्त को,,REF,same_as_gold,word,"{""shuffle_type"": ""uniform_random"", ""word_order_preserved"": false}","{""fluency_checked"": false, ""label_consistent"": true, ""meaning_preserved"": false}",
634,CA_WORD_03_Jumbling,hi,दिल्ली के कृष्णा नगर में एक कैब ड्राइवर की चाकू मारकर हत्या के मामले में शराब पीकर लूट की योजना बनाने वाले तीन आरोपियों को गिरफ्तार किया गया।,"जांच में सामने आया कि आरोपियों ने घटना वाले दिन शराब पीने के बाद कैब ड्राइवर को लूटने की योजना बनाई थी, जिसमें एक नाबालिग भी शामिल था।",तीन लूट को आरोपियों किया ड्राइवर में की योजना गया। हत्या नगर शराब की दिल्ली चाकू एक कैब के बनाने कृष्णा मारकर मामले पीकर गिरफ्तार के वाले में,,SUP,same_as_gold,word,"{""shuffle_type"": ""uniform_random"", ""word_order_preserved"": false}","{""fluency_checked"": false, ""label_consistent"": true, ""meaning_preserved"": false}",
635,CA_WORD_03_Jumbling,hi,बोकारो पुलिस ने लोन दिलाने का झांसा देकर साइबर ठगी करने वाले दो आरोपियों को गिरफ्तार किया।,"पुलिस ने दोनों आरोपियों के पास से नकदी, मोबाइल फोन और 800 से अधिक नंबरों की डायरी बरामद की।",ने देकर किया। ठगी वाले दिलाने को झांसा साइबर का करने बोकारो पुलिस दो आरोपियों गिरफ्तार लोन,,SUP,same_as_gold,word,"{""shuffle_type"": ""uniform_random"", ""word_order_preserved"": false}","{""fluency_checked"": false, ""label_consistent"": true, ""meaning_preserved"": false}",
636,CA_WORD_03_Jumbling,hi,मतदाता मार्गदर्शिका केवल अंग्रेजी में दी जानी थी।,"पीआईबी की विज्ञप्ति में मतदाता मार्गदर्शिका हिंदी, अंग्रेजी और स्थानीय भाषा में उपलब्ध कराने की बात है।",मतदाता मार्गदर्शिका अंग्रेजी थी। जानी में दी केवल,,REF,same_as_gold,word,"{""shuffle_type"": ""uniform_random"", ""word_order_preserved"": false}","{""fluency_checked"": false, ""label_consistent"": true, ""meaning_preserved"": false}",
637,CA_WORD_03_Jumbling,hi,2 फरवरी 2026 तक प्रधानमंत्री किसान मानधन योजना में 24.95 लाख किसानों का नामांकन दर्ज था।,पीआईबी की हिंदी विज्ञप्ति के अनुसार 2 फरवरी 2026 तक पीएम-किसान मानधन योजना में 24.95 लाख किसानों का नामांकन हुआ था।,तक प्रधानमंत्री नामांकन किसानों में योजना लाख दर्ज 2 24.95 2026 था। का फरवरी मानधन किसान,,SUP,same_as_gold,word,"{""shuffle_type"": ""uniform_random"", ""word_order_preserved"": false}","{""fluency_checked"": false, ""label_consistent"": true, ""meaning_preserved"": false}",
638,CA_WORD_03_Jumbling,hi,मुख्यमंत्री ने कहा कि निचले इलाकों के लिए किसी प्रकार का अलर्ट जारी करने की आवश्यकता नहीं थी।,लेख में स्पष्ट रूप से निचले क्षेत्रों के लिए अलर्ट जारी होने का उल्लेख है।,अलर्ट कि नहीं ने प्रकार के आवश्यकता मुख्यमंत्री जारी किसी इलाकों करने की का लिए कहा निचले थी।,,REF,same_as_gold,word,"{""shuffle_type"": ""uniform_random"", ""word_order_preserved"": false}","{""fluency_checked"": false, ""label_consistent"": true, ""meaning_preserved"": false}",
639,CA_WORD_03_Jumbling,hi,छह परिवारों ने रात में सुरक्षित स्थान पर शरण ली।,लेख में छह परिवारों के सुरक्षित स्थान पर जाने की जानकारी दी गई है।,में परिवारों रात छह स्थान सुरक्षित ली। पर शरण ने,,SUP,same_as_gold,word,"{""shuffle_type"": ""uniform_random"", ""word_order_preserved"": false}","{""fluency_checked"": false, ""label_consistent"": true, ""meaning_preserved"": false}",
640,CA_WORD_03_Jumbling,hi,रणवीर सिंह 'डॉन 3' विवाद सुलझाने के लिए एक्सेल एंटरटेनमेंट को मांगे गए पूरे 40 करोड़ रुपये चुकाने के लिए राजी हो गए हैं।,"LatestLY की रिपोर्ट के अनुसार, रणवीर सिंह ने केवल अपनी 10 करोड़ रुपये की साइनिंग राशि लौटाने पर सहमति जताई है और आगामी फिल्म 'प्रलय' में प्रोडक्शन हाउस को हिस्सेदारी देने का प्रस्ताव रखा है, लेकिन पूरे 40 करोड़ रुपये चुकाने की पुष्टि नहीं है।",रुपये हैं। सिंह विवाद को मांगे के एक्सेल लिए 3' राजी 40 लिए के गए चुकाने 'डॉन गए करोड़ एंटरटेनमेंट हो सुलझाने पूरे रणवीर,,NEI,same_as_gold,word,"{""shuffle_type"": ""uniform_random"", ""word_order_preserved"": false}","{""fluency_checked"": false, ""label_consistent"": true, ""meaning_preserved"": false}",
641,CA_WORD_03_Jumbling,hi,"जहां तक संभव हो, प्रत्येक निर्वाचन क्षेत्र में कम से कम एक मतदान केंद्र विशेष रूप से महिलाओं और दिव्यांगजनों द्वारा प्रबंधित करने का निर्देश था।","पीआईबी की विज्ञप्ति में जहां तक संभव हो, प्रत्येक निर्वाचन क्षेत्र में कम से कम एक मतदान केंद्र महिलाओं और दिव्यांगजनों द्वारा विशेष रूप से प्रबंधित करने का निर्देश है।","दिव्यांगजनों में द्वारा रूप कम विशेष महिलाओं कम मतदान निर्वाचन प्रत्येक संभव का एक क्षेत्र से हो, करने निर्देश था। और प्रबंधित केंद्र से जहां तक",,SUP,same_as_gold,word,"{""shuffle_type"": ""uniform_random"", ""word_order_preserved"": false}","{""fluency_checked"": false, ""label_consistent"": true, ""meaning_preserved"": false}",
642,CA_WORD_03_Jumbling,hi,"प्रधानमंत्री मुद्रा योजना में शिशु, किशोर और तरुण तीन ऋण श्रेणियां हैं।","आज तक की हिंदी रिपोर्ट में प्रधानमंत्री मुद्रा योजना के तहत शिशु, किशोर और तरुण तीन श्रेणियों का उल्लेख है।","तरुण शिशु, योजना और में मुद्रा ऋण हैं। तीन किशोर प्रधानमंत्री श्रेणियां",,SUP,same_as_gold,word,"{""shuffle_type"": ""uniform_random"", ""word_order_preserved"": false}","{""fluency_checked"": false, ""label_consistent"": true, ""meaning_preserved"": false}",
643,CA_WORD_03_Jumbling,hi,प्रधानमंत्री फसल बीमा योजना और पुनर्गठित मौसम आधारित फसल बीमा योजना के लिए 200 प्रशिक्षण कार्यक्रम मंजूर किए गए थे।,पीआईबी हिंदी विज्ञप्ति में पीएमएफबीवाई/आरडब्ल्यूबीसीआईएस के अंतर्गत पैक्स प्रतिभागियों के प्रशिक्षण के लिए 200 प्रशिक्षण कार्यक्रमों के चरणबद्ध कार्यान्वयन को मंजूरी दिए जाने का उल्लेख है।,और मंजूर प्रधानमंत्री गए मौसम थे। फसल कार्यक्रम लिए आधारित किए पुनर्गठित 200 योजना योजना प्रशिक्षण बीमा फसल बीमा के,,SUP,same_as_gold,word,"{""shuffle_type"": ""uniform_random"", ""word_order_preserved"": false}","{""fluency_checked"": false, ""label_consistent"": true, ""meaning_preserved"": false}",
644,CA_WORD_03_Jumbling,hi,जल जीवन मिशन का लक्ष्य ग्रामीण क्षेत्रों में 100 प्रतिशत नल जल कनेक्शन उपलब्ध कराना है।,पीआईबी हिंदी पृष्ठ के अनुसार जल जीवन मिशन को 2028 तक बढ़ाया गया है और इसका लक्ष्य ग्रामीण क्षेत्रों में 100 प्रतिशत नल जल कनेक्शन उपलब्ध कराना है।,100 जीवन में का नल लक्ष्य उपलब्ध कराना ग्रामीण मिशन क्षेत्रों जल कनेक्शन जल प्रतिशत है।,,SUP,same_as_gold,word,"{""shuffle_type"": ""uniform_random"", ""word_order_preserved"": false}","{""fluency_checked"": false, ""label_consistent"": true, ""meaning_preserved"": false}",
645,CA_WORD_03_Jumbling,hi,महाराजगंज में टेलीग्राम के जरिए साइबर ठगी करने वाले गिरोह के छह लोगों को पकड़ा गया।,पुलिस ने सरगना सहित पांच आरोपियों और एक बाल अपचारी को गिरफ्तार किया।,को छह वाले गया। महाराजगंज लोगों करने जरिए ठगी के टेलीग्राम साइबर गिरोह में के पकड़ा,,SUP,same_as_gold,word,"{""shuffle_type"": ""uniform_random"", ""word_order_preserved"": false}","{""fluency_checked"": false, ""label_consistent"": true, ""meaning_preserved"": false}",
646,CA_WORD_03_Jumbling,hi,"ढाका कॉलेज का एक पुराना गैर-संबंधित वीडियो, बांग्लादेश में हिंदू युवक दीपू चंद्र दास की लिंचिंग से जोड़ कर वायरल…","18 दिसंबर 2025 को मैमनसिंह ज़िले में धार्मिक भावनाओं को ठेस पहुंचाने की अफवाहों के बाद एक बांग्लादेशी हिंदू युवक, दीपू चंद्र दास को बेरहमी से पीट-पीटकर मार डाला गया और उसके शव को एक हाईवे पर जला दिया गया। पुलिस और RAB अधिकारियों ने बाद में कहा कि ईशनिंदा के आरोप का समर्थन करने वाला कोई सबूत नहीं मिला है। अब सोशल मीडिया पर एक वीडियो वायरल हो रहा है, जिसमें कुछ बांग्लादेशी पुलिसवाले एक शख्स को कॉलर से पकड़कर घसीटते हुए दिखाई दे रहे हैं।  इस वीडियो को शेयर करते हुए दावा किया जा रहा है कि ये दीपू दास के आखिरी पलों का वीडियो है। इसके बाद पुलिस ने उन्हें कट्टरपंथियों के हवाले कर दिया था। वायरल वीडियो के साथ यूजर ने लिखा है- दीपू चंद्र दास का आख़िरी वीडियो सामने आया है।वीडियो में वह साफ़ कहते दिख रहे हैं –“मैंने किसी का अपमान नहीं किया, मुझे माफ़ कर दो।”इसके बावजूद, पुलिस की मौजूदगी में उन्हें भीड़ के हवाले कर दिया गया।उसके बाद जो हुआ, वह पूरी दुनिया ने देखा।यह सिर्फ़ एक व्यक्ति की हत्या नहीं,यह सरकारी नाकामी, पुलिस की लापरवाही और मानवाधिकारों की खुली हत्या है।सवाल ये है:• क्या भीड़ को कानून से ऊपर रखा गया?• क्या सरकार और पुलिस अपनी जिम्मेदारी से बच सकती है? पूरा सच देखिए, समझिए और आवाज़ उठाइए। फेसबुक।आर्काइव अनुसंधान से पता चलता है कि… पड़ताल की शुरुआत में हमने वायरल वीडियो के तस्वीरों का रिवर्स इमेज सर्च किया, परिणाम में  वायरल वीडियो की खबर हमें YouTube चैनल@dhakatoday_newsपर अपलोड  किया हुआ मिला।  “पुलिस की पिटाई के बाद कॉलेज स्टूडेंट रोने लगा” टाइटल वाले इस वीडियो में वही आदमी दिख रहा है जिसने पीछे ‘मोमिन’ नाम लिखी जर्सी पहनी हुई है। ये वीडियो 18 नवंबर को अपलोड़ किया गया है। इस वीडियो और वायरल क्लिप दोनों में, एक पुलिस ऑफिसर द्वारा उस आदमी को जाने देते हुए दिखाई देता है। हमें यह भी पता चला कि उस आदमी ने एक टी-शर्ट पहनी हुई थी, जिसकी बाईं ओरढाका कॉलेजका लोगो और दाईं ओर “सेशन 2022–23” लिखा हुआ था। हमने टी-शर्ट पर दिख रहे लोगो की तुलना ढाका कॉलेज के ऑफिशियल लोगो से की और पाया कि वे बिल्कुल एक जैसे थे। इससे ये साफ है कि वीडियो ढाका  कॉलेज का है। 22 दिसंबर 2025 के एक एक्स पोस्ट में, एकबांग्लादेशी फैक्ट चेकर ने वायरल वीडियो को खारिज करते हुए कहा कि इसे गलत दावे के साथ साझा","लिंचिंग कॉलेज वायरल… में जोड़ हिंदू चंद्र वीडियो, ढाका की पुराना युवक एक कर गैर-संबंधित बांग्लादेश से का दीपू दास",,REF,same_as_gold,word,"{""shuffle_type"": ""uniform_random"", ""word_order_preserved"": false}","{""fluency_checked"": false, ""label_consistent"": true, ""meaning_preserved"": false}",
647,CA_WORD_03_Jumbling,hi,उत्तराखंड सरकार ने सरखेत में आपदा प्रभावित विद्यालय के लिए आवासीय छात्रावास बनाने की नई योजना की घोषणा की।,लेख में आवासीय छात्रावास या ऐसी किसी नई योजना की घोषणा का उल्लेख नहीं है।,की लिए में योजना आपदा उत्तराखंड बनाने घोषणा सरकार की। आवासीय प्रभावित नई के की सरखेत छात्रावास विद्यालय ने,,NEI,same_as_gold,word,"{""shuffle_type"": ""uniform_random"", ""word_order_preserved"": false}","{""fluency_checked"": false, ""label_consistent"": true, ""meaning_preserved"": false}",
648,CA_WORD_03_Jumbling,hi,टीबी केवल फेफड़ों को प्रभावित करने वाली बीमारी है।,"विश्व स्वास्थ्य संगठन के अनुसार, हालांकि टीबी आमतौर पर फेफड़ों (पल्मोनरी टीबी) को प्रभावित करता है, यह गुर्दे, रीढ़ और मस्तिष्क जैसे अन्य अंगों (एक्स्ट्रापल्मोनरी टीबी) को भी प्रभावित कर सकता है।",फेफड़ों वाली केवल बीमारी है। प्रभावित करने टीबी को,,REF,same_as_gold,word,"{""shuffle_type"": ""uniform_random"", ""word_order_preserved"": false}","{""fluency_checked"": false, ""label_consistent"": true, ""meaning_preserved"": false}",
649,CA_WORD_03_Jumbling,hi,क्या थलापति विजय के बाद धनुष भी रखेंगे राजनीति में कदम? एक बयान के बाद गरमाईं अटकलें। साथ ही इससे जुड़ी हर आधिकारिक जानकारी और तारीख भी उजागर हो चुकी है।,"इंडिया टीवी के अनुसार, धनुष ने अपने फैंस से समाज सेवा में योगदान देने की अपील की, जिससे उनके राजनीति में आने की अटकलें तेज हो गईं। — इससे अधिक जानकारी रिपोर्ट में शामिल नहीं है।",साथ आधिकारिक जुड़ी अटकलें। हर धनुष कदम? रखेंगे विजय बाद भी ही राजनीति तारीख जानकारी थलापति क्या हो में चुकी और गरमाईं है। उजागर के इससे बयान बाद के एक भी,,NEI,same_as_gold,word,"{""shuffle_type"": ""uniform_random"", ""word_order_preserved"": false}","{""fluency_checked"": false, ""label_consistent"": true, ""meaning_preserved"": false}",
650,CA_WORD_03_Jumbling,hi,संविधान की 75 वर्षों की गौरवशाली यात्रा पर राज्यसभा में 16 और 17 दिसंबर 2024 को विशेष चर्चा हुई।,पीआईबी की वर्षांत समीक्षा में इसी विषय पर राज्यसभा में 16 और 17 दिसंबर 2024 को विशेष चर्चा होने की जानकारी है।,हुई। 16 यात्रा 75 चर्चा और राज्यसभा 17 को दिसंबर की वर्षों विशेष की संविधान गौरवशाली में 2024 पर,,SUP,same_as_gold,word,"{""shuffle_type"": ""uniform_random"", ""word_order_preserved"": false}","{""fluency_checked"": false, ""label_consistent"": true, ""meaning_preserved"": false}",
651,CA_WORD_03_Jumbling,hi,कार्तिक आर्यन ने गणेश चतुर्थी पर लालबागचा राजा के दर्शन किए और तस्वीरें साझा कीं।,एबीपी न्यूज़ ने बताया कि कार्तिक आर्यन गणेश चतुर्थी के मौके पर लालबागचा राजा पहुंचे। खबर में उनके दर्शन की तस्वीरों और सोशल मीडिया पोस्ट का उल्लेख था।,साझा पर तस्वीरें किए गणेश कीं। के लालबागचा दर्शन चतुर्थी कार्तिक राजा आर्यन और ने,,SUP,same_as_gold,word,"{""shuffle_type"": ""uniform_random"", ""word_order_preserved"": false}","{""fluency_checked"": false, ""label_consistent"": true, ""meaning_preserved"": false}",
652,CA_WORD_03_Jumbling,hi,रिहाना ने किसानों के विरोध प्रदर्शन और कंगना रनौत पर वायरल ट्वीट किया था।,BOOM की जांच में ट्वीट फर्जी पाया गया और आधिकारिक खाते से नहीं था।,किसानों रनौत विरोध था। और के पर कंगना ने प्रदर्शन वायरल ट्वीट किया रिहाना,,REF,same_as_gold,word,"{""shuffle_type"": ""uniform_random"", ""word_order_preserved"": false}","{""fluency_checked"": false, ""label_consistent"": true, ""meaning_preserved"": false}",
653,CA_WORD_03_Jumbling,hi,राष्ट्रीय मतदाता दिवस 2021 पर 24x7 ऑनलाइन डिजिटल रेडियो सेवा 'रेडियो हेलो वोटर्स' शुरू की गई।,पीआईबी की विज्ञप्ति में राष्ट्रीय मतदाता दिवस 2021 पर 24x7 ऑनलाइन डिजिटल रेडियो सेवा 'रेडियो हेलो वोटर्स' का शुभारंभ होने का उल्लेख है।,दिवस हेलो पर सेवा रेडियो 'रेडियो गई। की डिजिटल शुरू वोटर्स' मतदाता राष्ट्रीय 2021 24x7 ऑनलाइन,,SUP,same_as_gold,word,"{""shuffle_type"": ""uniform_random"", ""word_order_preserved"": false}","{""fluency_checked"": false, ""label_consistent"": true, ""meaning_preserved"": false}",
654,CA_WORD_03_Jumbling,hi,जम्मू और उधमपुर में रहने वाले घाटी के विस्थापित कश्मीरी प्रवासियों के लिए फॉर्म-एम भरने की जटिल प्रक्रिया समाप्त कर दी गई थी।,पीआईबी की विज्ञप्ति में जम्मू और उधमपुर में रहने वाले घाटी के विस्थापित लोगों के लिए फॉर्म-एम भरने की जटिल प्रक्रिया समाप्त करने की बात है।,उधमपुर जटिल जम्मू रहने भरने वाले के विस्थापित दी लिए और की में कर के फॉर्म-एम प्रक्रिया थी। गई घाटी समाप्त कश्मीरी प्रवासियों,,SUP,same_as_gold,word,"{""shuffle_type"": ""uniform_random"", ""word_order_preserved"": false}","{""fluency_checked"": false, ""label_consistent"": true, ""meaning_preserved"": false}",
655,CA_WORD_03_Jumbling,hi,केंद्र सरकार ने कुल्लू के सेब उत्पादकों के लिए विशेष परिवहन सब्सिडी योजना की घोषणा की।,लेख में सेब उत्पादकों के लिए किसी विशेष परिवहन सब्सिडी योजना की घोषणा का उल्लेख नहीं है।,घोषणा की उत्पादकों विशेष सरकार ने योजना लिए सब्सिडी के के सेब केंद्र की। कुल्लू परिवहन,,NEI,same_as_gold,word,"{""shuffle_type"": ""uniform_random"", ""word_order_preserved"": false}","{""fluency_checked"": false, ""label_consistent"": true, ""meaning_preserved"": false}",
656,CA_WORD_03_Jumbling,hi,लोकसभा चुनाव 2024 के बाद ईवीएम की बर्न्ट मेमोरी या माइक्रोकंट्रोलर जांच के लिए कुल 11 आवेदन मिले थे।,पीआईबी के अनुसार 1 जून 2024 की एसओपी के बाद ईवीएम बर्न्ट मेमोरी/माइक्रोकंट्रोलर जांच व सत्यापन के लिए कुल 11 आवेदन प्राप्त हुए।,की बाद जांच के बर्न्ट कुल 11 2024 मिले ईवीएम मेमोरी माइक्रोकंट्रोलर चुनाव के या लोकसभा थे। लिए आवेदन,,SUP,same_as_gold,word,"{""shuffle_type"": ""uniform_random"", ""word_order_preserved"": false}","{""fluency_checked"": false, ""label_consistent"": true, ""meaning_preserved"": false}",
657,CA_WORD_03_Jumbling,hi,डूबने की रोकथाम के लिए हर जलाशय के चारों ओर ठीक दो मीटर ऊंची बाड़ जरूरी है।,"डब्ल्यूएचओ पानी तक पहुंच नियंत्रित करने वाली बाधाओं की बात करता है, लेकिन हर स्थान के लिए ठीक दो मीटर ऊंचाई का सार्वभौमिक नियम नहीं देता।",है। के ठीक रोकथाम के चारों डूबने हर ऊंची लिए मीटर जलाशय दो ओर बाड़ की जरूरी,,NEI,same_as_gold,word,"{""shuffle_type"": ""uniform_random"", ""word_order_preserved"": false}","{""fluency_checked"": false, ""label_consistent"": true, ""meaning_preserved"": false}",
658,CA_WORD_03_Jumbling,hi,लेख में बारिश से प्रभावित क्षेत्रों के लिए राज्य सरकार द्वारा विशेष बिजली राहत पैकेज की घोषणा का उल्लेख है।,लेख में किसी विशेष राहत पैकेज या सरकारी घोषणा का उल्लेख नहीं है।,है। विशेष बारिश राज्य प्रभावित सरकार में क्षेत्रों पैकेज उल्लेख बिजली से की के का लिए राहत द्वारा लेख घोषणा,,NEI,same_as_gold,word,"{""shuffle_type"": ""uniform_random"", ""word_order_preserved"": false}","{""fluency_checked"": false, ""label_consistent"": true, ""meaning_preserved"": false}",
659,CA_WORD_03_Jumbling,hi,लेख के अनुसार बिपरजॉय चक्रवात केवल प्रशांत महासागर तक सीमित रहा और भारत को प्रभावित नहीं किया।,लेख में स्पष्ट रूप से बताया गया है कि बिपरजॉय ने भारत और पाकिस्तान दोनों को प्रभावित किया.,रहा अनुसार महासागर प्रशांत तक नहीं किया। भारत केवल चक्रवात को बिपरजॉय लेख प्रभावित और के सीमित,,REF,same_as_gold,word,"{""shuffle_type"": ""uniform_random"", ""word_order_preserved"": false}","{""fluency_checked"": false, ""label_consistent"": true, ""meaning_preserved"": false}",
660,CA_WORD_03_Jumbling,hi,निमोनिया के हर मामले में छाती का एक्स-रे अनिवार्य है।,"डब्ल्यूएचओ निमोनिया की पहचान और उपचार की चर्चा करता है, लेकिन हर मामले में एक्स-रे की सार्वभौमिक अनिवार्यता स्थापित नहीं करता।",एक्स-रे है। में हर के छाती निमोनिया मामले अनिवार्य का,,NEI,same_as_gold,word,"{""shuffle_type"": ""uniform_random"", ""word_order_preserved"": false}","{""fluency_checked"": false, ""label_consistent"": true, ""meaning_preserved"": false}",
661,CA_WORD_03_Jumbling,hi,मतदाता सेवा पोर्टल पर फॉर्म 8 से ईपीआईसी को अद्यतन/प्रतिस्थापित करने या दिव्यांग मतदाता अंकित करने का अनुरोध किया जा सकता है।,"निर्वाचन आयोग के मतदाता सेवा पोर्टल पर फॉर्म 8 के लिए ईपीआईसी अद्यतन, प्रतिस्थापन और दिव्यांग मतदाता अंकन की सेवाएं सूचीबद्ध हैं।",दिव्यांग को सकता पर का है। मतदाता अनुरोध से किया जा करने मतदाता करने अद्यतन/प्रतिस्थापित फॉर्म सेवा या 8 पोर्टल ईपीआईसी अंकित,,SUP,same_as_gold,word,"{""shuffle_type"": ""uniform_random"", ""word_order_preserved"": false}","{""fluency_checked"": false, ""label_consistent"": true, ""meaning_preserved"": false}",
662,CA_WORD_03_Jumbling,hi,"उत्तर प्रदेश के एटा जिले में जैथरा और जसरथपुर थाना पुलिस की संयुक्त मुठभेड़ में दो बदमाशों को गिरफ्तार किया गया, जिनके पास से अवैध तमंचे और नगदी बरामद हुई।","पुलिस ने आरोपियों के कब्जे से दो अवैध तमंचे (315 बोर), जिंदा व खोखा कारतूस, 3500 रुपये नकद और एक बिना नंबर की स्प्लेंडर मोटरसाइकिल बरामद की।","की किया में गया, थाना संयुक्त जैथरा मुठभेड़ अवैध बदमाशों हुई। बरामद से को और जसरथपुर दो के में गिरफ्तार एटा पास जिनके और जिले पुलिस नगदी प्रदेश तमंचे उत्तर",,SUP,same_as_gold,word,"{""shuffle_type"": ""uniform_random"", ""word_order_preserved"": false}","{""fluency_checked"": false, ""label_consistent"": true, ""meaning_preserved"": false}",
663,CA_WORD_03_Jumbling,hi,डीएम मयूर दीक्षित ने कहा कि परिजनों को आपदा मद से आर्थिक सहयोग देने का प्रयास किया जाएगा।,लेख में डीएम का यही बयान प्रकाशित है।,से कहा डीएम किया देने को ने का सहयोग प्रयास आपदा आर्थिक मयूर परिजनों मद दीक्षित कि जाएगा।,,SUP,same_as_gold,word,"{""shuffle_type"": ""uniform_random"", ""word_order_preserved"": false}","{""fluency_checked"": false, ""label_consistent"": true, ""meaning_preserved"": false}",
664,CA_WORD_03_Jumbling,hi,महराजगंज में सामूहिक दुष्कर्म के मामले में तीन आरोपियों को गिरफ्तार किया गया।,पुलिस ने 16 वर्षीय किशोरी से सामूहिक दुष्कर्म के मामले में तीन आरोपियों को गिरफ्तार किया।,महराजगंज दुष्कर्म किया सामूहिक में मामले में आरोपियों को तीन गिरफ्तार गया। के,,SUP,same_as_gold,word,"{""shuffle_type"": ""uniform_random"", ""word_order_preserved"": false}","{""fluency_checked"": false, ""label_consistent"": true, ""meaning_preserved"": false}",
665,CA_WORD_03_Jumbling,hi,उत्तराखंड के हरिद्वार स्थित मनसा देवी मंदिर में करंट लगने की अफवाह के बाद मची भगदड़ में 6 श्रद्धालुओं की मौत हो गई और 29 लोग घायल हुए।,"मुख्यमंत्री पुष्कर सिंह धामी ने इस हादसे पर दुख व्यक्त किया, वहीं एक चश्मदीद ने बताया कि मंदिर परिसर की सीढ़ियों में करंट लगने की अफवाह के बाद श्रद्धालुओं में अफरातफरी मच गई थी।",श्रद्धालुओं हरिद्वार के मौत लोग भगदड़ स्थित बाद उत्तराखंड 29 देवी 6 की में करंट के मंदिर लगने मची घायल गई और मनसा हो की अफवाह हुए। में,,SUP,same_as_gold,word,"{""shuffle_type"": ""uniform_random"", ""word_order_preserved"": false}","{""fluency_checked"": false, ""label_consistent"": true, ""meaning_preserved"": false}",
666,CA_WORD_03_Jumbling,hi,अपूर्वा मुखीजा ने कहा कि उन्हें आत्महत्या के ख्याल आने लगे थे।,TV9 भारतवर्ष ने केवल इतना बताया कि लॉकअप 2 इस वक्त सबसे ज्यादा चर्चा में बना हुआ है. शो में अपूर्वा मखीजा की वाइल्ड कार्ड एंट्री हुई है. बाकी विवरण अनुपलब्ध है।,लगे थे। मुखीजा कहा आने आत्महत्या ने के अपूर्वा उन्हें कि ख्याल,,NEI,same_as_gold,word,"{""shuffle_type"": ""uniform_random"", ""word_order_preserved"": false}","{""fluency_checked"": false, ""label_consistent"": true, ""meaning_preserved"": false}",
667,CA_WORD_03_Jumbling,hi,आदर्श आचार संहिता के तहत राजनीतिक दल और उम्मीदवार अन्य दलों के नेताओं के निजी जीवन की उन बातों की आलोचना कर सकते हैं जो उनकी सार्वजनिक गतिविधियों से असंबंधित हों।,पीआईबी की विज्ञप्ति में आदर्श आचार संहिता के तहत निजी जीवन के उन पहलुओं की आलोचना से दूर रहने का निर्देश है जो सार्वजनिक गतिविधियों से संबंधित न हों।,कर और से उनकी हैं हों। की नेताओं जो के अन्य उन आचार दल असंबंधित उम्मीदवार सकते तहत के जीवन बातों की राजनीतिक सार्वजनिक आदर्श दलों गतिविधियों आलोचना के निजी संहिता,,REF,same_as_gold,word,"{""shuffle_type"": ""uniform_random"", ""word_order_preserved"": false}","{""fluency_checked"": false, ""label_consistent"": true, ""meaning_preserved"": false}",
668,CA_WORD_03_Jumbling,hi,"आंसू गैस का गोला वापस फेंकते प्रदर्शनकारी का यह वीडियो नेपाल का है, CJP प्रदर्शन का नहीं…..","दिल्ली में 20 जुलाई को हुए सीजेपी के ‘संसद मार्च’ में पुलिस और प्रदर्शनकारियों के बीच तीखी झड़प देखने को मिली थी। ये प्रदर्शन इतना उग्र था कि सुरक्षाबलों को आंसू गैस के गोले छोड़ने पड़े थे। इसी से जोड़कर सोशल मीडिया पर एक वीडियो वायरल हो रहा है, जिसमें एक प्रदर्शनकारी को सुरक्षाबलों द्वारा दागे गए आंसू गैस का गोला वापस फेंकते हुए दिखाया गया है। दावा किया जा रहा है कि यह वीडियो सीजेपी के ‘संसद मार्च’ के दौरान हुए पुलिस व प्रदर्शनकारियों के झड़प का है। वायरल वीडियो के साथ यूजर ने लिखा- #सोनम वांगचुक जी के एक युवा समर्थक की हिम्मत और जोश के साथ हुए कड़वा स 5 – कड़वा सच  देखकर वहा मोजूद युवी खुश आंसूपीस का गोलात्युवाओ पार फेर्ता एका छात्र नेअपनी हिम्मत दिखाकर वापस पुलिस की तरफ फेंक दिया फेसबुक।आर्काइव अनुसंधान से पता चलता है कि… पड़ताल की शुरुआत में हमने वायरल  वीडियो के तस्वीरों का रिवर्स इमेज सर्च किया। परिणाम में वायरल वीडियो हमें सितंबर 2025 के एकयूट्यूब चैनलपर  मिला। इसके अनुसार, यह वीडियो नेपाल में हुए विरोध-प्रदर्शनों का है। इससे पुष्टि होती है कि यह वीडियो CJP के विरोध-प्रदर्शन से पहले का है । एक अन्य यूट्यूब चैनल ‘@sauravshrestha486’ ने भी 8 सितंबर 2025 को वीडियो पोस्ट करते हुए इसे नेपाल के जेन-जी आंदोलन का वीडियो बताया है। मिली जानकारी की मदद लेते हुए अधिक सर्च करने पर हमें वायरल वीडियो से जुड़ी कई मीडिया रिपोर्ट्स मिली। जिसेयहांऔरयहांदेख सकते है। इनमें ऐसे विज़ुअल्स थे जो वायरल वीडियो से काफी मेल  खाते हैं। इनके अनुसार, सितंबर 2025 में नेपाल में सरकार-विरोधी ‘Gen Z आंदोलन के दौरान झड़प हुई थी, जिसमें 77 लोगों की मौत हो गई थी। इस आधार पर हमनेगूगल मैप्स पर “Dolphin Education Kathmandu Nepal” सर्च किया। जिससे हमें सही जगह मिल गई। हमने पाया कि मैप पर इमारत और आस-पास की जगहें वीडियो में दिखाई गई चीज़ों से मेल खा रही थीं। इसलिए यह पक्का हो गया कि फ़ुटेज नेपाल के काठमांडू में रिकॉर्ड किया गया था। ‘अमर उजाला’की 8 मार्च 2026 की रिपोर्ट के अनुसार, नेपाल में 8 और 9 सितंबर 2025 को हुए आंदोलन में 76 लोगों की मौत हो गई थी। इस आंदोलन की वजह से तत्कालीन प्रधानमंत्री केपी शर्मा ओली को इस्तीफा देना पड़ा था। निष्कर्ष– तथ्य-जांच के बाद हमने पाया कि, एक छात्र द्वारा पुलिस अधिकारि","गैस वीडियो गोला का प्रदर्शन नहीं….. फेंकते का आंसू है, नेपाल यह का प्रदर्शनकारी वापस CJP का",,REF,same_as_gold,word,"{""shuffle_type"": ""uniform_random"", ""word_order_preserved"": false}","{""fluency_checked"": false, ""label_consistent"": true, ""meaning_preserved"": false}",
669,CA_WORD_03_Jumbling,hi,भारत सरकार ने कृत्रिम झील को हटाने के लिए तत्काल नई सुरंग बनाने की घोषणा की।,लेख में ऐसी किसी नई सुरंग या सरकारी परियोजना की घोषणा का उल्लेख नहीं है।,के ने भारत झील नई तत्काल सुरंग को की हटाने कृत्रिम लिए की। बनाने सरकार घोषणा,,NEI,same_as_gold,word,"{""shuffle_type"": ""uniform_random"", ""word_order_preserved"": false}","{""fluency_checked"": false, ""label_consistent"": true, ""meaning_preserved"": false}",
670,CA_WORD_03_Jumbling,hi,प्रधानमंत्री कौशल विकास योजना 1.0 के तहत 19 लाख से अधिक उम्मीदवारों को प्रशिक्षण दिया गया था।,पीआईबी हिंदी पृष्ठ में पीएमकेवीवाई 1.0 के दौरान 19 लाख से अधिक उम्मीदवारों को प्रशिक्षण दिए जाने की जानकारी है।,19 प्रशिक्षण योजना अधिक प्रधानमंत्री को उम्मीदवारों विकास दिया तहत के गया लाख से था। कौशल 1.0,,SUP,same_as_gold,word,"{""shuffle_type"": ""uniform_random"", ""word_order_preserved"": false}","{""fluency_checked"": false, ""label_consistent"": true, ""meaning_preserved"": false}",
671,CA_WORD_03_Jumbling,hi,पैक्स के लिए आदर्श उपविधियां उन्हें 25 से अधिक व्यावसायिक गतिविधियां करने में सक्षम बनाती हैं।,पीआईबी हिंदी विज्ञप्ति में पैक्स के आदर्श उपविधियों को 25 से अधिक व्यावसायिक कार्यकलाप करने में सक्षम बनाने वाला बताया गया है।,अधिक 25 उपविधियां सक्षम में हैं। बनाती के पैक्स लिए करने आदर्श गतिविधियां उन्हें व्यावसायिक से,,SUP,same_as_gold,word,"{""shuffle_type"": ""uniform_random"", ""word_order_preserved"": false}","{""fluency_checked"": false, ""label_consistent"": true, ""meaning_preserved"": false}",
672,CA_WORD_03_Jumbling,hi,"अतीक अहमद एनकाउंटर मामले में नीतीश कुमार की पुरानी प्रतिक्रिया, भरत तिवारी मामले से जोड़कर वायरल।","भरत तिवारी एनकाउंटर मामले से जोड़कर वायरल हो रहा है नीतीश कुमार का पुराना वीडियो। भोजपुर के बिलौटी गांव में 17 जून 2026 को हुए भरत भूषण तिवारी एनकाउंटर को लेकर इंटरनेट पर कई भ्रामक पोस्ट वायरल हो रहे हैं। इसी से जोड़ते हुए  बिहार के पूर्व सीएम नीतीश कुमार का वीडियो वायरल हो रहा है, जिसमें वे मीडिया के सामने यह कहते हैं कि‘जोअपराधियों को सफाया, मने मार दीजिए उसको। ये कोई तरीका है? इसका मतलब जो जेल में जाएगा, तो उसको मार दीजिए? ऐसा कोई नियम है? आप बताइए तो। अरे वो तो कोर्ट न फैसला करता है कि अगर किसी को ये भी सजा होती है, कि उसको फांसी की सजा हो, तो फांसी हो जाती है।‘यूज़र्स इस वीडियो को शेयर करते हुए दावा कर रहे हैं कि पूर्व सीएम नीतीश कुमार ने भरत तिवारी एनकाउंटर मामले में पुलिस की आलोचना करते हुए बिहार के वर्तमान सरकार पर सवाल उठाये हैं। वायरल वीडियो के साथ यूज़र ने कैप्शन लिखा है… पूर्वमुख्यमंत्रीनीतीशकुमारआएभरततिवारीकेसपोर्टमें फेसबुक पोस्ट।आर्काइव पोस्ट अनुसंधानसेपताचलताहैकि… हमनें जांच की शुरुआत में वायरल वीडियो के कीफ्रेम्स को रिवर्स सर्च किया। परिणाम में हमें 17 अप्रैल 2023 कोएएनआईके एक्स हैंडल से पोस्ट किया गया वीडियो मिला। इस वीडियो में वायरल क्लिप वाले हिस्से दिखाई देते हैं। वहीं पोस्ट के साथ लिखे कैप्शन के अनुसार, नीतीश कुमार ने यह बयान प्रयागराज में अतीक अहमद और उसके भाई अशरफ की पुलिस कस्टडी में हुई हत्या पर दिया था। तब उन्होंने यूपी की योगी आदित्यनाथ सरकार पर सवाल खड़े किए थें और कहा था कि पुलिस को उनकी सुरक्षा का पूरा ध्यान रखना चाहिए था। वीडियो में करीब 2 मिनट 46 सेकंड के फ्रेम में पत्रकारों की तरफ से यूपी के ‘योगी मॉडल’ पर सवाल पूछा जाता है, जिसके जवाब में नीतीश कुमार वही बातें कहते हैं, जो वायरल वीडियो में है। #WATCH| Police should have taken care of their security. UP government should think about the law and order in the state. The Court is there to provide justice, killing the criminals is never a solution: Bihar CM Nitish Kumar on the killing of Atiq Ahmed & Ashraf in Prayagrajpic.twitter.com/ssHncBxRYM इसके बाद हमें 17 अप्रैल 2023 कोआजतकके यूट्यूब चैनल पर भी यही वीडियो अपलोड किया हुआ मिला, जिसमें वे अतीक अहमद व अशरफ की पुलिस अभिरक्षा में हुई हत","प्रतिक्रिया, जोड़कर वायरल। में कुमार से पुरानी एनकाउंटर मामले अतीक अहमद नीतीश भरत मामले की तिवारी",,REF,same_as_gold,word,"{""shuffle_type"": ""uniform_random"", ""word_order_preserved"": false}","{""fluency_checked"": false, ""label_consistent"": true, ""meaning_preserved"": false}",
673,CA_WORD_03_Jumbling,hi,2021 को दिल्ली में लूटपाट के वीडियो को तमिलनाडु में बिहारी मजदूर पर हो रहे अत्याचार के नाम से वायरल।,"वायरल वीडियो 2021 को दिल्ली में लूटपाट के दौरान हुए हत्या की है। तमिलनाडु में बिहारी मजदूरों के साथ बर्बरता की जा रही है,ख़बरोंके मुताबिक वहां कई सारे मजदूरों के साथ मारपीट और उनकी हत्या की जा रही है। इसी बीच सोशल मीडिया पर दिल दहला देने वाला एक वीडियो काफी तेजी से वायरल हो रहा है। इस वीडियो में हम दो व्यक्तियों को एक आदमी को बेरहमी से पीटते हुए देखा जा सकता है। हिंसा का ये वीडियो एक सीसीटीवि फुटेज है जिसको सोशल मीडिया पर शेयर करते हुए दावा किया जा रहा है की ये वीडियो तमिलनाडु के तिरुपुर से है जहाँ बिहारी मजदूरों पर अत्याचार किया जा रहा है। सोशल मीडिया पर वायरल पोस्ट के कैप्शन में लिखा गया है की “तमिलनाडू तिरुपुर कोइम्बतुर में बिहारी को कैसे मर रहे है देखो।” फेसबुक पोस्ट।आर्काइव लिंक अनुसंधान से पता चलता है की… जाँच की शुरुवात हमने वीडियो को संबंधित कीवर्ड सर्च कर ढूँढने से की, जिसके परिणाम से हमें 24 दिसंबर 2021 को प्रकाशितअमर उजालाकी खबर मिली। रिपोर्ट के अनुसार ये मामला दिक्षिण दिल्ली के संगम विहार के इलाके से है, जहाँ सात-आठ लड़कों ने लूटपाट के दौरान हुई नोंकझोंक के बाद दो युवकों पर बड़े-बड़े पत्थरों से हमला कर दिया। वारदात के बाद आरोपी पीड़ितों से तीन हजार रुपये लूटकर फरार हो गए। राहगीरों ने मामले की सूचना पुलिस को दी। दोनों को एम्स के ट्रामा सेंटर में भर्ती कराया गया, जहां एक युवक की बुधवार को इलाज के दौरान मौत हो गई। मृतक की शिनाख्त जतिन (24) के रूप में हुई। टाइम्स ऑफ़ इंडियाके रिपोर्ट में लिखा गया है की दक्षिणी दिल्ली के संगम विहार में डकैती की कोशिश का विरोध करने पर 24 वर्षीय एक व्यक्ति की कथित तौर पर पीट-पीट कर हत्या कर दी गई और उसका दोस्त गंभीर रूप से घायल हो गया। । आरोपियों ने पिटाई करने के बाद पीड़ितों को एक छोटी नहर में फेंक दिया। पुलिस ने बताया कि एक आरोपी को गिरफ्तार कर लिया गया है। नवभारत टाइम्सके अनुसार, पीड़ितों में एक का नाम जतिन, दूसरे का पंकज है। वीडियो में दिखता है कि जतिन और पंकज जब लड़कों के इस ग्रुप के पास से गुजरते हैं तो उनकी हल्की कहासुनी होती है, लेकिन लड़के आगे बढ़ जाते हैं। इसके बाद बदमाशों का ये ग्रुप गुस्से में पीछे लौटता है और दोनों पर टूट पड़ता है। जानकारी के मुताबिक, जतिन और पंकज अपने एक दोस्त की बर्थडे पार्टी से देर रात घर लौट रह",के वायरल। में में पर से लूटपाट तमिलनाडु दिल्ली रहे हो 2021 वीडियो को मजदूर नाम के बिहारी अत्याचार को,,REF,same_as_gold,word,"{""shuffle_type"": ""uniform_random"", ""word_order_preserved"": false}","{""fluency_checked"": false, ""label_consistent"": true, ""meaning_preserved"": false}",
674,CA_WORD_03_Jumbling,hi,"प्रधानमंत्री किसान सम्मान निधि के अंतर्गत पात्र किसानों को प्रतिवर्ष 6,000 रुपये मिलते हैं।","पीआईबी की हिंदी विज्ञप्ति में पीएम-किसान के अंतर्गत पात्र किसानों को प्रतिवर्ष 6,000 रुपये वित्तीय सहायता दिए जाने का उल्लेख है।","रुपये पात्र किसानों निधि के 6,000 अंतर्गत हैं। प्रतिवर्ष किसान प्रधानमंत्री मिलते सम्मान को",,SUP,same_as_gold,word,"{""shuffle_type"": ""uniform_random"", ""word_order_preserved"": false}","{""fluency_checked"": false, ""label_consistent"": true, ""meaning_preserved"": false}",
675,CA_WORD_03_Jumbling,hi,"सीओपीडी के लक्षणों में केवल खांसी ही नहीं, बल्कि सांस लेने में कठिनाई भी शामिल है।",डब्ल्यूएचओ सांस लेने में कठिनाई को सीओपीडी के सामान्य लक्षणों में शामिल करता है।,"है। सांस केवल शामिल में ही लेने सीओपीडी कठिनाई में भी बल्कि खांसी के नहीं, लक्षणों",,SUP,same_as_gold,word,"{""shuffle_type"": ""uniform_random"", ""word_order_preserved"": false}","{""fluency_checked"": false, ""label_consistent"": true, ""meaning_preserved"": false}",
676,CA_WORD_03_Jumbling,hi,"विदेश में रहने वाला भारतीय नागरिक, यदि उसने अन्य देश की नागरिकता नहीं ली है और अन्य शर्तें पूरी करता है, तो अपने पासपोर्ट में दर्ज भारत के निवास-स्थान वाले निर्वाचन क्षेत्र में पंजीकृत हो सकता है।",निर्वाचन आयोग के FAQ में ऐसे प्रवासी भारतीय की पात्रता और उसके पासपोर्ट में दर्ज भारत के निवास-स्थान वाले निर्वाचन क्षेत्र में पंजीकरण का प्रावधान बताया गया है।,"विदेश भारतीय दर्ज क्षेत्र रहने ली के में यदि है, और निवास-स्थान में वाला है अन्य पूरी सकता अपने भारत देश उसने करता नहीं पासपोर्ट अन्य निर्वाचन हो है। पंजीकृत नागरिकता में वाले शर्तें तो की नागरिक,",,SUP,same_as_gold,word,"{""shuffle_type"": ""uniform_random"", ""word_order_preserved"": false}","{""fluency_checked"": false, ""label_consistent"": true, ""meaning_preserved"": false}",
677,CA_WORD_03_Jumbling,hi,पीएम पोषण योजना सरकारी और सरकारी सहायता प्राप्त स्कूलों के बच्चों की पोषण स्थिति सुधारने के लिए बनाई गई है।,"आधिकारिक पृष्ठ पीएम पोषण को बच्चों का पोषण सुधारने, शिक्षा बढ़ाने और भूख से निपटने की राष्ट्रीय पहल बताता है।",लिए सरकारी के स्थिति है। बनाई सहायता सुधारने के पीएम की गई पोषण बच्चों स्कूलों सरकारी योजना प्राप्त पोषण और,,SUP,same_as_gold,word,"{""shuffle_type"": ""uniform_random"", ""word_order_preserved"": false}","{""fluency_checked"": false, ""label_consistent"": true, ""meaning_preserved"": false}",
678,CA_WORD_03_Jumbling,hi,"विश्व स्वास्थ्य संगठन के अनुसार, 5जी मोबाइल नेटवर्क कोविड-19 वायरस फैलाते हैं क्योंकि वायरस रेडियो तरंगों के माध्यम से यात्रा कर सकते हैं।",विश्व स्वास्थ्य संगठन (डब्ल्यूएचओ) ने स्पष्ट रूप से बताया है कि वायरस रेडियो तरंगों या मोबाइल नेटवर्क पर यात्रा नहीं कर सकते। कोविड-19 उन कई देशों में भी फैला है जहां 5जी नेटवर्क मौजूद नहीं हैं।,"कोविड-19 विश्व स्वास्थ्य मोबाइल हैं के रेडियो 5जी से अनुसार, के संगठन माध्यम तरंगों वायरस नेटवर्क यात्रा फैलाते क्योंकि वायरस सकते हैं। कर",,REF,same_as_gold,word,"{""shuffle_type"": ""uniform_random"", ""word_order_preserved"": false}","{""fluency_checked"": false, ""label_consistent"": true, ""meaning_preserved"": false}",
679,CA_WORD_03_Jumbling,hi,केंद्र सरकार ने कर्मचारी भविष्य निधि योजना 2026 को अधिसूचित किया।,एनडीटीवी इंडिया की हिंदी रिपोर्ट में केंद्र सरकार द्वारा कर्मचारी भविष्य निधि योजना 2026 अधिसूचित करने का उल्लेख है।,ने किया। निधि सरकार केंद्र कर्मचारी को अधिसूचित 2026 योजना भविष्य,,SUP,same_as_gold,word,"{""shuffle_type"": ""uniform_random"", ""word_order_preserved"": false}","{""fluency_checked"": false, ""label_consistent"": true, ""meaning_preserved"": false}",
680,CA_WORD_03_Jumbling,hi,वित्त वर्ष 2024 में प्रधानमंत्री कौशल विकास योजना में महिलाओं की भागीदारी 52.3 प्रतिशत बताई गई।,महिला सशक्तिकरण संबंधी आधिकारिक विज्ञप्ति पीएमकेवीवाई में महिलाओं की भागीदारी वित्त वर्ष 2024 में 52.3 प्रतिशत बताती है।,में गई। योजना बताई वर्ष की में प्रधानमंत्री महिलाओं विकास 2024 52.3 वित्त कौशल भागीदारी प्रतिशत,,SUP,same_as_gold,word,"{""shuffle_type"": ""uniform_random"", ""word_order_preserved"": false}","{""fluency_checked"": false, ""label_consistent"": true, ""meaning_preserved"": false}",
681,CA_WORD_03_Jumbling,hi,"युवाओं और बच्चों में प्रोसेस्ड फूड, जंक फूड और अधिक चीनी वाली चीजों का सेवन फैटी लिवर होने के सबसे बड़े जोखिम कारकों में से एक है।","विशेषज्ञों के अनुसार, आज के समय में बच्चों और युवाओं में जंक फूड, प्रोसेस्ड फूड और ज्यादा मीठी चीजों (अधिक शर्करा) का अत्यधिक सेवन फैटी लिवर के जोखिम को काफी तेजी से बढ़ा रहा है।","प्रोसेस्ड के चीनी जंक फूड बड़े एक सबसे बच्चों में लिवर अधिक वाली जोखिम में कारकों से होने और और फूड, सेवन चीजों युवाओं फैटी का है।",,SUP,same_as_gold,word,"{""shuffle_type"": ""uniform_random"", ""word_order_preserved"": false}","{""fluency_checked"": false, ""label_consistent"": true, ""meaning_preserved"": false}",
682,CA_WORD_03_Jumbling,hi,"मेनिनजाइटिस में केवल बुखार ही नहीं, बल्कि सिरदर्द भी एक सामान्य लक्षण है।",डब्ल्यूएचओ सिरदर्द को मेनिनजाइटिस के सामान्य लक्षणों में शामिल करता है।,"सामान्य भी ही बल्कि बुखार नहीं, केवल एक मेनिनजाइटिस है। में सिरदर्द लक्षण",,SUP,same_as_gold,word,"{""shuffle_type"": ""uniform_random"", ""word_order_preserved"": false}","{""fluency_checked"": false, ""label_consistent"": true, ""meaning_preserved"": false}",
683,CA_WORD_03_Jumbling,hi,'जन नायकन' ने दूसरे दिन 92 करोड़ के पार कमाई की।,एबीपी न्यूज़ पर छपी खबर में थलापति विजय की फिल्म 'जन नायकन' ने शनिवार को बॉक्स ऑफिस पर गर्दा उड़ा दिया.,कमाई पार 'जन करोड़ दिन नायकन' दूसरे के की। ने 92,,SUP,same_as_gold,word,"{""shuffle_type"": ""uniform_random"", ""word_order_preserved"": false}","{""fluency_checked"": false, ""label_consistent"": true, ""meaning_preserved"": false}",
684,CA_WORD_03_Jumbling,hi,कैंसर हमेशा संक्रामक रोग होता है।,"डब्ल्यूएचओ कैंसर को असामान्य कोशिका वृद्धि से संबंधित रोगों का समूह बताता है, न कि सामान्यतः व्यक्ति-से-व्यक्ति फैलने वाला संक्रमण।",रोग कैंसर हमेशा है। होता संक्रामक,,REF,same_as_gold,word,"{""shuffle_type"": ""uniform_random"", ""word_order_preserved"": false}","{""fluency_checked"": false, ""label_consistent"": true, ""meaning_preserved"": false}",
685,CA_WORD_03_Jumbling,hi,स्वरा भास्कर की गर्भावस्था पर वायरल ट्वीट आधिकारिक था।,"BOOM की जांच में वायरल ट्वीट फर्जी पाया गया, लेकिन लेख इस रूप में आधिकारिक प्रकाशन की पुष्टि नहीं करता।",ट्वीट भास्कर की गर्भावस्था पर था। स्वरा आधिकारिक वायरल,,REF,same_as_gold,word,"{""shuffle_type"": ""uniform_random"", ""word_order_preserved"": false}","{""fluency_checked"": false, ""label_consistent"": true, ""meaning_preserved"": false}",
686,CA_WORD_03_Jumbling,hi,मलेरिया एक लाइलाज बीमारी है जिसका कोई उपचार मौजूद नहीं है।,विश्व स्वास्थ्य संगठन के अनुसार मलेरिया एक रोकथाम योग्य और उपचार योग्य बीमारी है; समय पर निदान और प्रभावी उपचार गंभीर बीमारी और मृत्यु के जोखिम को कम करते हैं।,लाइलाज मौजूद है। नहीं बीमारी जिसका उपचार मलेरिया कोई है एक,,REF,same_as_gold,word,"{""shuffle_type"": ""uniform_random"", ""word_order_preserved"": false}","{""fluency_checked"": false, ""label_consistent"": true, ""meaning_preserved"": false}",
687,CA_WORD_03_Jumbling,hi,लोकसभा चुनाव 2024 के पांचवें चरण में लगभग 8.95 करोड़ मतदाता थे।,पीआईबी की हिंदी विज्ञप्ति में पांचवें चरण के लिए 8.95 करोड़ मतदाताओं का विवरण दिया गया है।,चुनाव पांचवें में थे। लोकसभा करोड़ मतदाता लगभग 2024 के चरण 8.95,,SUP,same_as_gold,word,"{""shuffle_type"": ""uniform_random"", ""word_order_preserved"": false}","{""fluency_checked"": false, ""label_consistent"": true, ""meaning_preserved"": false}",
688,CA_WORD_03_Jumbling,hi,केंद्रीय सड़क परिवहन मंत्रालय के आंकड़ों के अनुसार वर्ष 2014 से 2023 के बीच भारत में सड़क दुर्घटनाओं में करीब 15.3 लाख लोगों की मृत्यु हुई।,"यह आंकड़ा चंडीगढ़ जैसे केंद्रशासित प्रदेश की कुल जनसंख्या से भी अधिक है, जबकि इस दौरान देश में वाहनों की संख्या दोगुने से भी ज्यादा बढ़ गई।",मृत्यु से 15.3 में अनुसार की वर्ष सड़क में 2023 2014 लाख सड़क के आंकड़ों मंत्रालय हुई। करीब लोगों केंद्रीय बीच के दुर्घटनाओं के भारत परिवहन,,SUP,same_as_gold,word,"{""shuffle_type"": ""uniform_random"", ""word_order_preserved"": false}","{""fluency_checked"": false, ""label_consistent"": true, ""meaning_preserved"": false}",
689,CA_WORD_03_Jumbling,hi,"बुलडोजर एक्शन के बाद रोते-बिलखते आदमी का यह वीडियो पश्चिम बंगाल का नहीं , बांग्लादेश का है….","सोशल मीडिया पर एक वीडियो शेयर किया जा रहा है, जिसमें एक व्यक्ति को बुरी तरह से रोते हुए देखा जा सकता है।  साथ ही  कुछ महिलाएं भी रोती हुई नज़र आ रही है। वीडियो को शेयर कर दावा किया जा रहा है कि यह वीडियो पश्चिम बंगाल में अवैध रूप से रह रहे बांग्लादेशियों की एक बस्ती में हुई बुलडोजर कार्रवाई के बाद का है। वीडियो के साथ दावा किया जा रहा है कि बंगाल में बीजेपी की सरकार आने के बाद बुलडोजर कार्रवाई की शुरुआत हो गई। वायरल वीडियो के साथ यूजर ने लिखा है- पश्चिम बंगाल में बांग्लादेशियों की बस्ती पर बुलडोजर एक्शन हो रहा है,यह सब वन विभाग और सरकारी जमीन पर बसे थे , वीडियो में पीछे देखिए एक व्यक्ति तो बांग्लादेश क्रिकेट टीम के जर्सी में खड़ा है फेसबुक।आर्काइव अनुसंधान से पता चलता है कि… पड़ताल की शुरुआत में हमने वायरल  वीडियो के तस्वीरों का रिवर्स इमेज सर्च किया । परिणाम में वायरल वीडियो  हमें ‘Kaler KanthoDigital’ के फेसबुक पेज पर  मिला। यहां पर इस घटना का पूरा लाइव वीडियो मौजूद है। यहीं पर वायरल वीडियो को 6 मिनट पर देखा जा सकता है।  20 मई के इस लाइव वीडियो में देखा जा सकता है कि भारी पुलिस बल की मौजूदगी  में सड़क किनारे बनी दुकानों को तोड़ा जा रहा है। रिपोर्ट के मुताबिक ये घटना बांग्लादेश के मीरपुर की है, जहां प्रशासन ने बौनियाबाद स्लम इलाके में अवैध कब्जों पर कार्रवाई की।  कार्रवाई के दौरान पुलिस और लोगों में झड़प भी हुई थी। इसके अलावा वायरल वीडियो हमेंSobar Kanthaनाम के बांग्लादेशी न्यूज आउटलेट की इस फेसबुक पोस्ट में मिला । जिसे 20 मई 2026 को अपलोड किया गया था। इस वायरल वीडियो को देखने पर हमें बैकग्राउंड में दुकान का एक बोर्ड नजर आया, जिसके ऊपर बांग्ला भाषा में “खान वस्त्र बितन” लिखा हुआ था।इसके साथ ही इस बोर्ड में दुकान का पता भी लिखा हुआ था, जिस पर “मीरपुर, ढाका, बांग्लादेश” लिखा था। जांच में आगे हमनेGoogle Mapsपर इस दुकान को सर्च किया।  गूगल मैप्स पर इस दुकान पर लगा साइनबोर्ड वायरल वीडियो में दिख रही जानकारी से मेल खा रहा था। इससे यह पुष्टि हो गई कि यह वीडियो बांग्लादेश का है, न कि पश्चिम बंगाल का। हमने दोनों ही दुकान का विश्लेषण किया है। निम्न में विश्लेषण देखें। बांग्लादेशीमीडिया में छपी रिपोर्ट्स के मुताबिक, बांग्लादेश के मीरपुर में अधिकारियों ने बौनियाबाद झुग्गी क्षे","बुलडोजर नहीं रोते-बिलखते बाद बंगाल का वीडियो बांग्लादेश एक्शन का , यह आदमी के है…. का पश्चिम",,REF,same_as_gold,word,"{""shuffle_type"": ""uniform_random"", ""word_order_preserved"": false}","{""fluency_checked"": false, ""label_consistent"": true, ""meaning_preserved"": false}",
690,CA_WORD_03_Jumbling,hi,उज्जैन में तोड़फोड़ करने वालों पर पुलिसिया कार्रवाई के वीडियो को फर्जी सांप्रदायिक दावे से किया जा रहा है शेयर।,"लड़कियों से छेड़छाड़ और मुस्लिम युवकों की पिटाई का नहीं है वीडियो, उत्पात मचाने वाले आरोपियों का पुलिस ने निकाला था जुलूस। सोशल मीडिया पर एक वीडियो वायरल हो रहा है, जिसमें तीन युवकों को एक साथ बांधकर डंडे से पीटते हुए जुलूस निकाला जा रहा है। दावा किया जा रहा है कि ये तीनों लड़के मुस्लिम थें जिनको पुलिस ने लड़कियों के साथ छेड़छाड़ करने के आरोप में गिरफ्तार किया और पिटाई कर जुलूस निकाला। यूज़र ने वीडियो के साथ कैप्शन लिखा है … मिलिएमोहम्मदसमीर,मोहम्मदनदीमऔरमोहम्मदआसिफअलीसे।उनकामुख्यकामकॉलेजकेबाहरछात्राओंकोपरेशानकरनाथा।उन्होंनेस्कूलआने–जानेवालीलड़कियोंकीजिंदगीनरकबनादीथी।लेकिनपुलिसनेशानदारकामकिया।उन्हेंक्यासजामिलनीचाहिए? फेसबुक पोस्ट।आर्काइव पोस्ट अनुसंधानसेपताचलताहैकि… हमने जांच की शुरुआत में वायरल से वीडियो से फ्रेम लेकर रिवर्स इमेज सर्च किया। परिणाम में हमें यह वीडियोउज्जैन संचारनाम के फेसबुक अकाउंट से 17 अप्रैल को अपलोड किया हुआ मिला। वीडियो के साथ लिखे कैप्शन के अनुसार, अज्ञात बदमाशों ने घरों पर हमला कर पत्थरबाजी करते हुए गाड़ियों में तोड़फोड़ की थी। जिससे इलाके में दहशत फैल गई। घटना की सूचना मिलने पर पुलिस ने किशन अहिरवार(20), पिता मगनलाल, विकास सरोनिया (25), पिता रमेश सरोनिया, विशाल (20), पिता रमेश चंद्र को गिरफ्तार किया था। घटना से जुड़ी वीडियो रिपोर्ट को इंदौर-उज्जैन के स्थानीय मीडिया पोर्टलजन प्रकाशनके यूट्यूब अकाउंट से 17 अप्रैल को अपलोड किया हुआ देख सकते हैं। बताया गया है कि तोड़फोड़ की घटना में पुलिस ने मामले में पांच में से तीन आरोपियों किशन अहिरवार, विकास सनोरिया और विशाल को गिरफ्तार कर लिया गया था और दो अन्य आरोपियों ऋषि मिश्रा और साहिल गुर्जर फरार थे। आगे पड़ताल में हमें 17 अप्रैल कोदैनिक भास्करकी वेबसाइट पर प्रकाशित रिपोर्ट मिली। इसमें वायरल वीडियो वाले दृश्य को शेयर किया गया है। वहीं रिपोर्ट में बताया गया कि उज्जैन के ढांचा भवन क्षेत्र में 16 अप्रैल की देर रात 10-12 अज्ञात बदमाशों ने घरों पर हमला कर पत्थरबाजी की और गाड़ियों में तोड़फोड़ की।  घटना रात करीब एक बजे हुई जिसकी सूचना मिलने पर पुलिस मौके पर पहुंची और जांच शुरू की। इसके बाद 17 अप्रैल को करीब 5 बजे पुलिस ने तीन आरोपियों को मारते हुए उनका जुलूस निकाला था। इनमें गिरफ्तार किए गए आरोपियों की पहचान",पुलिसिया पर जा को सांप्रदायिक के है शेयर। रहा से वालों किया में फर्जी करने वीडियो तोड़फोड़ उज्जैन दावे कार्रवाई,,REF,same_as_gold,word,"{""shuffle_type"": ""uniform_random"", ""word_order_preserved"": false}","{""fluency_checked"": false, ""label_consistent"": true, ""meaning_preserved"": false}",
691,CA_WORD_03_Jumbling,hi,फिलीपींस सरकार ने भूकंप प्रभावित प्रत्येक परिवार को 1 मिलियन पेसो की सहायता देने की घोषणा की।,लेख में ऐसी किसी वित्तीय सहायता या मुआवजा योजना का उल्लेख नहीं है।,1 प्रत्येक सरकार मिलियन घोषणा ने सहायता परिवार की की। फिलीपींस पेसो की भूकंप प्रभावित को देने,,NEI,same_as_gold,word,"{""shuffle_type"": ""uniform_random"", ""word_order_preserved"": false}","{""fluency_checked"": false, ""label_consistent"": true, ""meaning_preserved"": false}",
692,CA_WORD_03_Jumbling,hi,देवघर पुलिस ने साइबर अपराध के आरोप में दो सगे भाइयों को गिरफ्तार किया।,"पुलिस ने दोनों आरोपियों के पास से मोबाइल फोन, सिम कार्ड और अन्य इलेक्ट्रॉनिक उपकरण जब्त किए।",में अपराध पुलिस सगे भाइयों किया। गिरफ्तार आरोप दो देवघर को ने के साइबर,,SUP,same_as_gold,word,"{""shuffle_type"": ""uniform_random"", ""word_order_preserved"": false}","{""fluency_checked"": false, ""label_consistent"": true, ""meaning_preserved"": false}",
693,CA_WORD_03_Jumbling,hi,पूजा भट्ट ने दिल्ली विश्वविद्यालय की एडवाइजरी पर आलोचना की।,न्यूज़बाइट्स हिंदी की खबर में कहा गया है कि दिल्ली विश्वविद्यालय द्वारा छात्रों को जंतर-मंतर पर जारी विरोध प्रदर्शनों से दूर रहने की हिदायत दिए जाने के बाद अभिनेत्री और निर्देशक पूजा भट्ट ने इस एडवाइजरी की कड़े शब्दों में आलोचना की...,भट्ट ने आलोचना की। पूजा विश्वविद्यालय की दिल्ली पर एडवाइजरी,,SUP,same_as_gold,word,"{""shuffle_type"": ""uniform_random"", ""word_order_preserved"": false}","{""fluency_checked"": false, ""label_consistent"": true, ""meaning_preserved"": false}",
694,CA_WORD_03_Jumbling,hi,प्रधानमंत्री मुद्रा योजना के अंतर्गत छोटे व्यवसायों को 20 लाख रुपये तक के बिना जमानत ऋण दिए जा सकते हैं।,पीआईबी हिंदी विज्ञप्ति में प्रधानमंत्री मुद्रा योजना के अंतर्गत छोटे व्यवसायों को 20 लाख रुपये तक के बिना जमानत ऋण देने का उल्लेख है।,अंतर्गत के मुद्रा प्रधानमंत्री बिना रुपये को छोटे योजना लाख जमानत 20 सकते हैं। जा दिए तक व्यवसायों के ऋण,,SUP,same_as_gold,word,"{""shuffle_type"": ""uniform_random"", ""word_order_preserved"": false}","{""fluency_checked"": false, ""label_consistent"": true, ""meaning_preserved"": false}",
695,CA_WORD_03_Jumbling,hi,मई 2026 तक पीएमएवाई-शहरी के 125.31 लाख स्वीकृत घरों में से लगभग 98.10 लाख का निर्माण हुआ था।,पीआईबी हिंदी पृष्ठ में पीएमएवाई-यू के 125.31 लाख स्वीकृत घरों और मई 2026 तक लगभग 98.10 लाख निर्मित घरों की जानकारी है।,के हुआ का 98.10 में से लाख 125.31 2026 पीएमएवाई-शहरी घरों निर्माण मई था। लगभग लाख स्वीकृत तक,,SUP,same_as_gold,word,"{""shuffle_type"": ""uniform_random"", ""word_order_preserved"": false}","{""fluency_checked"": false, ""label_consistent"": true, ""meaning_preserved"": false}",
696,CA_WORD_03_Jumbling,hi,बाजार में मिलने वाले डाइटरी सप्लीमेंट अल्जाइमर रोग को ठीक या उलट सकते हैं।,अमेरिकी खाद्य एवं औषधि प्रशासन के अनुसार अल्जाइमर रोग की प्रगति को रोकने या उलटने वाला कोई इलाज सिद्ध नहीं हुआ है; बिना मंजूरी वाले उत्पादों के ऐसे दावे प्रमाणित नहीं हैं।,में सकते सप्लीमेंट डाइटरी मिलने को वाले अल्जाइमर रोग उलट या ठीक हैं। बाजार,,REF,same_as_gold,word,"{""shuffle_type"": ""uniform_random"", ""word_order_preserved"": false}","{""fluency_checked"": false, ""label_consistent"": true, ""meaning_preserved"": false}",
697,CA_WORD_03_Jumbling,hi,15 मई 2024 तक cVIGIL की 409 शिकायतें प्रक्रिया के अधीन थीं।,पीआईबी की हिंदी विज्ञप्ति में उस समय शेष 409 cVIGIL मामलों के प्रक्रिया के अधीन होने का उल्लेख है।,थीं। cVIGIL की 15 409 अधीन प्रक्रिया मई के तक 2024 शिकायतें,,SUP,same_as_gold,word,"{""shuffle_type"": ""uniform_random"", ""word_order_preserved"": false}","{""fluency_checked"": false, ""label_consistent"": true, ""meaning_preserved"": false}",
698,CA_WORD_03_Jumbling,hi,नेपाल में मस्जिद ढहाए जाने के दावे से वायरल हुआ वीडियो  असल में पाकिस्तान का है….,"सोशल मीडिया पर एक वीडियो वायरल हो रहा है , जिसमें एक मस्जिद पर जेसीबी चलता हुआ दिखाई दे रहा है।वीडियो के साथ दावा किया जा रहा है कि  नेपाल में जेसीबी चला कर मस्जिद ढहा दी गई। वायरल वीडियो के साथ यूजर ने लिखा है- नेपाल में धनुषा के सखुवा में मस्जिद स्वाहा , नेपाल के हिंदुओं को भी पता हे पत्थरबाजी की एक ही सजा अवैध मस्जिद जमीन से जुदा जमींन से जुदा ,नेपाल के हिंदु ने शांतिदूतों को जवाब देना सिख लिया हे फेसबुक।आर्काइव अनुसंधान से पता चलता है कि… पड़ताल की शुरुआत में हमने वायरल वीडियो के तस्वीरों का रिवर्स इमेज सर्च किया, परिणाम में  वायरल वीडियो हमेंपाकिस्तानी सोशल मीडिया यूज़र्स की पोस्ट में शेयर किया हुआ मिला। पोस्ट के अनुसार, यह वीडियो पाकिस्तान का है और इसमें पाकिस्तान के सियालकोट जिले के डस्का शहर में स्थित नूर मस्जिद को गिराते हुए दिखाया गया है, जिसे डस्का की सबसे पुरानी मस्जिद माना जाता है। ڈسکہ کی سب سے پرانی مسجد نور کو شہید کر دیا گیا۔pic.twitter.com/MFIPAgMaF8 मिली जानकारी की मदद लेते हुए अधिक सर्च करने पर हमें कुछ पाकिस्तानीइंस्टाग्राम अकाउंटपर भी वायरल वीडियो अपलोड  किया हुआ मिला। पोस्ट में लिखा है, अतिक्रमण के खिलाफ बड़े अभियान के दौरान डसका के जैसरवाला इलाके में अवैध रूप से बनी 60 दुकानें और 16 मकान गिराए जाएंगे। पड़ताल में हमें कई मीडिया रिपोर्ट्स मिली। जिसेयहां,यहां औरयहांपरदेख सकते हैं,  जिनमें इस तोड़फोड़ के बारे में बताया गया था। यह डस्का के जैसरवाला इलाके में अतिक्रमण हटाने की मुहिम के दौरान हुई, जहां कॉलेज रोड पर नूर मस्जिद को भी अतिक्रमण के कारण हटा दिया गया था। डस्का की असिस्टेंट कमिश्नर सादिया जफर की देखरेख में चले इस ऑपरेशन में भारी मशीनों का इस्तेमाल करके लगभग 60 अवैध रूप से बनी दुकानों और 16 घरों को तोड़ा गया, जबकि कई लोगों ने खुद ही अतिक्रमण हटा लिया। जांच में हमें सियालकोट पुलिस का एक X पोस्ट का भी मिला। जिसमें पुलिस ने  डस्का में नूर मस्जिद को गिराए जाने का दावा करने वालीएक X पोसका जवाब देते हुए कहा कि ज़िला प्रशासन डस्का में कॉलेज रोड पर जामिया नूर मस्जिद के एक हिस्से को फिर से बना रहा है। प्रशासन ने पुनर्निर्माण के बारे में एक बैनर भी लगाया है और लोगों से अपील की है कि वे किसी भी ऐसे नेगेटिव प्रोपेगेंडा पर विश्वास न करें और न ही उसे फैल",दावे का नेपाल है…. के वीडियो में पाकिस्तान से में हुआ जाने ढहाए वायरल असल मस्जिद,,REF,same_as_gold,word,"{""shuffle_type"": ""uniform_random"", ""word_order_preserved"": false}","{""fluency_checked"": false, ""label_consistent"": true, ""meaning_preserved"": false}",
699,CA_WORD_03_Jumbling,hi,सिद्धार्थ शुक्ला का वायरल वीडियो उनके निधन से ठीक पहले रिकॉर्ड किया गया था।,विश्वास न्यूज़ ने पुष्टि की कि वायरल वीडियो पुराना था और उसे गलत दावे के साथ साझा किया गया।,सिद्धार्थ ठीक का वायरल रिकॉर्ड वीडियो से पहले निधन गया शुक्ला किया उनके था।,,REF,same_as_gold,word,"{""shuffle_type"": ""uniform_random"", ""word_order_preserved"": false}","{""fluency_checked"": false, ""label_consistent"": true, ""meaning_preserved"": false}",
700,CA_WORD_03_Jumbling,hi,अभिनेता श्रेयस तलपड़े के निधन की खबर सोशल मीडिया पर प्रसारित की गई थी।,अभिनेता ने स्वयं सोशल मीडिया पर स्पष्ट किया कि वह स्वस्थ हैं और उनके निधन की खबर पूरी तरह निराधार है। वायरल पोस्ट ने उनके परिवार और प्रशंसकों में अनावश्यक चिंता पैदा की।,सोशल श्रेयस प्रसारित गई तलपड़े थी। खबर की पर के मीडिया अभिनेता निधन की,,REF,same_as_gold,word,"{""shuffle_type"": ""uniform_random"", ""word_order_preserved"": false}","{""fluency_checked"": false, ""label_consistent"": true, ""meaning_preserved"": false}",
701,CA_WORD_03_Jumbling,hi,आलिया भट्ट ने अपनी बेटी राहा का चेहरा पहली बार सार्वजनिक रूप से पैपराजी के सामने दिखाया था।,पीटीआई भाषा की रिपोर्ट में बताया गया कि आलिया भट्ट और रणबीर कपूर ने क्रिसमस के मौके पर राहा को मीडिया के सामने लाया। तस्वीरों और वीडियो में बच्ची का चेहरा पहली बार साफ दिखा।,दिखाया रूप बेटी का राहा था। के आलिया सामने चेहरा बार पहली सार्वजनिक ने पैपराजी से अपनी भट्ट,,SUP,same_as_gold,word,"{""shuffle_type"": ""uniform_random"", ""word_order_preserved"": false}","{""fluency_checked"": false, ""label_consistent"": true, ""meaning_preserved"": false}",
702,CA_WORD_03_Jumbling,hi,जून 2026 तक जल जीवन मिशन के अंतर्गत 15.86 करोड़ से अधिक ग्रामीण परिवारों को नल से पानी का कनेक्शन मिला था।,पीआईबी की हिंदी विज्ञप्ति के अनुसार जून 2026 तक 15.86 करोड़ से अधिक ग्रामीण परिवारों को नल से स्वच्छ पाइप जल की सुविधा मिली थी।,जून से जल करोड़ 2026 का परिवारों था। कनेक्शन अधिक नल को से तक ग्रामीण के मिला 15.86 जीवन पानी अंतर्गत मिशन,,SUP,same_as_gold,word,"{""shuffle_type"": ""uniform_random"", ""word_order_preserved"": false}","{""fluency_checked"": false, ""label_consistent"": true, ""meaning_preserved"": false}",
703,CA_WORD_03_Jumbling,hi,ऑपरेशन साइबर वज्र के तहत आजमगढ़ पुलिस ने 11 साइबर अपराधियों को गिरफ्तार किया।,समाचार के अनुसार आजमगढ़ पुलिस ने ऑपरेशन साइबर वज्र के तहत 11 शातिर साइबर अपराधियों को गिरफ्तार किया।,अपराधियों 11 साइबर आजमगढ़ वज्र ने पुलिस गिरफ्तार को साइबर तहत किया। ऑपरेशन के,,SUP,same_as_gold,word,"{""shuffle_type"": ""uniform_random"", ""word_order_preserved"": false}","{""fluency_checked"": false, ""label_consistent"": true, ""meaning_preserved"": false}",
704,CA_WORD_03_Jumbling,hi,उत्तराखंड सरकार ने सभी मृतकों के परिवारों को 50 लाख रुपये मुआवजा देने की घोषणा की।,लेख में किसी मुआवजा राशि या 50 लाख रुपये की घोषणा का उल्लेख नहीं है।,मृतकों की। रुपये की लाख मुआवजा परिवारों 50 को सरकार उत्तराखंड सभी के देने घोषणा ने,,NEI,same_as_gold,word,"{""shuffle_type"": ""uniform_random"", ""word_order_preserved"": false}","{""fluency_checked"": false, ""label_consistent"": true, ""meaning_preserved"": false}",
705,CA_WORD_03_Jumbling,hi,मैक्सिको सरकार ने विमान दुर्घटना के पीड़ितों के परिवारों के लिए विशेष मुआवजा पैकेज की घोषणा की।,लेख में किसी मुआवजे या वित्तीय सहायता की घोषणा का उल्लेख नहीं है।,मुआवजा दुर्घटना परिवारों विशेष पैकेज की के लिए सरकार पीड़ितों ने के घोषणा विमान की। के मैक्सिको,,NEI,same_as_gold,word,"{""shuffle_type"": ""uniform_random"", ""word_order_preserved"": false}","{""fluency_checked"": false, ""label_consistent"": true, ""meaning_preserved"": false}",
706,CA_WORD_03_Jumbling,hi,कार्यशाला के दौरान हिमाचल प्रदेश में सभी नए निर्माण कार्यों पर तत्काल रोक लगाने की सरकारी घोषणा की गई।,लेख में ऐसी किसी सरकारी घोषणा या निर्माण कार्यों पर रोक का उल्लेख नहीं है।,कार्यों दौरान की पर प्रदेश तत्काल नए लगाने कार्यशाला सभी के घोषणा सरकारी में गई। की निर्माण हिमाचल रोक,,NEI,same_as_gold,word,"{""shuffle_type"": ""uniform_random"", ""word_order_preserved"": false}","{""fluency_checked"": false, ""label_consistent"": true, ""meaning_preserved"": false}",
707,CA_WORD_03_Jumbling,hi,डायरेक्ट-एक्टिंग एंटीवायरल दवाएं अधिकांश हेपेटाइटिस सी संक्रमणों को ठीक कर सकती हैं।,विश्व स्वास्थ्य संगठन के अनुसार डायरेक्ट-एक्टिंग एंटीवायरल दवाएं हेपेटाइटिस सी वाले 95 प्रतिशत से अधिक लोगों को ठीक कर सकती हैं।,अधिकांश सकती कर को ठीक दवाएं हैं। संक्रमणों एंटीवायरल सी हेपेटाइटिस डायरेक्ट-एक्टिंग,,SUP,same_as_gold,word,"{""shuffle_type"": ""uniform_random"", ""word_order_preserved"": false}","{""fluency_checked"": false, ""label_consistent"": true, ""meaning_preserved"": false}",
708,CA_WORD_03_Jumbling,hi,"गाजियाबाद के सूर्या हत्याकांड के आरोपी असद का नहीं है वायरल वीडियो, दावा फर्जी…","उत्तर प्रदेश  में गाजियाबाद के खोड़ा क्षेत्र में हुए सूर्या हत्याकांड के बाद मुख्‍य आरोपी असद के नाम से एक वीडियो वायरल हो रहा है। इसमें एक युवक को हत्या करने की बात स्वीकार करते हुए दिखाया गया है। वीडियो को  शेयर करते हुए दावा किया जा रहा है कि यह वीडियो सूर्या हत्याकांड के आरोपी असद का है। वायरल वीडियो के साथ यूजर ने लिखा है- गाजियाबाद के खोड़ा में सूर्या की हत्या.. करने के बाद असद ने रात को 11:00 बजे के आसपास की वीडियो इंस्टाग्राम पर डाला था ,उसमें वह कह रहा है की भाइयों तुम्हारे भाई ने आज एक मर्डर कर दिया अब तो मैं कुछ समय के लिए अंदर जा रहा हूं अपना प्यार बनाए रखना,,,लेकिन यह सूअर अंदर नहीं जहन्नुम भेज दिया गया…इस।  सु #अर  को पता नहीं था कि यह योगीराज है अखिलेश यादव की सरकार नहीं है की एक हिंदू की हत्या करने के लिए इसे यश भारती सम्मान या सांसद विधायक का टिकट दिया जाए। #hindu फेसबुक।आर्काइव अनुसंधान से पता चलता है कि… पड़ताल की शुरुआत में हमने वायरल वीडियो के तस्वीरों का रिवर्स इमेज सर्च किया, परिणाम में वायरल वीडियो  हमें अप्रैल 2026 को छपीमीडिया रिपोर्ट  में मिलीं। इन रिपोर्ट में वही वीडियो फुटेज था जिसमें एक युवक हत्या की बात कबूल कर रहा था।  इससे यह पक्का होता है कि वायरल वीडियो उत्तर प्रदेश के गाज़ियाबाद में 28 मई 2026 को हुई सूर्य प्रताप चौहान की हत्या से पहले का है। रिपोर्ट में वीडियो में दिख रहे व्यक्ति की पहचान करण कुमार के तौर पर की गई। उस पर 2 अप्रैल 2026 को दिल्ली के शालीमार बाग इलाके में 20 साल के नितेश उर्फ निक्की की हत्या का आरोप था। बाद में करण ने अपराध कबूल करते हुए एक वीडियो रिकॉर्ड किया और उसे पोस्ट किया। मिली जानकारी की मदद लेते हुए अधिक सर्च करने पर हमें‘एनडीटीवी’ के यूट्यूब चैनल पर भी 3 अप्रैल 2026 को वायरल वीडियो से संबंधित न्यूज़ रिपोर्ट मिली। जिसके अनुसार, करण कुमार ने अपने इंस्टाग्राम हैंडल से वीडियो पोस्ट कर कहा कि उसने किसी की हत्या कर दी है। इंडिया टुडे’ की वेबसाइट पर 4 अप्रैल 2026 को  छपी खबर के अनुसार, दिल्ली के शालीमार बाग क्षेत्र में एकनाबालिगसमेत तीन लोगों ने युवक नितेश की मामूली विवाद के बाद चाकू मारकर हत्या कर दी थी । करण ने युवक पर चाकू से कई वार किए। इसके बाद मुख्य आरोपी करण ने वीडियो पोस्ट कर कहा कि उसने एक व्यक्ति की हत्य","वीडियो, है वायरल के आरोपी सूर्या असद नहीं के गाजियाबाद हत्याकांड फर्जी… का दावा",,REF,same_as_gold,word,"{""shuffle_type"": ""uniform_random"", ""word_order_preserved"": false}","{""fluency_checked"": false, ""label_consistent"": true, ""meaning_preserved"": false}",
709,CA_WORD_03_Jumbling,hi,बिहार से एक १० साल पुराने वीडियो को वर्तमान असम में मुसलमानों पर हो रही हिंसा का बता भ्रामक रूप से साझा किया जा रहा है |,"असम के दरंग जिले में २३ सितंबर को अतिक्रमण हटाने गई पुलिस और स्थानीय लोगों के बीच झड़प में दो स्थानीय लोगों कीमौत हो गयीथी | इस घटना से सम्बंधित एक वीडियो सामने आया था जिसमे एक व्यक्ति को जमींन पर पड़े दूसरे(मृत) व्यक्ति की छाती पर कूदते देखा जा रहा था, बाद में इस व्यक्ति की पहचान एक फोटो जर्नलिस्ट के रूप में हुई थी| इसी क्रम में सोशल मीडिया पर एक औरवीडियोवायरल होता दिख रहा है, जिसमें हम एक पुलिसकर्मी को एक बेहोश व्यक्ति की छाती पर कूदते हुये देख सकते है | इस वीडियो को वर्तमान का असम से बताते हुए यह दावा किया जा रहा है कि दरंग जैसी घटना असम में हर जगह हो रही है | पहले एक फोटोग्राफर एक व्यक्ति के साथ अमानवीय तरीके से पेश आया जिसके पश्चात अब वह हरकत हम पुलिसकर्मियों को भी करते हुए देख सकते है | आगे इस वीडियो के माध्यम से दावा किया जा रहा है कि असम में दिनदहाड़े इसी तरह मुसलमानों की हत्या की जा रही है | आर्काइव लिंक अनुसंधान से पता चलता है कि… फैक्ट क्रेसेंडो ने शोध कर पाया है कि वायरल हो रहा वीडियो बिहार का है और लगभग एक दशक पुराना है, ये वीडियो वर्ष २०११ में बिहार के अररिया जिले में पुलिस व प्रदर्शनकारियों के बीच हुई झड़प से है | जाँच की शुरुवात हमने इस वायरल हो रही वीडियो को इन्विड टूल के मदद से छोटे कीफ्रेम्स में तोड़कर व गूगल पर रिवर्स इमेज सर्च करने से की, जिसके परिणाम से हमेंNSTV Indiaद्वारा उनके यूट्यूब चैनल पर ये वीडियो२२ जून २०११को अपलोड किया हुआ पाया | इस वीडियो के कैप्शन में लिखा गया है कि अररिया पुलिस द्वारा फायरिंग की गई,  कहा जा रहा है कि यह घटना४ जून २०११की है | इसके आलावा हमें यह वीडियो एक यूट्यूब यूजर द्वारा भी अपलोड किया हुआ पाया | वीडियो के कैप्शन में लिखा गया है कि“फोर्ब्सगंज,अररिया,बिहार,भारत पुलिस फायरिंग ३ जून,२०११ तेज़ न्यूज़ फ्लाई“| वीडियो के विवरण में११ जून,२०११को प्रकाशितबीबीसी न्यूज़के एक रिपोर्ट का लिंक है, जिसमें बिहार के अररिया जिले के फोर्ब्सगंज ब्लॉक में विरोध प्रदर्शन और पुलिस की बर्बरता की घटना के बारे में विवरण दिया गया है। रिपोर्ट में कहा गया है,”घटना३ जूनकी,फोर्ब्सगंज ब्लॉक के भजनपुर गांवसे है जहाँकम से कम चार लोगों की मौत हो गई,ये तब हुआजब पुलिस ने गांव से बाहर जाने वाली सड़क पर विरोध कर रहे लोगों पर गोलियां चलाईं।” तद्पश्चात फैक",असम रूप हिंसा बिहार एक रहा वर्तमान साझा हो भ्रामक है किया रही वीडियो बता | का को में जा १० से मुसलमानों पर से साल पुराने,,REF,same_as_gold,word,"{""shuffle_type"": ""uniform_random"", ""word_order_preserved"": false}","{""fluency_checked"": false, ""label_consistent"": true, ""meaning_preserved"": false}",
710,CA_WORD_03_Jumbling,hi,"लेटेंट टीबी संक्रमण वाले व्यक्ति में टीबी बैक्टीरिया होते हैं, लेकिन वह बीमार नहीं होता और दूसरों को संक्रमित नहीं करता।","रोग नियंत्रण एवं रोकथाम केंद्र (CDC) के अनुसार, लेटेंट टीबी संक्रमण में व्यक्ति के शरीर में टीबी के जीवाणु मौजूद रहते हैं, लेकिन वे निष्क्रिय अवस्था में होते हैं। ऐसे व्यक्ति में टीबी रोग के लक्षण नहीं होते और वह दूसरों में टीबी का संक्रमण नहीं फैलाता।","और वह होते को लेटेंट संक्रमित हैं, लेकिन नहीं बैक्टीरिया नहीं होता बीमार टीबी व्यक्ति दूसरों संक्रमण वाले टीबी करता। में",,SUP,same_as_gold,word,"{""shuffle_type"": ""uniform_random"", ""word_order_preserved"": false}","{""fluency_checked"": false, ""label_consistent"": true, ""meaning_preserved"": false}",
711,CA_WORD_03_Jumbling,hi,राष्ट्रीय मतदाता दिवस 2024 पर 'समावेशी चुनाव' विषय वाला स्मारक डाक टिकट जारी किया गया था।,पीआईबी की हिंदी विज्ञप्ति में निर्वाचन आयोग के 75वें वर्ष और 2024 संसदीय चुनावों के आलोक में 'समावेशी चुनाव' विषय पर स्मारक डाक टिकट जारी होने की जानकारी है।,जारी 'समावेशी डाक स्मारक दिवस गया वाला 2024 विषय टिकट किया चुनाव' था। पर मतदाता राष्ट्रीय,,SUP,same_as_gold,word,"{""shuffle_type"": ""uniform_random"", ""word_order_preserved"": false}","{""fluency_checked"": false, ""label_consistent"": true, ""meaning_preserved"": false}",
712,CA_WORD_03_Jumbling,hi,ईरान में यहूदियों को सरेआम फांसी पर लटकाए जाने के दावे से वायरल वीडियो असल में फिल्म की शूटिंग का है…,"सोशल मीडिया पर एक व्यक्ति को क्रेन से लटकाए जाने का एक वीडियो तेजी से वायरल हो रहा है। वायरल वीडियो 48 सेकेंड का है, जिसमें वर्दीधारियों की मौजूदगी में एक शख्स को क्रेन से लटकाया जाता है।  फिर उसके नीचे से मौजूद स्टूल खींच दी जाती है और वह शख्स तड़पने लगता है।वायरल वीडियो के साथ दावा किया जा रहा है कि  ईरान में मोसाद एजेंट का आरोप लगाकर यहूदियों को सरेआम फांसी पर लटकाया जा रहा है। वायरल वीडियो के साथ यूजर ने लिखा है- युद्ध समाप्त होने के बाद, ईरानी इस्लामिक शासन ने 700 से ज्यादा यहूदी ईरानियों को गिरफ्तार किया है, जो ईरान की संपूर्ण यहूदी आबादी का दसवां हिस्सा है। उन्हें झूठा आरोप लगाया जा रहा है कि वे ‘मोसाद एजेंट’ हैं और उन्हें क्रेन पर सरेआम लटकाया जा रहा है। फेसबुक।आर्काइव अनुसंधान से पता चलता है कि… पड़ताल की शुरुआत में हमने वायरल वीडियो के कुछ तस्वीरों का रिवर्स इमेज सर्च किया। परिणाम में वायरल वीडियो हमें  एकएक्स हैंडलपर  मिला। वीडियो को 29 जून को अपलोड किया गया है। वहीं पोस्ट के कमेंट में इस वीडियो को किसी ने फिल्म की शूटिंग का बताया है। The video has nothing to do with the hanging of the Mossad spy traitor, but the video is a movie scene.https://t.co/cUFTduxSkFpic.twitter.com/DahUx3FkjV अधिक सर्च करने पर हमेंAlireza Donyadideके नाम से बना यूट्यूब अकाउंट मिला। 16 अप्रैल 2024 को अपलोड इस वीडियो में वायरल वीडियो वाले दृश्य मौजूद है।  वीडियो के साथ मौजूद टाइटल में लिखा हुआ था, “एक्टर को लटकाये जाने के बैकस्टेज का दृश्य”। यहां वीडियो को ध्यानपूर्वक देखने पर हमने पाया कि फांसी लगने और तड़पने के बाद भी वह व्यक्ति सामान्य रूप से बोलता है और पीछे से कुछ निर्देश आने पर वह अचेत होने की एक्टिंग करता है। इससे यह स्पष्ट हो रहा था कि यह वीडियो नाटकीय है। जांच में हमें यह वीडियो 17 जनवरी 2025 को एकइंस्टाग्राम अकाउंटसे अपलोड किया गया मिला। इस वीडियो के साथ मौजूद पर्शियन कैप्शन में इसे “बी बदन” नामक एक फिल्म की शूटिंग का बताया गया था। निष्कर्ष-तथ्य-जांच के हमने पाया कि , ईरान में यहूदियों को सरेआम फांसी पर लटकाए जाने के दावे से वायरल हो रहा यह वीडियो, असल में एक फिल्म की शूटिंग का दृश्य है। Title:ईरान में यहूदियों को सरेआम फांसी पर लटकाए जाने के दावे से वायरल वीडियो असल में",है… को शूटिंग जाने से में वायरल का फांसी पर में सरेआम यहूदियों असल फिल्म के ईरान लटकाए की वीडियो दावे,,REF,same_as_gold,word,"{""shuffle_type"": ""uniform_random"", ""word_order_preserved"": false}","{""fluency_checked"": false, ""label_consistent"": true, ""meaning_preserved"": false}",
713,CA_WORD_03_Jumbling,hi,मतदाता अपने मतदान केंद्र का विवरण और मतदान तिथि चुनावी खोज पोर्टल के माध्यम से देख सकते हैं।,पीआईबी की हिंदी विज्ञप्ति में मतदाताओं को चुनावी खोज पोर्टल से मतदान केंद्र का विवरण और मतदान की तारीख देखने की सुविधा बताई गई है।,अपने हैं। से पोर्टल तिथि का और खोज विवरण चुनावी मतदान माध्यम के देख केंद्र सकते मतदाता मतदान,,SUP,same_as_gold,word,"{""shuffle_type"": ""uniform_random"", ""word_order_preserved"": false}","{""fluency_checked"": false, ""label_consistent"": true, ""meaning_preserved"": false}",
714,CA_WORD_03_Jumbling,hi,मई 2024 तक प्रधानमंत्री जन धन योजना से 52.3 करोड़ बैंक खाते खुले थे।,आर्थिक समीक्षा संबंधी विज्ञप्ति में प्रधानमंत्री जन धन योजना के 52.3 करोड़ बैंक खाते खोलने का उल्लेख है।,मई योजना 52.3 थे। धन से तक खुले करोड़ जन खाते प्रधानमंत्री बैंक 2024,,SUP,same_as_gold,word,"{""shuffle_type"": ""uniform_random"", ""word_order_preserved"": false}","{""fluency_checked"": false, ""label_consistent"": true, ""meaning_preserved"": false}",
715,CA_WORD_03_Jumbling,hi,समेकित स्वास्थ्य पारंपरिक और पूरक पद्धतियों को समन्वित तरीके से जोड़ सकता है।,एनसीसीआईएच के अनुसार समेकित स्वास्थ्य पारंपरिक और पूरक दृष्टिकोणों को समन्वित देखभाल में साथ लाता है।,से समन्वित पद्धतियों जोड़ तरीके है। पूरक स्वास्थ्य सकता समेकित को और पारंपरिक,,SUP,same_as_gold,word,"{""shuffle_type"": ""uniform_random"", ""word_order_preserved"": false}","{""fluency_checked"": false, ""label_consistent"": true, ""meaning_preserved"": false}",
716,CA_WORD_03_Jumbling,hi,प्रधानमंत्री ग्राम सड़क योजना-III के तहत 1.25 लाख किलोमीटर महत्वपूर्ण ग्रामीण सड़कों को पक्का करने का लक्ष्य रखा गया।,"पीआईबी हिंदी पृष्ठ में पीएमजीएसवाई-III का लक्ष्य कृषि बाजारों, शिक्षण संस्थानों और स्वास्थ्य सुविधाओं से जोड़ने वाली 1.25 लाख किलोमीटर ग्रामीण सड़कों को पक्का करना बताया गया है।",ग्राम करने लाख को लक्ष्य तहत 1.25 पक्का गया। ग्रामीण योजना-III रखा प्रधानमंत्री सड़कों किलोमीटर सड़क का महत्वपूर्ण के,,SUP,same_as_gold,word,"{""shuffle_type"": ""uniform_random"", ""word_order_preserved"": false}","{""fluency_checked"": false, ""label_consistent"": true, ""meaning_preserved"": false}",
717,CA_WORD_03_Jumbling,hi,नमक शुद्ध कैल्शियम से बना होता है।,डब्ल्यूएचओ नमक को सोडियम क्लोराइड और आहार सोडियम का प्रमुख स्रोत बताता है।,कैल्शियम होता से बना शुद्ध है। नमक,,REF,same_as_gold,word,"{""shuffle_type"": ""uniform_random"", ""word_order_preserved"": false}","{""fluency_checked"": false, ""label_consistent"": true, ""meaning_preserved"": false}",
718,CA_WORD_03_Jumbling,hi,1975 वियतनाम युद्ध से एयरलिफ्ट किए गए नवजात बच्चों की तस्वीर एपस्टीन फाइल्स मामले से जोड़कर भ्रामक दावे से वायरल…,"यह तस्वीर 1999 की नहीं बल्कि 1975 में वियतनाम से बच्चों को एयरलिफ्ट कराये जाने के दौरान की है। अभी हाल ही में अमेरिकी न्याय विभाग द्वारा यौन अपराधी व मानव तस्कर जेफरी एपस्टीन की जांच से जुड़े लाखों पन्नों के दस्तावेज, वीडियो और तस्वीरों को सार्वजनिक किया गया था। जिससे जोड़ते हुए सोशल मीडिया पर कई पोस्ट काफी वायरल हो रहे हैं। इसी कड़ी में एक पोस्ट वायरल किया जा रहा है, जिसमें एक तस्वीर दिख रही है। तस्वीर में एक आदमी छोटे-छोटे बच्चों को अलग-अलग बक्सों में रखता हुआ नजर आ रहा है। इसे साझा करते हुए दावा किया जा रहा है कि यह 1999 के तुर्की भूकंप के दौरान किडनैप किए गए बच्चे हैं। जिनको चोरी करके जेफरी एपस्टीन के लिए भेजा गया था, और उसने हर बच्चे के बदले 300 डालर दिए थे।वायरल पोस्ट को इस कैप्शन से साझा किया जा रहा है… उन्होंने1999केभूकंपकेदौरानतुर्कीसेलड़कियोंकोकिडनैपकियाथा!एपस्टीनकेएकव्हिसलब्लोअरनेकहाः“हमनेकिडनैपकिएगएहरबच्चेकेलिए$300चार्जकिए!” फेसबुक पोस्ट।आर्काइव पोस्ट अनुसंधानसेपताचलताहैकि… हमने जांच की शुरुआत में वायरल तस्वीर को गूगल रिवर्स इमेज पर सर्च किया। परिणाम में हमेंअमेरिका की रक्षा खुफिया एजेंसीवेबसाइट पर यह तस्वीर 2014 में पोस्ट की हुई मिली। यहां बताया गया था कि 1975 में साउथ वियतनाम के लड़ाई के दौरान, राष्ट्रपति गेराल्ड फोर्ड ने नॉर्थ वियतनाम के बड़े हमले के सामने साइगॉन से वियतनामी अनाथ बच्चों को निकालने का आदेश दिया। इस मिशन को ऑपरेशन बेबीलिफ्ट नाम दिया गया था। जिसकी शुरुआत 4 अप्रैल, 1975 को हुई थी। इस दौरान 3,000 से ज़्यादा अनाथ बच्चों को निकाला गया था। मिली जानकारी की मदद से आगे खोज करने पर हमेंवियतनाम की एक मीडिया वेबसाइटपर एक और मीडिया रिपोर्ट मिली,जिसमें वायरल तस्वीर मौजूद थी। वहीं रिपोर्ट में बताया गया था  3 अप्रैल 1975 को, जब वियतनाम युद्ध समाप्त होने वाला था, तब अमेरिकी राष्ट्रपति जेराल्ड फोर्ड ने घोषणा की कि सभी अनाथ वियतनामी बच्चों को तुरंत साइगॉन से हवाई मार्ग से निकाला जाना चाहिए। इस योजना को “ऑपरेशन बेबीलिफ्ट” नाम दिया गया था। अमेरिका ने दावा किया कि वियतनाम से निकाले गए अधिकांश बच्चे अनाथ थे, जिन्होंने संभवतः युद्ध में अपने माता-पिता को खो दिया था, या जिन्हें छोड़ दिया गया था, या जो युद्ध के दौरान अमेरिकी सैनिकों और वियतनामी महिलाओं के बच्चे थ",नवजात से गए की बच्चों मामले एयरलिफ्ट दावे वायरल… वियतनाम भ्रामक 1975 एपस्टीन तस्वीर युद्ध जोड़कर फाइल्स से से किए,,REF,same_as_gold,word,"{""shuffle_type"": ""uniform_random"", ""word_order_preserved"": false}","{""fluency_checked"": false, ""label_consistent"": true, ""meaning_preserved"": false}",
719,CA_WORD_03_Jumbling,hi,अरंडी के तेल की मालिश करने से आंखों का मोतियाबिंद बिना सर्जरी के ठीक हो जाता है।,राष्ट्रीय नेत्र संस्थान के अनुसार मोतियाबिंद से छुटकारा पाने का एकमात्र स्थापित तरीका सर्जरी है।,करने के के अरंडी है। की सर्जरी जाता मोतियाबिंद तेल हो आंखों बिना मालिश से का ठीक,,REF,same_as_gold,word,"{""shuffle_type"": ""uniform_random"", ""word_order_preserved"": false}","{""fluency_checked"": false, ""label_consistent"": true, ""meaning_preserved"": false}",
720,CA_WORD_03_Jumbling,hi,ईवीएम में मतदाता के एक वोट के बाद मशीन आगे के बटन दबाने पर भी उसी मतदाता के कई वोट दर्ज कर सकती है।,निर्वाचन आयोग के अनुसार एक वोट दर्ज होने के बाद बैलेट यूनिट आगे के बटन दबाने पर प्रतिक्रिया नहीं देती और अगला मत केवल पीठासीन अधिकारी द्वारा सक्षम किया जाता है।,ईवीएम मशीन वोट मतदाता के कर पर सकती भी एक के के आगे दर्ज वोट कई के दबाने बाद मतदाता में है। बटन उसी,,REF,same_as_gold,word,"{""shuffle_type"": ""uniform_random"", ""word_order_preserved"": false}","{""fluency_checked"": false, ""label_consistent"": true, ""meaning_preserved"": false}",
721,CA_WORD_03_Jumbling,hi,"केंद्र सरकार ने वायनाड पुनर्वास के लिए ₹10,000 करोड़ के विशेष पैकेज की घोषणा की।","लेख में किसी ₹10,000 करोड़ के विशेष पैकेज की घोषणा का उल्लेख नहीं है।","₹10,000 पैकेज वायनाड करोड़ की। ने विशेष की केंद्र पुनर्वास के के घोषणा लिए सरकार",,NEI,same_as_gold,word,"{""shuffle_type"": ""uniform_random"", ""word_order_preserved"": false}","{""fluency_checked"": false, ""label_consistent"": true, ""meaning_preserved"": false}",
722,CA_WORD_03_Jumbling,hi,सलमान खान की दुबई की व्यवसायी महिला से गुप्त शादी हुई थी।,आजतक फैक्ट चेक ने वायरल दावे का कोई प्रमाण नहीं पाया।,व्यवसायी की दुबई थी। गुप्त से शादी महिला सलमान हुई खान की,,REF,same_as_gold,word,"{""shuffle_type"": ""uniform_random"", ""word_order_preserved"": false}","{""fluency_checked"": false, ""label_consistent"": true, ""meaning_preserved"": false}",
723,CA_WORD_03_Jumbling,hi,लेख के अनुसार वायुसेना ने चीन सीमा की अग्रिम चौकी के लिए कोई रसद नहीं भेजी।,लेख में 15 क्विंटल रसद भेजे जाने का स्पष्ट उल्लेख है।,की रसद भेजी। अनुसार कोई के नहीं सीमा वायुसेना ने चीन अग्रिम लेख लिए के चौकी,,REF,same_as_gold,word,"{""shuffle_type"": ""uniform_random"", ""word_order_preserved"": false}","{""fluency_checked"": false, ""label_consistent"": true, ""meaning_preserved"": false}",
724,CA_WORD_03_Jumbling,hi,शेखर सुमन ने छात्रों पर लाठीचार्ज पर भावुक प्रतिक्रिया दी।,न्यूज़बाइट्स हिंदी: अभिनेता और होस्ट शेखर सुमन अपने शो 'शेखर टुनाइट' के हालिया एपिसोड में दिल्ली में 'कॉकरोच जनता पार्टी' (CJP) के 'चलो संसद' मार्च के दौरान छात्रों पर हुए पुलिस लाठीचार्ज पर बात करते हुए काफी...,दी। भावुक सुमन छात्रों शेखर पर प्रतिक्रिया लाठीचार्ज ने पर,,SUP,same_as_gold,word,"{""shuffle_type"": ""uniform_random"", ""word_order_preserved"": false}","{""fluency_checked"": false, ""label_consistent"": true, ""meaning_preserved"": false}",
725,CA_WORD_03_Jumbling,hi,प्रशासन ने चेतावनी दी कि रविवार से एक नया तूफानी सिस्टम और भारी बारिश ला सकता है।,लेख में रविवार से नए तूफानी सिस्टम के आने की चेतावनी का उल्लेख है।,प्रशासन रविवार एक है। सकता बारिश भारी और चेतावनी ला से तूफानी दी कि नया सिस्टम ने,,SUP,same_as_gold,word,"{""shuffle_type"": ""uniform_random"", ""word_order_preserved"": false}","{""fluency_checked"": false, ""label_consistent"": true, ""meaning_preserved"": false}",
726,CA_WORD_03_Jumbling,hi,अमेरिकी संघीय सरकार ने टेक्सास बाढ़ पीड़ितों के लिए 10 अरब डॉलर के विशेष राहत पैकेज की घोषणा की।,लेख में ऐसे किसी विशेष राहत पैकेज की घोषणा का उल्लेख नहीं है।,पीड़ितों राहत अरब संघीय ने लिए पैकेज डॉलर टेक्सास 10 विशेष घोषणा सरकार के की। के बाढ़ अमेरिकी की,,NEI,same_as_gold,word,"{""shuffle_type"": ""uniform_random"", ""word_order_preserved"": false}","{""fluency_checked"": false, ""label_consistent"": true, ""meaning_preserved"": false}",
727,CA_WORD_03_Jumbling,hi,"बजरंग दल ने बांग्लादेश में फहराया भगवा? नहीं, वीडियो ओडिशा का  है  …","दिसंबर 2025 भारत के पड़ोसी मुल्क बांग्लादेश में बीते दिसंबर 2025 से लेकर अब तक  6 हिन्दुओं की हत्या ने अराजकता का माहौल कायम कर दिया है। इसी बीच सोशल मीडिया पर एक वीडियो वायरल हो रहा है, जिसमें काले कपड़े पहना हुआ एक हुआ एक शख्स एक बिल्डिंग में लगे होर्डिंग पर चढ़ा दिखाई देता है। वो एक हरे रंग का झंडा निकाल कर फेंक देता है।इसके बाद वो वहां भगवान हनुमान की फोटो वाला एक भगवा झंडा लगा देता है।वायरल वीडियो के साथ दावा किया जा रहा है कि बजरंग दल के सदस्यों ने बांग्लादेश में घुसकर वहां भगवा झंडा फहरा दिया। यूजर ने वीडियो के साथ लिखा है- बजरंग दल के शेर बांग्लादेश में घुसे, हिंदू सुरक्षा के लिए बड़ा ऐलान #bangladesh #save #hindu #bajrangdal फेसबुक।आर्काइव अनुसंधान से पता चलता है कि… पड़ताल की शुरुआत में हमने देखा कि वायरल वीडियो में दुकानों के बोर्ड पर लिखे शब्द उल्टे नजर आ रहे हैं, यानी इसका दायां हिस्सा बाईं तरफ दिख रहा है। जब हमने इसे   फ्लिप किया तो समझ में आया कि इसमें  दुकानों के नाम उड़िया भाषा में लिखे हैं। इसकी मदद से हमने वायरल वीडियो के तस्वीरों का रिवर्स इमेज सर्च किया, परिणाम में  वायरल वीडियो की खबर हमें  6 अक्टूबर 2025 की ChotaNews App की एकX पोस्टपर मिली। इस पोस्ट में वही वीडियो दूसरे वीडियो के साथ था, और इसके डिस्क्रिप्शन के अनुसार, विजुअल्स में ओडिशा के कटक में दुर्गा विसर्जन के दौरान हुई झड़प दिखाई गई थी। डीजे बजाने को लेकर दो ग्रुप के बीच लड़ाई हो गई, जिसमें DCP ऋषिकेश खिलारी समेत छह लोग घायल हो गए। झड़प के दौरान पत्थर फेंके गए, गाड़ियों में आग लगा दी गई, और कटक पुलिस ने प्रदर्शनकारियों को तितर-बितर करने और स्थिति को कंट्रोल में लाने के लिए दखल दिया। దుర్గాదేవి నిమజ్జనంలో ఘర్షణ.. డీజే పెట్టడంపై ఇరు వర్గాల గొడవఒడిశాలోని కటక్‌‌లో దుర్గా నిమజ్జనం సందర్భంగా డీజే పెట్టడంపై రెండు వర్గాల మధ్య మొదలైన గొడవఘర్షణలో డీసీపీ రిషికేశ్‌ ఖిలారీతో సహా ఆరుగురికి గాయాలు   ఒకరిపై ఒకరు రాళ్లదాడికి తెగబడి.. వాహనాలకు నిప్పుఆందోళనకారులను…pic.twitter.com/HrCOZ0vXiq पड़ताल में आगे हमें सुशील स्वाधीन साहू नाम के एक यूजर का चैनल मिला।  5 अक्टूबर 2025 को  स्वाधीन ने यूट्यूब पर वायरल वीडियो शेयर किया था। यहां वीडियो के साथ कैप्शन में लिखा है, ‘ ‘कटक हिंदू मुस्लिम दंगा। जांच में हमेंद","है फहराया … में ने बजरंग का बांग्लादेश वीडियो ओडिशा भगवा? दल नहीं,",,REF,same_as_gold,word,"{""shuffle_type"": ""uniform_random"", ""word_order_preserved"": false}","{""fluency_checked"": false, ""label_consistent"": true, ""meaning_preserved"": false}",
728,CA_WORD_03_Jumbling,hi,लेख के अनुसार ऊर्जा मंत्रालय ने सितंबर 2023 में कार्यबल का गठन किया था।,लेख में कार्यबल के गठन का वर्ष सितंबर 2021 बताया गया है।,में 2023 के कार्यबल सितंबर ऊर्जा का गठन लेख ने अनुसार मंत्रालय था। किया,,REF,same_as_gold,word,"{""shuffle_type"": ""uniform_random"", ""word_order_preserved"": false}","{""fluency_checked"": false, ""label_consistent"": true, ""meaning_preserved"": false}",
729,CA_WORD_03_Jumbling,hi,समरीन कौर अर्शदीप सिंह की गर्लफ्रेंड हैं।,वीडियो की तुलना मूल क्लिप से करने पर पता चला कि इसमें ऑडियो और संदर्भ बदले गए थे। अभिनेता की ओर से ऐसा बयान देने का कोई प्रमाण नहीं मिला।,समरीन सिंह की हैं। कौर अर्शदीप गर्लफ्रेंड,,REF,same_as_gold,word,"{""shuffle_type"": ""uniform_random"", ""word_order_preserved"": false}","{""fluency_checked"": false, ""label_consistent"": true, ""meaning_preserved"": false}",
730,CA_WORD_03_Jumbling,hi,आपूर्ति बाधित होने से दुकानों में सामान बहुत कम बचा था।,लेख में आपूर्ति ठप होने के कारण सामान न के बराबर होने की बात कही गई है।,बहुत से दुकानों आपूर्ति बचा बाधित में सामान था। होने कम,,SUP,same_as_gold,word,"{""shuffle_type"": ""uniform_random"", ""word_order_preserved"": false}","{""fluency_checked"": false, ""label_consistent"": true, ""meaning_preserved"": false}",
731,CA_WORD_03_Jumbling,hi,विमान ने अकापुल्को से उड़ान भरी थी और टोलुका जा रहा था।,लेख में विमान की उड़ान अकापुल्को से टोलुका के लिए होने की जानकारी दी गई है।,ने भरी रहा विमान थी टोलुका जा से था। अकापुल्को उड़ान और,,SUP,same_as_gold,word,"{""shuffle_type"": ""uniform_random"", ""word_order_preserved"": false}","{""fluency_checked"": false, ""label_consistent"": true, ""meaning_preserved"": false}",
732,CA_WORD_03_Jumbling,hi,तीसरे चरण में 93 संसदीय निर्वाचन क्षेत्रों में शाम 8 बजे तक लगभग 61.45 प्रतिशत मतदान दर्ज किया गया था।,पीआईबी के अनुसार तीसरे चरण के 93 संसदीय निर्वाचन क्षेत्रों में शाम 8 बजे तक लगभग 61.45 प्रतिशत मतदान दर्ज हुआ।,गया 61.45 चरण किया मतदान क्षेत्रों बजे 8 था। 93 प्रतिशत संसदीय में तक निर्वाचन तीसरे दर्ज लगभग शाम में,,SUP,same_as_gold,word,"{""shuffle_type"": ""uniform_random"", ""word_order_preserved"": false}","{""fluency_checked"": false, ""label_consistent"": true, ""meaning_preserved"": false}",
733,CA_WORD_03_Jumbling,hi,"बांग्लादेश में चोरी का पुराना वीडियो भारत के नाम से वायरल, ऑडियो एडिट कर लगाए ‘जय श्री राम’ के नारे।","चोरी के आरोप में पकड़ी गई बांग्लादेशी लड़की का वीडियो भारत का बताकर वायरल, जय श्री राम नारा लगाने का दावा सरासर फर्जी। सोशल मीडिया पर एक दिल दहला देने वाला वीडियो वायरल हो रहा है, जिसमें एक दुकान में एक लड़की के साथ कुछ लोग मारपीट कर रहे हैं। दावा किया जा रहा है कि वीडियो में दिख रही लड़की मुस्लिम है जिसके साथ हिंदू युवक ने मारपीट की और जबरन जय श्री राम के नारे लगवाए। वीडियो के साथ कैप्शन लिखा गया है… मुस्लिमलड़कीसेजबरनजयश्रीरामबुलवारहेहै,यूरेशियनआर्यासनातनीहिन्दूब्रह्मणधर्मकेलोग फेसबुक पोस्ट।आर्काइव लिंक अनुसंधानसेपताचलताहैकि… हमने जांच की शुरुआत में वायरल वीडियो से कीफ्रेम निकाले और गूगल लेंस से रिवर्स इमेज सर्च किया। परिणाम में हमें 17 सितंबर, 2025 कोबीडी ट्यूब मास्टर न्यूजनाम के एक फेसबुक पेज पर वायरल वीडियो की वीडियो रिपोर्ट मिली। साथ में दिए गए विवरण के अनुसार, लड़की को दुकान से चोरी करते हुए पकड़े जाने के बाद कथित तौर पर पीटा गया था। विवरण में #ढाका और #चिट्टागोंग जैसे हैशटैग थे, जिससे संकेत मिलता है कि यह घटना बांग्लादेश की हो सकती है। साथ ही वीडियो में हमें ऐसे कोई सबूत नहीं मिले, जिससे पता चले कि लड़की को किसी भी प्रकार का धार्मिक नारा लगाने के लिए मजबूर किया गया हो। इसके बाद हमें बांग्लादेश के स्थानीय समाचार आउटलेटसिलहटर न्यूजद्वारा 16 सितंबर, 2025 को प्रकाशित विस्तृत वीडियो रिपोर्ट मिली। यहां पर लड़की की पहचान बारिसल जिले के वज़ीरपुर निवासी अनिका के रूप में की गई, जिसे मीरपुर कॉलेज मार्केट में चोरी करने की कोशिश करते हुए पकड़ा गया था। आगे बताया गया कि उसकी चाची ने उसे चोरी करने के लिए उकसाया था, यह कहते हुए कि कारखाना जहां वो काम करती थी से मिलने वाला वेतन जीवनयापन के खर्चों के लिए पूरा नहीं था। हमने पाया कि इस वीडियो में भी “जय श्री राम” का नारा नहीं सुनाई दे रहा है और न ही इससे जुड़ी किसी भी बात का जिक्र किया गया है। आगे हमें 16 सितंबर, 2025 को एकबांग्लादेशी यूज़रद्वारा साझा की गई एक अन्य फेसबुक पोस्ट मिली। यहां भी बांग्ला कैप्शन में लड़की का नाम अनिका ही बताया गया है, जिसे कथित तौर पर मीरपुर कॉलेज मार्केट में एक दुकान से चोरी करने की कोशिश में पकड़ा गया था। अनिका बांग्लादेश के बारीसाल की रहने वाली थी जो एक कपड़ा कारखाने में काम करती थी। लेकिन आर्थिक त","में एडिट ऑडियो कर चोरी वीडियो का राम’ नाम नारे। से बांग्लादेश श्री के भारत लगाए के वायरल, ‘जय पुराना",,REF,same_as_gold,word,"{""shuffle_type"": ""uniform_random"", ""word_order_preserved"": false}","{""fluency_checked"": false, ""label_consistent"": true, ""meaning_preserved"": false}",
734,CA_WORD_03_Jumbling,hi,"लोकसभा आम चुनाव 2014 में कुल पंजीकृत मतदाता संख्या 83,40,82,814 थी।","निर्वाचन आयोग के लोकसभा चुनाव एटलस की ऐतिहासिक तालिका में 2014 के कुल मतदाता 83,40,82,814 बताए गए हैं।","83,40,82,814 थी। आम मतदाता लोकसभा में 2014 कुल पंजीकृत चुनाव संख्या",,SUP,same_as_gold,word,"{""shuffle_type"": ""uniform_random"", ""word_order_preserved"": false}","{""fluency_checked"": false, ""label_consistent"": true, ""meaning_preserved"": false}",
735,CA_WORD_03_Jumbling,hi,मान्यता प्राप्त राजनीतिक दलों के उम्मीदवारों के प्रतिनिधि घर से मतदान की मतदान-टीम के साथ नहीं जा सकते।,निर्वाचन आयोग के अनुसार उम्मीदवारों को घर से मतदान लेने वाले मतदाताओं की सूची और दलों को मतदान-टीम की यात्रा-सारणी दी जाती है; वे नियमों के अनुसार प्रतिनिधि भेज सकते हैं।,नहीं मतदान-टीम प्रतिनिधि सकते। राजनीतिक के के साथ से दलों घर की प्राप्त उम्मीदवारों मतदान जा के मान्यता,,REF,same_as_gold,word,"{""shuffle_type"": ""uniform_random"", ""word_order_preserved"": false}","{""fluency_checked"": false, ""label_consistent"": true, ""meaning_preserved"": false}",
736,CA_WORD_03_Jumbling,hi,पीएम सूर्य घर: मुफ्त बिजली योजना का लक्ष्य वित्त वर्ष 2026-27 तक एक करोड़ आवासीय घरों में रूफटॉप सोलर सिस्टम स्थापित करना है।,पीआईबी की हिंदी विज्ञप्ति में फरवरी 2024 में शुरू पीएम सूर्य घर योजना का लक्ष्य वित्त वर्ष 2026-27 तक एक करोड़ आवासीय घरों में रूफटॉप सोलर स्थापित करना बताया गया है।,सिस्टम स्थापित योजना एक मुफ्त वर्ष घरों करोड़ पीएम बिजली रूफटॉप करना 2026-27 है। घर: लक्ष्य का आवासीय सूर्य वित्त सोलर तक में,,SUP,same_as_gold,word,"{""shuffle_type"": ""uniform_random"", ""word_order_preserved"": false}","{""fluency_checked"": false, ""label_consistent"": true, ""meaning_preserved"": false}",
737,CA_WORD_03_Jumbling,hi,मध्य प्रदेश के डिंडौरी जिले में शहपुरा विकासखंड के बिछिया क्षेत्र में खाद्य सुरक्षा विभाग ने मिलावटी खाद्य पदार्थों के विरुद्ध दो प्रतिष्ठानों पर छापामार कार्रवाई की।,कलेक्टर अंजू पवन भदौरिया के मार्गदर्शन में खाद्य सुरक्षा प्रशासन ने मिलावटी एवं अमानक खाद्य पदार्थों के विरुद्ध विशेष निरीक्षण अभियान चलाया।,प्रतिष्ठानों मिलावटी विकासखंड दो बिछिया विरुद्ध मध्य के क्षेत्र विभाग सुरक्षा की। जिले पर छापामार डिंडौरी खाद्य ने के कार्रवाई शहपुरा पदार्थों के खाद्य प्रदेश में में,,SUP,same_as_gold,word,"{""shuffle_type"": ""uniform_random"", ""word_order_preserved"": false}","{""fluency_checked"": false, ""label_consistent"": true, ""meaning_preserved"": false}",
738,CA_WORD_03_Jumbling,hi,विक्की कौशल की फिल्म 'सैम बहादुर' ने घरेलू बॉक्स ऑफिस पर पहले हफ्ते में 35 करोड़ रुपये से अधिक कमाए।,दैनिक जागरण की बॉक्स ऑफिस रिपोर्ट के अनुसार फिल्म ने पहले सप्ताह के अंत तक भारत में 35 करोड़ रुपये का आंकड़ा पार कर लिया था। लेख में दिनवार कलेक्शन का सार भी दिया गया।,'सैम ऑफिस की बहादुर' करोड़ फिल्म कौशल हफ्ते बॉक्स विक्की कमाए। पहले में से घरेलू अधिक पर 35 रुपये ने,,SUP,same_as_gold,word,"{""shuffle_type"": ""uniform_random"", ""word_order_preserved"": false}","{""fluency_checked"": false, ""label_consistent"": true, ""meaning_preserved"": false}",
739,CA_WORD_03_Jumbling,hi,उच्च रक्तचाप केवल तब मौजूद होता है जब व्यक्ति को सिरदर्द हो।,डब्ल्यूएचओ बताता है कि अधिकांश उच्च रक्तचाप वाले लोगों में कोई लक्षण नहीं होते।,व्यक्ति है रक्तचाप हो। जब तब सिरदर्द मौजूद उच्च को होता केवल,,REF,same_as_gold,word,"{""shuffle_type"": ""uniform_random"", ""word_order_preserved"": false}","{""fluency_checked"": false, ""label_consistent"": true, ""meaning_preserved"": false}",
740,CA_WORD_03_Jumbling,hi,बिग बॉस 17 के प्रतियोगी अभिषेक कुमार ने शो जीतकर ट्रॉफी उठाई।,"दैनिक जागरण की रिपोर्ट में बिग बॉस 17 का विजेता मुनव्वर फारूकी बताया गया, जबकि अभिषेक कुमार को रनर-अप के रूप में लिखा गया। ट्रॉफी मुनव्वर को मिली थी।",ने ट्रॉफी अभिषेक प्रतियोगी के जीतकर शो बॉस उठाई। 17 बिग कुमार,,REF,same_as_gold,word,"{""shuffle_type"": ""uniform_random"", ""word_order_preserved"": false}","{""fluency_checked"": false, ""label_consistent"": true, ""meaning_preserved"": false}",
741,CA_WORD_03_Jumbling,hi,कान और सुनने की देखभाल को प्राथमिक स्वास्थ्य देखभाल में शामिल किया जा सकता है।,डब्ल्यूएचओ कान और सुनने की देखभाल को स्वास्थ्य प्रणालियों और प्राथमिक स्वास्थ्य देखभाल में एकीकृत करने पर जोर देता है।,देखभाल स्वास्थ्य प्राथमिक है। में जा सकता और कान की शामिल सुनने किया को देखभाल,,SUP,same_as_gold,word,"{""shuffle_type"": ""uniform_random"", ""word_order_preserved"": false}","{""fluency_checked"": false, ""label_consistent"": true, ""meaning_preserved"": false}",
742,CA_WORD_03_Jumbling,hi,"लोकसभा चुनाव 2024 के दूसरे चरण में 13 राज्यों/केंद्र शासित प्रदेशों में 1,210 उम्मीदवार चुनाव लड़ रहे थे।","पीआईबी की हिंदी विज्ञप्ति में दूसरे चरण के लिए 13 राज्यों/केंद्र शासित प्रदेशों में 1,210 उम्मीदवारों के चुनाव लड़ने की जानकारी है।","चुनाव लोकसभा लड़ प्रदेशों चरण राज्यों/केंद्र 2024 चुनाव में थे। शासित 1,210 उम्मीदवार 13 में रहे के दूसरे",,SUP,same_as_gold,word,"{""shuffle_type"": ""uniform_random"", ""word_order_preserved"": false}","{""fluency_checked"": false, ""label_consistent"": true, ""meaning_preserved"": false}",
743,CA_WORD_03_Jumbling,hi,घर से मतदान केवल 80 वर्ष से कम आयु के दिव्यांग मतदाताओं के लिए उपलब्ध है।,निर्वाचन आयोग के स्पष्टीकरण के अनुसार वैकल्पिक डाक मतपत्र/घर से मतदान सुविधा उन दिव्यांग मतदाताओं और 80 वर्ष से अधिक आयु के वरिष्ठ नागरिकों के लिए है जो मतदान केंद्र तक नहीं पहुंच सकते।,के मतदाताओं के आयु वर्ष मतदान उपलब्ध घर 80 केवल से दिव्यांग से कम है। लिए,,REF,same_as_gold,word,"{""shuffle_type"": ""uniform_random"", ""word_order_preserved"": false}","{""fluency_checked"": false, ""label_consistent"": true, ""meaning_preserved"": false}",
744,CA_WORD_03_Jumbling,hi,घर से मतदान सुविधा में बूथ स्तर अधिकारी पात्र मतदाताओं के घर जाकर फॉर्म 12डी देते हैं और प्राप्ति की पावती लेते हैं।,निर्वाचन आयोग के प्रेस नोट में बूथ स्तर अधिकारियों द्वारा पात्र मतदाताओं के घर जाकर फॉर्म 12डी उपलब्ध कराने और पावती लेने की प्रक्रिया वर्णित है।,मतदान 12डी स्तर सुविधा हैं के में पात्र पावती लेते हैं। जाकर बूथ की अधिकारी घर से प्राप्ति देते और घर मतदाताओं फॉर्म,,SUP,same_as_gold,word,"{""shuffle_type"": ""uniform_random"", ""word_order_preserved"": false}","{""fluency_checked"": false, ""label_consistent"": true, ""meaning_preserved"": false}",
745,CA_WORD_03_Jumbling,hi,सर्वाइकल पूर्व-कैंसर परिवर्तनों का पता केवल लक्षण दिखाई देने के बाद ही चल सकता है।,डब्ल्यूएचओ स्क्रीनिंग से पूर्व-कैंसर परिवर्तनों की पहचान संभव बताता है।,है। लक्षण केवल सर्वाइकल दिखाई ही सकता परिवर्तनों चल देने पता के पूर्व-कैंसर का बाद,,REF,same_as_gold,word,"{""shuffle_type"": ""uniform_random"", ""word_order_preserved"": false}","{""fluency_checked"": false, ""label_consistent"": true, ""meaning_preserved"": false}",
746,CA_WORD_03_Jumbling,hi,"रिपोर्ट में केंद्र सरकार द्वारा राष्ट्रीय आपदा पूल के लिए 50,000 करोड़ रुपये का विशेष कोष बनाने की घोषणा की गई।","लेख में किसी 50,000 करोड़ रुपये के विशेष कोष या सरकारी घोषणा का उल्लेख नहीं है।","केंद्र के गई। द्वारा लिए घोषणा राष्ट्रीय पूल कोष में विशेष बनाने रुपये रिपोर्ट की करोड़ सरकार 50,000 की आपदा का",,NEI,same_as_gold,word,"{""shuffle_type"": ""uniform_random"", ""word_order_preserved"": false}","{""fluency_checked"": false, ""label_consistent"": true, ""meaning_preserved"": false}",
747,CA_WORD_03_Jumbling,hi,नसीरुद्दीन शाह ने एक इंटरव्यू में कहा कि दक्षिण भारतीय अभिनेता अभिनय करना नहीं जानते।,द लल्लनटॉप की रिपोर्ट के अनुसार वायरल क्लिप को संदर्भ से काटकर फैलाया गया था। पूरे बयान में उन्होंने यह वाक्य नहीं कहा और चर्चा फिल्म उद्योग की कार्यशैली पर थी।,भारतीय नहीं दक्षिण ने कि इंटरव्यू अभिनेता अभिनय नसीरुद्दीन शाह जानते। में एक करना कहा,,REF,same_as_gold,word,"{""shuffle_type"": ""uniform_random"", ""word_order_preserved"": false}","{""fluency_checked"": false, ""label_consistent"": true, ""meaning_preserved"": false}",
748,CA_WORD_03_Jumbling,hi,हर मतदान केंद्र पर दिव्यांग मतदाताओं के लिए रैंप उपलब्ध कराने के निर्देश नहीं दिए गए हैं।,निर्वाचन आयोग ने सभी मुख्य निर्वाचन अधिकारियों को प्रत्येक मतदान केंद्र पर उचित ढलान वाला रैंप सुनिश्चित करने के निर्देश दिए हैं।,के उपलब्ध लिए दिए के पर नहीं कराने हर मतदान दिव्यांग केंद्र निर्देश हैं। गए मतदाताओं रैंप,,REF,same_as_gold,word,"{""shuffle_type"": ""uniform_random"", ""word_order_preserved"": false}","{""fluency_checked"": false, ""label_consistent"": true, ""meaning_preserved"": false}",
749,CA_WORD_03_Jumbling,hi,रेड क्लोवर हड्डियों की कमजोरी को रोकने में प्रभावी है।,एनसीसीआईएच के अनुसार हड्डी स्वास्थ्य पर रेड क्लोवर के अध्ययन सीमित हैं और ठोस निष्कर्ष नहीं निकाला जा सकता।,में प्रभावी रेड क्लोवर है। कमजोरी हड्डियों को रोकने की,,NEI,same_as_gold,word,"{""shuffle_type"": ""uniform_random"", ""word_order_preserved"": false}","{""fluency_checked"": false, ""label_consistent"": true, ""meaning_preserved"": false}",
750,CA_WORD_03_Jumbling,hi,आमिर खान की दोनों पूर्व पत्नियां उनकी तीसरी शादी में शामिल हुईं।,"साइबरपीस रिसर्च विंग की जांच के अनुसार, वायरल वीडियो असल में 2024 में आमिर खान की बेटी आयरा खान की शादी का पुराना फुटेज है, जिसे गलत तरीके से आमिर की तीसरी शादी से जोड़ा जा रहा है। आजतक की रिपोर्ट में भी रीना-किरण की मौजूदगी का कोई प्रमाण नहीं मिलता।",उनकी खान तीसरी पूर्व में दोनों की आमिर हुईं। शामिल पत्नियां शादी,,REF,same_as_gold,word,"{""shuffle_type"": ""uniform_random"", ""word_order_preserved"": false}","{""fluency_checked"": false, ""label_consistent"": true, ""meaning_preserved"": false}",
751,CA_WORD_03_Jumbling,hi,"बच्चो को पीटने का वायरल वीडियो डीपीएस वलसाड स्कूल के टीचर का नहीं, जानिए सच","डीपीएस वलसाड ने फैक्ट क्रेसेंडो को बताया है कि उनके स्कूल में शकील अहमद अंसारी नामक कोई टीचर नहीं है । यह घटना उनके स्कूल से नहीं है । सोशल मीडिया पर एक वीडियो राजबाघ के डीपीएस स्कूल टीचर के नाम से फैलाया जा रहा है । इस वीडियो में एक आदमी एक छोटे बच्चे को बेरहमी से पीटता है। जबकि उस कमरे में मौजूद दुसरे बच्चे यह देख रहे है । इस वीडियो के साथ दावा किया जा रहा है कि वीडियो में दिख रहा व्यक्ति वलसाड के राजबाघ का डीपीएस स्कूल के शिक्षक शकील अहमद अंसारी है, जो बेरहमी से अपने छात्रों पर अत्याचार करते हुए नज़र आ रहे है । सोशल मीडिया पर वायरल हो रहे पोस्ट के कैप्शन में लिखा गया है कि“आप के whatsapp पे जितने भी नंबर एवं ग्रुप हैं एक भी छूटने नहीं चाहिए, ये वीडियो सबको भेजिए ये वलसाड के DPS SCHOOL Rajbag का टीचर शकील अहमद अंसारी है इसको इतना शेयर करो की ये टीचर और स्कूल दोनों बंद हो जाए । वीडियो वायरल होने से काफी फ़र्क पड़ता है ओर कार्यवाही होती है जिसे दया न ।” (शब्दशः) ट्वीट लिंक।आर्काइव लिंक अनुसंधान से पता चलता है कि… जाँच की शुरुआत हमने इस वीडियो को इन्विड वी वेरीफाई टूल के मदद से छोटे कीफ्रेम्स में तोडा और यांडेक्स पर रिवर्स इमेज सर्च किया। जिसके परिणाम से हमें अगस्त २०१४ कोडेली मेलद्वारा प्रकाशित खबर मिली । इस खबर के अनुसार वायरल हो रही वीडियो इजिप्त से है । यह वीडियो इजिप्त के एक अनाथाश्रम से है जहाँ के मैनेजर को बच्चों को पीटते हुए दिख रहे है। इस आदमी का नाम ओसामा मोहम्मद ओथमान है । कहा जा रहा है कि यह वीडियो उस आदमी की पत्नी ने रिकॉर्ड किया था। यह वीडियो वायरल होने पर ओसामा ने यह स्पष्ट किया था कि उन्होंने बच्चों को दुर्व्यवहार करने से रोकने के उद्देश्य से पीटा था । रिपोर्ट में गिज़ा स्थित अनाथाश्रम का नाम दर मक्का अल मोकरामा बताया गया है । आरोपी को गिज़ा पुलिस ने गिरफ्तार किया गया था । फैक्ट क्रेस्केंडो ने गुजरात के वलसाड में डीपीएस स्कूल के कार्यालय से संपर्क किया। कार्यकारी अधिकारी जेफरी चेट्टियार ने हमें बताया कि वे वलसाड जिले के एकमात्र डीपीएस स्कूल हैं । वे जिले के वापी शहर में स्थित हैं। “वीडियो में दिख रहा व्यक्ति न तो डीपीएस स्कूल का शिक्षक है और न ही हमारे स्कूल में ऐसी कोई घटना हुई है। दरअसल हमारे स्कूल में शकील अहमद अंसारी नाम का कोई शिक्षक नहीं है,” उन","वीडियो बच्चो को का का डीपीएस वलसाड के पीटने नहीं, स्कूल टीचर वायरल जानिए सच",,REF,same_as_gold,word,"{""shuffle_type"": ""uniform_random"", ""word_order_preserved"": false}","{""fluency_checked"": false, ""label_consistent"": true, ""meaning_preserved"": false}",
752,CA_WORD_03_Jumbling,hi,"दिल्ली सरकार के जन कल्याण शिविरों में राशन कार्ड, आयुष्मान कार्ड और पेंशन जैसी सेवाएं एक जगह उपलब्ध कराई गईं।","एनडीटीवी इंडिया की हिंदी रिपोर्ट में जन कल्याण शिविरों में राशन कार्ड, आयुष्मान कार्ड, आधार अपडेट और पेंशन सेवा मिलने की जानकारी है।","कल्याण गईं। एक उपलब्ध और आयुष्मान राशन कार्ड, के जैसी में पेंशन शिविरों सेवाएं जगह दिल्ली कार्ड सरकार कराई जन",,SUP,same_as_gold,word,"{""shuffle_type"": ""uniform_random"", ""word_order_preserved"": false}","{""fluency_checked"": false, ""label_consistent"": true, ""meaning_preserved"": false}",
753,CA_WORD_03_Jumbling,hi,लेख के अनुसार मौसम विज्ञान केंद्र ने सोमवार को भी भारी वर्षा का पूर्वानुमान जारी किया।,लेख में सोमवार से मैदानी क्षेत्रों में मौसम साफ रहने की बात कही गई है।,सोमवार के भी जारी अनुसार का विज्ञान मौसम को लेख वर्षा केंद्र भारी किया। पूर्वानुमान ने,,REF,same_as_gold,word,"{""shuffle_type"": ""uniform_random"", ""word_order_preserved"": false}","{""fluency_checked"": false, ""label_consistent"": true, ""meaning_preserved"": false}",
754,CA_WORD_03_Jumbling,hi,सिंगरौली के जियावन थाना क्षेत्र में सामूहिक दुष्कर्म के मामले में पुलिस ने तीन आरोपियों को गिरफ्तार कर न्यायालय में पेश किया।,पुलिस अधीक्षक शियाज के.एम. के निर्देश पर त्वरित कार्रवाई करते हुए तीनों आरोपियों को गिरफ्तार कर न्यायिक अभिरक्षा में जिला जेल भेजा गया।,थाना पुलिस को तीन गिरफ्तार ने आरोपियों में सामूहिक किया। मामले के में में सिंगरौली पेश क्षेत्र कर के जियावन न्यायालय दुष्कर्म,,SUP,same_as_gold,word,"{""shuffle_type"": ""uniform_random"", ""word_order_preserved"": false}","{""fluency_checked"": false, ""label_consistent"": true, ""meaning_preserved"": false}",
755,CA_WORD_03_Jumbling,hi,केंद्रीय मंत्रिमंडल ने पीएम-किसान योजना के तहत 20वीं किस्त जारी करने की मंजूरी दी।,पीआईबी विज्ञप्ति में पीएम-किसान की 20वीं किस्त जारी करने के लिए मंत्रिमंडल की मंजूरी का उल्लेख है।,मंत्रिमंडल तहत किस्त के योजना की पीएम-किसान 20वीं मंजूरी जारी करने ने केंद्रीय दी।,,SUP,same_as_gold,word,"{""shuffle_type"": ""uniform_random"", ""word_order_preserved"": false}","{""fluency_checked"": false, ""label_consistent"": true, ""meaning_preserved"": false}",
756,CA_WORD_03_Jumbling,hi,मई 2026 तक पोषण ट्रैकर के तहत 5.5 करोड़ से अधिक लाभार्थियों को कम से कम 15 दिनों के लिए पूरक पोषण कार्यक्रम मिला।,पीआईबी हिंदी पृष्ठ में मई 2026 के आंकड़ों के अनुसार 5.5 करोड़ से अधिक लाभार्थियों को कम से कम 15 दिनों के लिए पूरक पोषण कार्यक्रम मिलने की जानकारी है।,कार्यक्रम 2026 मिला। लिए ट्रैकर अधिक तक मई कम पूरक पोषण कम से 5.5 दिनों पोषण को तहत के से 15 करोड़ लाभार्थियों के,,SUP,same_as_gold,word,"{""shuffle_type"": ""uniform_random"", ""word_order_preserved"": false}","{""fluency_checked"": false, ""label_consistent"": true, ""meaning_preserved"": false}",
757,CA_WORD_03_Jumbling,hi,"छात्रों के सपोर्ट में DCP सुमित झा ने नहीं दिया इस्तीफा, एडिटेड वीडियो वायरल….","सोशल मीडिया पर  एक 47 सेकेंड का वीडियो वायरल हो रहा है।  वायरल वीडियो में डीसीपी सुमित झा कथित तौर पर तत्काल प्रभाव से इस्तीफे की घोषणा करते और यह कहते हुए सुनाई दे रहे हैं कि “मुझ पर छात्र प्रदर्शनों के बारे में झूठ बोलने और उन्हें अपराधी बताने का दबाव डाला जा रहा है। मैं ऐसी किसी भी व्यवस्था का हिस्सा नहीं रह सकता, इसलिए अब सरकार के साथ नहीं बल्कि छात्रों के साथ हूं। वायरल वीडियो के साथ दावा किया जा रहा है कि  दिल्ली पुलिस के डीसीपी सुमित झा ने छात्रों के प्रदर्शन के समर्थन में अपने पद से से इस्तीफा दे दिया है। वायरल वीडियो के साथ यूजर ने लिखा है- DCP Sumit Jha का इस्तीफा! ‘अब झूठ नहीं बोल सकता!’ दिल्ली पुलिस के डीसीपी सुमित झा ने इस्तीफा दे दिया है! उन्होंने कहा— “मुझे छात्र विरोध प्रदर्शनों पर झूठ बोलने के लिए मजबूर किया जा रहा है, मैं यह अब और नहीं कर सकता। मैं इस्तीफा दे रहा हूं क्योंकि मैं अब झूठ नहीं बोल सकता।”छात्रों के आंदोलन पर सच दबाने की कोशिशों का यह सबसे बड़ा खुलासा है! आपकी इस पर क्या राय है? कमेंट में बताएं! फेसबुक।आर्काइव अनुसंधान से पता चलता है कि… पड़ताल की शुरुआत में हमने वायरल  वीडियो के तस्वीरों का रिवर्स इमेज सर्च किया, परिणाम में वायरल वीडियो से  मिलता-जुलता वीडियो  हमेंडीडी न्यूजके एक्स अकाउंट पर मिला। यहां पर वीडियो  23 जुलाई 2026 को अपलोड किया गया है। इस वीडियो में  उन्होंने पाकिस्तान से संचालित होने वाले सोशल मीडिया अकाउंट्स की जानकारी देते हुए कहा था कि 400 से ज्यादा सोशल मीडिया हैंडल्स फर्जी और भ्रामक खबरें फैला रहे हैं। उनका मकसद छात्रों का ध्यान भटकाना है।  इसलिए अपील है कि किसी भी पोस्ट को शेयर करने से पहले फैक्ट चेक करें और किसी के बहकावे में न आएं। इस वीडियो में उन्होंने कहीं भी अपने इस्तीफे की बात नहीं की थी। #WATCH| Delhi Police says 480 Pakistan-based social media handles involved in coordinated misinformation campaigns have been identified and blocked.The police has appealed to students and youth to remain vigilant and avoid being misled by foreign social media accounts…pic.twitter.com/dEUCllkqBS हमने वायरल वीडियो और हमें मिले वीडियो का विश्लेषण किया। जिसमें साफ देखा जा सकता है कि वीडियो एडिटेड है। इसके अलावा हमें दिल्ली पुलिस","छात्रों ने वीडियो DCP सुमित के नहीं वायरल…. झा में इस्तीफा, सपोर्ट दिया एडिटेड",,REF,same_as_gold,word,"{""shuffle_type"": ""uniform_random"", ""word_order_preserved"": false}","{""fluency_checked"": false, ""label_consistent"": true, ""meaning_preserved"": false}",
758,CA_WORD_03_Jumbling,hi,लेख में बताया गया है कि केदारनाथ पुनर्निर्माण कार्य वर्ष 2013 में ही पूरी तरह समाप्त हो गए थे।,लेख में दूसरे चरण के पुनर्निर्माण कार्य अभी भी जारी होने का उल्लेख है।,में गए केदारनाथ लेख तरह में है ही गया 2013 पुनर्निर्माण पूरी वर्ष समाप्त हो कि बताया कार्य थे।,,REF,same_as_gold,word,"{""shuffle_type"": ""uniform_random"", ""word_order_preserved"": false}","{""fluency_checked"": false, ""label_consistent"": true, ""meaning_preserved"": false}",
759,CA_WORD_03_Jumbling,hi,प्रधानमंत्री गरीब कल्याण योजना के तहत सरकार हर महीने 80 करोड़ लोगों को राशन दे रही थी।,आज तक की हिंदी रिपोर्ट में प्रधानमंत्री गरीब कल्याण योजना के तहत हर महीने 80 करोड़ लोगों को राशन देने का उल्लेख है।,कल्याण 80 तहत हर गरीब को के रही योजना लोगों महीने सरकार प्रधानमंत्री करोड़ दे थी। राशन,,SUP,same_as_gold,word,"{""shuffle_type"": ""uniform_random"", ""word_order_preserved"": false}","{""fluency_checked"": false, ""label_consistent"": true, ""meaning_preserved"": false}",
760,CA_WORD_03_Jumbling,hi,महाराष्ट्र में नाबालिग पर हुआ चाकू हमला ‘लव जिहाद’ का प्रकरण नहीं; जानिए सच,"दिन दहाड़े नाबालिग स्कूली छात्रा पर चाकू से हमला करने वाले एक सिरफिरे आशिक का एक वीडियो तेजी से वायरल हो रहा है। महाराष्ट्र में हुई इस घटना को झूठे सांप्रदायिक दावे के साथ शेयर किया जा रहा है। सोशल मीडिया पर कुछ लोग आरोपी युवक को मुस्लिम बता कर दावा कर रहे है कि उसने लड़की को ‘लव जिहाद’ में फंसाने की कोशिश की और मना करने पर चाकू से हमला कर दिया। फैक्ट क्रेसेंडो ने इस दावे की जांच की और पाया कि यह दावा झूठा है। वीडियो में दिखाई दे रहा आरोपी युवक मुस्लिम नहीं है। वायरल दावा क्या है? वीडियो में एक लड़का सड़क पर एक स्कूल की लड़की के गले पर चाकू लगाते हुए धमकाते नजर आता है। लड़की डर के मारे उसे समझाने की कोशिश करती है। लड़की की मां और आसपास के लोग आरोपी को शांत करने की कोशिश करते हैं। थोड़ी देर बाद, एक व्यक्ति पीछे से लड़के को पकड़ लेता है और लड़की को छुड़ा लिया जाता है। इसके बाद भीड़ आरोपी की पिटाई करती है। इस वीडियो के साथ लोग दावा करते हुए लिख रहे है कि,“महाराष्ट्र की घटना: स्कूल की लड़की को लव जिहाद में फंसाने की कोशिश में नाकाम होने पर चाकू से गला काटने की कोशिश में मारा गया जिहादी।” Facebook|Archive अनुसंधान से पता चलता है कि… कीवर्ड से ढूंढने पर पता चला कि यह घटना 22 जुलाई को महाराष्ट्र के सातारा शहर में हुई थी। मीडिया रिपोर्ट्सऔर पुलिस जानकारी के अनुसार, आरोपी की पहचान आर्यन वाघमले के रूप में हुई है। वह 18 साल का बारहवीं क्लास का छात्र है। पीडित लड़की 16 साल की है और दसवीं कक्षा की छात्रा है। पुलिस के मुताबिक, आरोपी युवक पहले उसी स्कूल में पढ़ता था जहाँ पीड़िता पढ़ती है। लड़का काफी समय से लड़की का पीछा कर रहा था। 22 जुलाई को लड़की स्कूल से घर लौट रही थी तभी आरोपी ने करंजे बसाप्पा पेठ इलाके में अचानक उसका रास्ता रोका और चाकू निकालकर लड़की की गर्दन पर लगा दिया. स्थानीय लोगों और दो छुट्टी पर मौजूद पुलिसकर्मियों ने मिलकर आरोपी को काबू में किया और लड़की को सुरक्षित बचा लिया। आरोपी को पुलिस ने हिरासत में ले लिया है। सातारा के पुलिस अधीक्षक तुषार दोशी ने बताया कि आरोपी लड़के का नाम आर्यन वाघमले है। लड़की और उसके परिवार ने पहले भी आरोपी की शिकायत की थी, जिसके बाद उसे समझाया गया था। इसके बावजूद वह लड़की को परेशान करता रहा। लड़के के खिलाफ POCSO एक्ट और अन्य गंभीर धाराओं के",नाबालिग का प्रकरण हमला सच ‘लव चाकू महाराष्ट्र जानिए हुआ पर में जिहाद’ नहीं;,,REF,same_as_gold,word,"{""shuffle_type"": ""uniform_random"", ""word_order_preserved"": false}","{""fluency_checked"": false, ""label_consistent"": true, ""meaning_preserved"": false}",
761,CA_WORD_03_Jumbling,hi,लेख में बताया गया है कि रिक्टर पैमाने पर 3.0 से 3.9 तीव्रता के भूकंप हर वर्ष भारी तबाही मचाते हैं।,लेख में कहा गया है कि इस तीव्रता के भूकंप सामान्यतः कोई हानि नहीं पहुंचाते।,भूकंप गया हैं। वर्ष कि 3.9 हर बताया पैमाने भारी तीव्रता रिक्टर पर मचाते से लेख 3.0 के तबाही है में,,REF,same_as_gold,word,"{""shuffle_type"": ""uniform_random"", ""word_order_preserved"": false}","{""fluency_checked"": false, ""label_consistent"": true, ""meaning_preserved"": false}",
762,CA_WORD_03_Jumbling,hi,मुजफ्फरनगर के खतौली क्षेत्र में गौकशी के दो मामलों में वांछित एक बदमाश को पुलिस मुठभेड़ में पैर में गोली लगने के बाद गिरफ्तार किया गया।,"गिरफ्तार आरोपी के पास से 12 बोर का अवैध तमंचा, जिंदा व खोखा कारतूस, बिना नंबर प्लेट की मोटरसाइकिल और गौकशी में प्रयुक्त उपकरण बरामद हुए।",के में मामलों गया। पैर बदमाश गौकशी में गिरफ्तार मुठभेड़ एक दो गोली के क्षेत्र किया में मुजफ्फरनगर में खतौली बाद के वांछित लगने पुलिस को,,SUP,same_as_gold,word,"{""shuffle_type"": ""uniform_random"", ""word_order_preserved"": false}","{""fluency_checked"": false, ""label_consistent"": true, ""meaning_preserved"": false}",
763,CA_WORD_03_Jumbling,hi,"पीएम-किसान की वार्षिक सहायता बढ़ाकर 12,000 रुपये कर दी गई है।","वनइंडिया हिंदी की रिपोर्ट में सरकार के संसदीय उत्तर के हवाले से कहा गया है कि 6,000 से 12,000 रुपये करने का कोई प्रस्ताव स्वीकृत नहीं हुआ है।","12,000 बढ़ाकर वार्षिक की सहायता दी रुपये गई है। कर पीएम-किसान",,REF,same_as_gold,word,"{""shuffle_type"": ""uniform_random"", ""word_order_preserved"": false}","{""fluency_checked"": false, ""label_consistent"": true, ""meaning_preserved"": false}",
764,CA_WORD_03_Jumbling,hi,दिल्ली-देहरादून एक्सप्रेसवे के चालू होते ही मुस्लिमों ने खोले इसके नट-बोल्ट? पूरी तरह भ्रामक है वायरल दावा।,"सोशल मीडिया पर एक वीडियो वायरल है, जिसमें कुछ बच्चे ब्रिज पर लगे नट-बोल्ट खोलकर भागते नजर आ रहे हैं। वीडियो को सोशल मीडिया पर सांप्रदायिक दावे के साथ शेयर किया जा रहा है। दावा किया जा रहा है कि दिल्ली देहरादून एक्सप्रेसवे के उद्घाटन के एक हफ्ते के अंदर ही मुस्लिम समुदाय के लोग इसके नट बोल्ट चोरी करते नजर आए। वायरल वीडियो के सथा यूजर ने लिखा है- मामला दिल्ली-देहरादून एक्सप्रेसवे का बताया जा रहा है। एक्सप्रेसवे खुलने के सिर्फ एक हफ्ते के भीतर ही ये लड़के वहां से नट-बोल्ट चोरी करते नजर आ रहे हैं। फेसबुक।आर्काइव अनुसंधान से पता चलता है कि… पड़ताल की शुरुआत में हमने वायरल  वीडियो के तस्वीरों का रिवर्स इमेज सर्च किया । परिणाम में वायरल वीडियो हमें कांग्रेस की तरफ से 12 जून, 2025 को किये गए एकएक्सपोस्ट में मिला। यहां पर ये साफ होता है कि वीडियो हाल ही का नहीं है। खबर के अनुसार ये घटना डबल डेकर ब्रिज की है। उस वक्त कांग्रेस ने सवाल उठाया था कि में करोड़ों के डबल डेकर ब्रिज के उद्घाटन के बाद एक ही दिन में नट-बोल्ट या तो ढीले हो गए या चोरी हो गए। पटना के डबल डेकर ब्रिज से गायब हो रहे है नट-बोल्ट – क्या अब जान की कीमत भी ‘ठेकेदारी’ तय करेगी?”पटना में बने करोड़ों के डबल डेकर ब्रिज से एक ही दिन में नट-बोल्ट या तो ढीले हो गए या चोरी कर लिए गए।ये सिर्फ लापरवाही नहीं, बल्कि भ्रष्टाचार की जड़ें इतनी गहरी हैं कि अब पुल भी…pic.twitter.com/OZirXCSvCb मिली जानकारी की मदद लेते हुए अधिक सर्च करने पर हमें  दैनिक जागरण की 14 जून 2025 की रिपोर्ट  मिली। खबर में बताया गया है किबिहारके राज्य पुल निर्माण निगम ने मामले की जानकारी मिलते ही ब्रिज पर लगे नट – बोल्ट पर बेल्डिंग करवा दी थी। इसके अलावानवभारत टाइम्स की रिपोर्ट के मुताबिक, उद्घाटन के अगले ही दिन, कुछ लड़के सिक्योरिटी रेलिंग के नट बोल्ट खोलते नजर आए थे । न्यूज 18 ने  वीडियो बनाने वाले शुभम कुमार नाम के शख्स से बात की थी। उन्होंने बताया था कि 12 जून की सुबह जब उन्होंने और उनके भैया संतोष ने कुछ बच्चों को नट खोलते देखा तो उन्होंने उन्हें डांटा।  इस पर वो सारे नट वहीं छोड़कर भाग गए।   वीडियो के वायरल होने के बाद प्रशासन ने रेलिंग के सभी नट-बोल्ट की वेल्डिंग करवाई थी। हमने गूगल मैप्स पर मौजूद पटना के डबल डेकर फ्लाईओवर की तस्वीर की तुलना वायरल",चालू है मुस्लिमों इसके पूरी खोले भ्रामक दावा। वायरल होते एक्सप्रेसवे दिल्ली-देहरादून के नट-बोल्ट? ही ने तरह,,REF,same_as_gold,word,"{""shuffle_type"": ""uniform_random"", ""word_order_preserved"": false}","{""fluency_checked"": false, ""label_consistent"": true, ""meaning_preserved"": false}",
765,CA_WORD_03_Jumbling,hi,अवसाद केवल बुजुर्ग लोगों को हो सकता है।,विश्व स्वास्थ्य संगठन के अनुसार अवसाद किसी को भी हो सकता है।,को सकता लोगों केवल है। हो अवसाद बुजुर्ग,,REF,same_as_gold,word,"{""shuffle_type"": ""uniform_random"", ""word_order_preserved"": false}","{""fluency_checked"": false, ""label_consistent"": true, ""meaning_preserved"": false}",
766,CA_WORD_03_Jumbling,hi,कई स्थानों पर सड़क का आधा हिस्सा बह गया था।,लेख में कई जगह आधी सड़क बहने का उल्लेख है।,आधा सड़क कई बह का हिस्सा पर था। स्थानों गया,,SUP,same_as_gold,word,"{""shuffle_type"": ""uniform_random"", ""word_order_preserved"": false}","{""fluency_checked"": false, ""label_consistent"": true, ""meaning_preserved"": false}",
767,CA_WORD_03_Jumbling,hi,अमेरिकन जिनसेंग लंबे समय तक लेने पर पूरी तरह सुरक्षित है।,"एनसीसीआईएच के अनुसार सर्दी रोकने के लिए अमेरिकन जिनसेंग लंबे समय तक लिया जा सकता है, लेकिन इसकी दीर्घकालिक सुरक्षा के बारे में बहुत कम जानकारी है।",जिनसेंग समय सुरक्षित पर लेने पूरी लंबे तक तरह अमेरिकन है।,,NEI,same_as_gold,word,"{""shuffle_type"": ""uniform_random"", ""word_order_preserved"": false}","{""fluency_checked"": false, ""label_consistent"": true, ""meaning_preserved"": false}",
768,CA_WORD_03_Jumbling,hi,प्रधानमंत्री सभी नागरिकों को मुफ्त कार देने की योजना चला रहे हैं।,आकाशवाणी समाचार की हिंदी रिपोर्ट के अनुसार मुफ्त कार देने वाला वीडियो-आधारित दावा पीआईबी फैक्ट चेक में फर्जी पाया गया।,नागरिकों चला कार योजना प्रधानमंत्री को मुफ्त सभी की देने हैं। रहे,,REF,same_as_gold,word,"{""shuffle_type"": ""uniform_random"", ""word_order_preserved"": false}","{""fluency_checked"": false, ""label_consistent"": true, ""meaning_preserved"": false}",
769,CA_WORD_03_Jumbling,hi,लेख में प्रभावित परिवारों को स्थायी पुनर्वास के लिए सरकार द्वारा घोषित मुआवजे की सटीक राशि बताई गई है।,लेख में किसी निश्चित मुआवजा राशि का उल्लेख नहीं है।,सरकार पुनर्वास मुआवजे गई में है। सटीक प्रभावित परिवारों लेख घोषित स्थायी के राशि को की बताई लिए द्वारा,,NEI,same_as_gold,word,"{""shuffle_type"": ""uniform_random"", ""word_order_preserved"": false}","{""fluency_checked"": false, ""label_consistent"": true, ""meaning_preserved"": false}",
770,CA_WORD_03_Jumbling,hi,लेख में बताया गया है कि वर्तमान में उत्तरकाशी से देहरादून तक 60 किलो भार उठाने वाले ड्रोन नियमित रूप से संचालित हो रहे हैं।,लेख में वर्तमान ड्रोन की भार क्षमता सीमित बताई गई है और 60 किलो वाले ड्रोन प्रस्तावित हैं।,है हैं। देहरादून लेख गया भार वाले किलो कि वर्तमान नियमित संचालित रहे 60 उठाने हो से उत्तरकाशी में में ड्रोन तक रूप से बताया,,REF,same_as_gold,word,"{""shuffle_type"": ""uniform_random"", ""word_order_preserved"": false}","{""fluency_checked"": false, ""label_consistent"": true, ""meaning_preserved"": false}",
771,CA_WORD_03_Jumbling,hi,एक वायरल पोस्ट में दावा किया गया कि आलिया भट्ट ने लोकसभा चुनाव लड़ने के लिए कांग्रेस की सदस्यता ले ली है।,PIB Fact Check ने वायरल कार्ड को फर्जी बताया और कहा कि आलिया भट्ट के राजनीति में शामिल होने की ऐसी कोई आधिकारिक घोषणा नहीं है। कार्ड पर दिखाया गया लोगो और भाषा भी किसी सरकारी संचार से मेल नहीं खाती।,है। पोस्ट कि एक ली भट्ट की दावा ने ले चुनाव के लिए कांग्रेस किया आलिया लड़ने लोकसभा गया सदस्यता वायरल में,,REF,same_as_gold,word,"{""shuffle_type"": ""uniform_random"", ""word_order_preserved"": false}","{""fluency_checked"": false, ""label_consistent"": true, ""meaning_preserved"": false}",
772,CA_WORD_03_Jumbling,hi,महाराजगंज पुलिस ने पुराने मोबाइल के जरिए साइबर ठगी करने वाले गिरोह के पांच आरोपियों को गिरफ्तार किया।,लेख के अनुसार कंबल और बर्तन के बदले मोबाइल लेकर साइबर ठगी करने वाले अंतरराज्यीय गिरोह के पांच आरोपियों को गिरफ्तार किया गया।,जरिए पांच किया। पुराने ने ठगी महाराजगंज आरोपियों गिरोह वाले करने पुलिस मोबाइल गिरफ्तार साइबर को के के,,SUP,same_as_gold,word,"{""shuffle_type"": ""uniform_random"", ""word_order_preserved"": false}","{""fluency_checked"": false, ""label_consistent"": true, ""meaning_preserved"": false}",
773,CA_WORD_03_Jumbling,hi,उत्तर प्रदेश के हापुड़ में एक गद्दा फैक्ट्री में भीषण आग लगने से एक मजदूर की जिंदा जलकर मौत हो गई जबकि एक अन्य झुलस गया।,"घटना के अनुसार आग फैक्ट्री परिसर में तेजी से फैली, जिससे अंदर मौजूद कर्मचारी समय रहते बाहर नहीं निकल पाए और एक मजदूर की मौके पर ही मौत हो गई।",जबकि एक मजदूर झुलस जलकर आग की मौत के गया। हापुड़ एक में जिंदा गद्दा में फैक्ट्री अन्य उत्तर लगने गई से हो भीषण एक प्रदेश,,SUP,same_as_gold,word,"{""shuffle_type"": ""uniform_random"", ""word_order_preserved"": false}","{""fluency_checked"": false, ""label_consistent"": true, ""meaning_preserved"": false}",
774,CA_WORD_03_Jumbling,hi,"वरिष्ठ नागरिकों और दिव्यांग मतदाताओं के लिए मतदान केंद्रों पर व्हीलचेयर, निःशुल्क आने-जाने की सुविधा, अलग कतार और ब्रेल सुविधाओं के निर्देश हैं।","निर्वाचन आयोग के स्पष्टीकरण में वरिष्ठ नागरिकों तथा दिव्यांग मतदाताओं के लिए व्हीलचेयर, निःशुल्क पिक-एंड-ड्रॉप, अलग कतार और ब्रेल सुविधाओं का उल्लेख है।","मतदान निःशुल्क व्हीलचेयर, के के और आने-जाने केंद्रों कतार नागरिकों अलग दिव्यांग वरिष्ठ की ब्रेल सुविधाओं सुविधा, और हैं। मतदाताओं निर्देश पर लिए",,SUP,same_as_gold,word,"{""shuffle_type"": ""uniform_random"", ""word_order_preserved"": false}","{""fluency_checked"": false, ""label_consistent"": true, ""meaning_preserved"": false}",
775,CA_WORD_03_Jumbling,hi,प्रधानमंत्री रोजगार सृजन कार्यक्रम का कार्यान्वयन खादी और ग्रामोद्योग आयोग के माध्यम से किया जाता है।,पीआईबी की हिंदी विज्ञप्ति में पीएमईजीपी को एमएसएमई मंत्रालय के तहत खादी और ग्रामोद्योग आयोग के माध्यम से कार्यान्वित बताया गया है।,आयोग खादी से का कार्यक्रम सृजन के रोजगार किया और माध्यम ग्रामोद्योग कार्यान्वयन प्रधानमंत्री है। जाता,,SUP,same_as_gold,word,"{""shuffle_type"": ""uniform_random"", ""word_order_preserved"": false}","{""fluency_checked"": false, ""label_consistent"": true, ""meaning_preserved"": false}",
776,CA_WORD_03_Jumbling,hi,"1 जनवरी 2024 के संदर्भ में मतदाता सूची में थर्ड जेंडर मतदाताओं की संख्या 48,044 थी।","पीआईबी की विज्ञप्ति में 'थर्ड जेंडर' के रूप में नामांकित मतदाताओं की संख्या 48,044 दी गई है।","जनवरी में मतदाता संख्या 2024 1 के जेंडर थी। की 48,044 में सूची संदर्भ मतदाताओं थर्ड",,SUP,same_as_gold,word,"{""shuffle_type"": ""uniform_random"", ""word_order_preserved"": false}","{""fluency_checked"": false, ""label_consistent"": true, ""meaning_preserved"": false}",
777,CA_WORD_03_Jumbling,hi,वर्ष 2025 में संसद के दोनों सदनों ने केवल 19 विधेयक पारित किए।,संसदीय कार्य मंत्रालय की पीआईबी वर्षांत समीक्षा वर्ष 2025 में संसद के दोनों सदनों द्वारा 39 विधेयक पारित होने की बात कहती है।,केवल विधेयक पारित किए। वर्ष सदनों संसद ने में के 2025 19 दोनों,,REF,same_as_gold,word,"{""shuffle_type"": ""uniform_random"", ""word_order_preserved"": false}","{""fluency_checked"": false, ""label_consistent"": true, ""meaning_preserved"": false}",
778,CA_WORD_03_Jumbling,hi,लेख के अनुसार 'रिंग ऑफ फायर' अटलांटिक महासागर के मध्य में स्थित है।,लेख में 'रिंग ऑफ फायर' को प्रशांत बेसिन के चारों ओर स्थित बताया गया है।,महासागर स्थित के लेख 'रिंग अनुसार फायर' में ऑफ मध्य है। अटलांटिक के,,REF,same_as_gold,word,"{""shuffle_type"": ""uniform_random"", ""word_order_preserved"": false}","{""fluency_checked"": false, ""label_consistent"": true, ""meaning_preserved"": false}",
779,CA_WORD_03_Jumbling,hi,एंटीबायोटिक का अत्यधिक उपयोग एएमआर के विकास को धीमा करता है।,डब्ल्यूएचओ के अनुसार एंटीमाइक्रोबियल का गलत और अत्यधिक उपयोग दवा-प्रतिरोधी रोगजनकों के विकास और प्रसार को बढ़ाता है।,को अत्यधिक एएमआर है। धीमा के एंटीबायोटिक का उपयोग विकास करता,,REF,same_as_gold,word,"{""shuffle_type"": ""uniform_random"", ""word_order_preserved"": false}","{""fluency_checked"": false, ""label_consistent"": true, ""meaning_preserved"": false}",
780,CA_WORD_03_Jumbling,hi,अनुष्का शर्मा ने एक पशु आश्रय गृह के फंडरेजर को अपनी इंस्टाग्राम स्टोरी पर साझा किया।,द लल्लनटॉप ने अनुष्का की इंस्टाग्राम स्टोरी का हवाला देते हुए बताया कि उन्होंने घायल पशुओं के इलाज के लिए चलाए जा रहे फंडरेजर का लिंक साझा किया। संबंधित आश्रय गृह ने भी स्टोरी रीशेयर कर धन्यवाद लिखा।,अपनी गृह पर के इंस्टाग्राम किया। साझा आश्रय पशु स्टोरी को फंडरेजर ने एक शर्मा अनुष्का,,SUP,same_as_gold,word,"{""shuffle_type"": ""uniform_random"", ""word_order_preserved"": false}","{""fluency_checked"": false, ""label_consistent"": true, ""meaning_preserved"": false}",
781,CA_WORD_03_Jumbling,hi,मलबे ने सड़क किनारे की दुकानों के शटर तोड़ दिए।,लेख में दुकानों के शटर टूटने की जानकारी दी गई है।,मलबे दुकानों सड़क दिए। शटर की तोड़ ने के किनारे,,SUP,same_as_gold,word,"{""shuffle_type"": ""uniform_random"", ""word_order_preserved"": false}","{""fluency_checked"": false, ""label_consistent"": true, ""meaning_preserved"": false}",
782,CA_WORD_03_Jumbling,hi,अभिनेता जितेंद्र ने इस वायरल पोस्ट पर कानूनी कार्रवाई करने की घोषणा की थी।,जांच का केंद्र वायरल पोस्ट की सत्यता था। लेख में यह उल्लेख नहीं है कि अभिनेता ने इस मामले में किसी कानूनी कार्रवाई की घोषणा की हो।,इस वायरल पोस्ट कानूनी करने घोषणा की अभिनेता ने पर की कार्रवाई जितेंद्र थी।,,NEI,same_as_gold,word,"{""shuffle_type"": ""uniform_random"", ""word_order_preserved"": false}","{""fluency_checked"": false, ""label_consistent"": true, ""meaning_preserved"": false}",
783,CA_WORD_03_Jumbling,hi,फॉर्म 17सी की हस्ताक्षरित प्रतियां उपस्थित मतदान एजेंटों के साथ साझा की जाती थीं।,पीआईबी की विज्ञप्ति में पीठासीन अधिकारी और उपस्थित मतदान एजेंटों द्वारा हस्ताक्षरित फॉर्म 17सी की प्रतियां सभी उपस्थित मतदान एजेंटों से साझा करने का उल्लेख है।,की मतदान साझा जाती प्रतियां हस्ताक्षरित एजेंटों साथ के की 17सी थीं। उपस्थित फॉर्म,,SUP,same_as_gold,word,"{""shuffle_type"": ""uniform_random"", ""word_order_preserved"": false}","{""fluency_checked"": false, ""label_consistent"": true, ""meaning_preserved"": false}",
784,CA_WORD_03_Jumbling,hi,कियारा आडवाणी की 2016 की एक पार्टी फोटो को हाल में सिद्धार्थ मल्होत्रा से अलगाव की तस्वीर बताकर शेयर किया गया।,Newschecker Hindi ने रिवर्स इमेज सर्च में पाया कि तस्वीर कई साल पहले एक फिल्मी इवेंट की है। रिपोर्ट के अनुसार फोटो का हालिया शादीशुदा जीवन या तलाक की अफवाह से कोई संबंध नहीं है।,बताकर की आडवाणी को अलगाव शेयर 2016 सिद्धार्थ किया हाल पार्टी में की फोटो एक मल्होत्रा से की गया। तस्वीर कियारा,,REF,same_as_gold,word,"{""shuffle_type"": ""uniform_random"", ""word_order_preserved"": false}","{""fluency_checked"": false, ""label_consistent"": true, ""meaning_preserved"": false}",
785,CA_WORD_03_Jumbling,hi,पानी के आसपास बच्चों की निगरानी डूबने की रोकथाम का महत्वपूर्ण उपाय है।,विश्व स्वास्थ्य संगठन बच्चों की सक्षम और निकट निगरानी को डूबने से बचाव के उपायों में शामिल करता है।,है। आसपास की निगरानी पानी रोकथाम उपाय की डूबने के महत्वपूर्ण बच्चों का,,SUP,same_as_gold,word,"{""shuffle_type"": ""uniform_random"", ""word_order_preserved"": false}","{""fluency_checked"": false, ""label_consistent"": true, ""meaning_preserved"": false}",
786,CA_WORD_03_Jumbling,hi,विटामिन ई सामान्य सर्दी के लक्षणों को कम करता है।,एनसीसीआईएच के अनुसार विटामिन ई के लिए यह दिखाने हेतु पर्याप्त साक्ष्य नहीं हैं कि यह सर्दी रोकता या लक्षणों में राहत देता है।,है। विटामिन लक्षणों के को ई कम सर्दी करता सामान्य,,NEI,same_as_gold,word,"{""shuffle_type"": ""uniform_random"", ""word_order_preserved"": false}","{""fluency_checked"": false, ""label_consistent"": true, ""meaning_preserved"": false}",
787,CA_WORD_03_Jumbling,hi,"उत्तराखंड सरकार ने बदरीनाथ हाईवे पर भूस्खलन रोकने के लिए नई ₹2,000 करोड़ की परियोजना की घोषणा की।",लेख में ऐसी किसी नई वित्तीय परियोजना या बजट घोषणा का उल्लेख नहीं है।,"बदरीनाथ की के ₹2,000 ने करोड़ पर नई रोकने परियोजना की घोषणा लिए उत्तराखंड सरकार की। हाईवे भूस्खलन",,NEI,same_as_gold,word,"{""shuffle_type"": ""uniform_random"", ""word_order_preserved"": false}","{""fluency_checked"": false, ""label_consistent"": true, ""meaning_preserved"": false}",
788,CA_WORD_03_Jumbling,hi,वेलेरियन चिंता के उपचार में प्रभावी है।,एनसीसीआईएच के अनुसार चिंता में वेलेरियन के लाभ पर निष्कर्ष निकालने के लिए पर्याप्त साक्ष्य नहीं हैं।,है। उपचार वेलेरियन प्रभावी चिंता में के,,NEI,same_as_gold,word,"{""shuffle_type"": ""uniform_random"", ""word_order_preserved"": false}","{""fluency_checked"": false, ""label_consistent"": true, ""meaning_preserved"": false}",
789,CA_WORD_03_Jumbling,hi,आपातकालीन गर्भनिरोधक लेने के लिए कोई न्यूनतम आयु सीमा आवश्यक है।,विश्व स्वास्थ्य संगठन के अनुसार प्रजनन आयु की किसी भी महिला या लड़की को आपातकालीन गर्भनिरोधक की आवश्यकता हो सकती है और इसके उपयोग के लिए कोई आयु सीमा नहीं है।,सीमा कोई लिए है। के लेने आवश्यक गर्भनिरोधक आयु आपातकालीन न्यूनतम,,REF,same_as_gold,word,"{""shuffle_type"": ""uniform_random"", ""word_order_preserved"": false}","{""fluency_checked"": false, ""label_consistent"": true, ""meaning_preserved"": false}",
790,CA_WORD_03_Jumbling,hi,"एक मतदान केंद्र में अधिकतम 1,500 मतदाता हो सकते थे।","पीआईबी की विज्ञप्ति में मतदान केंद्र में मतदाताओं की अधिकतम संख्या 1,500 बताई गई है।","अधिकतम थे। सकते 1,500 हो एक मतदान में मतदाता केंद्र",,SUP,same_as_gold,word,"{""shuffle_type"": ""uniform_random"", ""word_order_preserved"": false}","{""fluency_checked"": false, ""label_consistent"": true, ""meaning_preserved"": false}",
791,CA_WORD_03_Jumbling,hi,अस्थमा बच्चों और वयस्कों दोनों को प्रभावित करती है।,विश्व स्वास्थ्य संगठन के अनुसार अस्थमा एक दीर्घकालिक फेफड़ों की बीमारी है जो सभी उम्र के लोगों को प्रभावित करती है।,वयस्कों दोनों प्रभावित अस्थमा है। को और बच्चों करती,,SUP,same_as_gold,word,"{""shuffle_type"": ""uniform_random"", ""word_order_preserved"": false}","{""fluency_checked"": false, ""label_consistent"": true, ""meaning_preserved"": false}",
792,CA_WORD_03_Jumbling,hi,"CJP के विरोध-प्रदर्शनों के खिलाफ दिल्ली पुलिस के समर्थन में  युवाओं का प्रदर्शन करने का दावा गलत,  पुराना वीडियो वायरल…","अभी हाल ही में 20 जून को दिल्ली में कॉकरोच जनता पार्टी ने पुलिस की रोक के बावजूद “चलो संसद” मार्च निकाला, जिसके कारण झड़पें हुईं, छात्रों पर पुलिस ने लाठीचार्ज किया, हिंसा हुई और लोगों को हिरासत में लिया गया। इन घटनाक्रमों के बीच, सोशल मीडिया पर एक वीडियो शेयर किया गया, जिसमें दावा किया गया है कि युवाओं का एक समूह CJP के विरोध-प्रदर्शनों के खिलाफ दिल्ली पुलिस के समर्थन में इंडिया गेट पर इकट्ठा हुआ था। वायरल वीडियो के साथ यूजर ने लिखा है- दिल्ली | इंडिया गेट पर जवाबी विरोध प्रदर्शन,युवाओं का एक समूह इंडिया गेट पर इकट्ठा हुआ और उन्होंने दिल्ली पुलिस के प्रति अपना समर्थन व्यक्त किया और जंतर-मंतर प्रदर्शनों से जुड़े प्रदर्शनकारियों के एजेंडे का विरोध किया। प्रदर्शनकारियों ने दिल्ली पुलिस के समर्थन में नारे लगाए और कहा, “दिल्ली पुलिस, हम आपके साथ हैं।” यह जमावड़ा राष्ट्रीय राजधानी में हाल ही में हुए प्रदर्शनों को लेकर जारी विवाद के बीच हुआ है। फेसबुक।आर्काइव अनुसंधान से पता चलता है कि… पड़ताल की शुरुआत में हमने वायरल  वीडियो के तस्वीरों का रिवर्स इमेज सर्च किया, परिणाम में हमें वायरल वीडियो से मिलती हुई  तस्वीर‘अलामी’नाम की फोटोग्राफी वेबसाइट मिली, जिसमें वही लोग दिख रहे थे जो वायरल क्लिप में थे।जानकारी  के अनुसार, यह फोटो 25 नवंबर 2025 को नई दिल्ली में ली गई थी।इससे पुष्टि होती है कि वायरल वीडियो नवंबर 2025 के इसी विरोध प्रदर्शन का है और इसका CJP के प्रदर्शनों से कोई संबंध नहीं है। इसमें ‘यूथ स्टैंड्स फॉर सोसाइटी’ (YSS) के सदस्य कर्तव्य पथ पर शांतिपूर्ण विरोध प्रदर्शन करते हुए दिख रहे हैं। वे दिल्ली पुलिस के प्रति समर्थन जता रहे हैं और कथित माओवादी कमांडर माडवी हिडमा और उसका समर्थन करने वाले समूहों का विरोध कर रहे हैं। प्रदर्शनकारियों के हाथों में ऐसे प्लेकार्ड थे जिन पर लिखा था – “हम दिल्ली पुलिस का समर्थन करते हैं,” “राष्ट्र-विरोधियों को बचाना बंद करो,” “राष्ट्र हिडमा के खिलाफ है,” और “राष्ट्र नक्सलवाद के खिलाफ है।” मिली जानकारी की मदद लेते हुए अधिक सर्च करने पर हमें नवंबर 2025 की कईमीडिया रिपोर्टमिलीं, जिनमें इसी विरोध प्रदर्शन के बारे में बताया गया था।  रिपोर्ट के अनुसार, यह प्रदर्शन इंडिया गेट पर वायु प्रदूषण के खिलाफ हुए विरोध प्रदर्शन के दो दिन बाद किया गया था। उ","दिल्ली के समर्थन पुराना करने खिलाफ के का CJP विरोध-प्रदर्शनों पुलिस वायरल… गलत, में के युवाओं प्रदर्शन का वीडियो दावा",,REF,same_as_gold,word,"{""shuffle_type"": ""uniform_random"", ""word_order_preserved"": false}","{""fluency_checked"": false, ""label_consistent"": true, ""meaning_preserved"": false}",
793,CA_WORD_03_Jumbling,hi,प्रधानमंत्री फसल बीमा योजना को वर्ष 2025-26 तक जारी रखने की मंजूरी दी गई थी।,पीआईबी विज्ञप्ति में पीएमएफबीवाई और पुनर्गठित मौसम आधारित फसल बीमा योजना को 2025-26 तक जारी रखने की मंजूरी का उल्लेख है।,प्रधानमंत्री गई तक दी को फसल थी। बीमा वर्ष 2025-26 की जारी योजना रखने मंजूरी,,SUP,same_as_gold,word,"{""shuffle_type"": ""uniform_random"", ""word_order_preserved"": false}","{""fluency_checked"": false, ""label_consistent"": true, ""meaning_preserved"": false}",
794,CA_WORD_03_Jumbling,hi,"महाराजगंज में प्रधानमंत्री आवास योजना के दूसरे चरण में 8,774 पात्र आवेदकों को योजना में शामिल किया गया।","अमर उजाला की हिंदी रिपोर्ट के अनुसार महाराजगंज में पीएम आवास योजना-द्वितीय चरण के तहत 8,774 पात्र आवेदक शामिल किए गए थे।","शामिल पात्र में प्रधानमंत्री गया। योजना को दूसरे के महाराजगंज किया आवेदकों योजना में 8,774 आवास में चरण",,SUP,same_as_gold,word,"{""shuffle_type"": ""uniform_random"", ""word_order_preserved"": false}","{""fluency_checked"": false, ""label_consistent"": true, ""meaning_preserved"": false}",
795,CA_WORD_03_Jumbling,hi,अपूर्वा मखीजा ने शिवांगी जोशी और हर्षद चोपड़ा का मजाक उड़ाया।,TV9 भारतवर्ष की खबर में इतना ही है कि नेटफ्लिक्स के रियलिटी शो 'लॉकअप 2' में अपूर्वा मखीजा ने आते ही सभी रिश्तों की पोल खोल दी है. शेष विवरण रिपोर्ट में नहीं है।,मखीजा ने जोशी उड़ाया। शिवांगी का हर्षद मजाक और चोपड़ा अपूर्वा,,NEI,same_as_gold,word,"{""shuffle_type"": ""uniform_random"", ""word_order_preserved"": false}","{""fluency_checked"": false, ""label_consistent"": true, ""meaning_preserved"": false}",
796,CA_WORD_03_Jumbling,hi,पीएम विश्वकर्मा योजना पारंपरिक कारीगरों और शिल्पकारों को आधुनिक उपकरणों तथा तकनीक से जोड़ने के लिए बनाई गई है।,पीआईबी की हिंदी सामग्री में पीएम विश्वकर्मा योजना के तहत कारीगरों और शिल्पकारों को सहायता देने तथा उनके काम को सशक्त करने का वर्णन है।,बनाई पीएम शिल्पकारों लिए जोड़ने विश्वकर्मा पारंपरिक के को है। तथा योजना से उपकरणों कारीगरों और तकनीक आधुनिक गई,,SUP,same_as_gold,word,"{""shuffle_type"": ""uniform_random"", ""word_order_preserved"": false}","{""fluency_checked"": false, ""label_consistent"": true, ""meaning_preserved"": false}",
797,CA_WORD_03_Jumbling,hi,निरहुआ की बात सुनकर आम्रपाली दुबे कैमरे पर रो पड़ीं।,"प्रभात खबर के अनुसार, आम्रपाली दुबे 'भोजपुरी बवाल' के नए प्रोमो में निरहुआ और मां की बात सुनकर भावुक हो गईं. — इससे अधिक जानकारी रिपोर्ट में शामिल नहीं है।",सुनकर पड़ीं। बात निरहुआ कैमरे की रो आम्रपाली दुबे पर,,NEI,same_as_gold,word,"{""shuffle_type"": ""uniform_random"", ""word_order_preserved"": false}","{""fluency_checked"": false, ""label_consistent"": true, ""meaning_preserved"": false}",
798,CA_WORD_03_Jumbling,hi,2020 के कोरोना टाइम का वीडियो CJP प्रोटेस्ट से जोड़कर भ्रामक दावे से वायरल।,"जंतर- मंतर पर सीजेपी के किसी प्रोटेस्ट का नहीं है यह वीडियो, बल्कि कोरोना के समय लगे लॉकडाउन का है। नीट पेपर लीक, परीक्षा अनियमितताओं और केंद्रीय शिक्षा मंत्री धर्मेंद्र प्रधान के इस्तीफे को लेकर कॉकरोच जनता पार्टी के नेतृत्व में भारी विरोध प्रदर्शन देखने को मिला। प्रदर्शन को और बल देने के लिए पिछले दिनों 20 जुलाई को संसद मार्च का आह्वान किया गया था, जिसमें देश केअलग-अलग राज्यों से प्रदर्शनकारी दिल्ली पहुंचे थें। इस दौरान पुलिस ने प्रदर्शनकारियों पर लाठीचार्ज किया था, जिसमें कई लोग घायल हो गए थें। इसी से जोड़ते हुए इंटरनेट पर एक वीडियो वायरल किया गया है,जिसमें एक फ्लाईओवर पर और उसके नीचे बड़ी संख्या में लोगों का हुजूम नज़र आ रहा है और कतार में खड़ी कई बसें दिख रही हैं। दावा किया जा रहा है कि यह वीडियो सीजेपी के नेतृत्व में जंतर-मंतर पर हुए विरोध प्रदर्शन में शामिल होने के लिए पहुंचे लोगों का है, जिसके कारण दिल्ली की सीमाओं पर लंबा ट्रैफिक जाम लग गया। यूज़र ने वीडियो शेयर करते हुए यह कैप्शन लिखा है… जंतरमंतरकेलिएनिकलेलोग,दिल्लीबॉर्डरजाम। फेसबुक पोस्ट।आर्काइव पोस्ट अनुसंधानसेपताचलताहैकि… हमने जांच की शुरुआत में वायरल वीडियो से की-फ्रेम्स को गूगल लेंस की मदद से रिवर्स इमेज सर्च किया। परिणाम में हमेंहरियाणा यूथ कांग्रेसके आधिकारिक फेसबुक पेज पर यही वायरल वीडियो मिला। यहां वीडियो को 28 मार्च 2020 को पोस्ट किया गया था। वीडियो के साथ कैप्शन लिखा गया था, “आज आनंद विहार आईएसबीटी की स्थिति देखकर बेहद हैरानी होती है। हजारों प्रवासी मजदूर, जो काम और भोजन के अभाव में परेशान हैं, मजबूरी में अपने घरों की ओर लौटने के लिए निकल पड़े हैं।वे इस तरह की स्थिति के हकदार नहीं हैं। सरकार को तुरंत कदम उठाते हुए उनके सुरक्षित घर पहुंचने के लिए उचित व्यवस्था करनी चाहिए।” इससे इतनी बात तो यही साफ़ होती है कि वीडियो अभी का है ही नहीं। पड़ताल में हमें मिलीद टाइम्स ऑफ इंडियाकी 28 मार्च 2020 की एक रिपोर्ट के अनुसार, कोरोना लॉकडाउन के दौरान रोजगार और भोजन की कमी के चलते आनंद विहार बस अड्डे पर हजारों प्रवासी मजदूर अपने गृह राज्यों लौटने के लिए जमा हुए थे। इस रिपोर्ट के दृश्य वायरल वीडियो से मेल खाते हैं, जिसमें श्रमिक घर लौटने के लिए लंबी कतारों में खड़े दिखाई दे रहे हैं। निष्कर्ष तथ्यों के जांच से य",भ्रामक CJP दावे वीडियो प्रोटेस्ट के से का टाइम से वायरल। 2020 जोड़कर कोरोना,,REF,same_as_gold,word,"{""shuffle_type"": ""uniform_random"", ""word_order_preserved"": false}","{""fluency_checked"": false, ""label_consistent"": true, ""meaning_preserved"": false}",
799,CA_WORD_03_Jumbling,hi,दारमा घाटी में पर्यटकों के 10 दोपहिया वाहन भी फंसे हुए हैं।,लेख में 10 दोपहिया वाहनों के फंसे होने का उल्लेख है।,पर्यटकों फंसे के दोपहिया 10 हैं। घाटी वाहन में हुए भी दारमा,,SUP,same_as_gold,word,"{""shuffle_type"": ""uniform_random"", ""word_order_preserved"": false}","{""fluency_checked"": false, ""label_consistent"": true, ""meaning_preserved"": false}",
800,CA_WORD_03_Jumbling,hi,उत्तर प्रदेश पुलिस ने ऑपरेशन साइ-वज्र के तहत 773 साइबर अपराधियों को गिरफ्तार किया।,समाचार के अनुसार सात जुलाई से चलाए गए अभियान में पुलिस ने 773 साइबर अपराधियों को गिरफ्तार किया।,उत्तर को पुलिस ने साइ-वज्र के साइबर तहत किया। प्रदेश ऑपरेशन अपराधियों 773 गिरफ्तार,,SUP,same_as_gold,word,"{""shuffle_type"": ""uniform_random"", ""word_order_preserved"": false}","{""fluency_checked"": false, ""label_consistent"": true, ""meaning_preserved"": false}",
801,CA_WORD_03_Jumbling,hi,"13 वर्षीय नाबालिग लड़की के साथ दुष्कर्म मामले के अपराधियों का नहीं है ये वीडियो, सरासर फर्जी है वायरल दावा…","राजस्थान के श्रीगंगानगर में 13 साल की नाबालिग के साथ हुई रेप की घटना से जोड़ते हुए सोशल मीडिया पर एक वीडियो तेजी से वायरल हो रहे हैं।जिसमें पुलिसवाले कुछ लोगों के हाथ में रस्सी बांधकर उन्हें ले जा रहे हैं।  पुलिसवाले इन लोगों को मार भी रहे हैं। दावा किया जा रहा है कि ये श्रीगंगानगर रेप केस के आरोपी है, जिनके साथ पुलिस ने ऐसा व्यवहार किया। वायरल वीडियो के साथ यूजर ने लिखा है- यहीं हैं वो 13 साल की “बिटियां” के साथ दरिंदगी कर मार देने वाले दरिंदे इन दरिंदों को ऐसी सज़ा दी जाएं जो दुनियां में मिसाल बने मगर फिर से वही ब्लडी डेमोक्रेसी..एक 13 साल की बच्ची कोचिंग जाने के लिए रिक्शा पकड़ती है रिक्शे वाला उसे 50 हज़ार में एक होटल के मालिक को बेच देता है….जिसे ये 5 दिन तक 32 लोग उस बच्ची को नोचते रहते हैं चंद पैसों के लिए होटल मालिक ने मात्र 13 साल की बिटियां को 32 लोगो के सामने परोस दिया….इन 5 दिनों में उसका शरीर ही नहीं आत्मा भी मर गईं होगी!! फेसबुक।आर्काईव अनुसंधान से पता चलता है कि… पड़ताल की शुरुआत में हमने वायरल  वीडियो के तस्वीरों का रिवर्स इमेज सर्च किया, परिणाम में हमें वायरल वीडियो से मेल खाता हुआ वीडियो 18 मार्च 2026 को प्रकाशित’आज तक‘ की रिपोर्ट में मिला। इससे ये साफ हे कि वीडियो हाल ही का नहीं है। यह घटना झिलिया गाँव के एक फ़ार्महाउस पर हुए हिंसक हमले का है। रिपोर्ट में बताया गया है कि 15-20 हथियारबंद लोगों ने फ़ार्महाउस पर हमला किया, संपत्ति को नुकसान पहुँचाया और वहाँ मौजूद लोगों को धमकाया, जिसके बाद पुलिस ने 18 आरोपियों को गिरफ़्तार किया। मिली जानकारी की मदद लेते हुए अधिक सर्च करने पर हमें   ‘लल्लनटॉप‘ की एक रिपोर्ट मिली। रिपोर्ट के मुताबिक, ये वीडियो गुजरात के पाटन ज़िले के हैं, जहाँ पुलिस ने चनासमा तालुका के झिलिया गाँव में एक फ़ार्महाउस पर हमला करने के आरोप में गिरफ़्तार 18 लोगों को सबके सामने घुमाया था। खबर के अनुसार मंदिर के दान से जुड़े कथित विवाद के बाद हथियारबंद होकर तोड़-फोड़ करने और दहशत फैलाने के आरोप में इन लोगों को गिरफ़्तार किया गया था। पुलिस ने आरोपियों को सबके सामने माफ़ी भी मंगवाई गई। दैनिक भास्करकी 23 मार्च की रिपोर्ट के मुताबिक, ये फार्म हाउस, भावेश देसाई नामक व्यक्ति का है। फार्म हाउस के अलावा आरोपियों ने पुलिस वाहन पर भी  हमला किया था। इंड","नाबालिग है नहीं दुष्कर्म के साथ लड़की फर्जी है दावा… वीडियो, मामले का सरासर ये के अपराधियों वायरल वर्षीय 13",,REF,same_as_gold,word,"{""shuffle_type"": ""uniform_random"", ""word_order_preserved"": false}","{""fluency_checked"": false, ""label_consistent"": true, ""meaning_preserved"": false}",
802,CA_WORD_03_Jumbling,hi,जैस्मिन भसीन ने अली गोनी से शादी के सवाल पर टालमटोल की।,TV9 भारतवर्ष की स्टोरी बताती है कि टीवी एक्ट्रेस जैस्मिन भसीन और अली गोनी से अक्सर ये सवाल पूछा जाता है कि वो दोनों शादी कब करेंगे. पर तारीख या आंकड़े नहीं दिए गए।,पर ने भसीन की। के से अली टालमटोल जैस्मिन शादी सवाल गोनी,,NEI,same_as_gold,word,"{""shuffle_type"": ""uniform_random"", ""word_order_preserved"": false}","{""fluency_checked"": false, ""label_consistent"": true, ""meaning_preserved"": false}",
803,CA_WORD_03_Jumbling,hi,मेथी मासिक धर्म के दर्द को प्रभावी रूप से कम करती है।,"एनसीसीआईएच के अनुसार मासिक धर्म के दर्द में मेथी पर बहुत कम अध्ययन हैं, साक्ष्य की गुणवत्ता कम है और प्रभाव अनिश्चित हैं।",रूप के कम है। से को धर्म करती प्रभावी मासिक मेथी दर्द,,NEI,same_as_gold,word,"{""shuffle_type"": ""uniform_random"", ""word_order_preserved"": false}","{""fluency_checked"": false, ""label_consistent"": true, ""meaning_preserved"": false}",
804,CA_WORD_03_Jumbling,hi,कोविड के संदर्भ में सभाओं और रैलियों के लिए सार्वजनिक स्थानों का आवंटन यथासंभव सुविधा ऐप से करने का निर्देश था।,पीआईबी की विज्ञप्ति में कोविड के मद्देनज़र सभाओं और रैलियों के लिए सार्वजनिक स्थानों के आवंटन हेतु सुविधा ऐप का यथासंभव उपयोग करने का निर्देश है।,यथासंभव निर्देश सार्वजनिक संदर्भ आवंटन ऐप और सुविधा था। सभाओं रैलियों में स्थानों करने लिए के कोविड के का का से,,SUP,same_as_gold,word,"{""shuffle_type"": ""uniform_random"", ""word_order_preserved"": false}","{""fluency_checked"": false, ""label_consistent"": true, ""meaning_preserved"": false}",
805,CA_WORD_03_Jumbling,hi,लेटेंट टीबी संक्रमण वाले 25% रोगियों में 5 साल बाद सक्रिय टीबी विकसित हो जाती है।,"सीडीसी (सीडीसी) के अनुसार, बिना इलाज के लगभग 5 से 10% संक्रमित लोगों को अपने जीवन में किसी समय टीबी रोग विकसित हो जाएगा। टीबी विकसित करने वाले लगभग आधे लोग संक्रमण के पहले दो वर्षों के भीतर ऐसा करते हैं।",रोगियों लेटेंट वाले संक्रमण 25% टीबी में विकसित जाती सक्रिय हो बाद 5 साल है। टीबी,,REF,same_as_gold,word,"{""shuffle_type"": ""uniform_random"", ""word_order_preserved"": false}","{""fluency_checked"": false, ""label_consistent"": true, ""meaning_preserved"": false}",
806,CA_WORD_03_Jumbling,hi,अरशद वारसी का गोवा स्थित कासा जेन विला पर्यटकों के लिए निःशुल्क ठहरने की सुविधा देता है।,"रिपोर्ट में बताया गया है कि इस हेरिटेज विला में ठहरने के लिए लगभग ₹75,000 प्रति रात का किराया लिया जाता है, यह निःशुल्क उपलब्ध नहीं है।",का के स्थित निःशुल्क अरशद पर्यटकों जेन सुविधा की लिए गोवा देता ठहरने वारसी विला है। कासा,,REF,same_as_gold,word,"{""shuffle_type"": ""uniform_random"", ""word_order_preserved"": false}","{""fluency_checked"": false, ""label_consistent"": true, ""meaning_preserved"": false}",
807,CA_WORD_03_Jumbling,hi,वैज्ञानिक अध्ययन व्यक्तिगत सफलता की कहानी की तुलना में स्वास्थ्य प्रभाव के लिए अधिक विश्वसनीय साक्ष्य देते हैं।,"एनसीसीआईएच के अनुसार शोध अध्ययनों से प्राप्त साक्ष्य विज्ञापन, वेबसाइट दावे या व्यक्तिगत अनुभव से अधिक मजबूत और विश्वसनीय होते हैं।",की प्रभाव अधिक के की अध्ययन व्यक्तिगत स्वास्थ्य विश्वसनीय लिए हैं। तुलना कहानी देते वैज्ञानिक सफलता में साक्ष्य,,SUP,same_as_gold,word,"{""shuffle_type"": ""uniform_random"", ""word_order_preserved"": false}","{""fluency_checked"": false, ""label_consistent"": true, ""meaning_preserved"": false}",
808,CA_WORD_03_Jumbling,hi,तंबाकू का उपयोग मुंह के कैंसर के जोखिम से जुड़ा है।,"डब्ल्यूएचओ तंबाकू उपयोग को मुख संबंधी रोग, विशेषकर मुंह का कैंसर, के प्रमुख जोखिम कारकों में शामिल करता है।",तंबाकू का कैंसर के उपयोग जोखिम है। से जुड़ा के मुंह,,SUP,same_as_gold,word,"{""shuffle_type"": ""uniform_random"", ""word_order_preserved"": false}","{""fluency_checked"": false, ""label_consistent"": true, ""meaning_preserved"": false}",
809,CA_WORD_03_Jumbling,hi,मलबा आने से सड़क रोखड़ में तब्दील हो गई।,लेख में सड़क के रोखड़ में बदल जाने की जानकारी दी गई है।,सड़क हो तब्दील में आने से मलबा रोखड़ गई।,,SUP,same_as_gold,word,"{""shuffle_type"": ""uniform_random"", ""word_order_preserved"": false}","{""fluency_checked"": false, ""label_consistent"": true, ""meaning_preserved"": false}",
810,CA_WORD_03_Jumbling,hi,भारत में मतदाता के रूप में पंजीकरण के लिए केवल 16 वर्ष की आयु पूरी होना पर्याप्त है।,न्यू इंडिया समाचार में अनुच्छेद 326 के संदर्भ में 18 वर्ष की आयु पूरी करने वाले और कानून के तहत अयोग्य न घोषित नागरिक को मतदाता पंजीकरण का अधिकार बताया गया है।,आयु केवल पर्याप्त पंजीकरण वर्ष भारत के होना लिए पूरी 16 की में मतदाता के में रूप है।,,REF,same_as_gold,word,"{""shuffle_type"": ""uniform_random"", ""word_order_preserved"": false}","{""fluency_checked"": false, ""label_consistent"": true, ""meaning_preserved"": false}",
811,CA_WORD_03_Jumbling,hi,मेडिटेशन बच्चों और किशोरों में एडीएचडी के लक्षणों में प्रभावी है।,"एनसीसीआईएच के अनुसार एडीएचडी लक्षणों में मेडिटेशन सहायक है या नहीं, यह स्पष्ट नहीं है।",है। बच्चों मेडिटेशन और में के किशोरों लक्षणों एडीएचडी में प्रभावी,,NEI,same_as_gold,word,"{""shuffle_type"": ""uniform_random"", ""word_order_preserved"": false}","{""fluency_checked"": false, ""label_consistent"": true, ""meaning_preserved"": false}",
812,CA_WORD_03_Jumbling,hi,पर्यटकों ने ग्रामीणों से सड़क खुलने पर वाहन धारचूला पहुंचाने का अनुरोध किया।,लेख में पर्यटकों का यह अनुरोध प्रकाशित है।,से का पहुंचाने सड़क ने खुलने वाहन पर्यटकों किया। अनुरोध धारचूला ग्रामीणों पर,,SUP,same_as_gold,word,"{""shuffle_type"": ""uniform_random"", ""word_order_preserved"": false}","{""fluency_checked"": false, ""label_consistent"": true, ""meaning_preserved"": false}",
813,CA_WORD_03_Jumbling,hi,मुनव्वर फारूकी और फलक नाज सहित कई टीवी सेलेब्स ने CJP प्रोटेस्ट का समर्थन किया।,एबीपी न्यूज़ ने केवल इतना बताया कि NEET पेपर लीक और शिक्षा व्यवस्था को लेकर चल रहे CJP प्रोटेस्ट को कई टीवी सितारों का समर्थन मिला है. बाकी विवरण अनुपलब्ध है।,फलक और किया। समर्थन फारूकी का प्रोटेस्ट ने सेलेब्स मुनव्वर सहित CJP नाज कई टीवी,,NEI,same_as_gold,word,"{""shuffle_type"": ""uniform_random"", ""word_order_preserved"": false}","{""fluency_checked"": false, ""label_consistent"": true, ""meaning_preserved"": false}",
814,CA_WORD_03_Jumbling,hi,जल शक्ति मंत्रालय ने 20 मई 2026 को सातवें सुजल ग्राम संवाद का आयोजन किया।,पेयजल और स्वच्छता विभाग की विज्ञप्ति में 20 मई 2026 को बहुभाषी सुजल ग्राम संवाद का सातवां संस्करण आयोजित करने का उल्लेख है।,मंत्रालय आयोजन 2026 ने सातवें संवाद जल किया। ग्राम मई का 20 को शक्ति सुजल,,SUP,same_as_gold,word,"{""shuffle_type"": ""uniform_random"", ""word_order_preserved"": false}","{""fluency_checked"": false, ""label_consistent"": true, ""meaning_preserved"": false}",
815,CA_WORD_03_Jumbling,hi,नवजात शिशु को स्तनपान कराने से सडन इन्फेंट डेथ सिंड्रोम (एसआईडीएस) का खतरा काफी कम हो जाता है।,"सीडीसी (सीडीसी) की सिफारिशों के अनुसार, एसआईडीएस के जोखिम को कम करने के लिए शिशु को स्तनपान (स्तनपान) कराना सबसे प्रभावी और सुरक्षित तरीकों में से एक है।",शिशु इन्फेंट कम जाता सिंड्रोम हो काफी का (एसआईडीएस) डेथ सडन कराने से नवजात खतरा है। को स्तनपान,,SUP,same_as_gold,word,"{""shuffle_type"": ""uniform_random"", ""word_order_preserved"": false}","{""fluency_checked"": false, ""label_consistent"": true, ""meaning_preserved"": false}",
816,CA_WORD_03_Jumbling,hi,तब्बू HBO सीरीज 'Dune: Prophecy' में Sister Francesca का किरदार निभाएंगी।,रिपोर्ट में बताया गया कि तब्बू को 'Dune: Prophecy' में Sister Francesca के रूप में कास्ट किया गया है। यह जानकारी अंतरराष्ट्रीय मनोरंजन रिपोर्टों और सीरीज की कास्टिंग अपडेट से मेल खाती है।,का Prophecy' सीरीज 'Dune: में किरदार HBO तब्बू Sister Francesca निभाएंगी।,,SUP,same_as_gold,word,"{""shuffle_type"": ""uniform_random"", ""word_order_preserved"": false}","{""fluency_checked"": false, ""label_consistent"": true, ""meaning_preserved"": false}",
817,CA_WORD_03_Jumbling,hi,टेटनस की रोकथाम टीकाकरण से संभव है।,डब्ल्यूएचओ टीकाकरण को टेटनस रोकथाम का प्रमुख उपाय बताता है।,की संभव टीकाकरण से टेटनस है। रोकथाम,,SUP,same_as_gold,word,"{""shuffle_type"": ""uniform_random"", ""word_order_preserved"": false}","{""fluency_checked"": false, ""label_consistent"": true, ""meaning_preserved"": false}",
818,CA_WORD_03_Jumbling,hi,सुकन्या समृद्धि योजना 22 जनवरी 2015 को बेटी बचाओ बेटी पढ़ाओ अभियान के हिस्से के रूप में शुरू की गई थी।,पीआईबी की हिंदी विज्ञप्ति में सुकन्या समृद्धि योजना को 22 जनवरी 2015 को बेटी बचाओ बेटी पढ़ाओ अभियान के हिस्से के रूप में शुरू की गई लघु बचत योजना बताया गया है।,जनवरी में शुरू को थी। समृद्धि अभियान सुकन्या के 22 गई बचाओ हिस्से रूप पढ़ाओ 2015 बेटी की बेटी योजना के,,SUP,same_as_gold,word,"{""shuffle_type"": ""uniform_random"", ""word_order_preserved"": false}","{""fluency_checked"": false, ""label_consistent"": true, ""meaning_preserved"": false}",
819,CA_WORD_03_Jumbling,hi,अनीता आडवाणी ने दावा किया कि राजेश खन्ना को अपने अडॉप्शन का सच पता चला था।,"इंडिया टीवी: राजेश खन्ना की निजी जिंदगी हमेशा चर्चा में रही। अब वह इस दुनिया में नहीं हैं, लेकिन इसके बाद भी उनका नाम चर्चा में है, जिसकी वजह हैं दिवंगत सुपरस्टार की रूमर्ड गर्लफ्रेंड अनीता अडवाणी।",ने आडवाणी अपने पता दावा राजेश किया का अनीता सच चला अडॉप्शन खन्ना को था। कि,,SUP,same_as_gold,word,"{""shuffle_type"": ""uniform_random"", ""word_order_preserved"": false}","{""fluency_checked"": false, ""label_consistent"": true, ""meaning_preserved"": false}",
820,CA_WORD_03_Jumbling,hi,राष्ट्रीय मीडिया पुरस्कार 2022 में केवल प्रिंट मीडिया के लिए पुरस्कार रखे गए थे।,"पीआईबी की विज्ञप्ति में प्रिंट, टेलीविजन, रेडियो और ऑनलाइन/सोशल मीडिया के लिए चार पुरस्कारों की जानकारी है।",प्रिंट गए राष्ट्रीय लिए में पुरस्कार रखे 2022 पुरस्कार थे। के केवल मीडिया मीडिया,,REF,same_as_gold,word,"{""shuffle_type"": ""uniform_random"", ""word_order_preserved"": false}","{""fluency_checked"": false, ""label_consistent"": true, ""meaning_preserved"": false}",
821,CA_WORD_03_Jumbling,hi,"केंद्र सरकार ने हिमाचल आपदा के लिए अतिरिक्त 5,000 करोड़ रुपये के नए राहत पैकेज की घोषणा की।",लेख में ऐसे किसी नए अतिरिक्त राहत पैकेज की घोषणा का उल्लेख नहीं है।,"ने अतिरिक्त सरकार राहत की नए केंद्र करोड़ घोषणा लिए 5,000 के पैकेज हिमाचल आपदा रुपये की। के",,NEI,same_as_gold,word,"{""shuffle_type"": ""uniform_random"", ""word_order_preserved"": false}","{""fluency_checked"": false, ""label_consistent"": true, ""meaning_preserved"": false}",
822,CA_WORD_03_Jumbling,hi,रामगढ़ पुलिस ने 44 लाख रुपये के साइबर लेन-देन मामले में निखिल कुमार को गिरफ्तार किया।,पुलिस ने निखिल कुमार को गिरफ्तार कर उसके पास से चार मोबाइल और चार फर्जी सिम कार्ड बरामद किए।,ने पुलिस में निखिल लाख को 44 गिरफ्तार रुपये के कुमार किया। लेन-देन मामले रामगढ़ साइबर,,SUP,same_as_gold,word,"{""shuffle_type"": ""uniform_random"", ""word_order_preserved"": false}","{""fluency_checked"": false, ""label_consistent"": true, ""meaning_preserved"": false}",
823,CA_WORD_03_Jumbling,hi,पाकिस्तान सरकार ने भूकंप प्रभावित लोगों के लिए 50 अरब रुपये के विशेष राहत पैकेज की घोषणा की।,लेख में किसी राहत पैकेज या वित्तीय सहायता की घोषणा का उल्लेख नहीं है।,प्रभावित ने घोषणा पैकेज लोगों रुपये पाकिस्तान के की राहत लिए सरकार भूकंप की। 50 के अरब विशेष,,NEI,same_as_gold,word,"{""shuffle_type"": ""uniform_random"", ""word_order_preserved"": false}","{""fluency_checked"": false, ""label_consistent"": true, ""meaning_preserved"": false}",
824,CA_WORD_03_Jumbling,hi,टेटनस में जबड़े में अकड़न और मांसपेशियों में ऐंठन हो सकती है।,डब्ल्यूएचओ टेटनस के लक्षणों में जबड़े की अकड़न और दर्दनाक मांसपेशीय ऐंठन शामिल करता है।,में मांसपेशियों और जबड़े सकती ऐंठन टेटनस अकड़न है। हो में में,,SUP,same_as_gold,word,"{""shuffle_type"": ""uniform_random"", ""word_order_preserved"": false}","{""fluency_checked"": false, ""label_consistent"": true, ""meaning_preserved"": false}",
825,CA_WORD_03_Jumbling,hi,मतदाता सूची से आधार जोड़ने के लिए आधार-विवरण देना स्वैच्छिक है; केवल आधार न देने के कारण मतदाता का नाम नहीं हटाया जा सकता।,"निर्वाचन आयोग के ‘मिथक बनाम वास्तविकता’ पृष्ठ में चुनाव कानून (संशोधन) अधिनियम, 2021 के तहत आधार-विवरण देना स्वैच्छिक बताया गया है और केवल आधार न देने पर नाम न हटाने की बात कही गई है।",सूची कारण आधार से हटाया के न आधार-विवरण है; देना का जा जोड़ने आधार मतदाता सकता। केवल लिए मतदाता नहीं के नाम देने स्वैच्छिक,,SUP,same_as_gold,word,"{""shuffle_type"": ""uniform_random"", ""word_order_preserved"": false}","{""fluency_checked"": false, ""label_consistent"": true, ""meaning_preserved"": false}",
826,CA_WORD_03_Jumbling,hi,'मॉम' के सीक्वल 'मॉम 2' का निर्माण हो रहा है।,अमर उजाला की स्टोरी बताती है कि 2017 में आई फिल्म ‘मॉम’ का सीक्वल बनने जा रहा है। फिल्म से जुड़ी काफी जानकारी सामने आई है। जानिए इसमें कौन निभाएगा लीड। पर इससे जुड़ी आधिकारिक तारीख या आंकड़े रिपोर्ट में नहीं दिए गए।,सीक्वल के है। 2' हो 'मॉम' का निर्माण 'मॉम रहा,,NEI,same_as_gold,word,"{""shuffle_type"": ""uniform_random"", ""word_order_preserved"": false}","{""fluency_checked"": false, ""label_consistent"": true, ""meaning_preserved"": false}",
827,CA_WORD_03_Jumbling,hi,विजय ने 'जन नायकन' के लिए मोटी फीस वसूली।,"अमर उजाला के अनुसार, फिल्म 'जन नायकन' सिनेमाघरों में आज 23 जुलाई को रिलीज हुई है। — इससे अधिक जानकारी रिपोर्ट में शामिल नहीं है।",के वसूली। फीस नायकन' लिए 'जन मोटी विजय ने,,NEI,same_as_gold,word,"{""shuffle_type"": ""uniform_random"", ""word_order_preserved"": false}","{""fluency_checked"": false, ""label_consistent"": true, ""meaning_preserved"": false}",
828,CA_WORD_03_Jumbling,hi,नियमित रक्तदान के लिए पुरुषों और महिलाओं की न्यूनतम अंतराल अवधि अलग होती है।,पुरुष हर 12 सप्ताह में रक्तदान कर सकते हैं और महिलाएं हर 16 सप्ताह में रक्तदान कर सकती हैं।,न्यूनतम है। होती के रक्तदान अलग महिलाओं अवधि पुरुषों और की लिए नियमित अंतराल,,SUP,same_as_gold,word,"{""shuffle_type"": ""uniform_random"", ""word_order_preserved"": false}","{""fluency_checked"": false, ""label_consistent"": true, ""meaning_preserved"": false}",
829,CA_WORD_03_Jumbling,hi,मनोज मुंतशिर ने 'आदिपुरुष' पर शर्म जताई।,"अमर उजाला की रिपोर्ट के अनुसार, फिल्म ‘आदिपुरूष’ की ट्रोलिंग को लेकर मनोज मुंतशिर ने रिलीज के तीन साल बाद अपनी भावनाएं साझा कीं। जानें क्या कहा मनोज। खबर में यही जानकारी स्पष्ट रूप से दर्ज है।",जताई। शर्म पर मनोज 'आदिपुरुष' ने मुंतशिर,,SUP,same_as_gold,word,"{""shuffle_type"": ""uniform_random"", ""word_order_preserved"": false}","{""fluency_checked"": false, ""label_consistent"": true, ""meaning_preserved"": false}",
830,CA_WORD_03_Jumbling,hi,विमान हादसे में कम से कम सात लोगों की मौत हुई।,लेख में स्थानीय प्रशासन द्वारा सात लोगों की मौत की पुष्टि किए जाने का उल्लेख है।,से विमान सात हादसे हुई। लोगों की कम कम में मौत,,SUP,same_as_gold,word,"{""shuffle_type"": ""uniform_random"", ""word_order_preserved"": false}","{""fluency_checked"": false, ""label_consistent"": true, ""meaning_preserved"": false}",
831,CA_WORD_03_Jumbling,hi,पश्चिमी दिल्ली में मात्र 150 रुपये के विवाद में एक युवक की हत्या के मामले में पुलिस ने तीन आरोपियों को गिरफ्तार किया।,सीसीटीवी फुटेज खंगालने और स्थानीय लोगों से पूछताछ के आधार पर पुलिस ने कुछ ही घंटों में तीन संदिग्धों की पहचान कर उन्हें गिरफ्तार कर लिया।,रुपये एक गिरफ्तार 150 को विवाद मात्र में पश्चिमी की में पुलिस के मामले के युवक हत्या ने किया। तीन में दिल्ली आरोपियों,,SUP,same_as_gold,word,"{""shuffle_type"": ""uniform_random"", ""word_order_preserved"": false}","{""fluency_checked"": false, ""label_consistent"": true, ""meaning_preserved"": false}",
832,CA_WORD_03_Jumbling,hi,लेख के अनुसार वॉशिंगटन में बाढ़ के कारण किसी भी क्षेत्र को खाली नहीं कराया गया।,"लेख में कई शहर खाली कराए जाने और 78,000 लोगों को निकाले जाने की जानकारी दी गई है।",वॉशिंगटन लेख बाढ़ को भी किसी कारण खाली अनुसार के में क्षेत्र कराया नहीं के गया।,,REF,same_as_gold,word,"{""shuffle_type"": ""uniform_random"", ""word_order_preserved"": false}","{""fluency_checked"": false, ""label_consistent"": true, ""meaning_preserved"": false}",
833,CA_WORD_03_Jumbling,hi,"लोकसभा चुनाव 2024 में NOTA के 47,182 वोट डाक मतपत्रों से आए थे।","निर्वाचन आयोग के एटलस में 542 संसदीय क्षेत्रों में 2024 के NOTA मतों में 47,182 डाक मतपत्र होने का उल्लेख है।","वोट मतपत्रों आए 2024 47,182 में के चुनाव NOTA थे। से लोकसभा डाक",,SUP,same_as_gold,word,"{""shuffle_type"": ""uniform_random"", ""word_order_preserved"": false}","{""fluency_checked"": false, ""label_consistent"": true, ""meaning_preserved"": false}",
834,CA_WORD_03_Jumbling,hi,पश्चिमी विक्षोभ पिछले एक सप्ताह से सक्रिय था।,लेख में पश्चिमी विक्षोभ के एक सप्ताह से सक्रिय रहने की जानकारी दी गई है।,विक्षोभ था। सप्ताह से पिछले एक सक्रिय पश्चिमी,,SUP,same_as_gold,word,"{""shuffle_type"": ""uniform_random"", ""word_order_preserved"": false}","{""fluency_checked"": false, ""label_consistent"": true, ""meaning_preserved"": false}",
835,CA_WORD_03_Jumbling,hi,विटामिन के सप्लीमेंट हेपेटाइटिस सी वाले लोगों में लिवर कैंसर का जोखिम कम करते हैं।,एनसीसीआईएच के अनुसार हेपेटाइटिस सी में विटामिन के जैसे सप्लीमेंट द्वारा लिवर कैंसर जोखिम कम करने के साक्ष्य बहुत सीमित हैं।,सप्लीमेंट हैं। लोगों के करते कैंसर सी हेपेटाइटिस का विटामिन कम में जोखिम लिवर वाले,,NEI,same_as_gold,word,"{""shuffle_type"": ""uniform_random"", ""word_order_preserved"": false}","{""fluency_checked"": false, ""label_consistent"": true, ""meaning_preserved"": false}",
836,CA_WORD_03_Jumbling,hi,करण कुंद्रा ने समुद्र में स्कूबा डाइविंग के दौरान तेजस्वी प्रकाश को प्रपोज किया।,भास्कर की रिपोर्ट में दर्ज है कि Karan Kundrra proposes Tejasswi Prakash during scuba diving in Mauritius.,प्रपोज डाइविंग को के में किया। तेजस्वी करण कुंद्रा प्रकाश ने स्कूबा दौरान समुद्र,,SUP,same_as_gold,word,"{""shuffle_type"": ""uniform_random"", ""word_order_preserved"": false}","{""fluency_checked"": false, ""label_consistent"": true, ""meaning_preserved"": false}",
837,CA_WORD_03_Jumbling,hi,"तीसरे चरण में कुल 1,331 उम्मीदवार चुनावी मैदान में थे।","पीआईबी के अनुसार आम चुनाव 2024 के तीसरे चरण में कुल 1,331 उम्मीदवार चुनावी मैदान में थे।","1,331 कुल तीसरे में चुनावी मैदान उम्मीदवार थे। चरण में",,SUP,same_as_gold,word,"{""shuffle_type"": ""uniform_random"", ""word_order_preserved"": false}","{""fluency_checked"": false, ""label_consistent"": true, ""meaning_preserved"": false}",
838,CA_WORD_03_Jumbling,hi,धर्मेंद्र प्रधान के इस्तीफे के बाद भी अभिजीत दीपके के जंतर-मंतर पर डटे रहने का दावा पूरी तरह गलत।,"धर्मेंद्र प्रधान के केंद्रीय शिक्षा मंत्री पद से इस्तीफा देने के बाद  सीजेपी का छात्र आंदोलन खत्म हो चुका है। अब इसी से जोड़ते हुए सीजेपी के संस्थापक अभिजीत दीपके का एक वीडियो सोशल मीडिया पर वायरल हो रहा है। इस वीडियो में उन्हें पुलिस के सामने हाथ जोड़ते और घुटने पर बैठते हुए दिखाया गया है। दावा किया जा रहा है कि केंद्रीय शिक्षा मंत्री धर्मेंद्र प्रधान के इस्तीफे के बाद भी अभिजीत दीपके जंतर मंतर खाली नहीं करना चाहते हैं जिसके लिए वे घुटनों के बल बैठकर पुलिस से गुहार लगा रहे हैं। वायरल वीडियो के साथ यूजर ने लिखा है-शिक्षा मंत्री धर्मेंद्र प्रधान के इस्तीफा देने के बाद भी….कॉकरोच अभिजीत दीपके जंतर मंतर छोड़ नहीं रहे और PROTEST भी बंद नहीं कर रहे थे।जैसे ही यह खबर आई कि पुलिस कमिश्नर ने एक ऑर्डर जारी किया है, जिसमें दंगाई और असामाजिक तत्वों की पहचान करके.. उनके खिलाफ एक्शन लेने और ज़रूरत पड़ने पर पासपोर्ट कैंसिल करने और उन्हें 12 महीने तक तिहाड़ जेल में रखने जैसे कदम उठाने का आदेश दिया गया है,,, खुद को बड़ा लीडर मानने वाला ‘कॉकरोच लीडर’ सचमुच घुटनों के बल बैठ गया और रहम की भीख मांगने लगा.. फेसबुक।आर्काइव अनुसंधान से पता चलता है कि… पड़ताल की शुरुआत में हमने वायरल  वीडियो के तस्वीरों का रिवर्स इमेज सर्च किया, परिणाम में वायरल वीडियो हमेंसीजेपी समर्थक एक्स अकाउंटपर  मिला। यहां पर वीडियो  9 जुलाई को पोस्ट किया गया है। इससे ये साफ है कि वीडियो धर्मेंद्र प्रधान के इस्तीफे से पहले का है। इसके कैप्शन में अभिजीत दीपके ने लिखा, “मैं पुलिस अधिकारियों से अनुरोध करता हूं कि वे हमें टेंट लगाने दें ताकि भूख हड़ताल पर बैठे छात्रों को बारिश से बचाया जा सके। I request the police authorities to please let us set up tents so that the students who are on hunger strike can be protected from rain.–@abhijeet_dipkepic.twitter.com/he1TKEDHBl मिली जानकारी की मदद लेते हुए अधिक सर्च करने पर वायरल वीडियो की रिपोर्ट ‘एबीपी न्यूज’ और ‘दैनिक भास्कर’ की वेबसाइट पर मिलीं।  9 जुलाई 2026 को प्रकाशित रिपोर्ट के अनुसार, अभिजीत दीपके भूख हड़ताल पर बैठे छात्रों को बारिश से बचाने के लिए पुलिस से टेंट लगाने की इजाजत मांग रहे थे। इसलिए उन्होंने पुलिसवालों के सामने हाथ जोड़ने शुरू कर दिए। उन्होंने पुलिस पर टेंट",बाद के जंतर-मंतर भी के दीपके रहने तरह दावा का डटे पर के धर्मेंद्र पूरी इस्तीफे प्रधान अभिजीत गलत।,,REF,same_as_gold,word,"{""shuffle_type"": ""uniform_random"", ""word_order_preserved"": false}","{""fluency_checked"": false, ""label_consistent"": true, ""meaning_preserved"": false}",
839,CA_WORD_03_Jumbling,hi,"प्रधानमंत्री किसान सम्मान निधि में वार्षिक सहायता तीन समान 2,000 रुपये की किश्तों में दी जाती है।","पीआईबी हिंदी पृष्ठ में पीएम-किसान की 6,000 रुपये की वार्षिक सहायता को तीन समान 2,000 रुपये की किश्तों में देने की जानकारी है।","तीन समान किसान सहायता निधि सम्मान प्रधानमंत्री रुपये है। में की 2,000 वार्षिक दी में किश्तों जाती",,SUP,same_as_gold,word,"{""shuffle_type"": ""uniform_random"", ""word_order_preserved"": false}","{""fluency_checked"": false, ""label_consistent"": true, ""meaning_preserved"": false}",
840,CA_WORD_03_Jumbling,hi,चक्रवात दित्वा के कारण चेन्नई हवाई अड्डा पूरी तरह बंद कर दिया गया।,लेख में चेन्नई हवाई अड्डे के संचालन के बारे में कोई जानकारी नहीं दी गई है।,पूरी बंद के चक्रवात कर कारण गया। दित्वा दिया अड्डा तरह हवाई चेन्नई,,NEI,same_as_gold,word,"{""shuffle_type"": ""uniform_random"", ""word_order_preserved"": false}","{""fluency_checked"": false, ""label_consistent"": true, ""meaning_preserved"": false}",
841,CA_WORD_03_Jumbling,hi,एनीमिया वाले व्यक्ति को चाय जीवन भर पूरी तरह छोड़ देनी चाहिए।,"डब्ल्यूएचओ आयरन-युक्त भोजन के साथ चाय जैसे आयरन अवशोषण घटाने वाले पदार्थों से बचने की सलाह देता है, लेकिन जीवन भर चाय पूरी तरह छोड़ने का नियम नहीं देता।",पूरी चाय चाहिए। तरह देनी भर व्यक्ति जीवन को छोड़ एनीमिया वाले,,NEI,same_as_gold,word,"{""shuffle_type"": ""uniform_random"", ""word_order_preserved"": false}","{""fluency_checked"": false, ""label_consistent"": true, ""meaning_preserved"": false}",
842,CA_WORD_03_Jumbling,hi,लेख में कहा गया है कि पाकिस्तान ने बाढ़ रोकने के लिए देशभर में सभी ग्लेशियरों को कृत्रिम रूप से ढक दिया है।,लेख में ऐसी किसी सरकारी परियोजना या ग्लेशियरों को ढकने का उल्लेख नहीं है।,देशभर लेख रोकने कृत्रिम कहा पाकिस्तान में कि गया है। दिया सभी से बाढ़ को ग्लेशियरों के ने रूप ढक है लिए में,,NEI,same_as_gold,word,"{""shuffle_type"": ""uniform_random"", ""word_order_preserved"": false}","{""fluency_checked"": false, ""label_consistent"": true, ""meaning_preserved"": false}",
843,CA_WORD_03_Jumbling,hi,कर्मचारी भविष्य निधि योजना 2026 को केंद्र सरकार ने अधिसूचित किया।,एनडीटीवी इंडिया की हिंदी रिपोर्ट केंद्र सरकार द्वारा कर्मचारी भविष्य निधि योजना 2026 अधिसूचित होने की जानकारी देती है।,कर्मचारी अधिसूचित 2026 सरकार किया। केंद्र योजना को ने निधि भविष्य,,SUP,same_as_gold,word,"{""shuffle_type"": ""uniform_random"", ""word_order_preserved"": false}","{""fluency_checked"": false, ""label_consistent"": true, ""meaning_preserved"": false}",
844,CA_WORD_03_Jumbling,hi,सपा नेता राजेश यादव ने ठाकुरों और ब्राह्मणों के खिलाफ दिया भड़काऊ बयान ? क्या है सच…,"सपा नेता राजेश यादव ने फैक्ट क्रेसेंडो को असली वीडियो दिया है। वायरल हो रहे वीडियो को एडिट किया गया है और इसके खिलाफ पुलिस स्टेशन में शिकायत भी दर्ज की है। उत्तर प्रदेश में पहले चरण का मतदान खत्म होते ही सोशल मीडिया पर एक वीडियो तेजी से वायरल किया जा रहा है। जिसमें दावा किया गया है कि समाजवादी पार्टी के एक नेता ने यूपी में ठाकुर और ब्राह्मणों के खिलाफ गलत बयानबाजी की हैं।  इस वीडियो में सपा नेता का कहना है कि अगर उनकी पार्टी सत्ता में आती है, तो “ठाकुर को ठकुरा कहा जाएगा और पंडित को पंडिता कहकर बुलाया जाएगा’…साथ ही वे ये भी कहते हैं कि अगर समाजवादी पार्टी की सरकार बनती है, तो इन समुदायों के लोगों को जान से हाथ धोना पड़ेगा। बता दें कई यूजर्स की तरफ से दावा किया जा रहा है कि सपा ने उत्तर प्रदेश के शाहजहांपुर जिले की कटरा विधानसभा सीट से समाजवादी पार्टी के उम्मीदवार ने गलत बयान दिया हैं। पोस्ट के कैप्शन में लिखा हुआ है कि “समाजवादी पार्टी को वोट करने वाले ठाकुरों और पंडितों सुन लो, समाजवादी सरकार आने के बाद ठाकुर को ठाकुरता, पंडित को पंडिता कहा जायेगा, और सबको मार दिया जाएगा। फेसबुक पोस्ट|आर्काइव लिंक *शाहजहांपुर कटरा विधानसभा के सपा प्रत्याशी को देख लो आप के प्रति कितना जहर भरा हैं*ठाकुर और पंडितो को दौड़ा_२ कर मारने का काम करेंगे पूर्व विधायक राजेश यादव, इस तरह के नेताओं पर कब कारवाही करेगी यूपी पुलिस।और कुछ लोग कहते हैं सपा ब्राह्मणों का सम्मान करेगीpic.twitter.com/ZdM7yqd4YH आर्काइव लिंक अनुसंधान से पता चलता है कि… हमने गूगल पर कीवर्ड सर्च करके जांच शुरू की, जिसके बाद हमे परिणाम में शाहजहांपुर पुलिस द्वारा एक ट्वीट मिला, जिसमें लिखा गया है कि वायरल वीडियो भ्रामक है और सपा नेता ने सदर बाजार थाने में पूरे मामले की शिकायत दर्ज करवाई है। सोशल मीडिया पर वायरल सम्बन्धित वीडियो के सम्बंध में वादी द्वारा *वीडियो को एडिट कर भ्रामकता फैलाने* के सम्बंध में थाना सदर बाजार पर अभियोग पंजीकृत कराया गया है, विवेचनात्मक कार्यवाही की जा रही है। अपनी जांच को आगे बढ़ाते हुए फैक्ट क्रेसेंडो ने सपा नेता राजेश यादव केपीआरओ अजीत यादवसे संपर्क किया, उन्होंने वायरल वीडियो की पुष्टि करते हुए कहा कि ये वीडियो एडिट किया गया है। और राजेश यादव के भाषण के कुछ हिस्सों को तोड़-मरोड़कर पेश किया गया",राजेश ठाकुरों के खिलाफ भड़काऊ बयान सपा ब्राह्मणों और ने दिया क्या यादव सच… ? नेता है,,REF,same_as_gold,word,"{""shuffle_type"": ""uniform_random"", ""word_order_preserved"": false}","{""fluency_checked"": false, ""label_consistent"": true, ""meaning_preserved"": false}",
845,CA_WORD_03_Jumbling,hi,रणबीर कपूर ने 'धूम 4' में होने की अफवाहों पर चुप्पी तोड़ी।,इंडिया टीवी ने भारती सिंह के इंटरव्यू में उनकी टिप्पणी प्रकाशित की। रिपोर्ट के अनुसार उन्होंने कहा कि वे अपने अनुभवों पर मजाक करती हैं और किसी दर्शक को निशाना बनाना उनका उद्देश्य नहीं है।,4' ने चुप्पी अफवाहों होने रणबीर में कपूर पर 'धूम की तोड़ी।,,SUP,same_as_gold,word,"{""shuffle_type"": ""uniform_random"", ""word_order_preserved"": false}","{""fluency_checked"": false, ""label_consistent"": true, ""meaning_preserved"": false}",
846,CA_WORD_03_Jumbling,hi,कमल हासन ने सरकार की तारीफ की।,न्यूज़बाइट्स हिंदी की रिपोर्ट में सिर्फ इतना बताया गया कि NEET पेपर लीक विवाद को लेकर देशभर में जारी विरोध प्रदर्शनों के बीच तमिल सुपरस्टार और राज्यसभा सांसद कमल हासन ने बातचीत के लिए सरकार की इच्छा का स्वागत किया है। तारीख या आंकड़ों का उल्लेख नहीं है।,की ने सरकार तारीफ कमल हासन की।,,NEI,same_as_gold,word,"{""shuffle_type"": ""uniform_random"", ""word_order_preserved"": false}","{""fluency_checked"": false, ""label_consistent"": true, ""meaning_preserved"": false}",
847,CA_WORD_03_Jumbling,hi,मार्च 2026 में जल जीवन मिशन 2.0 को मंजूरी दी गई थी।,पीआईबी हिंदी पृष्ठ में जल जीवन मिशन 2.0 को मार्च 2026 में मंजूरी मिलने का उल्लेख है।,दी थी। में 2.0 मिशन मार्च जीवन को जल 2026 गई मंजूरी,,SUP,same_as_gold,word,"{""shuffle_type"": ""uniform_random"", ""word_order_preserved"": false}","{""fluency_checked"": false, ""label_consistent"": true, ""meaning_preserved"": false}",
848,CA_WORD_03_Jumbling,hi,प्रधानमंत्री ने राज्य के आपदा प्रभावित क्षेत्रों में चल रहे राहत और बचाव कार्यों की जानकारी ली।,लेख में प्रधानमंत्री द्वारा राहत एवं बचाव कार्यों की जानकारी लेने का उल्लेख है।,रहे चल राज्य ली। राहत आपदा कार्यों में की और प्रधानमंत्री प्रभावित क्षेत्रों ने जानकारी बचाव के,,SUP,same_as_gold,word,"{""shuffle_type"": ""uniform_random"", ""word_order_preserved"": false}","{""fluency_checked"": false, ""label_consistent"": true, ""meaning_preserved"": false}",
849,CA_WORD_03_Jumbling,hi,"बिहार के 261 शहरी स्थानीय निकायों के 5,683 वार्डों में विशेष शिविर आयोजित किए जा रहे थे।","पीआईबी की बिहार विशेष गहन पुनरीक्षण विज्ञप्ति में 261 शहरी स्थानीय निकायों के 5,683 वार्डों में विशेष शिविरों का उल्लेख है।","बिहार के 5,683 में शहरी 261 जा विशेष किए के निकायों शिविर रहे स्थानीय आयोजित वार्डों थे।",,SUP,same_as_gold,word,"{""shuffle_type"": ""uniform_random"", ""word_order_preserved"": false}","{""fluency_checked"": false, ""label_consistent"": true, ""meaning_preserved"": false}",
850,CA_WORD_03_Jumbling,hi,यश 'रामायण' में रावण की भूमिका से डर रहे हैं।,इंडिया टीवी ने बताया कि अमेरिका के कॉमिक-कॉन में नितेश तिवारी की 'रामायण' का प्रचार शुरू हुआ।,डर यश रहे 'रामायण' हैं। में भूमिका की से रावण,,SUP,same_as_gold,word,"{""shuffle_type"": ""uniform_random"", ""word_order_preserved"": false}","{""fluency_checked"": false, ""label_consistent"": true, ""meaning_preserved"": false}",
851,CA_WORD_03_Jumbling,hi,रवीना टंडन की बेटी राशा तेलुगु डेब्यू के लिए तैयार हैं।,इंडिया टीवी ने केवल इतना बताया कि महेश बाबू ने एक पोस्ट शेयर करते हुए भतीजे जया कृष्णा घट्टामनेनी और राशा थडानी के तेलुगु डेब्यू पर खुशी जाहिर की है। बाकी विवरण अनुपलब्ध है।,के बेटी टंडन लिए की राशा रवीना डेब्यू हैं। तैयार तेलुगु,,NEI,same_as_gold,word,"{""shuffle_type"": ""uniform_random"", ""word_order_preserved"": false}","{""fluency_checked"": false, ""label_consistent"": true, ""meaning_preserved"": false}",
852,CA_WORD_03_Jumbling,hi,मध्य मैक्सिको में इमरजेंसी लैंडिंग की कोशिश के दौरान एक छोटा निजी विमान दुर्घटनाग्रस्त हो गया।,लेख में इमरजेंसी लैंडिंग के दौरान छोटे निजी विमान के दुर्घटनाग्रस्त होने की जानकारी दी गई है।,कोशिश निजी की में दौरान विमान मैक्सिको छोटा हो मध्य इमरजेंसी गया। लैंडिंग दुर्घटनाग्रस्त एक के,,SUP,same_as_gold,word,"{""shuffle_type"": ""uniform_random"", ""word_order_preserved"": false}","{""fluency_checked"": false, ""label_consistent"": true, ""meaning_preserved"": false}",
853,CA_WORD_03_Jumbling,hi,प्रधानमंत्री जीवन ज्योति बीमा योजना 9 मई 2015 को शुरू की गई थी।,जन सुरक्षा योजनाओं की आधिकारिक विज्ञप्ति में पीएमजेजेबीवाई को 9 मई 2015 को शुरू की गई योजनाओं में शामिल किया गया है।,प्रधानमंत्री मई थी। ज्योति योजना जीवन बीमा 2015 9 को की शुरू गई,,SUP,same_as_gold,word,"{""shuffle_type"": ""uniform_random"", ""word_order_preserved"": false}","{""fluency_checked"": false, ""label_consistent"": true, ""meaning_preserved"": false}",
854,CA_WORD_03_Jumbling,hi,अश्वगंधा एथलेटिक प्रदर्शन को निश्चित रूप से बेहतर करता है।,"एनसीसीआईएच के अनुसार एथलेटिक प्रदर्शन में अश्वगंधा उपयोगी है या नहीं, यह निर्धारित करने के लिए पर्याप्त साक्ष्य नहीं हैं।",है। एथलेटिक निश्चित अश्वगंधा प्रदर्शन को बेहतर करता रूप से,,NEI,same_as_gold,word,"{""shuffle_type"": ""uniform_random"", ""word_order_preserved"": false}","{""fluency_checked"": false, ""label_consistent"": true, ""meaning_preserved"": false}",
855,CA_WORD_03_Jumbling,hi,26 मार्च 2026 तक प्रधानमंत्री आवास योजना-ग्रामीण के चरण I और II के तहत 3.90 करोड़ घर स्वीकृत किए गए थे।,पीआईबी की हिंदी विज्ञप्ति में 26 मार्च 2026 तक पीएमएवाई-जी चरण I और II के अंतर्गत 3.90 करोड़ घरों को मंजूरी दिए जाने की जानकारी है।,2026 3.90 योजना-ग्रामीण चरण किए मार्च के करोड़ I गए आवास तहत प्रधानमंत्री घर के 26 स्वीकृत तक II थे। और,,SUP,same_as_gold,word,"{""shuffle_type"": ""uniform_random"", ""word_order_preserved"": false}","{""fluency_checked"": false, ""label_consistent"": true, ""meaning_preserved"": false}",
856,CA_WORD_03_Jumbling,hi,"मेनिनजाइटिस केवल त्वचा को नहीं, बल्कि मस्तिष्क और रीढ़ की हड्डी के आसपास के ऊतकों को प्रभावित करता है।",विश्व स्वास्थ्य संगठन मेनिनजाइटिस को मस्तिष्क और रीढ़ की हड्डी के आसपास के ऊतकों की सूजन बताता है।,"की करता के के मस्तिष्क को को ऊतकों बल्कि रीढ़ त्वचा प्रभावित नहीं, और मेनिनजाइटिस केवल आसपास है। हड्डी",,SUP,same_as_gold,word,"{""shuffle_type"": ""uniform_random"", ""word_order_preserved"": false}","{""fluency_checked"": false, ""label_consistent"": true, ""meaning_preserved"": false}",
857,CA_WORD_03_Jumbling,hi,भारत में 61 प्रतिशत से अधिक पुराने कचरे का प्रसंस्करण किया जा चुका था।,पीआईबी की हिंदी विज्ञप्ति में डंपसाइट रेमेडिएशन कार्यक्रम के तहत 61 प्रतिशत से अधिक पुराने कचरे के प्रसंस्करण की जानकारी है।,भारत कचरे चुका अधिक से का था। प्रसंस्करण 61 किया में प्रतिशत जा पुराने,,SUP,same_as_gold,word,"{""shuffle_type"": ""uniform_random"", ""word_order_preserved"": false}","{""fluency_checked"": false, ""label_consistent"": true, ""meaning_preserved"": false}",
858,CA_WORD_03_Jumbling,hi,"इराक में एक पिता द्वारा अपनी बेटी पर हमला करने का वीडियो, पाकिस्तान में एक शिक्षक द्वारा एक ईसाई छात्रा की पिटाई के रूप में भ्रामक दावे से वायरल…","यह वीडियो पाकिस्तान का नहीं है और न ही इसका कोई धार्मिक संबंध है। यह इराक के बगदाद में एक पिता द्वारा अपनी ही बेटी की पिटाई का वीडियो है जिसे झूठे सांप्रदायिक दावे से फैलाया जा रहा है। एक शख्स द्वारा एक छोटी बच्ची की बड़ी बेरहमी से पिटाई कर देने वाला वीडियो सोशल मीडिया पर हो रहा है। वीडियो में दिखाई देता है कि एक शख्स एक बच्ची की पाइप से बुरी तरह पिटाई करता है जिस पर वह बच्ची चिल्लाती है और छटपटाती है। दिल दहलाने वाले इस वीडियो को सांप्रदायिक रंग दे कर साझा करते हुए यह दावा किया जा रहा है कि यह पाकिस्तान का वीडियो है, जहां पर इस बच्ची की इस तरह पिटाई इसलिए की गई क्यूंकि वह गले में क्रॉस पहनकर स्कूल चली आयी थी और पिटाई करने वाला शख्स उसी स्कूल का टीचर है।यूज़र ने वीडियो को इस कैप्शन के साथ साझा किया है। पाकिस्तानकावीडियोहैबच्चीसायद11-12सालकीहोगीजिसेमुस्लिमशिक्षककेद्वारास्कूलमेंअलगकमरेमेंलेजाकरप्लास्टिककेपाइपसेबुरीतरहसेपीटाजारहाहै!बुरीतरहमारनेवालाइसलड़कीकेमुस्लिमटीचरहैजानतेहैंइसबच्चीकाअपराधक्याहै??सिर्फयेकियेएकईसाईबच्चीहै,पाकिस्तानकेस्कूलमेंक्रॉसबालीमालागलेमेंपहनकरचलीगयीथी….येबातइसकेमुस्लिमटीचरकोइतनीबुरीलगीकिउसनेइसबच्चीकोमारतेमारतेअधमराकरडाला…जहाँइस्लामदीनकावर्चस्वचलताहैवहाँभाईऔरचारानहींचलतीसीधाहमलाआजसभीमुस्लिमदेशमेंयहीहालहैएकभीमुस्लिमदेशसेक्युलरनहींहै,जहाँइस्लामकाराजवहाँकेअल्पसंख्यककायहीहालमिलेगा!चाहेपाकिस्तान,बांग्लादेश,सीरिया,ईराक,यमन,तुर्की…..इत्यादिमुस्लिमदेशोंमेंअल्पसंख्यककोखत्मकरइस्लामिकदेशबनादियाजाताहैंभारतकेमुस्लिमभीगजवाएहिन्दकेफिराकमेंतेजीसेअपनाजनसंख्याबढ़ारहाहै!भारतकेकुछऐसेराज्यहैजहाँपेकट्टरपंथीमुस्लिमजेहादीहावीहोरखाहैचाहेकेरलहोयाकश्मीरहोयापश्चिमबंगालहोयाहैदराबाद,मध्यप्रदेश,उत्तरप्रदेश,बिहार,महाराष्ट्र,दिल्लीइत्यादिराज्योंमेंमुस्लिमआबादीतेजीसेबढ़नेकेसाथहिन्दुओंपेहमलाबढ़ताजारहाहै! फेसबुक पोस्ट। आर्काइव पोस्ट अनुसंधानसेपताचलताहैकि… हमने जांच की शुरुआत में वायरल वीडियो के कीफ्रेम को रिवर्स इमेज किया। परिणाम में हमें एकइराकी  मीडिया आउटलेटके फेसबुक पेज पर 30 अक्टूबर 2025 को एक पोस्ट साझा किया हुआ मिला। इसमें हमें वायरल वीडियो से एक तस्वीर साझा की हुई मिली। इसके साथ लिखे कैप्शन से पता चलता है कि वीडियो इराक के बगदाद का है जहां पर अपनी छोटी बेटी को बुरी तरह पीटने","के वीडियो, हमला रूप दावे बेटी वायरल… छात्रा एक एक से पाकिस्तान इराक करने एक अपनी पिता पिटाई द्वारा शिक्षक ईसाई का भ्रामक में की द्वारा पर में में",,REF,same_as_gold,word,"{""shuffle_type"": ""uniform_random"", ""word_order_preserved"": false}","{""fluency_checked"": false, ""label_consistent"": true, ""meaning_preserved"": false}",
859,CA_WORD_03_Jumbling,hi,एसएस राजामौली को 'वाराणसी' फिल्म का टाइटल मिल गया।,द लल्लनटॉप की स्टोरी बताती है कि डायरेक्टर एसएस राजामौली ने 'वाराणसी' के टाइटल विवाद को कैसे सुलझाया?। पर इससे जुड़ी आधिकारिक तारीख या आंकड़े रिपोर्ट में नहीं दिए गए।,एसएस को गया। राजामौली मिल टाइटल 'वाराणसी' फिल्म का,,NEI,same_as_gold,word,"{""shuffle_type"": ""uniform_random"", ""word_order_preserved"": false}","{""fluency_checked"": false, ""label_consistent"": true, ""meaning_preserved"": false}",
860,CA_WORD_03_Jumbling,hi,बिहार के भोजपुर जिले में पुलिस ने ऑनलाइन गेमिंग ऐप के जरिए ठगी करने वाले गिरोह के 9 सदस्यों को गिरफ्तार किया।,दानापुर के एक फ्लैट पर छापेमारी के दौरान सामने आया कि यह गिरोह देश के विभिन्न राज्यों के लोगों को निशाना बनाकर ऑनलाइन ठगी करता था।,जरिए सदस्यों करने ठगी ऑनलाइन ऐप के के गेमिंग को के ने किया। बिहार वाले भोजपुर 9 में पुलिस जिले गिरोह गिरफ्तार,,SUP,same_as_gold,word,"{""shuffle_type"": ""uniform_random"", ""word_order_preserved"": false}","{""fluency_checked"": false, ""label_consistent"": true, ""meaning_preserved"": false}",
861,CA_WORD_03_Jumbling,hi,लेख के अनुसार मौसम विभाग ने भारी बारिश की कोई चेतावनी जारी नहीं की थी।,लेख में ऑरेंज और येलो अलर्ट जारी होने की जानकारी दी गई है।,मौसम विभाग चेतावनी कोई लेख बारिश थी। जारी ने भारी नहीं के की की अनुसार,,REF,same_as_gold,word,"{""shuffle_type"": ""uniform_random"", ""word_order_preserved"": false}","{""fluency_checked"": false, ""label_consistent"": true, ""meaning_preserved"": false}",
862,CA_WORD_03_Jumbling,hi,नई स्मार्ट विद्युत वितरण प्रणाली के तहत प्रत्येक घर में सौर ऊर्जा संयंत्र लगाना अनिवार्य किया जाएगा।,लेख में प्रत्येक घर में सौर ऊर्जा संयंत्र अनिवार्य करने का कोई उल्लेख नहीं है।,अनिवार्य ऊर्जा लगाना सौर जाएगा। स्मार्ट तहत विद्युत प्रत्येक संयंत्र प्रणाली किया नई घर वितरण के में,,NEI,same_as_gold,word,"{""shuffle_type"": ""uniform_random"", ""word_order_preserved"": false}","{""fluency_checked"": false, ""label_consistent"": true, ""meaning_preserved"": false}",
863,CA_WORD_03_Jumbling,hi,भारत सरकार ने कैडेवर डॉग्स कार्यक्रम के लिए 500 करोड़ रुपये के विशेष बजट की घोषणा की।,लेख में इस प्रकार के किसी विशेष बजट या वित्तीय घोषणा का उल्लेख नहीं है।,बजट करोड़ सरकार लिए कैडेवर घोषणा ने के की। डॉग्स 500 कार्यक्रम के विशेष भारत रुपये की,,NEI,same_as_gold,word,"{""shuffle_type"": ""uniform_random"", ""word_order_preserved"": false}","{""fluency_checked"": false, ""label_consistent"": true, ""meaning_preserved"": false}",
864,CA_WORD_03_Jumbling,hi,देवघर में गिरफ्तार एक साइबर आरोपी पहले भी साइबर अपराध के मामले में जेल जा चुका था।,समाचार में बताया गया है कि गिरफ्तार आरोपियों में से एक पूर्व में भी साइबर अपराध के मामले में जेल जा चुका है।,गिरफ्तार देवघर में जेल मामले जा साइबर के साइबर आरोपी पहले एक था। भी अपराध चुका में,,SUP,same_as_gold,word,"{""shuffle_type"": ""uniform_random"", ""word_order_preserved"": false}","{""fluency_checked"": false, ""label_consistent"": true, ""meaning_preserved"": false}",
865,CA_WORD_03_Jumbling,hi,2019 के लोकसभा चुनाव में उत्तर प्रदेश के फूलपुर संसदीय क्षेत्र में 48.7 प्रतिशत मतदान हुआ था।,पीआईबी के अनुसार उत्तर प्रदेश के 51-फूलपुर संसदीय क्षेत्र में 2019 में सबसे कम 48.7 प्रतिशत मतदान हुआ था।,में प्रदेश हुआ क्षेत्र उत्तर संसदीय में मतदान लोकसभा चुनाव प्रतिशत के के फूलपुर था। 2019 48.7,,SUP,same_as_gold,word,"{""shuffle_type"": ""uniform_random"", ""word_order_preserved"": false}","{""fluency_checked"": false, ""label_consistent"": true, ""meaning_preserved"": false}",
866,CA_WORD_03_Jumbling,hi,बैक्टीरियल मेनिनजाइटिस हमेशा बिना किसी जटिलता के अपने आप ठीक हो जाता है।,विश्व स्वास्थ्य संगठन के अनुसार बैक्टीरियल मेनिनजाइटिस वाले लगभग छह में से एक व्यक्ति की मृत्यु होती है।,जाता हो बिना जटिलता आप के बैक्टीरियल मेनिनजाइटिस अपने ठीक हमेशा किसी है।,,REF,same_as_gold,word,"{""shuffle_type"": ""uniform_random"", ""word_order_preserved"": false}","{""fluency_checked"": false, ""label_consistent"": true, ""meaning_preserved"": false}",
867,CA_WORD_03_Jumbling,hi,दिल्ली के सीलमपुर क्षेत्र में एक 20 वर्षीय युवक की चाकू मारकर हत्या के मामले में पुलिस ने 18 घंटे के भीतर तीन आरोपियों को गिरफ्तार कर लिया।,"डीडीए पार्क में मिले मृतक तौहीद की हत्या में शामिल शाहनवाज, नूर हसन और अनस नामक तीन आरोपियों को सबूतों के आधार पर पकड़ा गया।",एक सीलमपुर गिरफ्तार कर भीतर को में 18 20 के की ने के चाकू वर्षीय के में पुलिस मारकर क्षेत्र तीन लिया। युवक दिल्ली मामले घंटे हत्या आरोपियों,,SUP,same_as_gold,word,"{""shuffle_type"": ""uniform_random"", ""word_order_preserved"": false}","{""fluency_checked"": false, ""label_consistent"": true, ""meaning_preserved"": false}",
868,CA_WORD_03_Jumbling,hi,वोटर टर्नआउट ऐप चुनाव के केवल अंतिम चरण का अनुमानित मतदान डेटा दिखाता है।,पीआईबी की विज्ञप्ति में वोटर टर्नआउट ऐप से चुनाव के प्रत्येक चरण का अनुमानित मतदाता डेटा प्रदर्शित होने की बात है।,का अंतिम मतदान डेटा अनुमानित के चरण टर्नआउट है। दिखाता चुनाव ऐप वोटर केवल,,REF,same_as_gold,word,"{""shuffle_type"": ""uniform_random"", ""word_order_preserved"": false}","{""fluency_checked"": false, ""label_consistent"": true, ""meaning_preserved"": false}",
869,CA_WORD_03_Jumbling,hi,पुडुचेरी को 330.06 करोड़ रुपये की सहायता दी गई।,लेख में पुडुचेरी को केवल 33.06 करोड़ रुपये दिए जाने का उल्लेख है।,दी 330.06 की करोड़ को गई। पुडुचेरी रुपये सहायता,,REF,same_as_gold,word,"{""shuffle_type"": ""uniform_random"", ""word_order_preserved"": false}","{""fluency_checked"": false, ""label_consistent"": true, ""meaning_preserved"": false}",
870,CA_WORD_03_Jumbling,hi,प्राकृतिक डाइटरी सप्लीमेंट हमेशा दवाओं के साथ पूरी तरह सुरक्षित रूप से काम करते हैं।,एनसीसीआईएच दवा-सप्लीमेंट अंतःक्रियाओं को प्रमुख सुरक्षा चिंता बताता है और प्राकृतिक होना सुरक्षा की गारंटी नहीं है।,डाइटरी हैं। दवाओं से सुरक्षित सप्लीमेंट प्राकृतिक साथ तरह पूरी काम करते हमेशा रूप के,,REF,same_as_gold,word,"{""shuffle_type"": ""uniform_random"", ""word_order_preserved"": false}","{""fluency_checked"": false, ""label_consistent"": true, ""meaning_preserved"": false}",
871,CA_WORD_03_Jumbling,hi,दिलजीत दोसांझ ने 'सरदार जी 3' के बाद करीना कपूर और कृति सैनन के साथ नहीं की बात; वीडियो पुराना है।,"विश्वास न्यूज़ के अनुसार, विश्वास न्यूज की पड़ताल में पता चला कि करीना कपूर, कृति सैनन और रिया कपूर से बात करते दिलजीत दोसांझ का यह वीडियो साल 2024 का है, जब फिल्म 'क्रू' की रिलीज से पहले सभी कलाकार इंस्टाग्राम लाइव... — इससे अधिक जानकारी रिपोर्ट में शामिल नहीं है।",बाद साथ कपूर जी कृति वीडियो सैनन के करीना नहीं बात; 3' ने है। दोसांझ पुराना 'सरदार और दिलजीत के की,,NEI,same_as_gold,word,"{""shuffle_type"": ""uniform_random"", ""word_order_preserved"": false}","{""fluency_checked"": false, ""label_consistent"": true, ""meaning_preserved"": false}",
872,CA_WORD_03_Jumbling,hi,मतदान केंद्रों पर रैंप बनाने संबंधी निर्देश केवल कुछ राज्यों के लिए हैं।,निर्वाचन आयोग ने सभी राज्यों और केंद्र शासित प्रदेशों के मुख्य निर्वाचन अधिकारियों को प्रत्येक मतदान केंद्र पर उचित ढलान वाला रैंप सुनिश्चित करने के निर्देश दिए हैं।,केंद्रों बनाने लिए संबंधी केवल मतदान रैंप हैं। पर निर्देश कुछ राज्यों के,,REF,same_as_gold,word,"{""shuffle_type"": ""uniform_random"", ""word_order_preserved"": false}","{""fluency_checked"": false, ""label_consistent"": true, ""meaning_preserved"": false}",
873,CA_WORD_03_Jumbling,hi,प्रधानमंत्री मातृ वंदना योजना गर्भवती और स्तनपान कराने वाली महिलाओं को वित्तीय सहायता देती है।,पीआईबी विज्ञप्ति पीएमएमवीवाई को गर्भवती और स्तनपान कराने वाली महिलाओं की वित्तीय सहायता योजना बताती है।,स्तनपान है। मातृ वाली वित्तीय योजना वंदना और सहायता महिलाओं प्रधानमंत्री को देती गर्भवती कराने,,SUP,same_as_gold,word,"{""shuffle_type"": ""uniform_random"", ""word_order_preserved"": false}","{""fluency_checked"": false, ""label_consistent"": true, ""meaning_preserved"": false}",
874,CA_WORD_03_Jumbling,hi,प्रधानमंत्री विकसित भारत रोजगार योजना का लाभ पहली बार नौकरी शुरू करने वाले पंजीकृत कर्मचारियों के लिए बताया गया है।,एनडीटीवी इंडिया की हिंदी रिपोर्ट प्रधानमंत्री विकसित भारत रोजगार योजना को पहली नौकरी करने वाले पंजीकृत कर्मचारियों से जोड़ती है।,लाभ कर्मचारियों पंजीकृत नौकरी करने शुरू विकसित बार वाले भारत योजना के पहली गया लिए का बताया है। प्रधानमंत्री रोजगार,,SUP,same_as_gold,word,"{""shuffle_type"": ""uniform_random"", ""word_order_preserved"": false}","{""fluency_checked"": false, ""label_consistent"": true, ""meaning_preserved"": false}",
875,CA_WORD_03_Jumbling,hi,प्रधानमंत्री मुद्रा योजना ने अप्रैल 2025 में 10 वर्ष पूरे किए।,पीआईबी की हिंदी विज्ञप्ति में प्रधानमंत्री मुद्रा योजना के अप्रैल 2025 में 10 वर्ष पूरे होने का उल्लेख है।,10 अप्रैल में प्रधानमंत्री पूरे योजना किए। ने मुद्रा 2025 वर्ष,,SUP,same_as_gold,word,"{""shuffle_type"": ""uniform_random"", ""word_order_preserved"": false}","{""fluency_checked"": false, ""label_consistent"": true, ""meaning_preserved"": false}",
876,CA_WORD_03_Jumbling,hi,संभल में पूर्णागिरी जा रहे श्रद्धालुओं से मारपीट मामले में भ्रामक और फेक सांप्रदायिक दावा वायरल…,"संभल में मुसलमानों ने पूर्णागिरी जा रहे श्रद्धालुओं पर हमला नहीं किया, फल विक्रेताओं से पैसों के लेनदेन पर हुई लड़ाई के वीडियो को गलत आधार पर फैलाया जा रहा है। उत्तर प्रदेश का संभल चर्चा में बना हुआ है। शाही जामा मस्जिद के सर्वे के दौरान हुई हिंसा के बाद से यूपी का ये जिला सुर्ख़ियों में छाया हुआ है। इसी क्रम में एक वीडियो वायरल हुआ है, जिसमें एक सड़क पर एक बस के आगे कुछ लोगों की भीड़ दिखाई दे रही है। इसमें से कुछ लोग आपस में लड़ते हैं और एक-दूसरे को लाठी से पीटते हैं। यूज़र्स इस वीडियो शेयर करते हुए दावा कर रहे हैं कि संभल में मुस्लिमों ने पूर्णागिरी जा रहे श्रद्धालुओं पर भजन बंद कराने को लेकर हमला कर दिया। वीडियो शेयर करते हुए भड़काऊ कैप्शन लिखा गया है जोकि इस प्रकार है… संभल में फिर नाग बिलों से निकले…माँ पूर्णगिरी जा रही बस पर संभल में हमला खाने पीने को रुकी बस में बज रहा था भजन तो भजन को बंद कराने पे अड़े जिहादियों ने देवी भक्तों को मार मार के अधमरा किया.. उम्मीद है संभल पुलिस तगड़ा जवाब देगी https://vimeo.com/1070299774 फेसबुक पोस्ट।आर्काइव पोस्ट अनुसंधानसेपताचलताहैकि… हमने जांच की शुरुआत में गूगल पर सम्बंधित कीवर्ड से सर्च किया। परिणाम में हमें 22 मार्च 2025 कीआजतकके हवाले से प्रकाशित एक रिपोर्ट मिली। इस रिपोर्ट में वायरल वीडियो को शेयर किया गया है। जबकि खबर के अनुसार संभल में पूर्णागिरि दर्शन के लिए जा रहे श्रद्धालुओं और फल विक्रेताओं के बीच विवाद हो गया था। झगड़ा इतना बढ़ गया कि देखते ही देखते हिंसक झड़प होने लगी। दोनों पक्षों ने एक-दूसरे पर लाठी-डंडों से हमला कर दिया, जिससे हाईवे पर अफरा-तफरी का माहौल बन गया। यह घटना संभल सदर कोतवाली क्षेत्र के जनता पेट्रोल पंप के पास हुई थी। नखासा थाना इलाके के मंडली समसपुर गांव के श्रद्धालु एक बस में सवार होकर मां पूर्णागिरि के दर्शन के लिए जा रहे थे। देर रात श्रद्धालुओं की बस हाईवे किनारे रुकी, जहां वे फल खरीदने के लिए बाजार में पहुंचे। इसी दौरान फलों की कीमत को लेकर श्रद्धालुओं और विक्रेताओं के बीच बहस हो गई, जो बाद में मारपीट में बदल गई।सूचना मिलते ही सरथल चौकी पुलिस मौके पर पहुंची, लेकिन मारपीट कर रहे फल विक्रेता फिर भी दबंगई दिखाते रहे। पुलिस ने हालात को नियंत्रित करने के लिए कई लोगों को हिरासत में लिया और पूरे मामल",मामले फेक संभल और वायरल… दावा में सांप्रदायिक श्रद्धालुओं पूर्णागिरी रहे में भ्रामक से मारपीट जा,,REF,same_as_gold,word,"{""shuffle_type"": ""uniform_random"", ""word_order_preserved"": false}","{""fluency_checked"": false, ""label_consistent"": true, ""meaning_preserved"": false}",
877,CA_WORD_03_Jumbling,hi,आत्महत्या की रोकथाम पूरी तरह अवैज्ञानिक और अप्रमाणित तरीकों पर निर्भर करती है।,डब्ल्यूएचओ के अनुसार आत्महत्या रोकने के लिए प्रभावी प्रमाण-आधारित हस्तक्षेप उपलब्ध हैं।,तरीकों पूरी अप्रमाणित निर्भर अवैज्ञानिक करती तरह है। आत्महत्या और पर रोकथाम की,,REF,same_as_gold,word,"{""shuffle_type"": ""uniform_random"", ""word_order_preserved"": false}","{""fluency_checked"": false, ""label_consistent"": true, ""meaning_preserved"": false}",
878,CA_WORD_03_Jumbling,hi,'चौहान' के टीजर में जीशान अय्यूब की आवाज का गलत इस्तेमाल हुआ।,अमर उजाला की स्टोरी बताती है कि एक्टर जीशान अय्यूब ने अजय देवगन की फिल्म 'चौहान' के अनाउंसमेंट टीजर में अपनी आवाज के कथित इस्तेमाल को लेकर सफाई दी है। पर इससे जुड़ी आधिकारिक तारीख या आंकड़े रिपोर्ट में नहीं दिए गए।,जीशान अय्यूब में का 'चौहान' हुआ। गलत की आवाज के इस्तेमाल टीजर,,NEI,same_as_gold,word,"{""shuffle_type"": ""uniform_random"", ""word_order_preserved"": false}","{""fluency_checked"": false, ""label_consistent"": true, ""meaning_preserved"": false}",
879,CA_WORD_03_Jumbling,hi,"बंगाल में लोगों को घर से निकालकर सीआरपीएफ की पिटाई का वायरल वीडियो फर्जी, असलियत में यह बांग्लादेश की घटना है।","बांग्लादेश के पंचागढ़ की घटना का वीडियो, बंगाल में CRPF की सख्ती के भ्रामक दावे से वायरल। पश्चिम बंगाल में विधानसभा चुनाव के लिए तैयारी पूर्ण हो चुकी है। राज्य में दो चरणों में होने जा रही वोटिंग के लिए अब कुछ ही घंटे शेष है। चुनाव को शांतिपूर्ण ढंग से संपन्न कराया जाए इसके लिए शासन-प्रशासन ने कमर कस रखी है। इसी संदर्भ से जोड़ते हुए इंटरनेट पर एक वीडियो वायरल किया जा रहा है, जिसमें सुरक्षाबलों को हाथ में डंडे लेकर कुछ उपद्रवियों से सख्ती से निपटते हुए दिखाया गया है। वीडियो को बंगाल चुनाव से जोड़ते हुए यह दावा किया जा रहा है कि यह पश्चिम बंगाल का दृश्य है जहां उपद्रवियों से निपटने के लिए CRPF के जवानों ने ऐसी कार्रवाई की है। फेसबुक पर यह वीडियो इस कैप्शन के साथ शेयर किया जा रहा है… बंगाल में CRPF की एंट्री से माहौल बदल गया गुंडो को जमीन फाड़कर निकाला जा रहा है अब बातचीत नहीं सीधा तगड़ा एक्शन शुरू बंगाल में मियां राज नहीं सिर्फ हिंदू राज चलेगा। फेसबुक पोस्ट।आर्काइव पोस्ट अनुसंधान से पता चलता है कि… हमने जांच की शुरुआत में वायरल वीडियो से कीफ्रेम्स को लेकर रिवर्स सर्च किया। परिणाम में हमेंNews21 बांग्लाके फेसबुक पेज पर यहीं वायरल वीडियो अपलोड किया हुआ मिला, जिसे 11 जनवरी 2026 को पोस्ट किया गया था। वीडियो के साथ लिखे कैप्शन के अनुसार, यह घटना बांग्लादेश के पंचागढ़ जिले की है, जहां उस्मान हादी की हत्या के विरोध में प्रदर्शन कर रहे लोगों पर वहां की सेना ने कार्रवाई की थी। मिली जानकारी की मदद से आगे खोज करने पर हमें बांग्लादेश की समाचार वेबसाइटProbash Timesके फेसबुक पेज पर भी यही वीडियो 12 जनवरी 2026 को अपलोड किया हुआ मिला। पोस्ट के साथ लिखे कैप्शन के अनुसार, पंचागढ़ जिले में उस्मान हादी की हत्या के बाद न्याय की मांग को लेकर हो रहे विरोध प्रदर्शन के दौरान सेना और प्रदर्शनकारियों के बीच टकराव हो गया था। इस दौरान सेना द्वारा किए गए लाठीचार्ज में कम से कम 20 छात्र घायल हो गए थे। बांग्लादेशी समाचार संस्थानDBC News TVके आधिकारिक फेसबुक पेज पर भी हमें यहीं वीडियो मिला, जिसे 11 जनवरी 2026 को पोस्ट किया गया था। पता चलता है कि वीडियो पंचागढ़ में उस्मान हादी की हत्या के बाद न्याय की मांग कर रहे प्रदर्शनकारियों को तितर-बितर करने के लिए बांग्लादेशी सेना द्वारा किए गए लाठीचार्ज का है।","निकालकर घर घटना वीडियो में की यह बंगाल फर्जी, की बांग्लादेश को का सीआरपीएफ है। लोगों में पिटाई से असलियत वायरल",,REF,same_as_gold,word,"{""shuffle_type"": ""uniform_random"", ""word_order_preserved"": false}","{""fluency_checked"": false, ""label_consistent"": true, ""meaning_preserved"": false}",
880,CA_WORD_03_Jumbling,hi,लेख में आपदा प्रभावित प्रत्येक परिवार को दी गई मुआवजा राशि का विवरण दिया गया है।,लेख में किसी मुआवजा राशि का उल्लेख नहीं है।,है। दी गया विवरण को परिवार में गई लेख मुआवजा प्रत्येक आपदा प्रभावित राशि का दिया,,NEI,same_as_gold,word,"{""shuffle_type"": ""uniform_random"", ""word_order_preserved"": false}","{""fluency_checked"": false, ""label_consistent"": true, ""meaning_preserved"": false}",
881,CA_WORD_03_Jumbling,hi,मतदाता ईवीएम का बटन बार-बार दबाकर एक से अधिक वोट डाल सकता है।,निर्वाचन आयोग के अनुसार एक बटन दबाने पर वोट दर्ज हो जाता है और अगला वोट तभी सक्षम होता है जब पीठासीन अधिकारी कंट्रोल यूनिट से बैलेट जारी करे।,दबाकर एक ईवीएम वोट सकता अधिक से डाल बार-बार मतदाता बटन का है।,,REF,same_as_gold,word,"{""shuffle_type"": ""uniform_random"", ""word_order_preserved"": false}","{""fluency_checked"": false, ""label_consistent"": true, ""meaning_preserved"": false}",
882,CA_WORD_03_Jumbling,hi,वीबी-जी राम जी अधिनियम में वर्ष में 125 दिनों के ग्रामीण रोजगार की गारंटी का उल्लेख किया गया।,अमर उजाला की हिंदी रिपोर्ट में वीबी-जी राम जी अधिनियम के तहत 125 दिन रोजगार की गारंटी का उल्लेख है।,125 किया में की गया। जी वीबी-जी राम वर्ष रोजगार ग्रामीण उल्लेख के अधिनियम का में गारंटी दिनों,,SUP,same_as_gold,word,"{""shuffle_type"": ""uniform_random"", ""word_order_preserved"": false}","{""fluency_checked"": false, ""label_consistent"": true, ""meaning_preserved"": false}",
883,CA_WORD_03_Jumbling,hi,कंट्रोल यूनिट की इलेक्ट्रॉनिक गिनती और वीवीपैट पर्ची-गिनती में अंतर होने पर वीवीपैट पर्ची की गिनती मान्य होती है।,निर्वाचन आयोग के FAQ में नियम 56D(4)(b) के तहत अंतर होने पर वीवीपैट पर्ची की गिनती को मान्य बताया गया है।,है। में की पर्ची-गिनती की और पर्ची गिनती कंट्रोल होती यूनिट इलेक्ट्रॉनिक मान्य होने अंतर वीवीपैट पर गिनती वीवीपैट,,SUP,same_as_gold,word,"{""shuffle_type"": ""uniform_random"", ""word_order_preserved"": false}","{""fluency_checked"": false, ""label_consistent"": true, ""meaning_preserved"": false}",
884,CA_WORD_03_Jumbling,hi,वीवीपैट पर्चियों को मतगणना के दस दिन बाद बिना किसी शर्त नष्ट कर दिया जाता है।,निर्वाचन आयोग के अनुसार यदि जांच/सत्यापन का अनुरोध नहीं है तो मतगणना पूरी होने के दस दिन बाद वीवीपैट से पेपर रोल हटाए जाते हैं; पर्चियां सीलबंद लिफाफों में एक वर्ष तक और चुनाव याचिका रहने पर उससे अधिक समय तक सुरक्षित रखी जाती हैं।,के को नष्ट शर्त वीवीपैट दिन पर्चियों दस बिना कर दिया किसी है। बाद जाता मतगणना,,REF,same_as_gold,word,"{""shuffle_type"": ""uniform_random"", ""word_order_preserved"": false}","{""fluency_checked"": false, ""label_consistent"": true, ""meaning_preserved"": false}",
885,CA_WORD_03_Jumbling,hi,बिहार विधानसभा चुनाव 2025 और आठ विधानसभा क्षेत्रों के उपचुनावों की घोषणा के साथ 6 अक्टूबर 2025 को आदर्श आचार संहिता लागू हुई।,पीआईबी की हिंदी विज्ञप्ति में 6 अक्टूबर 2025 को बिहार विधानसभा चुनाव और आठ उपचुनावों की घोषणा के साथ आदर्श आचार संहिता लागू होने की जानकारी है।,घोषणा संहिता क्षेत्रों आचार हुई। बिहार 2025 विधानसभा 2025 विधानसभा चुनाव आठ आदर्श के को और साथ लागू की अक्टूबर उपचुनावों के 6,,SUP,same_as_gold,word,"{""shuffle_type"": ""uniform_random"", ""word_order_preserved"": false}","{""fluency_checked"": false, ""label_consistent"": true, ""meaning_preserved"": false}",
886,CA_WORD_03_Jumbling,hi,वायुसेना ने चार दिन तक राहत और बचाव अभियान चलाया।,लेख में चार दिन तक रेस्क्यू अभियान चलने का उल्लेख है।,बचाव ने दिन राहत वायुसेना चलाया। चार तक और अभियान,,SUP,same_as_gold,word,"{""shuffle_type"": ""uniform_random"", ""word_order_preserved"": false}","{""fluency_checked"": false, ""label_consistent"": true, ""meaning_preserved"": false}",
887,CA_WORD_03_Jumbling,hi,"लोकसभा चुनाव 2019 में कुल 5,07,990 डाक मतपत्र अस्वीकृत हुए थे।","निर्वाचन आयोग के एटलस में 2019 चुनाव में 5,07,990 डाक मत अस्वीकृत होने की जानकारी है।","थे। डाक 2019 में 5,07,990 हुए लोकसभा मतपत्र अस्वीकृत चुनाव कुल",,SUP,same_as_gold,word,"{""shuffle_type"": ""uniform_random"", ""word_order_preserved"": false}","{""fluency_checked"": false, ""label_consistent"": true, ""meaning_preserved"": false}",
888,CA_WORD_03_Jumbling,hi,लेख के अनुसार इमारत गिरने की घटना में किसी की भी मौत नहीं हुई।,लेख में 22 लोगों की मौत होने की जानकारी दी गई है।,की इमारत में लेख की भी नहीं मौत किसी गिरने अनुसार घटना के हुई।,,REF,same_as_gold,word,"{""shuffle_type"": ""uniform_random"", ""word_order_preserved"": false}","{""fluency_checked"": false, ""label_consistent"": true, ""meaning_preserved"": false}",
889,CA_WORD_03_Jumbling,hi,लहसुन की कलियां चबाने से कान का बहरापन एक हफ्ते में ठीक हो जाता है।,"एनसीसीआईएच के अनुसार, लहसुन में कुछ रोगाणुरोधी गुण हो सकते हैं, लेकिन श्रवण हानि (बहरापन) को केवल लहसुन चबाकर एक हफ्ते में ठीक करने का कोई वैज्ञानिक या नैदानिक आधार नहीं है।",कलियां का है। बहरापन एक कान में से हफ्ते की जाता लहसुन ठीक हो चबाने,,NEI,same_as_gold,word,"{""shuffle_type"": ""uniform_random"", ""word_order_preserved"": false}","{""fluency_checked"": false, ""label_consistent"": true, ""meaning_preserved"": false}",
890,CA_WORD_03_Jumbling,hi,सूरत में एकतरफा प्यार में हुई हत्या का वीडियो धर्म परिवर्तन के झूठे दावे के साथ वायरल; जानिए सच,"सूरत पुलिस खुलासा किया है कि पीड़िता और आरोपी दोनों एक ही समुदाय से है और मामले में कोई भी सांप्रदायिक वजह नहीं थी। सूरत जिले में एक लड़की का खुलेआम गला काटकर निर्मम हत्या करने का वीडियो काफी वायरल हुआ। इस वीडियो को अब सांप्रदायिक रंग दिया जा रहा है। दावा किया जा रहा है कि हिंदू लड़की ने इस्लाम धर्म कबूल करने से इनकार कर दिया इसलिए मुस्लिम लड़के ने उसकी चाकू से गला रेतकर हत्या कर दी। पोस्ट के कैप्शन में लिखा है –‘#सूरतमें हिंदू लड़की ने मुसलमान बनने से मना कर दिया कट्टरपंथीमुसलमानने लड़की को मार डाला।’ (चेतावनी: वीडियो में हिंसक एवं विचलित करने वाले दृश्य है) फेसबुक पोस्ट अनुसंधान से पता चलता है कि… वीडियो के बारे में कीवर्ड सर्च करने से 13 फरवरी को प्रकाशितदैनिक भास्करकी खबर मिली। रिपोर्ट के अनुसार यह मामला सूरत जिले की कामरेज तहसील के पासोदरा गांव का है। आरोपी का नाम फेनिल पंकज गोयाणी और पीड़ित लड़की नाम ग्रीष्मा है। पुलिस की जानकारी के मुताबिक आरोपी फेनिल पिछले एक साल से पीड़िता को परेशान कर रहा था। आरोपी फेनिल 12 फरवरी को लड़की के घर गया था। पीड़िता के बड़े पापा सुभाषभाई फेनिल को समझाने लगे तो उनके पेट में चाकू घोंप दिया। इसके बाद उसने पीड़िता को पकड़कर गर्दन पर चाकू रख दिया। मां और भाई छोड़ने की गुहार लगा रहे थे, लेकिन फेनिल ने सभी के सामने गला रेतकर हत्या कर दी। मीडिया रिपोर्ट के अनुसार, आरोपी ने अपनी कलाई काटकर और जहरीला पाउडर खाकर आत्महत्या करने की भी कोशिश की। बीबीसी न्यूज हिंदी के मुताबिक एकतरफा प्यार का मामला बताया जा रहा है। जी न्यूज गुजरातीने अपनी रिपोर्ट में बताया कि पीड़िता अमरोली कॉलेज की छात्रा थी। एक साल से आरोपी उसे परेशान कर रहा था और उससे शादी करना चाहता था। पीड़िता अपने घरवालों को इसके बारे में जानकारी दी थी और उन्होंने फेनिल को समझाने की कोशिश भीं की थी।  पुलिस ने बताया था कि आरोपी फेनिल बेहोश है और उसे अस्पताल में भर्ती कराया गया है। छुट्‌टी मिलने के बाद गिरफ्तार किया जाएगा। किसी भी न्यूज रिपोर्ट में धर्म परिवर्तन या सांप्रदायिकता की बात नहीं कही गई है। फैक्ट क्रेसेंडो ने सूरत पुलिस अधीक्षक (ग्रामीण) उषा राधा से संपर्क किया। उन्होंने लड़की ने मुस्लिम धर्म परिवर्तन करने की बात ख़ारिज की। “इस हत्या को एकतरफा प्यार में अंजाम दिया गया था। आरोपी औ",में में वीडियो सूरत साथ दावे के वायरल; परिवर्तन सच झूठे जानिए के हुई हत्या प्यार धर्म का एकतरफा,,REF,same_as_gold,word,"{""shuffle_type"": ""uniform_random"", ""word_order_preserved"": false}","{""fluency_checked"": false, ""label_consistent"": true, ""meaning_preserved"": false}",
891,CA_WORD_03_Jumbling,hi,जल जीवन मिशन से लगभग नौ करोड़ ग्रामीण महिलाओं को प्रतिदिन पानी लाने के बोझ से मुक्ति मिली।,आधिकारिक हिंदी विज्ञप्ति में ग्रामीण घरों में नल जल उपलब्ध होने से लगभग नौ करोड़ ग्रामीण महिलाओं को पानी लाने के दैनिक बोझ से मुक्ति मिलने की बात कही गई है।,लगभग जीवन लाने नौ से के महिलाओं करोड़ ग्रामीण मुक्ति से को मिली। प्रतिदिन मिशन जल पानी बोझ,,SUP,same_as_gold,word,"{""shuffle_type"": ""uniform_random"", ""word_order_preserved"": false}","{""fluency_checked"": false, ""label_consistent"": true, ""meaning_preserved"": false}",
892,CA_WORD_03_Jumbling,hi,वित्त वर्ष 2025-26 में प्रधानमंत्री उज्ज्वला योजना के तहत 25 लाख अतिरिक्त एलपीजी कनेक्शन जारी करने की मंजूरी दी गई।,पीआईबी हिंदी सामग्री के अनुसार एलपीजी कवरेज बढ़ाने के लिए वित्त वर्ष 2025-26 में पीएमयूवाई के 25 लाख अतिरिक्त कनेक्शन स्वीकृत किए गए।,वित्त दी के 2025-26 लाख जारी गई। उज्ज्वला की अतिरिक्त तहत करने एलपीजी कनेक्शन मंजूरी 25 योजना वर्ष प्रधानमंत्री में,,SUP,same_as_gold,word,"{""shuffle_type"": ""uniform_random"", ""word_order_preserved"": false}","{""fluency_checked"": false, ""label_consistent"": true, ""meaning_preserved"": false}",
893,CA_WORD_03_Jumbling,hi,घर से मतदान के लिए फॉर्म 12डी का आवेदन चुनाव की घोषणा से अधिसूचना जारी होने के पांच दिन बाद तक रिटर्निंग अधिकारी के पास पहुंचना चाहिए।,निर्वाचन आयोग के प्रेस नोट में 85 वर्ष से अधिक आयु और दिव्यांग मतदाताओं के लिए फॉर्म 12डी आवेदन की समय-सीमा चुनाव घोषणा से अधिसूचना के पांच दिन बाद तक बताई गई है।,से फॉर्म पांच तक की के का मतदान रिटर्निंग चाहिए। लिए पास होने 12डी चुनाव घोषणा दिन जारी के बाद के आवेदन पहुंचना अधिसूचना अधिकारी घर से,,SUP,same_as_gold,word,"{""shuffle_type"": ""uniform_random"", ""word_order_preserved"": false}","{""fluency_checked"": false, ""label_consistent"": true, ""meaning_preserved"": false}",
894,CA_WORD_03_Jumbling,hi,राजनीति से दिलचस्पी न होने पर भी राजनीति आपमें है।,"भास्कर के अनुसार, बहुत-से लोग, खास तौर पर चालीस-पचास साल के, नौकरीपेशा लोग और हमारी उम्र के लोग भी मुझसे कहते हैं, ‘सर, मुझे राजनीति में कोई दिलचस्पी नहीं है।’।",होने भी राजनीति आपमें पर दिलचस्पी है। राजनीति से न,,SUP,same_as_gold,word,"{""shuffle_type"": ""uniform_random"", ""word_order_preserved"": false}","{""fluency_checked"": false, ""label_consistent"": true, ""meaning_preserved"": false}",
895,CA_WORD_03_Jumbling,hi,अमरोहा में ऑपरेशन साइबर वज्र के दौरान आठ साइबर अपराधी गिरफ्तार किए गए।,पुलिस ने 130 संदिग्ध बैंक खातों और 101 मोबाइल नंबरों के सत्यापन के बाद आठ साइबर अपराधियों को गिरफ्तार किया।,में साइबर के दौरान गिरफ्तार आठ किए ऑपरेशन गए। वज्र साइबर अपराधी अमरोहा,,SUP,same_as_gold,word,"{""shuffle_type"": ""uniform_random"", ""word_order_preserved"": false}","{""fluency_checked"": false, ""label_consistent"": true, ""meaning_preserved"": false}",
896,CA_WORD_03_Jumbling,hi,लेख के अनुसार 18 से 28 डिग्री तापमान वाले क्षेत्रों में केवल 20 प्रतिशत बादल फटने की घटनाएं हुईं।,लेख में ऐसे क्षेत्रों में 80 प्रतिशत घटनाएं होने की जानकारी दी गई है।,के में की अनुसार प्रतिशत तापमान घटनाएं वाले बादल डिग्री लेख से फटने क्षेत्रों हुईं। केवल 28 20 18,,REF,same_as_gold,word,"{""shuffle_type"": ""uniform_random"", ""word_order_preserved"": false}","{""fluency_checked"": false, ""label_consistent"": true, ""meaning_preserved"": false}",
897,CA_WORD_03_Jumbling,hi,रियलिटी शो 'द अलायंस' में निखिल चिनप्पा ने कुशल टंडन पर तंज कसा।,एबीपी न्यूज़ ने केवल इतना बताया कि रियलिटी शो 'द अलायंस' से बाहर होने के बाद निखिल चिनप्पा ने कुशल टंडन पर तंज कसा है. बाकी विवरण अनुपलब्ध है।,निखिल में कुशल तंज कसा। ने 'द पर टंडन शो रियलिटी अलायंस' चिनप्पा,,NEI,same_as_gold,word,"{""shuffle_type"": ""uniform_random"", ""word_order_preserved"": false}","{""fluency_checked"": false, ""label_consistent"": true, ""meaning_preserved"": false}",
898,CA_WORD_03_Jumbling,hi,सड़क किनारे स्थित दुकानों के भीतर मलबा घुस गया।,लेख में दुकानों के भीतर मलबा घुसने का उल्लेख है।,सड़क स्थित के घुस दुकानों मलबा किनारे भीतर गया।,,SUP,same_as_gold,word,"{""shuffle_type"": ""uniform_random"", ""word_order_preserved"": false}","{""fluency_checked"": false, ""label_consistent"": true, ""meaning_preserved"": false}",
899,CA_WORD_03_Jumbling,hi,योग इरिटेबल बाउल सिंड्रोम के लक्षणों को प्रभावी रूप से कम करता है।,"एनसीसीआईएच के अनुसार इरिटेबल बाउल सिंड्रोम में योग, ध्यान, माइंडफुलनेस और विश्राम तकनीकों पर बहुत कम शोध हुआ है।",लक्षणों है। सिंड्रोम के योग कम बाउल से प्रभावी इरिटेबल करता रूप को,,NEI,same_as_gold,word,"{""shuffle_type"": ""uniform_random"", ""word_order_preserved"": false}","{""fluency_checked"": false, ""label_consistent"": true, ""meaning_preserved"": false}",
900,CA_WORD_03_Jumbling,hi,मॉर्गन फ्रीमैन ने कतर विश्व कप के दौरान इस्लाम कबूल किया था।,BOOM की जांच में इस दावे का समर्थन करने वाला कोई प्रमाण नहीं मिला।,कबूल था। विश्व कप के इस्लाम किया मॉर्गन ने कतर फ्रीमैन दौरान,,REF,same_as_gold,word,"{""shuffle_type"": ""uniform_random"", ""word_order_preserved"": false}","{""fluency_checked"": false, ""label_consistent"": true, ""meaning_preserved"": false}",
901,CA_WORD_03_Jumbling,hi,वाराणसी कमिश्नरेट की साइबर क्राइम पुलिस ने म्यूल बैंक खातों के जरिए ठगी करने वाले अंतरराज्यीय गिरोह के पांच आरोपियों को गिरफ्तार किया।,"आरोपियों के पास से 43 एटीएम कार्ड, 15 एंड्रॉयड मोबाइल, तीन आईफोन और 12 सिम कार्ड सहित अन्य आपत्तिजनक सामग्री बरामद हुई।",खातों वाराणसी कमिश्नरेट ने गिरफ्तार म्यूल ठगी पुलिस गिरोह वाले की किया। को बैंक आरोपियों करने के साइबर जरिए क्राइम के पांच अंतरराज्यीय,,SUP,same_as_gold,word,"{""shuffle_type"": ""uniform_random"", ""word_order_preserved"": false}","{""fluency_checked"": false, ""label_consistent"": true, ""meaning_preserved"": false}",
902,CA_WORD_03_Jumbling,hi,मुंह के कैंसर का हर मामला केवल तंबाकू के कारण होता है।,डब्ल्यूएचओ और सीडीसी तंबाकू के साथ-साथ शराब और एचपीवी संक्रमण को भी मुंह के कैंसर के स्थापित स्वतंत्र जोखिम कारकों में शामिल करते हैं।,के कैंसर के केवल का कारण मामला होता तंबाकू हर मुंह है।,,REF,same_as_gold,word,"{""shuffle_type"": ""uniform_random"", ""word_order_preserved"": false}","{""fluency_checked"": false, ""label_consistent"": true, ""meaning_preserved"": false}",
903,CA_WORD_03_Jumbling,hi,दिल्ली के द्वारका इलाके में एक ब्लाइंड मर्डर केस को सीसीटीवी फुटेज की मदद से सुलझाकर पुलिस ने दो आरोपियों को गिरफ्तार किया।,द्वारका नॉर्थ थाना क्षेत्र में हुई हत्या के मामले में सीसीटीवी विश्लेषण और तकनीकी सर्विलांस के आधार पर अनिल ठाकुर और राजू कुमार नामक दो आरोपियों को पकड़ा गया।,से किया। गिरफ्तार आरोपियों एक इलाके ब्लाइंड द्वारका केस पुलिस को को के में मर्डर ने सीसीटीवी की सुलझाकर दिल्ली मदद दो फुटेज,,SUP,same_as_gold,word,"{""shuffle_type"": ""uniform_random"", ""word_order_preserved"": false}","{""fluency_checked"": false, ""label_consistent"": true, ""meaning_preserved"": false}",
904,CA_WORD_03_Jumbling,hi,लहसुन के सप्लीमेंट प्रतिरक्षा प्रणाली को मजबूत करके सर्दी और फ्लू से बचाते हैं।,एनसीसीआईएच के अनुसार प्रतिरक्षा बढ़ाने के लिए लहसुन पर बहुत कम शोध हुआ है; उपलब्ध छोटे अध्ययनों में सीमाएं हैं।,लहसुन सर्दी से बचाते हैं। के मजबूत प्रतिरक्षा फ्लू सप्लीमेंट और को प्रणाली करके,,NEI,same_as_gold,word,"{""shuffle_type"": ""uniform_random"", ""word_order_preserved"": false}","{""fluency_checked"": false, ""label_consistent"": true, ""meaning_preserved"": false}",
905,CA_WORD_03_Jumbling,hi,रणबीर कपूर की फिल्म 'एनिमल' ने भारत में रिलीज के पहले ही दिन 100 करोड़ रुपये नेट कमा लिए थे।,"लाइव हिन्दुस्तान की बॉक्स ऑफिस रिपोर्ट में फिल्म की भारत में पहले दिन की नेट कमाई करीब 63 करोड़ रुपये बताई गई। रिपोर्ट में 100 करोड़ का आंकड़ा वर्ल्डवाइड ग्रॉस कलेक्शन के संदर्भ में भी अलग तरह से रखा गया था, भारत नेट के रूप में नहीं।",ही फिल्म कमा लिए भारत करोड़ पहले में 100 के की ने दिन रुपये थे। 'एनिमल' नेट रिलीज कपूर रणबीर,,REF,same_as_gold,word,"{""shuffle_type"": ""uniform_random"", ""word_order_preserved"": false}","{""fluency_checked"": false, ""label_consistent"": true, ""meaning_preserved"": false}",
906,CA_WORD_03_Jumbling,hi,"सुनने की हानि की रोकथाम केवल आनुवंशिक जांच से नहीं, बल्कि तेज आवाज से बचाव और सुरक्षित सुनने की आदतों से भी संभव है।",डब्ल्यूएचओ तेज आवाज के संपर्क को कम करने और सुरक्षित सुनने को रोकथाम उपाय बताता है।,"नहीं, से की तेज की संभव बल्कि सुनने से भी सुनने से आदतों सुरक्षित और रोकथाम आनुवंशिक है। जांच केवल हानि बचाव आवाज की",,SUP,same_as_gold,word,"{""shuffle_type"": ""uniform_random"", ""word_order_preserved"": false}","{""fluency_checked"": false, ""label_consistent"": true, ""meaning_preserved"": false}",
907,CA_WORD_03_Jumbling,hi,मच्छर से बचाव करने पर डेंगू का जोखिम हर परिस्थिति में शून्य हो जाता है।,"डब्ल्यूएचओ मच्छर काटने से बचाव को रोकथाम उपाय बताता है, लेकिन जोखिम पूरी तरह शून्य होने की गारंटी नहीं देता।",परिस्थिति पर से शून्य में है। जोखिम हो करने डेंगू हर का मच्छर बचाव जाता,,NEI,same_as_gold,word,"{""shuffle_type"": ""uniform_random"", ""word_order_preserved"": false}","{""fluency_checked"": false, ""label_consistent"": true, ""meaning_preserved"": false}",
908,CA_WORD_03_Jumbling,hi,"पार्किंसंस रोग का प्रभाव केवल शारीरिक कंपन तक सीमित नहीं, बल्कि अवसाद, चिंता और डिमेंशिया जैसे मानसिक लक्षणों तक भी फैलता है।","विश्व स्वास्थ्य संगठन के अनुसार, पार्किंसंस रोग कंपन पैदा करने के अलावा अवसाद, चिंता, मतिभ्रम और डिमेंशिया जैसे गंभीर मानसिक लक्षण भी पैदा कर सकता है।","नहीं, बल्कि पार्किंसंस शारीरिक का है। और रोग कंपन केवल अवसाद, जैसे तक लक्षणों सीमित भी फैलता मानसिक तक डिमेंशिया प्रभाव चिंता",,SUP,same_as_gold,word,"{""shuffle_type"": ""uniform_random"", ""word_order_preserved"": false}","{""fluency_checked"": false, ""label_consistent"": true, ""meaning_preserved"": false}",
909,CA_WORD_03_Jumbling,hi,सीतामढ़ी पुलिस ने छापेमारी कर 44 बोतल कोरेक्स सिरप और 290 प्रतिबंधित टैबलेट के साथ एक नशीली दवा तस्कर राजीव पासवान को रंगे हाथ गिरफ्तार किया।,"पुलिस उपनिरीक्षक प्रवीण कुमार के नेतृत्व में टीम ने सूचना के सत्यापन के बाद छापेमारी की, जिसमें भागने का प्रयास कर रहे तस्कर को घेराबंदी कर पकड़ा गया।",और किया। पासवान को हाथ दवा राजीव प्रतिबंधित टैबलेट गिरफ्तार साथ ने 44 कोरेक्स बोतल कर सिरप 290 तस्कर पुलिस नशीली के सीतामढ़ी एक रंगे छापेमारी,,SUP,same_as_gold,word,"{""shuffle_type"": ""uniform_random"", ""word_order_preserved"": false}","{""fluency_checked"": false, ""label_consistent"": true, ""meaning_preserved"": false}",
910,CA_WORD_03_Jumbling,hi,लेख के अनुसार राष्ट्रीय आपदा प्रबंधन के अधिकारियों ने कार्यशाला का उद्घाटन नहीं किया।,लेख में स्पष्ट रूप से राष्ट्रीय आपदा प्रबंधन के अधिकारियों द्वारा शुभारंभ करने का उल्लेख है।,के ने के प्रबंधन किया। लेख आपदा राष्ट्रीय अधिकारियों उद्घाटन का नहीं अनुसार कार्यशाला,,REF,same_as_gold,word,"{""shuffle_type"": ""uniform_random"", ""word_order_preserved"": false}","{""fluency_checked"": false, ""label_consistent"": true, ""meaning_preserved"": false}",
911,CA_WORD_03_Jumbling,hi,"दिल्ली पुलिस ने नशे के खिलाफ अभियान में हाइड्रोपोनिक वीड, गांजा, हेरोइन और एमडीएमए सहित करोड़ों रुपये के मादक पदार्थ बरामद कर पांच तस्करों को गिरफ्तार किया।","पुलिस ने आरोपियों के कब्जे से 1.180 किलोग्राम हाइड्रोपोनिक वीड, 10.530 किलोग्राम गांजा, 396.33 ग्राम हेरोइन और 9.76 ग्राम एमडीएमए जब्त किया।","खिलाफ हाइड्रोपोनिक दिल्ली तस्करों को एमडीएमए रुपये के पदार्थ और सहित अभियान पांच के में बरामद ने हेरोइन वीड, गांजा, कर पुलिस नशे करोड़ों किया। मादक गिरफ्तार",,SUP,same_as_gold,word,"{""shuffle_type"": ""uniform_random"", ""word_order_preserved"": false}","{""fluency_checked"": false, ""label_consistent"": true, ""meaning_preserved"": false}",
912,CA_WORD_03_Jumbling,hi,72वें राष्ट्रीय फिल्म पुरस्कार 2026 में कार्तिक आर्यन और ममूटी को संयुक्त रूप से सर्वश्रेष्ठ अभिनेता का पुरस्कार मिला।,"पीआईबी (सूचना और प्रसारण मंत्रालय) की आधिकारिक प्रेस विज्ञप्ति के अनुसार यामी गौतम ने 'आर्टिकल 370' के लिए सर्वश्रेष्ठ अभिनेत्री का पुरस्कार जीता, जबकि ममूटी ('ब्रह्मयुगम') और कार्तिक आर्यन ('चंदू चैंपियन') ने सर्वश्रेष्ठ अभिनेता (मुख्य भूमिका) का पुरस्कार साझा किया। घोषणा 18 जुलाई 2026 को नई दिल्ली के नेशनल मीडिया सेंटर में हुई।",राष्ट्रीय में से और कार्तिक पुरस्कार को मिला। रूप फिल्म ममूटी 72वें का पुरस्कार अभिनेता आर्यन 2026 सर्वश्रेष्ठ संयुक्त,,SUP,same_as_gold,word,"{""shuffle_type"": ""uniform_random"", ""word_order_preserved"": false}","{""fluency_checked"": false, ""label_consistent"": true, ""meaning_preserved"": false}",
913,CA_WORD_03_Jumbling,hi,केंद्र सरकार ने प्रधानमंत्री गरीब कल्याण अन्न योजना को 1 जनवरी 2024 से लगभग 81.35 करोड़ लाभार्थियों के लिए पाँच वर्ष तक निःशुल्क जारी रखने का निर्णय लिया।,खाद्य एवं सार्वजनिक वितरण विभाग के पृष्ठ के अनुसार पीएमजीकेएवाई को 1 जनवरी 2024 से पाँच वर्ष के लिए बढ़ाया गया और इससे लगभग 81.35 करोड़ लाभार्थी आच्छादित हैं।,केंद्र 81.35 का लाभार्थियों रखने जारी पाँच करोड़ सरकार लिए प्रधानमंत्री निःशुल्क लगभग से लिया। 1 तक 2024 कल्याण जनवरी के गरीब योजना ने अन्न निर्णय को वर्ष,,SUP,same_as_gold,word,"{""shuffle_type"": ""uniform_random"", ""word_order_preserved"": false}","{""fluency_checked"": false, ""label_consistent"": true, ""meaning_preserved"": false}",
914,CA_WORD_03_Jumbling,hi,रेबीज़ का संक्रमण दुनिया भर में केवल कुत्तों के काटने से होता है।,"अमेरिका में रेबीज़ ज्यादातर जंगली जानवरों जैसे चमगादड़, रैकून और लोमड़ियों में पाया जाता है। दुनिया के अन्य हिस्सों में कुत्ते प्रमुख वाहक हैं, और बिल्लियां भी रेबीज़ फैला सकती हैं।",होता केवल है। का से भर रेबीज़ काटने कुत्तों के संक्रमण दुनिया में,,REF,same_as_gold,word,"{""shuffle_type"": ""uniform_random"", ""word_order_preserved"": false}","{""fluency_checked"": false, ""label_consistent"": true, ""meaning_preserved"": false}",
915,CA_WORD_03_Jumbling,hi,"हृदय रोग का जोखिम केवल आहार से निर्धारित होता है, शारीरिक निष्क्रियता से नहीं।",डब्ल्यूएचओ शारीरिक निष्क्रियता को हृदय और रक्त वाहिका संबंधी रोग के प्रमुख व्यवहारिक जोखिम कारकों में शामिल करता है।,"होता से का निष्क्रियता हृदय नहीं। रोग जोखिम है, केवल निर्धारित शारीरिक से आहार",,REF,same_as_gold,word,"{""shuffle_type"": ""uniform_random"", ""word_order_preserved"": false}","{""fluency_checked"": false, ""label_consistent"": true, ""meaning_preserved"": false}",
916,CA_WORD_03_Jumbling,hi,मातली से शवों को सड़क मार्ग से जिला अस्पताल पहुंचाया गया।,लेख में मातली से सड़क मार्ग द्वारा शव जिला अस्पताल लाने की जानकारी है।,अस्पताल से से शवों मातली गया। पहुंचाया मार्ग सड़क को जिला,,SUP,same_as_gold,word,"{""shuffle_type"": ""uniform_random"", ""word_order_preserved"": false}","{""fluency_checked"": false, ""label_consistent"": true, ""meaning_preserved"": false}",
917,CA_WORD_03_Jumbling,hi,केदारनाथ की ऊपरी पहाड़ियों पर हल्की बर्फबारी हुई।,लेख में केदारनाथ की ऊपरी पहाड़ियों पर हल्की बर्फबारी का उल्लेख है।,पहाड़ियों हल्की हुई। ऊपरी केदारनाथ की पर बर्फबारी,,SUP,same_as_gold,word,"{""shuffle_type"": ""uniform_random"", ""word_order_preserved"": false}","{""fluency_checked"": false, ""label_consistent"": true, ""meaning_preserved"": false}",
918,CA_WORD_03_Jumbling,hi,'रामायण' का ट्रेलर रिलीज न होने पर फैंस नाराज हुए।,न्यूज़बाइट्स हिंदी की खबर में कहा गया है कि रणबीर कपूर की पौराणिक फिल्म 'रामायण' को लेकर सोशल मीडिया पर नाराजगी देखने को मिल रही है।,नाराज का पर होने फैंस रिलीज हुए। 'रामायण' न ट्रेलर,,SUP,same_as_gold,word,"{""shuffle_type"": ""uniform_random"", ""word_order_preserved"": false}","{""fluency_checked"": false, ""label_consistent"": true, ""meaning_preserved"": false}",
919,CA_WORD_03_Jumbling,hi,लोकसभा चुनाव 2024 में महिला मतदाताओं की प्रतिशत हिस्सेदारी सबसे अधिक पुडुचेरी में 53.03 प्रतिशत थी।,निर्वाचन आयोग के एटलस में 2024 में महिला मतदाता हिस्सेदारी पुडुचेरी में सर्वाधिक 53.03 प्रतिशत बताई गई है।,अधिक महिला चुनाव में थी। प्रतिशत लोकसभा की सबसे पुडुचेरी प्रतिशत मतदाताओं 2024 53.03 हिस्सेदारी में,,SUP,same_as_gold,word,"{""shuffle_type"": ""uniform_random"", ""word_order_preserved"": false}","{""fluency_checked"": false, ""label_consistent"": true, ""meaning_preserved"": false}",
920,CA_WORD_03_Jumbling,hi,जींद साइबर पुलिस ने सोशल मीडिया ठगी के मामले में एक महिला को गिरफ्तार किया।,पुलिस ने उत्तर प्रदेश की रहने वाली आरोपी महिला को 1.88 लाख रुपये की साइबर ठगी के आरोप में गिरफ्तार किया।,किया। सोशल के में मामले महिला को मीडिया जींद ठगी पुलिस गिरफ्तार ने एक साइबर,,SUP,same_as_gold,word,"{""shuffle_type"": ""uniform_random"", ""word_order_preserved"": false}","{""fluency_checked"": false, ""label_consistent"": true, ""meaning_preserved"": false}",
921,CA_WORD_03_Jumbling,hi,"श्री गंगानगर रेप केस के आरोपी को सरेआम फांसी देने का दावा फर्जी,  वीडियो U.P. में मुहर्रम जुलूस के दौरान किए गए एक स्टंट  का है..","राजस्थान के श्रीगंगानगर ज़िले में 13 साल की लड़की के कथित अपहरण और गैंगरेप की घटना से भारी आक्रोश फैल गया है। राजस्थान पुलिस के अनुसार, अब तक 21 आरोपियों को गिरफ़्तार किया जा चुका है और मामले की जांच जारी है। इस संदर्भ में, सोशल मीडिया पर एक वीडियो शेयर किया जा रहा है , जिसमें क्रेन से कफ़न में लिपटे चार लोगों को ऊपर उठाया जा रहा है। दावा किया जा रहा है कि यह वीडियो राजस्थान के श्रीगंगानगर में 13 साल की लड़की के साथ कथित तौर पर रेप करने के आरोपियों का है, जिन्हें सरेआम फांसी दी गई। वायरल वीडियो के साथ यूजर ने लिखा है- श्रीगंगानगर नाबालिग दुष्कर्म मामला: 32 आरोपी गिरफ्तार, अब न्याय… फेसबुक।आर्काइव अनुसंधान से पता चलता है कि… पड़ताल की शुरुआत में हमने वायरल  वीडियो के तस्वीरों का रिवर्स इमेज सर्च किया, परिणाम में हमें वायरल वीडियो से  मिलता-जुलता वीडियो 27 जून 2026 को किए गए एकइंस्टाग्रामपोस्ट में मिला। वीडियो में लिखा है “चंडौस, ज़िला अलीगढ़।” मिली जानकारी की मदद लेते हुए हमें दावे से जुड़ी एक पोस्ट ‘Glorixmedia Glorixmedia’ नाम के फेसबुक प्रोफाइल पर मिली। पोस्ट को 11 जुलाई 2026 को शेयर किया गया था। खबर के मुताबिक, वीडियो उत्तर प्रदेश के अलीगढ़ के शाहपुर-रामपुर इलाके का है, जहां मुहर्रम के जुलूस के दौरान ‘अब्बासी अखाड़े’ ने एक पारंपरिक धार्मिक झांकी निकाली थी। वीडियो में कुछ लोगों को अब्बासी अखाड़े की टी-शर्ट पहने हुए भी देखा जा सकता है। यह वीडियो इसी जगह का इसकी पुष्टि करने के लिए, हमनेGoogle Mapsपर “Prem Medical Store, Main Road, Chandaus, Aligarh” का इस्तेमाल करके जियोलोकेशन सर्च किया। हमें वही इमारतें और दुकानें दिखीं जो वायरल वीडियो में थीं, जिससे यह पुष्टि हुई कि फुटेज वाकई अलीगढ़ के चंदाउस में ही शूट किया गया था। इसी प्रकार से हमें कई न्यूज़ रिपोर्ट  मिलीं, जिनमें अलीगढ़ के चंदाउस में मुहर्रम जुलूसकी कवरेज थी। इन रिपोर्टों के अनुसार, जुलूस 26 जून 2026 को निकाला गया था, जिसमें अलग-अलग अखाड़ों के प्रतिभागियों ने मार्शल आर्ट्स का प्रदर्शन किया और अन्य स्टंट किए। स्थानीय अधिकारियों की देखरेख में कड़े सुरक्षा इंतज़ामों के बीच यह कार्यक्रम शांतिपूर्ण ढंग से संपन्न हुआ। हमें 30 जुलाई 2023 का एकYouTubeवीडियो भी मिला, जिसमें ऐसे ही दृश्य दिखाई दे रहे थे। वीडियो के विवर","U.P. जुलूस रेप स्टंट फांसी सरेआम के को श्री केस देने में आरोपी किए के दावा का गंगानगर फर्जी, दौरान एक का वीडियो मुहर्रम गए है..",,REF,same_as_gold,word,"{""shuffle_type"": ""uniform_random"", ""word_order_preserved"": false}","{""fluency_checked"": false, ""label_consistent"": true, ""meaning_preserved"": false}",
922,CA_WORD_03_Jumbling,hi,लोकसभा चुनाव 2024 के छठे चरण में 8 राज्यों/केंद्र शासित प्रदेशों की 58 संसदीय सीटों के लिए मतदान हुआ।,पीआईबी की हिंदी विज्ञप्ति में छठे चरण के लिए 8 राज्यों/केंद्र शासित प्रदेशों की 58 संसदीय सीटों का उल्लेख है।,हुआ। शासित की चुनाव लिए प्रदेशों लोकसभा राज्यों/केंद्र में 58 2024 8 सीटों छठे मतदान के के संसदीय चरण,,SUP,same_as_gold,word,"{""shuffle_type"": ""uniform_random"", ""word_order_preserved"": false}","{""fluency_checked"": false, ""label_consistent"": true, ""meaning_preserved"": false}",
923,CA_WORD_03_Jumbling,hi,"यदि उम्मीदवार या प्रायोजक दल अपने टीवी चैनल, केबल चैनल या समाचार पत्र का उपयोग चुनावी संभावनाएं बढ़ाने के लिए करे, तो मानक दर कार्ड के अनुसार खर्च चुनाव व्यय विवरण में शामिल करना होता है।","पीआईबी की विज्ञप्ति में स्वयं के टीवी/केबल चैनल या समाचार पत्र के उपयोग पर, वास्तविक भुगतान न होने पर भी, मानक दर कार्ड के अनुसार खर्च चुनाव व्यय विवरण में शामिल करने का निर्देश है।","अपने होता टीवी के या दल संभावनाएं चैनल करे, शामिल चुनाव चुनावी उपयोग या समाचार यदि अनुसार पत्र प्रायोजक खर्च कार्ड का लिए विवरण करना है। दर में बढ़ाने केबल चैनल, तो उम्मीदवार के मानक व्यय",,SUP,same_as_gold,word,"{""shuffle_type"": ""uniform_random"", ""word_order_preserved"": false}","{""fluency_checked"": false, ""label_consistent"": true, ""meaning_preserved"": false}",
924,CA_WORD_03_Jumbling,hi,जल जीवन मिशन अगस्त 2019 में शुरू होने से पहले केवल 3.23 करोड़ ग्रामीण परिवारों के पास नल से पानी का कनेक्शन था।,पीआईबी हिंदी पृष्ठ में अगस्त 2019 में जेजेएम शुरू होने से पहले 3.23 करोड़ ग्रामीण परिवारों के पास नल जल कनेक्शन होने का उल्लेख है।,के होने पहले से अगस्त करोड़ में का परिवारों पानी कनेक्शन जीवन नल 3.23 शुरू जल से ग्रामीण 2019 पास मिशन केवल था।,,SUP,same_as_gold,word,"{""shuffle_type"": ""uniform_random"", ""word_order_preserved"": false}","{""fluency_checked"": false, ""label_consistent"": true, ""meaning_preserved"": false}",
925,CA_WORD_03_Jumbling,hi,वास्तविक मतदान से पहले ईवीएम के कार्य को तीन बार जांचा जाता है।,"निर्वाचन आयोग के पृष्ठ में वास्तविक मतदान से पहले पहली-स्तरीय जांच, उम्मीदवार-सेटिंग और मतदान आरंभ होने से पूर्व ईवीएम की तीन बार जांच का उल्लेख है।",जांचा मतदान ईवीएम बार से जाता को तीन वास्तविक कार्य के है। पहले,,SUP,same_as_gold,word,"{""shuffle_type"": ""uniform_random"", ""word_order_preserved"": false}","{""fluency_checked"": false, ""label_consistent"": true, ""meaning_preserved"": false}",
926,CA_WORD_03_Jumbling,hi,उज्जैन में इंस्टाग्राम के जरिए हनी ट्रैप में फंसाकर एक युवक का अपहरण कर 10 लाख रुपये की फिरौती वसूलने वाले गिरोह के 10 आरोपियों को पुलिस ने दो दिन के भीतर गिरफ्तार किया।,नानाखेड़ा थाना प्रभारी नरेंद्र कुमार यादव के अनुसार आरोपी युवती ने नौकरी का बहाना बनाकर पीड़ित से संपर्क किया और मिलने के दौरान उसे बंधक बना लिया गया।,में अपहरण उज्जैन फंसाकर दो गिरोह फिरौती भीतर वाले पुलिस जरिए रुपये में वसूलने के किया। का हनी की ट्रैप लाख 10 युवक आरोपियों को कर गिरफ्तार 10 दिन एक के के इंस्टाग्राम ने,,SUP,same_as_gold,word,"{""shuffle_type"": ""uniform_random"", ""word_order_preserved"": false}","{""fluency_checked"": false, ""label_consistent"": true, ""meaning_preserved"": false}",
927,CA_WORD_03_Jumbling,hi,'ओह माय डॉग' पर सेंसर बोर्ड ने 7 बदलाव किए।,"न्यूज़बाइट्स हिंदी के अनुसार, निर्देशक अमित राय की फिल्म 'ओह माय डॉग' सिनेमाघरों में रिलीज के लिए तैयार है। — इससे अधिक जानकारी रिपोर्ट में शामिल नहीं है।",'ओह किए। डॉग' सेंसर माय बदलाव बोर्ड 7 पर ने,,NEI,same_as_gold,word,"{""shuffle_type"": ""uniform_random"", ""word_order_preserved"": false}","{""fluency_checked"": false, ""label_consistent"": true, ""meaning_preserved"": false}",
928,CA_WORD_03_Jumbling,hi,असुरक्षित भोजन से 200 से अधिक प्रकार की बीमारियां हो सकती हैं।,"डब्ल्यूएचओ के अनुसार बैक्टीरिया, वायरस, परजीवी या रासायनिक पदार्थों से दूषित असुरक्षित भोजन 200 से अधिक बीमारियों का कारण बन सकता है।",सकती अधिक से प्रकार भोजन हैं। की बीमारियां असुरक्षित 200 हो से,,SUP,same_as_gold,word,"{""shuffle_type"": ""uniform_random"", ""word_order_preserved"": false}","{""fluency_checked"": false, ""label_consistent"": true, ""meaning_preserved"": false}",
929,CA_WORD_03_Jumbling,hi,8 जुलाई 2024 तक आयुष्मान भारत प्रधानमंत्री जन आरोग्य योजना के 34.73 करोड़ आयुष्मान कार्ड बनाए जा चुके थे।,आर्थिक समीक्षा संबंधी विज्ञप्ति में 8 जुलाई 2024 तक 34.73 करोड़ आयुष्मान कार्ड बनने का उल्लेख है।,34.73 जन योजना भारत तक करोड़ आयुष्मान बनाए प्रधानमंत्री थे। आयुष्मान जुलाई 8 के चुके कार्ड 2024 जा आरोग्य,,SUP,same_as_gold,word,"{""shuffle_type"": ""uniform_random"", ""word_order_preserved"": false}","{""fluency_checked"": false, ""label_consistent"": true, ""meaning_preserved"": false}",
930,CA_WORD_03_Jumbling,hi,अवसाद का उपचार हर व्यक्ति में ठीक छह सप्ताह में पूरा हो जाता है।,"डब्ल्यूएचओ उपचार उपलब्ध होने की पुष्टि करता है, लेकिन सभी लोगों के लिए छह सप्ताह की निश्चित अवधि स्थापित नहीं करता।",ठीक हो सप्ताह में व्यक्ति है। का हर अवसाद में जाता छह पूरा उपचार,,NEI,same_as_gold,word,"{""shuffle_type"": ""uniform_random"", ""word_order_preserved"": false}","{""fluency_checked"": false, ""label_consistent"": true, ""meaning_preserved"": false}",
931,CA_WORD_03_Jumbling,hi,"सरकार अगले बजट में पीएम-किसान की वार्षिक सहायता 12,000 रुपये कर देगी।","वनइंडिया हिंदी की रिपोर्ट में वर्तमान समय में 12,000 रुपये करने का कोई प्रस्ताव स्वीकृत न होने की जानकारी है, पर अगले बजट के निर्णय का प्रमाण नहीं है।","की में रुपये देगी। पीएम-किसान 12,000 बजट सरकार अगले वार्षिक कर सहायता",,NEI,same_as_gold,word,"{""shuffle_type"": ""uniform_random"", ""word_order_preserved"": false}","{""fluency_checked"": false, ""label_consistent"": true, ""meaning_preserved"": false}",
932,CA_WORD_03_Jumbling,hi,धनुष की राजनीति में कदम रखने को लेकर अटकलें हैं।,आजतक फैक्ट चेक ने वायरल शादी की तस्वीरों की जांच में पाया कि वे किसी विज्ञापन शूट और पुराने इवेंट से जुड़ी थीं। दोनों कलाकारों की टीमों ने शादी की खबर को गलत बताया।,धनुष राजनीति में कदम अटकलें की हैं। लेकर रखने को,,REF,same_as_gold,word,"{""shuffle_type"": ""uniform_random"", ""word_order_preserved"": false}","{""fluency_checked"": false, ""label_consistent"": true, ""meaning_preserved"": false}",
933,CA_WORD_03_Jumbling,hi,एक फिल्म की शूटिंग का वीडियो झारखंड में महिला के साथ दुष्कर्म के झूठे दावे से वायरल..,"सोशल मीडिया पर एक  वीडियो तेजी से वायरल हो रहा है, जिसमें देखा जा सकता है कि महिला झाड़ियों में पड़ी हुई है और पुलिस उसे चेक कर रही है। वीडियो के साथ दावा किया जा रहा है कि  झारखंड में छह लड़कों ने मिलकर इस लड़की के साथ दुष्कर्म किया और फिर उसे झाड़ियों में फेंक दिया। वायरल वीडियो के साथ यूजर ने लिखा है- 6 लड़कों ने मिलकर एक लड़की की इज्जत लुटी मर कर झाड़ियों में फेंका फेसबुक।आर्काइव अनुसंधान से पता चलता है कि… पड़ताल की शुरुआत में हमने वायरल पोस्ट  के कुछ तस्वीरो का रिवर्स इमेज सर्च किया। परिणाम में वायरल तस्वीर हमें   एकइंस्टाग्रामपोस्ट पर शेयर की हुई मिली। कैप्शन में बताया गया था कि यह वीडियो “लुजेग” नामक एक फिल्म की शूटिंग का है। वीडियो में एक पुलिस की वर्दी पहने लोग एक महिला को एम्बुलेंस में अस्पताल ले जाते हुए दिखाई दे रहे हैं। एक कैमरामैन इस दृश्य को फिल्माते हुए दिखाई दे रहा है, यहाँ तक कि वर्दीधारी अभिनेताओं में से एक को निर्देश देते हुए और एक क्लोज़-अप शॉट भी ले रहा है। मिली जानकारी की मदद लेते हुए हमे एकयूट्यूबचैनल मिला, जिसमें वीडियो में वायरल वीडियो में नजर आ रही लड़की को देखा जा सकता है। जानकारी की मुताबिक ये  लुजेग (Lujeg) फिल्म से जुड़ा है। मई 2025 में यूट्यूब पर कई ब्लॉगर ने फिल्म की शूटिंग से जुड़े वीडियो को शेयर किया है। हमें सोशल मीडिया पर फिल्म “लुजेग” की शूटिंग से जुड़े कई औरवीडियोमिले । ऐसे ही एक वीडियो में, वायरल क्लिप में घायल दिख रही महिला एम्बुलेंस के अंदर अपने चेहरे पर मास्क लगाए हुए दिखाई दे रही है। इससे पता चलता है कि ये दृश्य किसी फिल्म की शूटिंग के हैं, किसी वास्तविक घटना की नहीं। https://www.instagram.com/reel/DJqMWG5utq_/?utm_source=ig_web_copy_link निष्कर्ष-तथ्य-जांच के हमने पाया कि , झाड़ियों में पड़ी महिला का  वायरल वीडियो किसी असली घटना का नहीं, बल्कि  एक फिल्म की शूटिंग का है। झारखंड में छह लड़कों द्वारा मिलकर लड़की के साथ दुष्कर्म करने और फिर उसे झाड़ियों में फेंकने का दावा फर्जी है। Title:एक फिल्म की शूटिंग का वीडियो झारखंड में महिला के साथ दुष्कर्म के झूठे दावे से वायरल.. Result:False",एक वायरल.. महिला झूठे के के का वीडियो फिल्म झारखंड शूटिंग से में साथ दावे दुष्कर्म की,,REF,same_as_gold,word,"{""shuffle_type"": ""uniform_random"", ""word_order_preserved"": false}","{""fluency_checked"": false, ""label_consistent"": true, ""meaning_preserved"": false}",
934,CA_WORD_03_Jumbling,hi,"पीएमएवाई-शहरी की क्रेडिट-लिंक्ड सब्सिडी योजना के तहत 59,318 करोड़ रुपये से अधिक ब्याज सब्सिडी वितरित की गई।","पीआईबी के हिंदी पृष्ठ में पीएमएवाई-यू की सीएलएसएस के अंतर्गत 59,318 करोड़ रुपये से अधिक ब्याज सब्सिडी वितरण का उल्लेख है।","अधिक क्रेडिट-लिंक्ड के सब्सिडी 59,318 की पीएमएवाई-शहरी गई। योजना की करोड़ सब्सिडी रुपये ब्याज वितरित से तहत",,SUP,same_as_gold,word,"{""shuffle_type"": ""uniform_random"", ""word_order_preserved"": false}","{""fluency_checked"": false, ""label_consistent"": true, ""meaning_preserved"": false}",
935,CA_WORD_03_Jumbling,hi,प्रधानमंत्री गरीब कल्याण अन्न योजना के तहत लगभग 80 करोड़ एनएफएसए लाभार्थियों को अतिरिक्त और मुफ्त खाद्यान्न दिया गया था।,उपभोक्ता कार्य मंत्रालय की विज्ञप्ति में पीएम-जीकेएवाई के अंतर्गत लगभग 80 करोड़ एनएफएसए लाभार्थियों को अतिरिक्त और निःशुल्क चावल या गेहूं वितरण शुरू करने का उल्लेख है।,तहत और 80 को के गया गरीब प्रधानमंत्री योजना लाभार्थियों खाद्यान्न लगभग अतिरिक्त दिया करोड़ एनएफएसए अन्न था। मुफ्त कल्याण,,SUP,same_as_gold,word,"{""shuffle_type"": ""uniform_random"", ""word_order_preserved"": false}","{""fluency_checked"": false, ""label_consistent"": true, ""meaning_preserved"": false}",
936,CA_WORD_03_Jumbling,hi,भारत सरकार ने इसी लेख में चमोली की सभी जलविद्युत परियोजनाओं को स्थायी रूप से बंद करने की घोषणा की।,लेख में ऐसी किसी घोषणा का उल्लेख नहीं है।,सभी की की। ने में बंद करने को रूप परियोजनाओं चमोली जलविद्युत सरकार की से इसी लेख भारत घोषणा स्थायी,,NEI,same_as_gold,word,"{""shuffle_type"": ""uniform_random"", ""word_order_preserved"": false}","{""fluency_checked"": false, ""label_consistent"": true, ""meaning_preserved"": false}",
937,CA_WORD_03_Jumbling,hi,"फरसा वाले बाबा की हत्या के बाद पुलिस पर पथराव का दो महीने पुराना वीडियो, सीजेपी से जोड़कर भ्रामक दावों के साथ वायरल।","कॉकरोच जनता पार्टी कैंपेन से जोड़कर शेयर किया जा रहा है असंबंधित वीडियो। दो महीने पुरानी घटना का है वीडियो। हाल में ही में भारत के मुख्य न्यायाधीश जस्टिस सूर्यकांत के दिए एक बयान के बाद सोशल मीडिया पर शुरू हुए कॉकरोच जनता पार्टी कैंपेन से जोड़कर एक वीडियो वायरल हो रहा है। इसमें कुछ लोगों को सड़क पर उतरकर वीआईपी वाहनों पर पथराव करते हुए दिखाया गया है। वीडियो शेयर करते हुए दावा किया जा रहा है कि कॉकरोच जनता पार्टी से जुड़े लोग अब सड़कों पर उतरकर वीआईपी वाहनों पर पथराव कर रहे हैं। पोस्ट में कैप्शन लिखा गया है… Cockroachसड़कोंपरउतरचुकेहैं–अबकोईVIPनहीं,अबसबबराबरहैं फेसबुक पोस्ट।आर्काइव पोस्ट अनुसंधानसेपताचलताहैकि… हमने जांच की शुरुआत में वायरल वीडियो के कीफ्रेम लेकर उसे रिवर्स इमेज सर्च किया। पड़ताल में हमें यही वीडियो एकइंस्टाग्राम चैनलपर मिला, जिसे  22 मार्च 2026 को प्रकाशित किया गया था। इसके साथ कैप्शन में लिखा गया था,”मथुरा में उपद्रवियों ने पुलिस की गाड़ी पर पथराव किया।” इसी वीडियो को एक औरइंस्टाग्राम यूज़रद्वारा 22 मार्च 2026 को शेयर करते हुए बताया गया है कि, यह मथुरा पुलिस पर गुंडों की पत्थरबाज़ी की घटना है। और पड़ताल करने पर हमेंएनडीटीवीइंडिया के एक्स अकाउंट से 21 मार्च 2026 को पोस्ट किया गया वीडियो मिला, जिसमें वायरल क्लिप को देख सकते हैं।  पोस्ट में लिखे कैप्शन के अनुसार, मथुरा में गोतस्करों ने गोरक्षक फरसा वाले बाबा की ट्रक से कुचलकर हत्या कर दी जिसके बाद गुस्साए लोगों ने पुलिस पर पथराव किया। मथुरा में गोतस्करों ने गोरक्षक ‘फरसा वाले बाबा’ को ट्रक से कुचला, समर्थकों ने जाम किया हाइवे, गुस्साई भीड़ ने पुलिस पर किया पथराव#Mathurapic.twitter.com/hL5W3aW9cb खोज में हमें प्राप्त हुईअमर उजालाकी रिपोर्ट के अनुसार, मथुरा के कोसीकलां में 21 मार्च को फरसा वाले बाबा उर्फ चंद्रशेखर की मौत के बाद दिल्ली-आगरा नेशनल हाइवे पर जमकर हंगामा हुआ था और पुलिस पर पथराव किया गया था, जिसमें कई पुलिसकर्मी घायल हुए थे। उक्त घटना पर 21 मार्च 2026 को अपलोड किए गएएबीपीकी वीडियो रिपोर्ट में पुलिस के बयान को देख सकते हैं। इसमें मथुरा के एसएसपी श्लोक कुमार ने चंद्रशेखर की मौत को हादसा बताया और गोतस्करी के एंगल से इनकार किया। उनका कहना था कि चंद्रशेखर गोवंश के शक पर एक गाड़ी चेक कर रहे थे इस प","दावों वीडियो, महीने का जोड़कर बाबा वाले दो पथराव पुराना पुलिस पर के फरसा की बाद भ्रामक से वायरल। सीजेपी के साथ हत्या",,REF,same_as_gold,word,"{""shuffle_type"": ""uniform_random"", ""word_order_preserved"": false}","{""fluency_checked"": false, ""label_consistent"": true, ""meaning_preserved"": false}",
938,CA_WORD_03_Jumbling,hi,वर्ष 2025 में क्षेत्रीय रेलवे उपयोगकर्ता परामर्श समितियों में संसद के 160 सदस्यों को नामित किया गया।,पीआईबी की वर्षांत समीक्षा में क्षेत्रीय रेलवे उपयोगकर्ता परामर्श समितियों में लोकसभा और राज्यसभा के 160 सदस्यों को नामित करने की जानकारी है।,किया 2025 नामित के 160 में में परामर्श सदस्यों वर्ष उपयोगकर्ता को संसद समितियों क्षेत्रीय गया। रेलवे,,SUP,same_as_gold,word,"{""shuffle_type"": ""uniform_random"", ""word_order_preserved"": false}","{""fluency_checked"": false, ""label_consistent"": true, ""meaning_preserved"": false}",
939,CA_WORD_03_Jumbling,hi,दिल्ली पुलिस ने 15 साल से फरार आरोपी नौशाद को एक कमीशन एजेंट की हत्या और लूट के मामले में गिरफ्तार किया।,पूर्वी दिल्ली में 2011 में हुई हत्या-लूट की घटना में फरार 10 हजार रुपये के इनामी आरोपी नौशाद को शास्त्री पार्क फ्लाईओवर के पास से पकड़ा गया।,फरार से 15 मामले हत्या को की नौशाद आरोपी में गिरफ्तार एजेंट और दिल्ली कमीशन पुलिस लूट ने एक साल किया। के,,SUP,same_as_gold,word,"{""shuffle_type"": ""uniform_random"", ""word_order_preserved"": false}","{""fluency_checked"": false, ""label_consistent"": true, ""meaning_preserved"": false}",
940,CA_WORD_03_Jumbling,hi,फराह खान ने ‘डॉन 3’ के निर्देशन की कमान फरहान अख्तर से अपने हाथ में ले ली है।,रिपोर्ट में बताया गया कि ‘डॉन 3’ का निर्देशन फरहान अख्तर ही कर रहे हैं और रणवीर सिंह को नए डॉन के रूप में घोषित किया गया है। फराह खान के निर्देशक बनने की कोई आधिकारिक घोषणा नहीं मिली।,से की ‘डॉन है। हाथ अपने में खान के ले अख्तर ली कमान फराह निर्देशन फरहान ने 3’,,REF,same_as_gold,word,"{""shuffle_type"": ""uniform_random"", ""word_order_preserved"": false}","{""fluency_checked"": false, ""label_consistent"": true, ""meaning_preserved"": false}",
941,CA_WORD_03_Jumbling,hi,मार्च 2026 में बांग्लादेशी सेना की कार्रवाई का वीडियो भारत के नाम पर शेयर किया जा रहा है।,"ड्रग डीलर की गिरफ्तारी का यह वीडियो बांग्लादेश का है, पश्चिम बंगाल का नहीं। पश्चिम बंगाल में अवैध घुसपैठ के मुद्दे पर प्रशासन और सरकार द्वारा कड़ी कार्रवाई की जा रही है। राज्य में संदिग्ध बांग्लादेशी घुसपैठियों की पहचान करने के साथ ही उन्हें हिरासत में लेने और वापस भेजने की प्रक्रिया तेज हो गई है। इसी संदर्भ से जोड़ते हुए सोशल मीडिया पर एक वीडियो वायरल किया जा रहा है,जिसमें दिखाई दे रहा है कि सेना की वर्दी में जवानों द्वारा एक शख्स को हिरासत में लिया गया है। यूज़र्स द्वारा वीडियो को साझा करते हुए दावा किया जा रहा है कि, बंगाल में बीएसएफ के जवानों ने सीमा पार करने की कोशिश कर रहे एक घुसपैठिए को पकड़ लिया। यूज़र ने पोस्ट के कैप्शन में लिखा है… बंगालबार्डरपरएडबुलतारोंकेनीचेसेसीमापरकररहाथा,बीएसएफनेवहींपकड़लियाऔरफिरबढ़ियाखातिरदारीकी फेसबुक पोस्ट।आर्काइव पोस्ट अनुसंधानसेपताचलताहैकि… हमने जांच की शुरुआत में वायरल वीडियो के कीफ्रेम्स को रिवर्स सर्च किया। परिणाम में हमेंनीरू नाहरनाम के एक्स हैंडल पर 21 मार्च 2026 को पोस्ट किया गया यह वीडियो मिला। इसके साथ लिखे कैप्शन के अनुसार, बांग्लादेश बॉर्डर गार्ड्स ने बीएनपी लीडर मिजान उर्फ़ बाबा मिजान को सीमा पर गिरफ्तार कर लिया। ঈদ মোবারক! সীমান্তে বিজিবির হাতে আটক হলেন বিশিষ্ট ইয়াবা ব্যবসায়ী#বিএনপিরনেতা মিজান ওরফে ""বাবা মিজান""pic.twitter.com/YBzy22u1MT फिर हमें एक बांग्लादेशी न्यूज वेबसाइट के फेसबुक पेजजोनो पल्सपर 22 मार्च 2026 को यहीं वीडियो शेयर किया हुआ मिला। बताया गया है कि चपैनवाबगंज के कुख्यात ड्रग तस्कर जुएल को बीजीबी ने गिरफ्तार कर किया। चपैनवाबगंज नाम की जगह बांग्लादेश में है। आगे पड़ताल करने पर हमें एक और बांग्लादेशी मीडिया आउटलेटCumilla24 tvके फेसबुक पेज पर भी यहीं वीडियो मिला, जिसे 22 मार्च को अपलोड किया गया था। पता चलता है कि बांग्लादेश में बॉर्डर गार्ड्स ने एक ड्रग तस्कर को पकड़ लिया था। हमारी खोज में हमें वायरल वीडियोअन्य बांग्लादेशीमीडियाऑउटलेटके हवाले से उनके फेसबुक पेज शेयर किया हुआ मिला। इनके अनुसार, चौपाई नवाबगंज जिले में एक कुख्यात ड्रग और याबा तस्कर को बांग्लादेशी सेना ने याबा के साथ गिरफ्तार किया था। इसलिए पुष्टि होती है कि बांग्लादेश के वीडियो को बंगाल का बताकर असंबंधित दावा पेश किया जा रहा है। पश्चिम बंगाल",शेयर किया की सेना मार्च है। के में 2026 भारत का कार्रवाई बांग्लादेशी रहा नाम जा पर वीडियो,,REF,same_as_gold,word,"{""shuffle_type"": ""uniform_random"", ""word_order_preserved"": false}","{""fluency_checked"": false, ""label_consistent"": true, ""meaning_preserved"": false}",
942,CA_WORD_03_Jumbling,hi,'द ओडिसी' ने वीकएंड में अच्छा कलेक्शन किया।,"अमर उजाला की रिपोर्ट के अनुसार, हॉलीवुड फिल्म 'द ओडिसी' बॉक्स ऑफिस पर अच्छी कमाई कर रही है। जानिए फिल्म ने आज रविवार को कितना कलेक्शन किया है। खबर में यही जानकारी स्पष्ट रूप से दर्ज है।",कलेक्शन 'द ओडिसी' वीकएंड अच्छा किया। में ने,,SUP,same_as_gold,word,"{""shuffle_type"": ""uniform_random"", ""word_order_preserved"": false}","{""fluency_checked"": false, ""label_consistent"": true, ""meaning_preserved"": false}",
943,CA_WORD_03_Jumbling,hi,"विश्व स्वास्थ्य संगठन (डब्ल्यूएचओ) के अनुसार, बच्चों के लिए सीसा के संपर्क का कोई भी स्तर सुरक्षित नहीं माना गया है।","विश्व स्वास्थ्य संगठन (WHO) के अनुसार, सीसा (Lead) बच्चों के स्वास्थ्य और विकास पर गंभीर प्रतिकूल प्रभाव डाल सकता है। इसलिए WHO स्पष्ट करता है कि बच्चों के लिए सीसा के संपर्क का कोई सुरक्षित स्तर नहीं माना जाता।","का स्वास्थ्य के सीसा के लिए गया कोई नहीं अनुसार, सुरक्षित है। संपर्क विश्व भी के संगठन माना बच्चों स्तर (डब्ल्यूएचओ)",,SUP,same_as_gold,word,"{""shuffle_type"": ""uniform_random"", ""word_order_preserved"": false}","{""fluency_checked"": false, ""label_consistent"": true, ""meaning_preserved"": false}",
944,CA_WORD_03_Jumbling,hi,टाइप 1 मधुमेह वाले लोगों को जीवित रहने के लिए इंसुलिन की आवश्यकता होती है।,डब्ल्यूएचओ के अनुसार टाइप 1 मधुमेह वाले लोगों को जीवित रहने के लिए इंसुलिन इंजेक्शन की आवश्यकता होती है।,है। 1 जीवित की वाले लोगों रहने आवश्यकता इंसुलिन टाइप के मधुमेह लिए होती को,,SUP,same_as_gold,word,"{""shuffle_type"": ""uniform_random"", ""word_order_preserved"": false}","{""fluency_checked"": false, ""label_consistent"": true, ""meaning_preserved"": false}",
945,CA_WORD_03_Jumbling,hi,57 घटनाओं में से 38 घटनाएं 1000 से 2000 मीटर ऊंचाई वाले एलिवेशन बैंड में हुईं।,लेख में 38 घटनाओं के इसी ऊंचाई बैंड में होने की जानकारी दी गई है।,में 38 से में ऊंचाई 1000 घटनाओं घटनाएं 2000 वाले बैंड मीटर से हुईं। एलिवेशन 57,,SUP,same_as_gold,word,"{""shuffle_type"": ""uniform_random"", ""word_order_preserved"": false}","{""fluency_checked"": false, ""label_consistent"": true, ""meaning_preserved"": false}",
946,CA_WORD_03_Jumbling,hi,"विकसित भारत-जी राम जी योजना के लिए 95,682 करोड़ रुपये की अंतरिम स्वीकृति दी गई थी।","एनडीटीवी इंडिया की हिंदी रिपोर्ट में केंद्रीय मंत्री के हवाले से विकसित भारत-जी राम जी योजना के लिए 95,682 करोड़ रुपये की अंतरिम स्वीकृति का उल्लेख है।","भारत-जी अंतरिम योजना के रुपये राम विकसित की करोड़ जी स्वीकृति लिए थी। गई दी 95,682",,SUP,same_as_gold,word,"{""shuffle_type"": ""uniform_random"", ""word_order_preserved"": false}","{""fluency_checked"": false, ""label_consistent"": true, ""meaning_preserved"": false}",
947,CA_WORD_03_Jumbling,hi,सुविधा 2.0 ऐप पर अनुमति अनुरोध पर निर्णय होने के बाद आदेश की प्रति डाउनलोड की जा सकती है।,पीआईबी की विज्ञप्ति में अनुमति अनुरोध पर निर्णय के बाद आदेश की प्रति ऐप से डाउनलोड करने की सुविधा दी गई है।,आदेश है। प्रति डाउनलोड सकती पर 2.0 ऐप के बाद जा की अनुमति सुविधा की होने पर निर्णय अनुरोध,,SUP,same_as_gold,word,"{""shuffle_type"": ""uniform_random"", ""word_order_preserved"": false}","{""fluency_checked"": false, ""label_consistent"": true, ""meaning_preserved"": false}",
948,CA_WORD_03_Jumbling,hi,अलीगढ़ पुलिस ने एक महिला से दुष्कर्म के आरोपी ई-रिक्शा चालक सुभान को पुलिस मुठभेड़ के बाद गिरफ्तार किया।,सहायक पुलिस अधीक्षक आदित्य बंसल के अनुसार आरोपी ने महिला को सुरक्षित होटल ले जाने का आश्वासन देकर कमरे में जबरन घुसकर वारदात को अंजाम दिया था।,पुलिस मुठभेड़ गिरफ्तार एक दुष्कर्म बाद के किया। आरोपी सुभान से चालक ई-रिक्शा को पुलिस अलीगढ़ के ने महिला,,SUP,same_as_gold,word,"{""shuffle_type"": ""uniform_random"", ""word_order_preserved"": false}","{""fluency_checked"": false, ""label_consistent"": true, ""meaning_preserved"": false}",
949,CA_WORD_03_Jumbling,hi,"वित्त मंत्री निर्मला सीतारमण 'क्वांटम एआई' निवेश योजना का प्रचार कर रही हैं जिसमें 30 दिन में 25,000 रुपये पर 25 लाख रुपये से अधिक रिटर्न मिलता है।",आकाशवाणी समाचार की हिंदी रिपोर्ट में पीआईबी फैक्ट चेक ने इस वीडियो को फर्जी और एआई-निर्मित बताया है तथा ऐसी योजना की घोषणा या समर्थन से इनकार किया है।,"अधिक रही लाख 25 है। का पर 25,000 योजना सीतारमण कर निर्मला से 30 वित्त जिसमें 'क्वांटम में रिटर्न दिन मिलता रुपये प्रचार एआई' रुपये निवेश मंत्री हैं",,REF,same_as_gold,word,"{""shuffle_type"": ""uniform_random"", ""word_order_preserved"": false}","{""fluency_checked"": false, ""label_consistent"": true, ""meaning_preserved"": false}",
950,CA_WORD_03_Jumbling,hi,प्रधानमंत्री किसान संपदा योजना से 38 लाख किसानों को लाभ मिला था।,पीआईबी हिंदी पृष्ठ के अनुसार प्रधानमंत्री किसान संपदा योजना से 38 लाख किसान लाभान्वित हुए थे।,को 38 था। प्रधानमंत्री से संपदा योजना मिला लाभ किसानों किसान लाख,,SUP,same_as_gold,word,"{""shuffle_type"": ""uniform_random"", ""word_order_preserved"": false}","{""fluency_checked"": false, ""label_consistent"": true, ""meaning_preserved"": false}",
951,CA_WORD_03_Jumbling,hi,"केंद्र सरकार ने वीबी-जी राम जी योजना के लिए 95,692 करोड़ रुपये की अंतरिम राशि देने की घोषणा की।","अमर उजाला की हिंदी रिपोर्ट में वीबी-जी राम जी योजना के लिए 95,692 करोड़ रुपये की अंतरिम राशि जारी करने की घोषणा दर्ज है।","के राम 95,692 देने अंतरिम ने सरकार लिए की। राशि घोषणा योजना करोड़ की केंद्र की रुपये वीबी-जी जी",,SUP,same_as_gold,word,"{""shuffle_type"": ""uniform_random"", ""word_order_preserved"": false}","{""fluency_checked"": false, ""label_consistent"": true, ""meaning_preserved"": false}",
952,CA_WORD_03_Jumbling,hi,आहार में कृत्रिम ट्रांस फैट का सेवन करने से हृदय रोग और स्ट्रोक का खतरा काफी बढ़ जाता है।,"विश्व स्वास्थ्य संगठन के अनुसार, औद्योगिक रूप से उत्पादित ट्रांस फैट का सेवन हृदय रोग के जोखिम को 21% और मृत्यु दर को 28% तक बढ़ा देता है।",खतरा आहार फैट स्ट्रोक और ट्रांस बढ़ का काफी जाता रोग कृत्रिम का सेवन हृदय से में है। करने,,SUP,same_as_gold,word,"{""shuffle_type"": ""uniform_random"", ""word_order_preserved"": false}","{""fluency_checked"": false, ""label_consistent"": true, ""meaning_preserved"": false}",
953,CA_WORD_03_Jumbling,hi,बिजली न होने वाले क्षेत्र में ईवीएम और वीवीपैट से मतदान नहीं कराया जा सकता।,निर्वाचन आयोग के अनुसार ईवीएम और वीवीपैट को बाहरी बिजली आपूर्ति की आवश्यकता नहीं होती; वे अपने पावर-पैक से चलती हैं।,ईवीएम वाले होने वीवीपैट क्षेत्र बिजली जा कराया में और से न मतदान नहीं सकता।,,REF,same_as_gold,word,"{""shuffle_type"": ""uniform_random"", ""word_order_preserved"": false}","{""fluency_checked"": false, ""label_consistent"": true, ""meaning_preserved"": false}",
954,CA_WORD_03_Jumbling,hi,"पीएम ई-ड्राइव योजना सितंबर 2024 में 10,900 करोड़ रुपये के परिव्यय के साथ शुरू की गई थी।","पीआईबी की हिंदी विज्ञप्ति के अनुसार पीएम ई-ड्राइव योजना सितंबर 2024 में 10,900 करोड़ रुपये के परिव्यय के साथ शुरू की गई।","सितंबर के के में 2024 परिव्यय पीएम योजना रुपये ई-ड्राइव साथ शुरू गई करोड़ की थी। 10,900",,SUP,same_as_gold,word,"{""shuffle_type"": ""uniform_random"", ""word_order_preserved"": false}","{""fluency_checked"": false, ""label_consistent"": true, ""meaning_preserved"": false}",
955,CA_WORD_03_Jumbling,hi,प्रधानमंत्री जन धन योजना अगस्त 2014 में शुरू की गई थी।,पीआईबी की हिंदी सामग्री प्रधानमंत्री जन धन योजना को अगस्त 2014 में आरंभ राष्ट्रीय वित्तीय समावेशन पहल बताती है।,थी। धन अगस्त शुरू जन योजना 2014 गई में प्रधानमंत्री की,,SUP,same_as_gold,word,"{""shuffle_type"": ""uniform_random"", ""word_order_preserved"": false}","{""fluency_checked"": false, ""label_consistent"": true, ""meaning_preserved"": false}",
956,CA_WORD_03_Jumbling,hi,लेख के अनुसार अभी तक किसी भी आपदा प्रभावित को पुनर्वास पैकेज के तहत मुआवजा नहीं दिया गया।,लेख में स्पष्ट रूप से नौ प्रभावितों को 188.15 लाख रुपये वितरित किए जाने का उल्लेख है।,तक लेख किसी पुनर्वास के मुआवजा के को गया। प्रभावित तहत भी नहीं अभी पैकेज आपदा अनुसार दिया,,REF,same_as_gold,word,"{""shuffle_type"": ""uniform_random"", ""word_order_preserved"": false}","{""fluency_checked"": false, ""label_consistent"": true, ""meaning_preserved"": false}",
957,CA_WORD_03_Jumbling,hi,"इस हफ्ते 'जन नायकन' की चार दिनों में 100 करोड़ के क्लब में एंट्री, 32 करोड़ किया कलेक्शन।",एबीपी न्यूज़: 'जन नायकन' में थलपति विजय लीड रोल में नजर आ रहे हैं. फिल्म को बहुत शानदार रिस्पॉन्स मिल रहा है.,"करोड़ में 100 दिनों चार इस की कलेक्शन। एंट्री, किया के 32 नायकन' 'जन में क्लब करोड़ हफ्ते",,SUP,same_as_gold,word,"{""shuffle_type"": ""uniform_random"", ""word_order_preserved"": false}","{""fluency_checked"": false, ""label_consistent"": true, ""meaning_preserved"": false}",
958,CA_WORD_03_Jumbling,hi,वर्ष 2024 में संसद के दोनों सदनों ने 49 विधेयक पारित किए।,संसदीय कार्य मंत्रालय की वर्षांत समीक्षा 2024 में संसद के दोनों सदनों द्वारा 16 विधेयक पारित होने की जानकारी है।,के विधेयक किए। दोनों पारित 49 2024 संसद में ने वर्ष सदनों,,REF,same_as_gold,word,"{""shuffle_type"": ""uniform_random"", ""word_order_preserved"": false}","{""fluency_checked"": false, ""label_consistent"": true, ""meaning_preserved"": false}",
959,CA_WORD_03_Jumbling,hi,"लोकसभा आम चुनाव 2024 में कुल पंजीकृत मतदाता संख्या 97,97,51,847 थी।","निर्वाचन आयोग के लोकसभा चुनाव 2024 एटलस में 18वें लोकसभा चुनाव के कुल मतदाता 97,97,51,847 दर्ज हैं।","लोकसभा चुनाव आम पंजीकृत कुल में 97,97,51,847 संख्या मतदाता थी। 2024",,SUP,same_as_gold,word,"{""shuffle_type"": ""uniform_random"", ""word_order_preserved"": false}","{""fluency_checked"": false, ""label_consistent"": true, ""meaning_preserved"": false}",
960,CA_WORD_03_Jumbling,hi,मिर्गी में दौरा हमेशा पांच मिनट से अधिक रहता है।,"डब्ल्यूएचओ मिर्गी और दौरे की चर्चा करता है, लेकिन हर दौरे की अवधि पांच मिनट से अधिक होने का नियम स्थापित नहीं करता।",दौरा मिनट अधिक हमेशा में पांच मिर्गी है। से रहता,,NEI,same_as_gold,word,"{""shuffle_type"": ""uniform_random"", ""word_order_preserved"": false}","{""fluency_checked"": false, ""label_consistent"": true, ""meaning_preserved"": false}",
961,CA_WORD_03_Jumbling,hi,अभिषेक बच्चन ने ऐश्वर्या राय बच्चन से तलाक की अर्जी दाखिल कर दी है।,रिपोर्ट में वायरल दावे की पड़ताल करते हुए कहा गया कि तलाक दाखिल करने का कोई आधिकारिक रिकॉर्ड या परिवार का बयान उपलब्ध नहीं है। सोशल मीडिया पर चल रहे वीडियो और पोस्ट अनुमान आधारित पाए गए।,ऐश्वर्या दाखिल कर बच्चन है। बच्चन से की अभिषेक तलाक दी राय अर्जी ने,,REF,same_as_gold,word,"{""shuffle_type"": ""uniform_random"", ""word_order_preserved"": false}","{""fluency_checked"": false, ""label_consistent"": true, ""meaning_preserved"": false}",
962,CA_WORD_03_Jumbling,hi,"लोकसभा चुनाव 2024 के छठे चरण में 8 राज्यों/केंद्र शासित प्रदेशों में 1,000 से अधिक उम्मीदवार चुनाव लड़ रहे थे।",पीआईबी की हिंदी विज्ञप्ति के अनुसार छठे चरण में 889 उम्मीदवार चुनाव मैदान में थे।,"लड़ चुनाव से प्रदेशों थे। राज्यों/केंद्र उम्मीदवार में छठे चुनाव 1,000 लोकसभा 8 2024 चरण रहे अधिक शासित के में",,REF,same_as_gold,word,"{""shuffle_type"": ""uniform_random"", ""word_order_preserved"": false}","{""fluency_checked"": false, ""label_consistent"": true, ""meaning_preserved"": false}",
963,CA_WORD_03_Jumbling,hi,ग्रामीण प्रशासन के समय पर न पहुंचने से नाराज थे।,लेख में प्रशासन के नहीं पहुंचने पर लोगों के गुस्से का उल्लेख है।,पहुंचने समय के न पर से नाराज ग्रामीण थे। प्रशासन,,SUP,same_as_gold,word,"{""shuffle_type"": ""uniform_random"", ""word_order_preserved"": false}","{""fluency_checked"": false, ""label_consistent"": true, ""meaning_preserved"": false}",
964,CA_WORD_03_Jumbling,hi,दुबई में एक भारतीय कारोबारी के अपहरण और फिरौती वसूलने के मामले में जांच एजेंसियों ने तीन आरोपियों को गिरफ्तार किया।,"गिरफ्तार आरोपियों में से दो को अदालत में पेश करने के बाद न्यायिक हिरासत में जेल भेजा गया, जबकि तीसरे को पूछताछ के लिए पुलिस रिमांड पर लिया गया।",जांच आरोपियों अपहरण किया। में भारतीय को फिरौती गिरफ्तार ने में वसूलने कारोबारी एक दुबई के और के एजेंसियों तीन मामले,,SUP,same_as_gold,word,"{""shuffle_type"": ""uniform_random"", ""word_order_preserved"": false}","{""fluency_checked"": false, ""label_consistent"": true, ""meaning_preserved"": false}",
965,CA_WORD_03_Jumbling,hi,'कौन बनेगा करोड़पति 18' की शूटिंग 1 अगस्त से शुरू होगी।,TV9 भारतवर्ष की खबर में इतना ही है कि 1 अगस्त से KBC 18 की शूटिंग शुरू होने जा रही है. अमिताभ बच्चन इस बार... शेष विवरण रिपोर्ट में नहीं है।,करोड़पति 1 18' होगी। से शूटिंग अगस्त 'कौन की बनेगा शुरू,,NEI,same_as_gold,word,"{""shuffle_type"": ""uniform_random"", ""word_order_preserved"": false}","{""fluency_checked"": false, ""label_consistent"": true, ""meaning_preserved"": false}",
966,CA_WORD_03_Jumbling,hi,"अलीगढ़ में मुस्लिम जोड़े पर हमले का वीडियो फर्जी, स्क्रिप्टेड ड्रामा असली घटना के रूप में वायरल….","सोशल मीडिया पर एक हैरान कर देने वाला वीडियो तेज़ी से शेयर किया जा रहा है, जिसमें दो लोग ई-रिक्शा में जा रहे एक जोड़े के साथ मारपीट करते हैं। दावा किया जा रहा है कि यह वीडियो उत्तर प्रदेश के अलीगढ़ का है और इसमें एक मुस्लिम जोड़े के साथ मारपीट की जा रही है। वायरल वीडियो के साथ यूजर ने लिखा है- नये भारत मैं अपराधी बेखौफ है बीजेपी सरकार मैं।अपराधियों का राज ऐसा है कि पहले जनता को मारते है उसका वीडियो खुद बना कर सोशल मीडिया पर डालते हैं दबंगों को कोई खौफ नहीं कानून का  अगर कानून का डर खौफ होता तो ये सब जो कर रहे हैं नहीं करते एक मुस्लिम महिला और उसके पति  के साथ जो हो रहा है बो वीडियो में साफ दिख रहा है  बहुत अच्छी बात है  नया भारत तरक्की कर रहा है फेसबुक।आर्काइव अनुसंधान से पता चलता है कि… पड़ताल की शुरुआत में हमने वायरल वीडियो के तस्वीरों का रिवर्स इमेज सर्च किया, परिणाम में वायरल वीडियो  हमें‘@muklesurbhaijaan2.0‘ नाम के एक यूट्यूब चैनल पर मिला। हमने पाया कि 9 जून 2026 को अपलोड किया हुआ यह वीडियो वायरल वीडियो का विस्तृत संस्करण था। पड़ताल में आगे हमने इस यूट्यूब चैनल की और जांच की। इसमें पाया गया कि चैनल के मालिक ने चैनल के विवरण में साफ़ तौर पर बताया था कि यहां अपलोड किए गए सभी वीडियो स्क्रिप्टेड हैं और सिर्फ़ मनोरंजन के मक़सद से बनाए गए हैं, इनमें वास्तविक घटनाओं को नहीं दिखाया गया है। विवरण में लिखा है: “मेरे चैनल के सभी वीडियो मनोरंजन के मकसद से, सुरक्षा को ध्यान में रखते हुए स्क्रिप्टेड और सावधानी से प्लान किए गए हैं। इन्हें सिर्फ़ मनोरंजन के लिए दिखाया जाता है; कृपया बुरा न मानें।” इन जानकारियों से यह साफ होता है कि वायरल वीडियो में दिखाई गई घटना स्क्रिप्टेड थी और इसमें भारत में किसी मुस्लिम जोड़े पर हुए असल हमले की कोई खबर नहीं थी। इस तरह के स्क्रिप्टेड अन्य वीडियो भी यहां मौजूद है, जिनको देखा जा सकता है। वायरल दावे के संदर्भ में आगे हमने कीवर्ड्स का इस्तेमाल करके यह पता लगाने की कोशिश की कि क्या हाल में भारत में ऐसी कोई घटना हुई है। हालांकि, सर्च में ऐसी किसी घटना की पुष्टि करने वाली कोई भरोसेमंद खबर नहीं हमें मिली। क्यूंकि अगर यह दावा सच होता, तो मीडिया में इसकी व्यापक चर्चा हुई होती। निष्कर्ष– तथ्य-जांच के बाद हमने पाया कि, वायरल वीडियो किसी असली घटना से सम","रूप अलीगढ़ वायरल…. ड्रामा फर्जी, में हमले असली मुस्लिम में के का वीडियो पर जोड़े स्क्रिप्टेड घटना",,REF,same_as_gold,word,"{""shuffle_type"": ""uniform_random"", ""word_order_preserved"": false}","{""fluency_checked"": false, ""label_consistent"": true, ""meaning_preserved"": false}",
967,CA_WORD_03_Jumbling,hi,अमाल मलिक तनिष्क बागची पर भड़के।,एबीपी न्यूज़ ने बताया कि सिंगर अमाल मलिक ने तनिष्क बागची पर लगाए आरोपों वाले पोस्ट डिलीट कर दिए हैं.,अमाल भड़के। तनिष्क मलिक पर बागची,,SUP,same_as_gold,word,"{""shuffle_type"": ""uniform_random"", ""word_order_preserved"": false}","{""fluency_checked"": false, ""label_consistent"": true, ""meaning_preserved"": false}",
968,CA_WORD_03_Jumbling,hi,कोल्हापुर में हुई मारपीट का पुराना वीडियो महालक्ष्मी मंदिर का बताकर  सांप्रदायिक दावे से वायरल….,"सोशल मीडिया पर एक लड़ाई में शामिल कुछ लोगों का वीडियो तेजी से वायरल हो रहा है। जिसमें दावा किया गया है कि दो मुस्लिम व्यक्ति “अल्लाहु अकबर” के नारे लगाते हुए बीफ़ लेकर मंदिर परिसर में घुस गए थे, जिसके बाद उन्हें पुजारियों ने पकड़कर पीटा। वायरल वीडियो के साथ यूजर ने लिखा है- कोल्हापुर महालक्ष्मी मंदिर में मुस्लिमों ने श्रद्धालुओं पर मांस फेंककर “अल्लाहु अकबर” के नारे लगाए..!लगभग 20 पुजारियों ने मुस्लिमों पर नारियल फेंकते हुए जोरदार कुटाई करके मुंहतोड़ जवाब दिया.. फेसबुक।आर्काइव अनुसंधान से पता चलता है कि… पड़ताल की शुरुआत में हमने वायरल  वीडियो के तस्वीरों का रिवर्स इमेज सर्च किया। परिणाम में वायरल वीडियो हमें एनडीटीवी’ कीवेबसाइटपर प्रकाशित रिपोर्ट में मिली, जिसे  23 मार्च 2026 को प्रकाशित किया गया है। खबर के अनुसार, मामला कोल्हापुर के ज्योतिबा मंदिर का है, जहां दो श्रद्धालुओं को पुजारियों ने पीट दिया था। इसमें कहीं भी कोई सांप्रदायिक आरोप नहीं लगाया गया है। मिली जानकारी की मदद लेते हुए अधिक सर्च करने पर एक और रिपोर्ट हमेंटाइम्स ऑफ इंडिया की वेबसाइट पर मिली। 24 मार्च को प्रकाशित इस  रिपोर्ट के मुताबिक, यह घटना कोल्हापुर के पन्हाला तहसील में स्थित ज्योतिबा मंदिर में 22 मार्च को हुई थी।  और इस मामले में पुलिस ने 17 पुजारियों और 17 श्रद्धालुओं के खिलाफ केस दर्ज किया था। कोडोली पुलिस स्टेशन में दर्ज एफआईआर के हवाले से रिपोर्ट में बताया गया है कि मंदिर आए कुछ श्रद्धालुओं ने एक टूटे हुए नारियल में गुलाल मिलाकर उसे एक पुजारी पर फेंक दिया था। इस बात पर दोनों पक्षों में कहासुनी हुई जो बाद में मारपीट में बदल गई। इसके अलावा, वायरल वीडियो से जुड़ी रिपोर्टें हमेंयहाँ,यहाँऔरयहाँपर भी मिली है। जिनके हवाले से पता चलता है कि,  यह घटना 22 मार्च 2026 को कोल्हापुर के ज्योतिबा मंदिर में हुई थी। जब करीब 15-20 पुजारियों ने दो श्रद्धालुओं पर हमला किया। मंदिर ट्रस्ट ने बताया कि पुजारियों ने तब प्रतिक्रिया दी, जब श्रद्धालुओं ने गुलाल और नारियल फेंककर पूजा-पाठ में बाधा डाली। हालाँकि, श्रद्धालुओं ने आरोप लगाया कि पुजारियों का बर्ताव अनुचित था। पुलिस ने इस घटना को लेकर पुजारियों और श्रद्धालुओं, दोनों के खिलाफ मामले दर्ज किए । इन रिपोर्टों में कोई सबूत नहीं है जिससे यह पता चले कि यह कोई सांप्रदाय",सांप्रदायिक से मारपीट महालक्ष्मी वीडियो हुई बताकर का का मंदिर कोल्हापुर पुराना में वायरल…. दावे,,REF,same_as_gold,word,"{""shuffle_type"": ""uniform_random"", ""word_order_preserved"": false}","{""fluency_checked"": false, ""label_consistent"": true, ""meaning_preserved"": false}",
969,CA_WORD_03_Jumbling,hi,वित्त वर्ष 2025-26 के लिए प्रधानमंत्री उज्ज्वला योजना लाभार्थियों को लक्षित सब्सिडी जारी रखने को मंजूरी दी गई।,प्रधानमंत्री कार्यालय की हिंदी विज्ञप्ति में वित्त वर्ष 2025-26 के लिए उज्ज्वला लाभार्थियों को लक्षित सब्सिडी जारी रखने की मंजूरी है।,योजना को लिए वर्ष गई। लक्षित दी को वित्त लाभार्थियों जारी के 2025-26 प्रधानमंत्री उज्ज्वला मंजूरी रखने सब्सिडी,,SUP,same_as_gold,word,"{""shuffle_type"": ""uniform_random"", ""word_order_preserved"": false}","{""fluency_checked"": false, ""label_consistent"": true, ""meaning_preserved"": false}",
970,CA_WORD_03_Jumbling,hi,पिछले 10 वर्षों में अपर गंगा बेसिन के छह जिलों में कुल 57 घटनाएं दर्ज की गईं।,लेख में छह जिलों में 57 घटनाओं का उल्लेख है।,10 में जिलों गंगा बेसिन घटनाएं गईं। दर्ज पिछले अपर वर्षों छह 57 के की में कुल,,SUP,same_as_gold,word,"{""shuffle_type"": ""uniform_random"", ""word_order_preserved"": false}","{""fluency_checked"": false, ""label_consistent"": true, ""meaning_preserved"": false}",
971,CA_WORD_03_Jumbling,hi,उत्तराखंड सरकार ने खलियाण गांव के पुनर्वास के लिए ₹100 करोड़ के विशेष राहत पैकेज की घोषणा की।,लेख में ऐसी किसी राहत राशि या पुनर्वास पैकेज की घोषणा का उल्लेख नहीं है।,खलियाण ₹100 पैकेज लिए करोड़ पुनर्वास विशेष उत्तराखंड ने राहत गांव की। की के घोषणा सरकार के के,,NEI,same_as_gold,word,"{""shuffle_type"": ""uniform_random"", ""word_order_preserved"": false}","{""fluency_checked"": false, ""label_consistent"": true, ""meaning_preserved"": false}",
972,CA_WORD_03_Jumbling,hi,केंद्रीय मंत्रिमंडल ने 27 अगस्त 2025 को पीएम स्वनिधि योजना के पुनर्गठन और विस्तार को मंजूरी दी।,पीआईबी की हिंदी विज्ञप्ति में 27 अगस्त 2025 को केंद्रीय मंत्रिमंडल द्वारा पीएम स्वनिधि योजना के पुनर्गठन और विस्तार की मंजूरी का उल्लेख है।,पीएम केंद्रीय स्वनिधि मंत्रिमंडल पुनर्गठन दी। को विस्तार 2025 मंजूरी को योजना के अगस्त 27 और ने,,SUP,same_as_gold,word,"{""shuffle_type"": ""uniform_random"", ""word_order_preserved"": false}","{""fluency_checked"": false, ""label_consistent"": true, ""meaning_preserved"": false}",
973,CA_WORD_03_Jumbling,hi,भारत-नेपाल सीमा पर सुपौल जिले के भीमनगर चेक पोस्ट पर एसएसबी ने बाल श्रम के लिए ले जाए जा रहे 8 नाबालिग बच्चों को बचाकर 2 तस्करों को गिरफ्तार किया।,जांच में सामने आया कि गिरफ्तार तस्करों ने बच्चों के परिजनों को यात्रा का झांसा देकर बहला-फुसलाकर बाल श्रम के लिए भारत में अवैध रूप से काम कराया था।,2 लिए सीमा पर सुपौल के रहे तस्करों बच्चों जा बाल पोस्ट बचाकर जिले ले श्रम किया। ने जाए को चेक भीमनगर नाबालिग भारत-नेपाल को के पर गिरफ्तार 8 एसएसबी,,SUP,same_as_gold,word,"{""shuffle_type"": ""uniform_random"", ""word_order_preserved"": false}","{""fluency_checked"": false, ""label_consistent"": true, ""meaning_preserved"": false}",
974,CA_WORD_03_Jumbling,hi,चक्रवात Ditwah के कारण चेन्नई मेट्रो सेवा पूरी तरह बंद कर दी गई थी।,लेख में चेन्नई मेट्रो सेवा के संचालन या बंद होने का कोई उल्लेख नहीं है।,गई कर के दी सेवा चक्रवात मेट्रो तरह चेन्नई कारण बंद Ditwah पूरी थी।,,NEI,same_as_gold,word,"{""shuffle_type"": ""uniform_random"", ""word_order_preserved"": false}","{""fluency_checked"": false, ""label_consistent"": true, ""meaning_preserved"": false}",
975,CA_WORD_03_Jumbling,hi,myScheme नागरिकों को पात्रता के आधार पर सरकारी योजनाएं खोजने में मदद करता है।,myScheme के हिंदी पृष्ठ पर पात्रता के आधार पर योजनाएं खोजने की सुविधा का वर्णन है।,योजनाएं में खोजने आधार है। पात्रता myScheme सरकारी के पर करता मदद को नागरिकों,,SUP,same_as_gold,word,"{""shuffle_type"": ""uniform_random"", ""word_order_preserved"": false}","{""fluency_checked"": false, ""label_consistent"": true, ""meaning_preserved"": false}",
976,CA_WORD_03_Jumbling,hi,लेख के अनुसार बदरीनाथ हाईवे पर भूस्खलन रोकने के लिए कोई कार्य शुरू नहीं किया गया है।,लेख में स्पष्ट रूप से बीआरओ द्वारा कार्य शुरू किए जाने का उल्लेख है।,शुरू के है। भूस्खलन बदरीनाथ नहीं किया लिए अनुसार कार्य हाईवे कोई लेख के रोकने पर गया,,REF,same_as_gold,word,"{""shuffle_type"": ""uniform_random"", ""word_order_preserved"": false}","{""fluency_checked"": false, ""label_consistent"": true, ""meaning_preserved"": false}",
977,CA_WORD_03_Jumbling,hi,नाले का जलस्तर अधिक होने के कारण लोग पैदल भी आवाजाही नहीं कर सके।,लेख में जलस्तर अधिक होने से पैदल आवागमन भी बाधित होने की बात कही गई है।,कर होने नहीं पैदल के कारण नाले अधिक भी जलस्तर का आवाजाही लोग सके।,,SUP,same_as_gold,word,"{""shuffle_type"": ""uniform_random"", ""word_order_preserved"": false}","{""fluency_checked"": false, ""label_consistent"": true, ""meaning_preserved"": false}",
978,CA_WORD_03_Jumbling,hi,"टाइप 2 मधुमेह की रोकथाम के लिए प्रतिदिन ठीक 7,500 कदम चलना सभी वयस्कों के लिए पर्याप्त है।","डब्ल्यूएचओ नियमित शारीरिक गतिविधि और प्रति सप्ताह कम से कम 150 मिनट मध्यम व्यायाम की सलाह देता है, लेकिन सभी वयस्कों के लिए ठीक 7,500 कदम को पर्याप्त सीमा नहीं बताता।","मधुमेह सभी ठीक लिए कदम की रोकथाम प्रतिदिन 7,500 लिए वयस्कों टाइप पर्याप्त है। चलना 2 के के",,NEI,same_as_gold,word,"{""shuffle_type"": ""uniform_random"", ""word_order_preserved"": false}","{""fluency_checked"": false, ""label_consistent"": true, ""meaning_preserved"": false}",
979,CA_WORD_03_Jumbling,hi,देहरादून का तापमान नौ डिग्री गिरकर 21 डिग्री सेल्सियस पहुंच गया।,लेख में तापमान नौ डिग्री गिरने और 21 डिग्री होने का उल्लेख है।,सेल्सियस तापमान पहुंच गिरकर डिग्री डिग्री देहरादून नौ का गया। 21,,SUP,same_as_gold,word,"{""shuffle_type"": ""uniform_random"", ""word_order_preserved"": false}","{""fluency_checked"": false, ""label_consistent"": true, ""meaning_preserved"": false}",
980,CA_WORD_03_Jumbling,hi,"पीएम मुद्रा योजना के तहत ऋण को शिशु, किशोर और तरुण श्रेणियों में बांटा गया है।","आज तक की हिंदी रिपोर्ट में पीएम मुद्रा ऋण की शिशु, किशोर और तरुण श्रेणियां बताई गई हैं।","में मुद्रा पीएम तहत और को है। ऋण योजना गया के शिशु, किशोर बांटा तरुण श्रेणियों",,SUP,same_as_gold,word,"{""shuffle_type"": ""uniform_random"", ""word_order_preserved"": false}","{""fluency_checked"": false, ""label_consistent"": true, ""meaning_preserved"": false}",
981,CA_WORD_03_Jumbling,hi,17 जून 2026 तक मिजोरम में जल जीवन मिशन के अंतर्गत ग्रामीण नल जल कवरेज 100 प्रतिशत था।,पीआईबी की हिंदी विज्ञप्ति में 17 जून 2026 की स्थिति पर मिजोरम के लिए जल जीवन मिशन कवरेज 100 प्रतिशत दर्ज है।,2026 100 जल में मिशन ग्रामीण अंतर्गत था। के प्रतिशत नल मिजोरम कवरेज जीवन जल तक 17 जून,,SUP,same_as_gold,word,"{""shuffle_type"": ""uniform_random"", ""word_order_preserved"": false}","{""fluency_checked"": false, ""label_consistent"": true, ""meaning_preserved"": false}",
982,CA_WORD_03_Jumbling,hi,'लगान' और 'गदर' जैसी फिल्में 2026 में 25 साल पूरे करेंगी।,"न्यूज़बाइट्स हिंदी की रिपोर्ट में दर्ज है कि 2001 बॉलीवुड के इतिहास में बेहद खास माना जाता है। इस वर्ष कई ऐसी यादगार फिल्में रिलीज हुईं, जिन्होंने दर्शकों का दिल जीतने के साथ बॉक्स ऑफिस पर भी शानदार सफलता हासिल की।",और साल 'लगान' जैसी 'गदर' 25 करेंगी। 2026 फिल्में में पूरे,,SUP,same_as_gold,word,"{""shuffle_type"": ""uniform_random"", ""word_order_preserved"": false}","{""fluency_checked"": false, ""label_consistent"": true, ""meaning_preserved"": false}",
983,CA_WORD_03_Jumbling,hi,केंद्र सरकार ने मनीष तिवारी की मांग स्वीकार करते हुए एअर इंडिया को वापस सरकारी नियंत्रण में लेने की घोषणा कर दी।,लेख में सरकार द्वारा ऐसी किसी घोषणा का उल्लेख नहीं है।,में केंद्र वापस ने लेने स्वीकार तिवारी नियंत्रण सरकार एअर की मनीष करते की हुए को सरकारी कर इंडिया घोषणा दी। मांग,,NEI,same_as_gold,word,"{""shuffle_type"": ""uniform_random"", ""word_order_preserved"": false}","{""fluency_checked"": false, ""label_consistent"": true, ""meaning_preserved"": false}",
984,CA_WORD_03_Jumbling,hi,लेख में वर्ष 2023 की प्राकृतिक आपदाओं से हुए कुल वैश्विक आर्थिक नुकसान का आधिकारिक आंकड़ा जारी किया गया है।,लेख में कुल वैश्विक आर्थिक नुकसान का कोई समेकित आधिकारिक आंकड़ा नहीं दिया गया है.,नुकसान में किया वैश्विक की 2023 आंकड़ा का प्राकृतिक आधिकारिक वर्ष हुए जारी आर्थिक कुल से गया आपदाओं है। लेख,,NEI,same_as_gold,word,"{""shuffle_type"": ""uniform_random"", ""word_order_preserved"": false}","{""fluency_checked"": false, ""label_consistent"": true, ""meaning_preserved"": false}",
985,CA_WORD_03_Jumbling,hi,वर्तमान चिकित्सा विज्ञान में अस्थमा को जड़ से खत्म करने का इलाज उपलब्ध है।,"विश्व स्वास्थ्य संगठन के अनुसार, अस्थमा को ठीक (इलाज) नहीं किया जा सकता है, लेकिन इनहेल्ड दवाओं के उपयोग से इसके लक्षणों को नियंत्रित किया जा सकता है।",चिकित्सा विज्ञान इलाज उपलब्ध का में वर्तमान अस्थमा को है। जड़ खत्म करने से,,REF,same_as_gold,word,"{""shuffle_type"": ""uniform_random"", ""word_order_preserved"": false}","{""fluency_checked"": false, ""label_consistent"": true, ""meaning_preserved"": false}",
986,CA_WORD_03_Jumbling,hi,मतदाता सूची के विशेष गहन पुनरीक्षण का तीसरा चरण 16 राज्यों और 3 केंद्र शासित प्रदेशों में संचालित करने का निर्देश दिया गया था।,पीआईबी की हिंदी विज्ञप्ति में निर्वाचन आयोग द्वारा 16 राज्यों और 3 केंद्र शासित प्रदेशों में विशेष गहन पुनरीक्षण के तीसरे चरण का निर्देश बताया गया है।,दिया शासित पुनरीक्षण विशेष में केंद्र चरण 16 राज्यों तीसरा सूची के गया 3 गहन करने था। संचालित मतदाता का और प्रदेशों का निर्देश,,SUP,same_as_gold,word,"{""shuffle_type"": ""uniform_random"", ""word_order_preserved"": false}","{""fluency_checked"": false, ""label_consistent"": true, ""meaning_preserved"": false}",
987,CA_WORD_03_Jumbling,hi,"एक पुलिस अधिकारी का श्रीगंगानगर रेप केस के आरोपी ऑटो ड्राइवर की पिटाई करने का दावा फर्जी, महाराष्ट्र का असंबंधित वीडियो वायरल…","राजस्थान के श्रीगंगानगर ज़िले में 13 साल की लड़की के कथित अपहरण और गैंगरेप की घटना से भारी आक्रोश फैल गया है। राजस्थान पुलिस के अनुसार, अब तक 18 आरोपियों को गिरफ़्तार किया जा चुका है ।  अब इसी से संबंधित  सोशल मीडिया पर एक वीडियो शेयर किया जा रहा है। जिसमें पुलिसकर्मी एक व्यक्ति को बेरहमी से डंडों से पीटते हुए दिख रहे हैं और वह दर्द से चिल्ला रहा है। वीडियो को शेयर कर दावा किया जा रहा है कि इसमें श्री गंगानगर रेप केस के आरोपी ऑटो ड्राइवर पर हो रहे हमले को दिखाया गया है। वायरल वीडियो के साथ यूजर ने लिखा है- यही वो सुअर नस्ल ऑटो ड्राइवर है, जिसने उस तेरह साल की मासूम को होटल मालिकों को कुछ पैसे के लालच में बेच दिया था ,और उस मासूम को एक नहीं दो नहीं पूरे 5 दिन तक 32 भेड़ियों ने नोचा ,,, फेसबुक।आर्काइव अनुसंधान से पता चलता है कि… पड़ताल की शुरुआत में हमने वायरल  वीडियो के तस्वीरों का रिवर्स इमेज सर्च किया। परिणाम में हमें जून 2026 में छपी कईमीडिया रिपोर्ट्समिलीं। इनके अनुसार, यह घटना 10 जून 2026 की रात महाराष्ट्र के ठाणे ज़िले के कल्याण ईस्ट इलाके के आत्माराम नगर में हुई थी। वहां गाड़ियों की टक्कर को लेकर दो गुटों के बीच हुआ मामूली झगड़ा हिंसक झड़प में बदल गया और गोलीबारी हुई, जिसमें एक राहगीर गंभीर रूप से घायल हो गया। सूचना मिलने पर कल्याण के डिप्टी कमिश्नर ऑफ़ पुलिस (DCP) अतुल झेंडे पुलिस टीम के साथ मौके पर पहुँचे, स्थिति को काबू में किया और आरोपियों को हिरासत में लिया। इस खबर कोयहांऔरयहां पर देखा जा सकता है। मिली जानकारी की मदद लेते हुए अधिक सर्च करने पर हमें अन्यन्यूज रिपोर्ट मिली।   11 जून 2026 को प्रकाशित  रिपोर्ट के अनुसार, वीडियो महाराष्ट्र के कल्याण पूर्व के आत्माराम नगर क्षेत्र का है। दरअसल,   दो वाहनों के आपस में टकराने को लेकर दो गुटों के बीच विवाद हो गया था। यह मामला देखते ही देखते हिंसक हो गया और वहां फायरिंग शुरू हो गई। इसी बीच एक शख्स को गोली लग गई, जिसके बाद वह घायल हो गया। फिर पुलिस घटनास्‍थल पर पहुंची और कार्रवाई शुरू की। श्रीगंगानगर में 13 साल की एक नाबालिग लड़की के साथ कथित दुष्कर्म…… राजस्थान के श्रीगंगानगर में 13 साल की एक नाबालिग लड़की के साथ कथित दुष्कर्म का संवेदनशील मामला सामने आया है। न्यूज रिपोर्ट्स के अनुसार, पीड़िता अपनी एक दोस्त से मिलने","के का करने का महाराष्ट्र की वायरल… श्रीगंगानगर दावा वीडियो पिटाई एक का रेप केस पुलिस ऑटो ड्राइवर आरोपी फर्जी, असंबंधित अधिकारी",,REF,same_as_gold,word,"{""shuffle_type"": ""uniform_random"", ""word_order_preserved"": false}","{""fluency_checked"": false, ""label_consistent"": true, ""meaning_preserved"": false}",
988,CA_WORD_03_Jumbling,hi,लोकसभा चुनाव 2024 में 85 वर्ष या उससे अधिक आयु के मतदाताओं तथा 40% या अधिक दिव्यांगता वाले मतदाताओं के लिए घर से मतदान का प्रावधान किया गया।,निर्वाचन आयोग के लोकसभा चुनाव 2024 दस्तावेज़ में इन दो पात्र मतदाता-वर्गों के लिए घर से मतदान के प्रावधान का उल्लेख है।,आयु अधिक प्रावधान लोकसभा उससे तथा में के दिव्यांगता का मतदाताओं मतदाताओं घर 40% गया। मतदान या चुनाव से या किया 2024 अधिक 85 के लिए वर्ष वाले,,SUP,same_as_gold,word,"{""shuffle_type"": ""uniform_random"", ""word_order_preserved"": false}","{""fluency_checked"": false, ""label_consistent"": true, ""meaning_preserved"": false}",
989,CA_WORD_03_Jumbling,hi,एमपी के मंदसौर में हत्या के आरोपियों की गिरफ्तारी का पुराना वीडियो गाजियाबाद के सूर्या हत्याकांड से जोड़कर वायरल।,"गाजियाबाद के सूर्या हत्याकांड का नहीं, बल्कि मंदसौर में दूसरे मामले में आरोपियों की गिरफ्तारी का है वीडियो। उत्तर प्रदेश के गाजियाबाद अंतर्गत खोड़ा इलाके में 28 मई 2026 को एक बड़ा विवाद सामने आया। जब आपसी कहासुनी के बाद असद नाम के युवक ने 17 वर्षीय सूर्य प्रताप चौहान पर चाकू से जानलेवा हमला कर दिया, जिसके बाद इलाज के दौरान अस्पताल में सूर्या की मौत हो गई। वारदात को अंजाम देकर फरार हुए मुख्य आरोपी असद को पुलिस ने न केवल एक मुठभेड़ में मार गिराया। बल्कि, इस हत्याकांड में शामिल तीनों आरोपियों की गिरफ्तारी कर सलाखों के पीछे भेज दिया। इसी संदर्भ से जोड़ते हुए एक वीडियो वायरल हो रहा है, जिसमें पुलिस कुछ लंगड़ाते हुए लड़कों को जंजीरों से बांधकर ले जा रही है। साथ ही पीछे लोगों की भीड़ भी दिख रही है। पोस्ट के साथ दावा किया जा रहा है कि पुलिस ने सूर्या हत्याकांड के मुख्य आरोपियों को पकड़ कर जंजीरों से बांधकर जुलूस निकाला। वायरल वीडियो के साथ कैप्शन लिखा गया है… गाजियाबादकेचर्चितसूर्याचौहानहत्याकांडमेंपुलिसनेबड़ीकार्रवाईकीहै।पुलिसकेअनुसार,सूर्यापरजानलेवाहमलाकरनेकेआरोपियोंकेखिलाफकार्रवाईकरतेहुएएकआरोपीमुठभेड़मेंमारागयाहै,जबकिदोअन्यआरोपियोंकोगिरफ्तारकरलियागयाहै।मामलेकोलेकरपहलेसेहीपूरेक्षेत्रमेंभारीआक्रोशथाऔरलोगलगातारन्यायकीमांगकररहेथे।सूर्याचौहानकीमौतकेबादसोशलमीडियासेलेकरसड़कोंतकन्यायकीआवाजउठी।अबपुलिसकीकार्रवाईकेबादलोगोंकीनजरआगेकीकानूनीप्रक्रियाऔरमामलेमेंपूरीजांचपरबनीहुईहै।दोषियोंकेखिलाफकानूनकेतहतसख्तकार्रवाईऔरपीड़ितपरिवारकोन्यायमिले,यहीसभीकीमांगहै।खोड़ा,गाजियाबाद|उत्तरप्रदेश फेसबुक पोस्ट।आर्काइव पोस्ट अनुसंधानसेपताचलताहैकि… हमने जांच की शुरुआत में वायरल वीडियो से तस्वीर लेकर गूगल रिवर्स इमेज पर सर्च किया। परिणाम में हमेंapnamandsaur_officialनाम के इंस्टाग्राम अकाउंट पर वायरल वीडियो देखने को मिला। यहां पर वीडियो को 8 अप्रैल 2026 को साझा किया गया है। जबकि कैप्शन में लिखा गया है ‘अरुण हत्याकांड में बड़ा खुलासा’। फिर हमेंदर्पण की चमक मध्य प्रदेशनाम के यूट्यूब चैनल पर वायरल वीडियो मिला। यहां भी वीडियो को 8 अप्रैल 2026 को पोस्ट किया गया है। बताया गया है कि मंदसौर की शहर कोतवाली पुलिस ने चाकू गोदकर हत्या करने वाले दो आरोपियों को गिरफ्तार किया और उनका जुलूस निकाला। आरोपियों को मेडिकल कर",वीडियो गिरफ्तारी से के के के सूर्या हत्या की गाजियाबाद का आरोपियों एमपी मंदसौर हत्याकांड जोड़कर में पुराना वायरल।,,REF,same_as_gold,word,"{""shuffle_type"": ""uniform_random"", ""word_order_preserved"": false}","{""fluency_checked"": false, ""label_consistent"": true, ""meaning_preserved"": false}",
990,CA_WORD_03_Jumbling,hi,"श्वेता तिवारी ने अभिजीत दीपके से पूछा सवाल: धर्मेंद्र प्रधान के इस्तीफे के बाद बोलीं- पंजाब के शिक्षा मंत्री कब इस्तीफा दे रहे, और इसकी पुख्ता तारीख व आंकड़े भी सामने आ चुके हैं।",भास्कर के मुताबिक इतना ही पता चलता है कि Shweta Tiwari questions Punjab Education Minister resignation and praises Dharmendra Pradhan work. आगे कोई पुख्ता जानकारी नहीं मिलती।,"के सामने के भी तिवारी पूछा चुके इस्तीफा बोलीं- कब ने व दीपके धर्मेंद्र हैं। पुख्ता अभिजीत के आ इस्तीफे और बाद मंत्री प्रधान सवाल: आंकड़े इसकी शिक्षा श्वेता दे से रहे, पंजाब तारीख",,NEI,same_as_gold,word,"{""shuffle_type"": ""uniform_random"", ""word_order_preserved"": false}","{""fluency_checked"": false, ""label_consistent"": true, ""meaning_preserved"": false}",
991,CA_WORD_03_Jumbling,hi,शाहरुख खान को फिल्म ‘जवान’ के लिए राष्ट्रीय फिल्म पुरस्कार मिला।,"रिपोर्ट में राष्ट्रीय फिल्म पुरस्कारों की संबंधित सूची जांची गई, जिसमें शाहरुख खान या ‘जवान’ को उस श्रेणी में विजेता नहीं बताया गया। वायरल पोस्ट ने फिल्मफेयर और राष्ट्रीय पुरस्कारों को मिलाकर भ्रम पैदा किया।",मिला। को लिए ‘जवान’ के फिल्म शाहरुख पुरस्कार फिल्म राष्ट्रीय खान,,REF,same_as_gold,word,"{""shuffle_type"": ""uniform_random"", ""word_order_preserved"": false}","{""fluency_checked"": false, ""label_consistent"": true, ""meaning_preserved"": false}",
992,CA_WORD_03_Jumbling,hi,कटिहार समाहरणालय गेट उपद्रव मामले में अब तक 23 आरोपियों को गिरफ्तार किया जा चुका है।,समाचार के अनुसार एक और आरोपी की गिरफ्तारी के बाद कुल गिरफ्तार आरोपियों की संख्या 23 हो गई।,मामले है। अब गिरफ्तार को में उपद्रव किया आरोपियों तक चुका 23 कटिहार गेट जा समाहरणालय,,SUP,same_as_gold,word,"{""shuffle_type"": ""uniform_random"", ""word_order_preserved"": false}","{""fluency_checked"": false, ""label_consistent"": true, ""meaning_preserved"": false}",
993,CA_WORD_03_Jumbling,hi,पेड़ से लटके लंगूर की पिटाई का सात साल पुराना वीडियो अब झूठे सांप्रदायिक दावे से वायरल….,"लंगूर को पेड़ से बांधकर बेरहमी से पीटने का एक वीडियो सोशल मीडिया पर काफी वायरल हो रहा है। वीडियो को सांप्रदायिक दावे से शेयर करते हुए दावा किया जा रहा है कि लंगूर को पीटने वाला व्यक्ति मुसलमान है। वायरल वीडियो के साथ यूजर ने लिखा है- सच बताओ, सौगंध राम की देते है, कौन कौन इस विडियो को देश भर में फैलाएगा ताकि ये हरामी जिहादी दरिंदे को सजा मिले ? फेसबुक।आर्काइव अनुसंधान से पता चलता है कि… पड़ताल की शुरुआत में हमने वायरल वीडियो के कुछ तस्वीरो का रिवर्स इमेज सर्च किया। परिणाम में वायरल वीडियो हमेंटाइम्स ऑफ इंडिया के चैनल पर मिला। यहां पर वीडियो को 17 दिसंबर 2017 को अपलोड किया गया था। इससे ये साफ है कि वीडियो हाल का नहीं है। खबर के अनुसार घटना महाराष्ट्र के वाशिम जिले के रिसोड शहर से लगभग 25 किलोमीटर दूर कुरहा गांव की है। यहां पर बंदर को पीटते हुए एक शख्स का वीडियो सोशल मीडिया पर काफी वायरल हो गया।  इसके बाद वन विभाग के अधिकारियों ने स्थानीय पुलिस की मदद से मुख्य आरोपी सहित तीन लोगों को गिरफ्तार कर लिया। घटना का मुख्य आरोपी पवन बांगड़ है। मिली जानकारी की मदद लेते हुए अधिक सर्च करने पर हमें वायरल घटना के बारे में कईखबरें मिलीं।  21 दिसंबर 2017 को प्रकाशित रिपोर्ट के अनुसार, ये वीडियो महाराष्ट्र के वाशिम जिले की रिसोद तहसील का है।  पवन बांगर नाम के एक 23 साल के आदमी और उसके दो नाबालिग दोस्तों ने एक लंगूर को पकड़ लिया था।  ये लंगूर, बांगर के एक खेत में घुस आया था। पवन ने लंगूर को इतना मारा कि उसकी मौत हो गई। इस घटना का एक दूसरा वीडियो भी सामने आया था जिसमें पवन जमीन पर पड़े लंगूर को डंडे से मारता हुआ दिखाई दे रहा है। वायरल वीडियो से सम्बंधित रिपोर्ट कोयहां,यहां औरयहांपर देखें। सभी में यही लिखा है कि लंगूर को मारने वाला आदमी पवन बांगर ही था। निष्कर्ष-तथ्य-जांच के बाद हमने पाया कि , सात साल  पुरानी घटना को हाल का बताकर फेक सांप्रदायिक रंग दे कर शेयर किया जा रहा  है। घटना 2017 की है जब महाराष्ट्र के वाशिम में पवन बांगर नाम के आदमी ने एक लंगूर को मार डाला था। तब पवन और उसके साथियों को  पुलिस ने गिरफ्तार कर लिया था। यह हाल की घटना नहीं है। Title:पेड़ से लटके लंगूर की पिटाई का सात साल पुराना वीडियो अब झूठे सांप्रदायिक दावे से वायरल…. Result:False",से सात सांप्रदायिक वीडियो वायरल…. लंगूर पुराना साल लटके झूठे पेड़ अब की से का पिटाई दावे,,REF,same_as_gold,word,"{""shuffle_type"": ""uniform_random"", ""word_order_preserved"": false}","{""fluency_checked"": false, ""label_consistent"": true, ""meaning_preserved"": false}",
994,CA_WORD_03_Jumbling,hi,स्वच्छ भारत मिशन 2 अक्टूबर 2014 को शुरू हुआ था।,पीआईबी के स्वच्छ भारत मिशन संबंधी आधिकारिक पृष्ठ में 2 अक्टूबर 2014 को शुरुआत का उल्लेख है।,था। शुरू हुआ अक्टूबर 2 स्वच्छ भारत 2014 को मिशन,,SUP,same_as_gold,word,"{""shuffle_type"": ""uniform_random"", ""word_order_preserved"": false}","{""fluency_checked"": false, ""label_consistent"": true, ""meaning_preserved"": false}",
995,CA_WORD_03_Jumbling,hi,"लोकसभा आम चुनाव 2024 में, सूरत सीट के निर्विरोध निर्वाचन को छोड़कर, कुल मतदान प्रतिशत 66.10 प्रतिशत था।",भारत निर्वाचन आयोग के लोकसभा चुनाव 2024 एटलस में सूरत के निर्विरोध निर्वाचन को छोड़कर कुल मतदान प्रतिशत 66.10 प्रतिशत दर्ज है।,"को चुनाव था। 2024 निर्विरोध सूरत में, कुल लोकसभा आम निर्वाचन प्रतिशत छोड़कर, 66.10 के प्रतिशत मतदान सीट",,SUP,same_as_gold,word,"{""shuffle_type"": ""uniform_random"", ""word_order_preserved"": false}","{""fluency_checked"": false, ""label_consistent"": true, ""meaning_preserved"": false}",
996,CA_WORD_03_Jumbling,hi,ईरान में स्क्रिप्टेड व पुराना वीडियो हालिया प्रदर्शन के दौरान भ्रामक दावे से वायरल…,"शिया मौलवी को थप्पड़ मारे जाने का वायरल वीडियो पुराना व स्क्रिप्टेड है। साथ ही इसका ईरान में हो रहे हालिया प्रदर्शनों से कोई संबंध नहीं है। ईरान में बढ़ती महंगाई व आर्थिक बदहाली के खिलाफ हालिया प्रदर्शन से जोड़कर सोशल मीडिया पर एक वीडियो वायरल किया जा रहा है। इसमें एक व्यक्ति को मौलाना के साथ बहस करने के बाद और उसे थप्पड़ मारता हुआ दिखाई देता है। यह वीडियो साझा करते हुए दावा किया जा रहा है कि ईरान में अब मौलनाओं का भी निशाना बनाया जा रहा है। यूज़र ने वीडियो को इस कैप्शन के साथ साझा किया है… ईरान की जनता ने #मुल्ला #मौलवियों की #धुलाई शुरू कर दी फेसबुक पोस्ट।आर्काइव पोस्ट अनुसंधानसेपताचलताहैकि… हमने जांच की शुरुआत में वायरल वीडियो के कीफ्रेम को सर्च किया। परिणाम में हमें 19 अप्रैल 2021 कोDW फ़ारसीकी वेबसाइट पर प्रकाशित एक रिपोर्ट मिली, जिसमें वायरल वीडियो से जुड़े दृश्य दिखाई देते हैं। वहीं रिपोर्ट के अनुसार, ईरान के फारस न्यूज एजेंसी के हवाले से यह बताया गया था कि तेहरान पुलिस ने शिया धर्म के कपड़े पहने व्यक्ति को थप्पड़ मारने के वीडियो की जांच की और इसे नकली बताया। साथ ही पुलिस ने इसे बनाने वाले लोगों को भी गिरफ्तार किया। तेहरान के पुलिस प्रमुख हुसैन रहिमी के अनुसार, वीडियो में धार्मिक वेशभूषा में दिख रहा शख्स तेहरान की एक कारपेंट क्लीनिंग की दुकान में ही काम करता है। जबकि हमला कर रहा व्यक्ति उसका बेटा है। इसके साथ हमेंइंडिपेंडेंट पर्शियनकी वेबसाइट पर भी 19 अप्रैल 2021 को प्रकाशित रिपोर्ट मिली। रिपोर्ट में भी वायरल वीडियो वाले दृश्य दिखाई देते हैं। इस रिपोर्ट में भी तेहरान पुलिस विभाग ने वीडियो को फेक बताते हुए दोनों पिता-पुत्र के गिरफ्तार होने की जानकारी दी है। हमें ईरान के एक अन्यन्यूज आउटलेटद्वारा एक रिपोर्ट प्रकाशित रिपोर्ट मिली। इस रिपोर्ट में बताया गया था कि यह वीडियो तेहरान के पासदारान इलाके में शूट किया गया था और इस मामले में कुल छह लोगों को गिरफ्तार किया गया था। वीडियो में दिख रहे दोनों लोग पिता-पुत्र थे। और पड़ताल किए जाने पर हमें ईरानी न्यूज एजेंसीतसनीमके एक्स अकाउंट पर 19 अप्रैल 2021 को अपलोड किया गया एक वीडियो मिला। इसमें दोनों पिता-पुत्र का बयान मौजूद है। साथ ही वीडियो में तेहरान पुलिस के अधिकारी का भी बयान भी साझा किया गया है। 🎥  بازداشت تولیدکنندگان",से दौरान वीडियो में स्क्रिप्टेड भ्रामक वायरल… दावे ईरान हालिया के प्रदर्शन पुराना व,,REF,same_as_gold,word,"{""shuffle_type"": ""uniform_random"", ""word_order_preserved"": false}","{""fluency_checked"": false, ""label_consistent"": true, ""meaning_preserved"": false}",
997,CA_WORD_03_Jumbling,hi,डेंगू संक्रमित मच्छरों के काटने से फैलता है।,डब्ल्यूएचओ संक्रमित मच्छरों के काटने को डेंगू संचरण का मार्ग बताता है।,काटने डेंगू के फैलता संक्रमित है। मच्छरों से,,SUP,same_as_gold,word,"{""shuffle_type"": ""uniform_random"", ""word_order_preserved"": false}","{""fluency_checked"": false, ""label_consistent"": true, ""meaning_preserved"": false}",
998,CA_WORD_03_Jumbling,hi,सातवें चरण में डाक मतपत्रों की अंतिम संख्या 50 लाख थी।,"पीआईबी की हिंदी विज्ञप्ति डाक मतों की श्रेणियां बताती है, पर सातवें चरण के डाक मतपत्रों की अंतिम संख्या नहीं देती और विस्तृत रिपोर्ट बाद में उपलब्ध कराने की बात कहती है।",अंतिम थी। की चरण मतपत्रों लाख संख्या में डाक 50 सातवें,,NEI,same_as_gold,word,"{""shuffle_type"": ""uniform_random"", ""word_order_preserved"": false}","{""fluency_checked"": false, ""label_consistent"": true, ""meaning_preserved"": false}",
999,CA_WORD_03_Jumbling,hi,लेख में बताया गया है कि प्रभावित लोग अपने घरों में सामान्य जीवन जी रहे हैं।,लेख में प्रभावितों के स्टेडियम में रहने और घर छोड़ने की बात कही गई है।,बताया रहे में कि है प्रभावित लेख हैं। घरों सामान्य में जीवन जी गया अपने लोग,,REF,same_as_gold,word,"{""shuffle_type"": ""uniform_random"", ""word_order_preserved"": false}","{""fluency_checked"": false, ""label_consistent"": true, ""meaning_preserved"": false}",
1000,CA_WORD_03_Jumbling,hi,एक सप्ताह नियमित व्यायाम करने से हर व्यक्ति में गैर-संचारी रोगों का जोखिम शून्य हो जाता है।,"डब्ल्यूएचओ गतिविधि से जोखिम कम होने की बात करता है, लेकिन एक सप्ताह में जोखिम शून्य होने की गारंटी नहीं देता।",व्यक्ति जाता का नियमित जोखिम व्यायाम एक से गैर-संचारी करने हो में रोगों शून्य है। हर सप्ताह,,NEI,same_as_gold,word,"{""shuffle_type"": ""uniform_random"", ""word_order_preserved"": false}","{""fluency_checked"": false, ""label_consistent"": true, ""meaning_preserved"": false}",
1001,CA_WORD_03_Jumbling,hi,'लॉकअप 2' में राम कपूर पर श्रेया कालरा भड़कीं।,अमर उजाला की स्टोरी बताती है कि रियलिटी शो 'लॉकअप' के दूसरे सीजन में इन दिनों कंट्रोवर्सी देखने को मिल रही है। पर तारीख या आंकड़े नहीं दिए गए।,पर 'लॉकअप श्रेया राम में 2' कालरा भड़कीं। कपूर,,NEI,same_as_gold,word,"{""shuffle_type"": ""uniform_random"", ""word_order_preserved"": false}","{""fluency_checked"": false, ""label_consistent"": true, ""meaning_preserved"": false}",
1002,CA_WORD_03_Jumbling,hi,जल जीवन मिशन (शहरी) का उद्देश्य 2.86 करोड़ घरों को नल कनेक्शन उपलब्ध कराना है।,आधिकारिक पृष्ठ में जल जीवन मिशन (शहरी) के लिए 2.86 करोड़ घरों को नल कनेक्शन देने का उद्देश्य लिखा है।,जल करोड़ मिशन उपलब्ध घरों नल जीवन कराना कनेक्शन है। का को उद्देश्य 2.86 (शहरी),,SUP,same_as_gold,word,"{""shuffle_type"": ""uniform_random"", ""word_order_preserved"": false}","{""fluency_checked"": false, ""label_consistent"": true, ""meaning_preserved"": false}",
1003,CA_WORD_03_Jumbling,hi,अग्निपथ योजना को 'सैनिक सम्मान योजना' के नाम से सात वर्ष की ड्यूटी अवधि और 60 प्रतिशत स्थायी कर्मचारियों के साथ लागू कर दिया गया है।,न्यूज़चेकर हिंदी के अनुसार पीआईबी फैक्ट चेक ने वायरल दस्तावेज को फर्जी बताया और कहा कि भारत सरकार ने ऐसा निर्णय नहीं लिया है।,के 60 ड्यूटी अग्निपथ सात 'सैनिक प्रतिशत गया लागू स्थायी की वर्ष कर साथ योजना' और नाम अवधि कर्मचारियों योजना के से है। सम्मान को दिया,,REF,same_as_gold,word,"{""shuffle_type"": ""uniform_random"", ""word_order_preserved"": false}","{""fluency_checked"": false, ""label_consistent"": true, ""meaning_preserved"": false}",
1004,CA_WORD_03_Jumbling,hi,"केंद्र सरकार ने हिमाचल प्रदेश के लिए 10,000 करोड़ रुपये के विशेष राहत पैकेज को मंजूरी दे दी।",लेख में किसी विशेष राहत पैकेज की स्वीकृति या राशि का उल्लेख नहीं है।,"केंद्र पैकेज राहत हिमाचल को के दे लिए के प्रदेश 10,000 रुपये विशेष दी। सरकार मंजूरी करोड़ ने",,NEI,same_as_gold,word,"{""shuffle_type"": ""uniform_random"", ""word_order_preserved"": false}","{""fluency_checked"": false, ""label_consistent"": true, ""meaning_preserved"": false}",
1005,CA_WORD_03_Jumbling,hi,बचाए गए लोगों में तीन स्थानीय नागरिक भी शामिल थे।,लेख में तीन स्थानीय नागरिकों का उल्लेख किया गया है।,स्थानीय थे। भी में तीन गए लोगों शामिल नागरिक बचाए,,SUP,same_as_gold,word,"{""shuffle_type"": ""uniform_random"", ""word_order_preserved"": false}","{""fluency_checked"": false, ""label_consistent"": true, ""meaning_preserved"": false}",
1006,CA_WORD_03_Jumbling,hi,केंद्र सरकार भविष्य में 'क्वांटम एआई' नाम से कोई सरकारी निवेश योजना शुरू करेगी।,"आकाशवाणी समाचार की रिपोर्ट मौजूदा वायरल निवेश वीडियो को फर्जी बताती है, लेकिन भविष्य में किसी योजना के संभावित आरंभ के बारे में पर्याप्त सूचना नहीं देती।",करेगी। सरकारी नाम में निवेश भविष्य एआई' से योजना सरकार शुरू कोई केंद्र 'क्वांटम,,NEI,same_as_gold,word,"{""shuffle_type"": ""uniform_random"", ""word_order_preserved"": false}","{""fluency_checked"": false, ""label_consistent"": true, ""meaning_preserved"": false}",
1007,CA_WORD_03_Jumbling,hi,डाइटरी सप्लीमेंट बाजार में आने से पहले हमेशा प्रभावशीलता सिद्ध करते हैं।,एनसीसीआईएच के अनुसार निर्माता को डाइटरी सप्लीमेंट बाजार में आने से पहले उसकी सुरक्षा और प्रभावशीलता सिद्ध करना आवश्यक नहीं होता।,प्रभावशीलता हैं। करते डाइटरी बाजार सिद्ध सप्लीमेंट पहले हमेशा से में आने,,NEI,same_as_gold,word,"{""shuffle_type"": ""uniform_random"", ""word_order_preserved"": false}","{""fluency_checked"": false, ""label_consistent"": true, ""meaning_preserved"": false}",
1008,CA_WORD_03_Jumbling,hi,माइग्रेन सिरदर्द विकारों में शामिल है।,डब्ल्यूएचओ माइग्रेन को प्राथमिक सिरदर्द विकार में शामिल करता है।,शामिल में माइग्रेन है। विकारों सिरदर्द,,SUP,same_as_gold,word,"{""shuffle_type"": ""uniform_random"", ""word_order_preserved"": false}","{""fluency_checked"": false, ""label_consistent"": true, ""meaning_preserved"": false}",
1009,CA_WORD_03_Jumbling,hi,लेख में गुजरात सरकार द्वारा सूरत में नए भूकंपरोधी भवन निर्माण नियम तत्काल लागू करने की घोषणा का उल्लेख है।,लेख में ऐसे किसी नए भवन निर्माण नियम या सरकारी घोषणा का उल्लेख नहीं है।,भूकंपरोधी सूरत द्वारा की का निर्माण लागू तत्काल घोषणा गुजरात नियम भवन सरकार है। उल्लेख में में लेख नए करने,,NEI,same_as_gold,word,"{""shuffle_type"": ""uniform_random"", ""word_order_preserved"": false}","{""fluency_checked"": false, ""label_consistent"": true, ""meaning_preserved"": false}",
1010,CA_WORD_03_Jumbling,hi,"हैंड ग्रेनेड डिज़ाइन वाला पेन ‘बम’ बताकर किया जा रहा है वायरल, यहां जानिए सच","सोशल मीडिया पर हैंड ग्रेनेड जैसी डिज़ाइन वाले कुछ पेंस की तस्वीरें वायरल हो रही हैं | दावा किया जा रहा है कि यह ‘पेन बम’ है और इसका बटन दबाते ही विस्फोट हो सकता हैं | ज़ी न्यूज़जैसे न्यूज चैनल औरन्यूज़फर्स्ट प्राइम,ऑल इंडिया मीडिया एसोसिएशनजैसे न्यूज पेज ने भी इसी दावे के साथ यह खबर प्रसारित की है। यूजर्स पोस्ट शेयर करते हुए लिख रहे हैं… सावधान! पुलिस की बड़ी चेतावनी! दिखने में साधारण पेन, लेकिन असल में है एक खतरनाक बम! पुलिस ने एडवाइजरी जारी कर सभी को ऐसे किसी भी संदिग्ध पेन से दूर रहने और सावधान रहने को कहा है। इसके संपर्क में आने से ब्लास्ट हो रहे हैं और जान का खतरा है। फेसबुक|फेसबुक|आर्काइव अनुसंधान से पता चलता है कि… जांच की शुरुआत में सबसे पहले हमने यह पता लगाया कि क्या वाकई में पुलिस प्रशासन या सरकार ने वास्तव में ऐसे किसी ‘पेन बम’ को लेकर कोई आधिकारिक चेतावनी जारी की है ? लेकिन हमें ऐसी कोई आधिकारिक सूचना या अलर्ट नहीं मिली जो वायरल दावे की पुष्टि करता हो। आगे रिवर्स इमेज सर्च करने पर पता चला कि वायरल तस्वीर में दिखाया गया यही पेनएट्सीई-कॉमर्स वेबसाइट पर बिक्री के लिए उपलब्ध है | वेबसाइट पर दी गई जानकारी के अनुसार, यह आर्मी थीम पर आधारित एक सामान्य लिखने वाला पेन है | आगे की जांच में पता चला कि इस उत्पाद का नाम ‘ग्रेनेड क्लिक पेन किट’ है | इसका निर्माण और बिक्री अमेरिकी कंपनी ‘पेन स्टेट इंडस्ट्रीज़’ द्वारा की जाती है | कंपनी की आधिकारिक जानकारी के अनुसार, यह केवल ग्रेनेड जैसी दिखने वाला एक सजावटी क्लिक पेन है, जिसमें सामान्य पार्कर इंक रिफिल का उपयोग होता है | पेन पर दिखाई देने वाला लीवर, स्प्रिंग और क्लिक मैकेनिज्म केवल रिफिल को बाहर और अंदर करने के लिए है | कंपनी के किसी भीआधिकारिक दस्तावेज़में डेटोनेटर, बैटरी या किसी विस्फोटक सामग्री का उल्लेख नहीं है | इससे स्पष्ट होता है कि यह एक सामान्य लिखने का पेन है, कोई विस्फोटक उपकरण नहीं | खंडन कुछ सोशल मीडिया पोस्ट में दावा किया गया कि इस पेन को लेकर चेतावनी बुलंदशहर पुलिस ने जारी की है | 15 जून को बुलंदशहर पुलिस ने सोशल मीडिया पर इस दावे का खंडन करते हुए यह स्पष्ट किया कि विभाग की ओर से ऐसा कोई अलर्ट या चेतावनी जारी नहीं की गई है | #_खण्डन#UPPolice#BulandshahrPolicepic.twitter.com/tbT6kmAdqa निष्कर्ष तथ्यों के","जा बताकर किया वायरल, हैंड डिज़ाइन पेन यहां ग्रेनेड रहा वाला जानिए सच है ‘बम’",,REF,same_as_gold,word,"{""shuffle_type"": ""uniform_random"", ""word_order_preserved"": false}","{""fluency_checked"": false, ""label_consistent"": true, ""meaning_preserved"": false}",
1011,CA_WORD_03_Jumbling,hi,अजय देवगन की फिल्म 'चौहान' में विक्रांत मैसी की एंट्री हुई है।,"TV9 भारतवर्ष की रिपोर्ट कहती है, अजय देवगन की अपकमिंग फिल्म 'चौहान' को लेकर बड़ा अपडेट सामने आया है.",फिल्म एंट्री मैसी हुई में है। देवगन की की अजय विक्रांत 'चौहान',,SUP,same_as_gold,word,"{""shuffle_type"": ""uniform_random"", ""word_order_preserved"": false}","{""fluency_checked"": false, ""label_consistent"": true, ""meaning_preserved"": false}",
1012,CA_WORD_03_Jumbling,hi,देश भर में बिहार के अस्थायी प्रवासियों को जागरूक करने के लिए 246 समाचार पत्रों में हिंदी पूर्ण-पृष्ठ विज्ञापन जारी किए गए थे।,पीआईबी की बिहार एसआईआर विज्ञप्ति में 246 समाचार पत्रों में हिंदी में अखिल भारतीय पूर्ण-पृष्ठ विज्ञापन जारी करने की जानकारी है।,के विज्ञापन थे। बिहार करने देश में 246 भर जागरूक पत्रों पूर्ण-पृष्ठ को लिए गए समाचार किए में प्रवासियों जारी के हिंदी अस्थायी,,SUP,same_as_gold,word,"{""shuffle_type"": ""uniform_random"", ""word_order_preserved"": false}","{""fluency_checked"": false, ""label_consistent"": true, ""meaning_preserved"": false}",
1013,CA_WORD_03_Jumbling,hi,शनिवार को व्यास घाटी से फंसे पर्यटकों को सुरक्षित निकाल लिया गया था।,लेख में शनिवार को व्यास घाटी से पर्यटकों के निकाले जाने का उल्लेख है।,गया शनिवार को फंसे को से व्यास पर्यटकों था। लिया निकाल घाटी सुरक्षित,,SUP,same_as_gold,word,"{""shuffle_type"": ""uniform_random"", ""word_order_preserved"": false}","{""fluency_checked"": false, ""label_consistent"": true, ""meaning_preserved"": false}",
1014,CA_WORD_03_Jumbling,hi,लोकसभा चुनाव 2024 के सातवें चरण में 57 संसदीय क्षेत्रों के लिए 63.88 प्रतिशत मतदान दर्ज किया गया।,पीआईबी की हिंदी विज्ञप्ति के अनुसार सातवें चरण में 57 संसदीय क्षेत्रों के लिए 63.88 प्रतिशत मतदान दर्ज हुआ।,दर्ज चरण संसदीय मतदान सातवें 57 किया गया। में लिए चुनाव क्षेत्रों लोकसभा प्रतिशत के 63.88 2024 के,,SUP,same_as_gold,word,"{""shuffle_type"": ""uniform_random"", ""word_order_preserved"": false}","{""fluency_checked"": false, ""label_consistent"": true, ""meaning_preserved"": false}",
1015,CA_WORD_03_Jumbling,hi,फतेहपुर पुलिस ने दुष्कर्म के आरोपी ओवैश रजा को मुठभेड़ के बाद गिरफ्तार किया।,समाचार के अनुसार आरोपी के पास से अवैध तमंचा और कारतूस भी बरामद हुए।,ओवैश मुठभेड़ दुष्कर्म फतेहपुर के बाद के आरोपी पुलिस किया। को गिरफ्तार ने रजा,,SUP,same_as_gold,word,"{""shuffle_type"": ""uniform_random"", ""word_order_preserved"": false}","{""fluency_checked"": false, ""label_consistent"": true, ""meaning_preserved"": false}",
1016,CA_WORD_03_Jumbling,hi,बिहार एसआईआर में बिना स्पष्ट आदेश के मसौदा मतदाता सूची से नाम हटाया जा सकता था।,पीआईबी की विज्ञप्ति में स्पष्ट है कि ईआरओ/एईआरओ के नोटिस और आदेश के बिना मसौदा सूची से कोई नाम नहीं हटाया जा सकता।,नाम स्पष्ट बिना मसौदा जा बिहार के में था। से हटाया एसआईआर मतदाता सकता सूची आदेश,,REF,same_as_gold,word,"{""shuffle_type"": ""uniform_random"", ""word_order_preserved"": false}","{""fluency_checked"": false, ""label_consistent"": true, ""meaning_preserved"": false}",
1017,CA_WORD_03_Jumbling,hi,आत्महत्या की बात करने वाले लोग हमेशा केवल ध्यान आकर्षित करने के लिए ऐसा कहते हैं।,"विश्व स्वास्थ्य संगठन के अनुसार, आत्महत्या की बात करने वाले लोग अक्सर मदद की गुहार लगा रहे होते हैं। इसे हमेशा एक चेतावनी संकेत (चेतावनी संकेत) के रूप में गंभीरता से लिया जाना चाहिए।",की केवल आत्महत्या ध्यान आकर्षित बात हैं। लिए करने ऐसा वाले कहते करने लोग के हमेशा,,REF,same_as_gold,word,"{""shuffle_type"": ""uniform_random"", ""word_order_preserved"": false}","{""fluency_checked"": false, ""label_consistent"": true, ""meaning_preserved"": false}",
1018,CA_WORD_03_Jumbling,hi,भूकंप के झटके महसूस होते ही लोग घरों और इमारतों से बाहर निकल आए।,लेख में लोगों के घरों और इमारतों से बाहर निकलने का उल्लेख किया गया है।,आए। लोग भूकंप होते घरों के इमारतों निकल से झटके ही महसूस बाहर और,,SUP,same_as_gold,word,"{""shuffle_type"": ""uniform_random"", ""word_order_preserved"": false}","{""fluency_checked"": false, ""label_consistent"": true, ""meaning_preserved"": false}",
1019,CA_WORD_03_Jumbling,hi,जबलपुर क्रूज दुर्घटना के नाम पर फैलाया जा रहा है बांग्लादेश की कपताई झील का वीडियो।,"बरगी डैम हादसे के नाम पर बांग्लादेश का पुराना वीडियो वायरल। अभी हाल ही में 30 अप्रैल को जबलपुर के बरगी डैम में एक बड़ा क्रूज हादसा हुआ था। इसमें बच्चों और महिलाओं समेत कुल 13 लोगों की मौत हो गई थी। इसी घटना के संदर्भ में इंटरनेट पर वीडियो वायरल किया जा रहा है, जिसमें एक पर्यटक नाव झील के बीचों-बीच पलटी हुई दिखाई दे रही है और कुछ लोग जान बचाने के लिए चीख-पुकार कर रहे हैं। वीडियो शेयर करते हुए दावा किया जा रहा है कि यह उसी जबलपुर क्रूज हादसे का वीडियो है।  वायरल वीडियो फेसबुक पर इस कैप्शन के साथ साझा किया जा रहा है… कितना दर्दनाक हादसा हुआ है जबलपुर क्रूज हादसा @कुछ लोग क्रूज के साथ ही डूब गए कुछ लोग जबलपुर क्रूज हादसा फेसबुक पोस्ट।आर्काइव पोस्ट अनुसंधान से पता चलता है कि… हमने जांच की शुरुआत में वायरल वीडियो के कीफ्रेम को गूगल रिवर्स इमेज सर्च किया। परिणाम में हमें वायरल वीडियो का एक लंबा संस्करण मिला, जिसेन्यूज़ रिपोर्ट टुडेने 28 दिसंबर 2025 को फेसबुक पर पोस्ट किया था। इसमें बताया गया है कि यह घटना दिसंबर में बांग्लादेश के रंगमती जिले में घटी थी, जहां कपताई झील में एक पर्यटक नाव पलट गई थी। मिली जानकारी को आधार बनाते हुए हमने आगे की खोज की। अब हमें इस घटना से संबंधित मीडिया रिपोर्टें मिली। इनमेंबांग्लादेश टाइम्सके अनुसार , यह घटना 25 दिसंबर को हुई थी। एक अन्य बांग्लादेशी समाचार पत्र,बांग्ला ट्रिब्यूनके अनुसार, लकड़ी की नाव सुबालोंग बाजार क्षेत्र से लौट रही थी जब सिलचरिमुख के पास वह पलट गई। तभी आसपास मौजूद लोगों ने यात्रियों को बचा लिया। वहीं नाव में लगभग 20 से 22 लोग सवार थे, जिनमें से किसी ने भी लाइफ जैकेट नहीं पहनी थी, हालांकि किसी को चोट नहीं आई। रिपोर्ट में पुलिस के हवाले से बताया गया था कि घटना के समय नाव में अधिक लोग सवार थे। हमें 26 दिसंबर 2025 कोढाका ट्रिब्यूनके आधिकारिक यूट्यूब चैनल पर इस बारे में अपलोड की हुई वीडियो रिपोर्ट मिली। इसके साथ लिखे डिस्क्रिप्शन के अनुसार, यह घटना बांग्लादेश के रंगामती जिले की कप्ताई झील में हुई थी, जब 25 दिसंबर 2025 को पर्यटकों से भरी एक नाव ‘शिलचरिमुख’ स्थित रंगब्याश कैंप के पास पलट गई थी। लेकिन इस घटना में कोई हताहत नहीं हुआ था। बांग्लादेश की एक और मीडिया संस्थानProthomaloके यूट्यूब चैनल पर भी 26 दिसंबर 2025 को इस घटना से जुड़",जा झील है बांग्लादेश के नाम वीडियो। क्रूज फैलाया की कपताई दुर्घटना जबलपुर पर रहा का,,REF,same_as_gold,word,"{""shuffle_type"": ""uniform_random"", ""word_order_preserved"": false}","{""fluency_checked"": false, ""label_consistent"": true, ""meaning_preserved"": false}",
1020,CA_WORD_03_Jumbling,hi,पोषण अभियान 8 मार्च 2018 को शुरू किया गया था।,पीआईबी हिंदी प्रेस नोट में पोषण अभियान को 8 मार्च 2018 को शुरू किया गया प्रमुख बहु-मंत्रालयी मिशन बताया गया है।,शुरू अभियान 8 पोषण गया को 2018 मार्च था। किया,,SUP,same_as_gold,word,"{""shuffle_type"": ""uniform_random"", ""word_order_preserved"": false}","{""fluency_checked"": false, ""label_consistent"": true, ""meaning_preserved"": false}",
1021,CA_WORD_03_Jumbling,hi,प्रधानमंत्री फसल बीमा योजना के क्षमता निर्माण के लिए 20 जनवरी 2025 को एनसीसीटी और फसल बीमा प्रभाग के बीच समझौता ज्ञापन हुआ था।,आधिकारिक पृष्ठ में पीएमएफबीवाई और आरडब्ल्यूबीसीआईएस के क्षमता निर्माण हेतु 20 जनवरी 2025 के समझौता ज्ञापन का उल्लेख है।,2025 बीमा फसल जनवरी क्षमता प्रधानमंत्री था। को के बीच योजना बीमा समझौता हुआ 20 प्रभाग और एनसीसीटी फसल ज्ञापन के लिए के निर्माण,,SUP,same_as_gold,word,"{""shuffle_type"": ""uniform_random"", ""word_order_preserved"": false}","{""fluency_checked"": false, ""label_consistent"": true, ""meaning_preserved"": false}",
1022,CA_WORD_03_Jumbling,hi,बादल फटने के बाद किसी भी बचाव एजेंसी को तैनात नहीं किया गया।,"लेख में SDRF, सेना, NDRF और जिला प्रशासन के राहत कार्यों का उल्लेख है।",एजेंसी बाद किया तैनात के भी फटने नहीं किसी बचाव को बादल गया।,,REF,same_as_gold,word,"{""shuffle_type"": ""uniform_random"", ""word_order_preserved"": false}","{""fluency_checked"": false, ""label_consistent"": true, ""meaning_preserved"": false}",
1023,CA_WORD_03_Jumbling,hi,शोध में 2010 से 2020 के बीच हुई घटनाओं के आधार पर जोखिम वाले जिले और ब्लॉक चिह्नित किए गए।,लेख में जोखिम वाले क्षेत्रों की पहचान किए जाने की जानकारी दी गई है।,वाले के गए। आधार के 2010 चिह्नित शोध पर घटनाओं और 2020 बीच जिले में किए ब्लॉक से जोखिम हुई,,SUP,same_as_gold,word,"{""shuffle_type"": ""uniform_random"", ""word_order_preserved"": false}","{""fluency_checked"": false, ""label_consistent"": true, ""meaning_preserved"": false}",
1024,CA_WORD_03_Jumbling,hi,दीपिका पादुकोण को मुंबई के एक अस्पताल में गंभीर हालत में भर्ती कराया गया है।,"द लल्लनटॉप ने ऐसी वायरल पोस्टों पर जांच करते हुए बताया कि अस्पताल, परिवार या अभिनेत्री की टीम से कोई पुष्टि नहीं मिली। रिपोर्ट में यह भी कहा गया कि दावा केवल अनवेरिफाइड पापाराजी पोस्टों पर आधारित था।",गया में हालत पादुकोण में को गंभीर भर्ती के है। एक दीपिका कराया मुंबई अस्पताल,,NEI,same_as_gold,word,"{""shuffle_type"": ""uniform_random"", ""word_order_preserved"": false}","{""fluency_checked"": false, ""label_consistent"": true, ""meaning_preserved"": false}",
1025,CA_WORD_03_Jumbling,hi,मेनोपॉज (रजोनिवृत्ति) के बाद महिलाओं में एस्ट्रोजन हार्मोन की कमी के कारण ऑस्टियोपोरोसिस (हड्डियों का कमजोर होना) का खतरा बढ़ जाता है।,"मेनोपॉज के दौरान, महिला के शरीर में एस्ट्रोजन का उत्पादन कम हो जाता है, जो हड्डियों की रक्षा करने वाला एक हार्मोन है। इस तेजी से होने वाले अस्थि नुकसान से ऑस्टियोपोरोसिस हो सकता है।",होना) कमजोर हार्मोन (रजोनिवृत्ति) की खतरा जाता कारण का बाद (हड्डियों महिलाओं एस्ट्रोजन कमी के का में है। ऑस्टियोपोरोसिस के मेनोपॉज बढ़,,SUP,same_as_gold,word,"{""shuffle_type"": ""uniform_random"", ""word_order_preserved"": false}","{""fluency_checked"": false, ""label_consistent"": true, ""meaning_preserved"": false}",
1026,CA_WORD_03_Jumbling,hi,"यदि किसी मतदाता के पास मतदाता पहचान पत्र न हो, तो वह मतदाता सूची में नाम होने पर आयोग द्वारा मान्य अन्य दस्तावेज दिखाकर मतदान कर सकता था।",पीआईबी की विज्ञप्ति में मतदाता सूची में नाम होने की स्थिति में आयोग-मान्य अन्य दस्तावेज दिखाकर मतदान करने की अनुमति का उल्लेख है।,"में सूची पत्र था। यदि अन्य दस्तावेज मतदाता वह मतदान आयोग पर नाम सकता हो, के मान्य द्वारा कर तो किसी होने मतदाता न मतदाता पहचान पास दिखाकर",,SUP,same_as_gold,word,"{""shuffle_type"": ""uniform_random"", ""word_order_preserved"": false}","{""fluency_checked"": false, ""label_consistent"": true, ""meaning_preserved"": false}",
1027,CA_WORD_03_Jumbling,hi,लेख के अनुसार यमुनोत्री धाम में इस सीजन की पहली बर्फबारी नहीं हुई।,लेख में स्पष्ट रूप से पहली बर्फबारी होने की जानकारी दी गई है।,इस धाम की सीजन पहली में नहीं लेख यमुनोत्री अनुसार के बर्फबारी हुई।,,REF,same_as_gold,word,"{""shuffle_type"": ""uniform_random"", ""word_order_preserved"": false}","{""fluency_checked"": false, ""label_consistent"": true, ""meaning_preserved"": false}",
1028,CA_WORD_03_Jumbling,hi,"सड़क परिवहन मंत्रालय की रिपोर्ट के अनुसार खराब सड़कों, गड्ढों और निर्माण संबंधी खामियों के कारण भारत में हर दिन औसतन 80 लोगों की मौत हो रही है।","'रोड एक्सीडेंट्स इन इंडिया-2024' रिपोर्ट में कहा गया है कि केवल तेज रफ्तार या लापरवाही ही नहीं, बल्कि अधूरी सड़कें और गलत डिजाइन भी बड़ी संख्या में दुर्घटनाओं की वजह बन रहे हैं।","लोगों में भारत कारण है। की रही मंत्रालय खामियों के हो सड़कों, गड्ढों संबंधी सड़क औसतन खराब दिन रिपोर्ट निर्माण 80 हर परिवहन के अनुसार की और मौत",,SUP,same_as_gold,word,"{""shuffle_type"": ""uniform_random"", ""word_order_preserved"": false}","{""fluency_checked"": false, ""label_consistent"": true, ""meaning_preserved"": false}",
1029,CA_WORD_03_Jumbling,hi,प्रधानमंत्री आवास योजना-शहरी 2.0 के तहत लगभग 96 प्रतिशत घर महिलाओं को आवंटित किए गए।,पीआईबी की हिंदी विज्ञप्ति में पीएमएवाई-यू 2.0 के तहत लगभग 96 प्रतिशत घर महिलाओं को आवंटित होने का उल्लेख है।,को प्रतिशत तहत घर 2.0 महिलाओं किए के आवंटित गए। योजना-शहरी प्रधानमंत्री 96 लगभग आवास,,SUP,same_as_gold,word,"{""shuffle_type"": ""uniform_random"", ""word_order_preserved"": false}","{""fluency_checked"": false, ""label_consistent"": true, ""meaning_preserved"": false}",
1030,CA_WORD_03_Jumbling,hi,"विटामिन, खनिज और हर्बल डाइटरी सप्लीमेंट रोगों के इलाज या रोकथाम के लिए एफडीए द्वारा मंजूर होते हैं।","अमेरिकी खाद्य एवं औषधि प्रशासन के अनुसार विटामिन, खनिज, जड़ी-बूटियों और अन्य डाइटरी सप्लीमेंट को रोगों के इलाज या रोकथाम के लिए एफडीए मंजूरी नहीं देता।","सप्लीमेंट रोगों खनिज एफडीए विटामिन, हैं। के द्वारा या हर्बल इलाज और मंजूर रोकथाम डाइटरी लिए होते के",,REF,same_as_gold,word,"{""shuffle_type"": ""uniform_random"", ""word_order_preserved"": false}","{""fluency_checked"": false, ""label_consistent"": true, ""meaning_preserved"": false}",
1031,CA_WORD_03_Jumbling,hi,एनडीएमए ने माणा क्षेत्र में स्थायी हिमस्खलन चेतावनी प्रणाली स्थापित करने के लिए नई राष्ट्रीय योजना की घोषणा की।,लेख में ऐसी किसी नई राष्ट्रीय योजना या घोषणा का उल्लेख नहीं है।,की। स्थायी चेतावनी माणा प्रणाली एनडीएमए की में नई हिमस्खलन योजना स्थापित क्षेत्र लिए करने राष्ट्रीय घोषणा ने के,,NEI,same_as_gold,word,"{""shuffle_type"": ""uniform_random"", ""word_order_preserved"": false}","{""fluency_checked"": false, ""label_consistent"": true, ""meaning_preserved"": false}",
1032,CA_WORD_03_Jumbling,hi,भूकंप के बाद अब तक किसी बड़े जान-माल के नुकसान की सूचना नहीं मिली है।,लेख में स्पष्ट रूप से कहा गया है कि किसी बड़े नुकसान की सूचना नहीं है।,जान-माल नुकसान के अब बड़े सूचना मिली नहीं किसी के की है। बाद तक भूकंप,,SUP,same_as_gold,word,"{""shuffle_type"": ""uniform_random"", ""word_order_preserved"": false}","{""fluency_checked"": false, ""label_consistent"": true, ""meaning_preserved"": false}",
1033,CA_WORD_03_Jumbling,hi,स्वच्छ भारत मिशन-ग्रामीण 2014 में शुरू किया गया था।,पीआईबी की हिंदी प्रेस नोट में स्वच्छ भारत मिशन-ग्रामीण को 2014 में शुरू किया गया मिशन बताया गया है।,गया 2014 स्वच्छ में शुरू था। मिशन-ग्रामीण भारत किया,,SUP,same_as_gold,word,"{""shuffle_type"": ""uniform_random"", ""word_order_preserved"": false}","{""fluency_checked"": false, ""label_consistent"": true, ""meaning_preserved"": false}",
1034,CA_WORD_03_Jumbling,hi,दिल्ली पुलिस ने अंतरराज्यीय म्यूल सिम कार्ड रैकेट का भंडाफोड़ कर दो लोगों को गिरफ्तार किया।,पुलिस ने दो आरोपियों को गिरफ्तार किया जो साइबर अपराधियों को फर्जी तरीके से प्राप्त सिम कार्ड उपलब्ध कराते थे।,कर ने दो गिरफ्तार का रैकेट दिल्ली कार्ड सिम को म्यूल भंडाफोड़ पुलिस किया। अंतरराज्यीय लोगों,,SUP,same_as_gold,word,"{""shuffle_type"": ""uniform_random"", ""word_order_preserved"": false}","{""fluency_checked"": false, ""label_consistent"": true, ""meaning_preserved"": false}",
1035,CA_WORD_03_Jumbling,hi,स्टार्टअप विलेज उद्यमिता कार्यक्रम दीनदयाल अंत्योदय योजना-राष्ट्रीय ग्रामीण आजीविका मिशन का उप-घटक है।,ग्रामीण विकास संबंधी विज्ञप्ति एसवीईपी को डीएवाई-एनआरएलएम का उप-घटक बताती है।,उद्यमिता स्टार्टअप कार्यक्रम उप-घटक ग्रामीण आजीविका अंत्योदय योजना-राष्ट्रीय है। का विलेज दीनदयाल मिशन,,SUP,same_as_gold,word,"{""shuffle_type"": ""uniform_random"", ""word_order_preserved"": false}","{""fluency_checked"": false, ""label_consistent"": true, ""meaning_preserved"": false}",
1036,CA_WORD_03_Jumbling,hi,अमेरिकी संघीय सरकार ने वॉशिंगटन बाढ़ पीड़ितों के लिए 5 अरब डॉलर के राहत पैकेज की घोषणा की।,लेख में किसी राहत पैकेज या वित्तीय सहायता की घोषणा का उल्लेख नहीं है।,की। पैकेज ने राहत वॉशिंगटन पीड़ितों डॉलर संघीय अमेरिकी के के अरब सरकार बाढ़ की घोषणा लिए 5,,NEI,same_as_gold,word,"{""shuffle_type"": ""uniform_random"", ""word_order_preserved"": false}","{""fluency_checked"": false, ""label_consistent"": true, ""meaning_preserved"": false}",
1037,CA_WORD_03_Jumbling,hi,चीन के प्रदर्शनी में दिखाए गये बुलडोज़र का वीडियो यूपी में योगी आदित्यनाथ के जीत से जोड़कर हुआ वायरल ।,"इस वीडियो का उत्तर प्रदेश में योगी अदित्यानाथ के जीत से कोई संबंध नहीं है। यह वीडियो 2016 में एक व्यापार मेले में चीनी मैन्युफैक्चरिंग कंपनी द्वारा बुलडोजर स्टंट का है। उत्तर प्रदेश में चुनाव के रिजल्ट्स के बाद सोशल मीडिया पर बुलडोज़र के एक वीडियो को शेयर करते हुए दावा किया जा रहा है कि उत्तर प्रदेश में योगी आदित्यनाथ के जीत के बाद बुलडोज़र भी झूमते हुए दिख रहे है । दावा है कि लोग बुलडोजर से स्टंट कर योगी आदित्यनाथ की जीत का जश्न मना रहे हैं। योगी आदित्यनाथ के जीत और बुलडोज़र का क्या संबंध? उत्तर प्रदेश चुनाव के दौरान बुलडोज़र कई बारचर्चा का विषयबना । योगी आदित्यनाथ की चुनावी सभा में बुलडोजर नजर आया था जिसको लेकर उन्होंनेट्वीटभी किया था । इस ट्वीट का पलटजवाबदेते हुए सपा पार्टी प्रमुख अखिलेश यादव ने लिखा था “बुलडोज़र बाबा अब खाली होकर ‘बुल और डॉग’ से खेलेंगे।” बुलडोजर का इस्तेमाल अक्सर योगी आदित्यनाथ के प्रशासन के अपराध पर सख्ती के संबंध में भी उल्लेख किया गया है । यूपी के अधिकारियों ने तथाकथित माफियाओं के सदस्यों की अवैध संपत्तियों पर बुलडोज़र चला दिया था। वास्तव में, “बुलडोजर” को अपनी सरकार के लिए एकब्रांड बताते हुए, भाजपा के सीएम (योगी आदित्यनाथ) ने कहा कि “बुलडोजर एक्सप्रेसवे के लिए प्रभावी है और माफियाओं पर चलाने के लिए भी काफी प्रभावी है।” वायरल पोस्ट के कैप्शन में लिखा गया है कि “बुलडोजर बाबा जिंदाबाद Up में बुलडोजर की खुशी का ठिकाना नहीं !” फेसबुक पोस्ट।आर्काइव लिंक अनुसंधान से पता चलता है कि… जाँच की शुरुवात हमने इस वीडियो को छोटे की फ्रेम्स में बांटकर यांडेक्स पर रिवर्स इमेज सर्च करने से की । परिणाम में हमें यह वीडियो TCH के यूट्यूब चैनल पर मिला । इस वीडियो को 14 जुलाई 2017 को अपलोड किया गया था । इस वीडियो के कैप्शन के अनुसार यह वीडियो चीन से है जहाँ एक १७ टन की बुलडोज़र को एक टेक्नोलॉजी शो (Technology show) में नाचते हुए देखा गया था । इसी वीडियो को जानवरों 2016 में अपलोड करते हुए एक चैनल ने लिखा है कि “फोटोनलोवोल (fotonlovol ) व्हील लोडर डांसिंग” इसी वीडियो को2017में अपलोड कर एक चाइनिस यूट्यूब यूजर ने लिखा है कि यह बॉमा के एक प्रदर्शनी में डांस लोडर लोवोल का वीडियो है । बॉमा के इस प्रदर्शनी के बारें में ढूँढने पर हमें पता चला कि बॉमा कंस्ट्रक्शन मशीनरी, बि",के चीन गये में वायरल के बुलडोज़र योगी जीत आदित्यनाथ । जोड़कर यूपी प्रदर्शनी वीडियो हुआ में का दिखाए से,,REF,same_as_gold,word,"{""shuffle_type"": ""uniform_random"", ""word_order_preserved"": false}","{""fluency_checked"": false, ""label_consistent"": true, ""meaning_preserved"": false}",
1038,CA_WORD_03_Jumbling,hi,31 दिसंबर 2025 तक अटल पेंशन योजना में 8.59 करोड़ से अधिक सदस्य जुड़े थे।,आधिकारिक विज्ञप्ति में 31 दिसंबर 2025 तक अटल पेंशन योजना के 8.59 करोड़ से अधिक सब्सक्राइबर होने का उल्लेख है।,31 पेंशन अधिक सदस्य अटल करोड़ जुड़े दिसंबर में 2025 8.59 थे। योजना से तक,,SUP,same_as_gold,word,"{""shuffle_type"": ""uniform_random"", ""word_order_preserved"": false}","{""fluency_checked"": false, ""label_consistent"": true, ""meaning_preserved"": false}",
1039,CA_WORD_03_Jumbling,hi,हादसे के समय बोस्टन के मेयर स्वयं घटनास्थल पर मौजूद थे।,लेख में मेयर की उपस्थिति का कोई उल्लेख नहीं है।,समय हादसे थे। पर मेयर के घटनास्थल मौजूद के बोस्टन स्वयं,,NEI,same_as_gold,word,"{""shuffle_type"": ""uniform_random"", ""word_order_preserved"": false}","{""fluency_checked"": false, ""label_consistent"": true, ""meaning_preserved"": false}",
1040,CA_WORD_03_Jumbling,hi,लोकसभा चुनाव 2024 के सातवें चरण में पुरुष मतदान प्रतिशत 63.11 था।,पीआईबी की हिंदी विज्ञप्ति में सातवें चरण के लिंगवार आंकड़ों में पुरुष मतदान 63.11 प्रतिशत बताया गया है।,63.11 चरण पुरुष के मतदान चुनाव लोकसभा 2024 प्रतिशत सातवें में था।,,SUP,same_as_gold,word,"{""shuffle_type"": ""uniform_random"", ""word_order_preserved"": false}","{""fluency_checked"": false, ""label_consistent"": true, ""meaning_preserved"": false}",
1041,CA_WORD_03_Jumbling,hi,"सहकारी फुटप्रिंट विस्तार की राष्ट्रीय योजना के अंतर्गत 32,802 नई बहुउद्देशीय पैक्स, डेयरी और मत्स्य समितियां पंजीकृत की गई थीं।","पीआईबी की हिंदी विज्ञप्ति में सहकारी फुटप्रिंट विस्तार की राष्ट्रीय योजना के तहत 32,802 नई बहुउद्देशीय पैक्स, डेयरी और मत्स्य समितियों के पंजीकरण का उल्लेख है।","विस्तार बहुउद्देशीय अंतर्गत योजना की 32,802 गई थीं। की पैक्स, डेयरी सहकारी समितियां फुटप्रिंट पंजीकृत राष्ट्रीय नई के मत्स्य और",,SUP,same_as_gold,word,"{""shuffle_type"": ""uniform_random"", ""word_order_preserved"": false}","{""fluency_checked"": false, ""label_consistent"": true, ""meaning_preserved"": false}",
1042,CA_WORD_03_Jumbling,hi,"ईआरओनेट केवल फॉर्म 6 से संबंधित प्रक्रिया संभालता है, फॉर्म 6ए, 7 और 8 से नहीं।","पीआईबी की विज्ञप्ति में ईआरओनेट को फॉर्म 6, 6ए, 7 और 8 से संबंधित सभी प्रक्रियाओं को संभालने वाली प्रणाली बताया गया है।","7 और है, संभालता केवल प्रक्रिया नहीं। से 6ए, फॉर्म से संबंधित ईआरओनेट 8 6 फॉर्म",,REF,same_as_gold,word,"{""shuffle_type"": ""uniform_random"", ""word_order_preserved"": false}","{""fluency_checked"": false, ""label_consistent"": true, ""meaning_preserved"": false}",
1043,CA_WORD_03_Jumbling,hi,लोकसभा चुनाव 2024 के पहले चरण में 16.63 करोड़ मतदाता थे।,पीआईबी की हिंदी विज्ञप्ति में पहले चरण के लिए 16.63 करोड़ मतदाताओं का विवरण दिया गया है।,16.63 में के चुनाव मतदाता करोड़ 2024 चरण पहले थे। लोकसभा,,SUP,same_as_gold,word,"{""shuffle_type"": ""uniform_random"", ""word_order_preserved"": false}","{""fluency_checked"": false, ""label_consistent"": true, ""meaning_preserved"": false}",
1044,CA_WORD_03_Jumbling,hi,मोटरसाइकिल हेलमेट सही तरीके से पहनने से मृत्यु और मस्तिष्क चोट का जोखिम घटता है।,डब्ल्यूएचओ के अनुसार सही गुणवत्ता वाला हेलमेट सही ढंग से पहनने से मृत्यु और मस्तिष्क चोट का जोखिम कम होता है।,घटता से पहनने मृत्यु है। चोट हेलमेट सही और का से तरीके मस्तिष्क मोटरसाइकिल जोखिम,,SUP,same_as_gold,word,"{""shuffle_type"": ""uniform_random"", ""word_order_preserved"": false}","{""fluency_checked"": false, ""label_consistent"": true, ""meaning_preserved"": false}",
1045,CA_WORD_03_Jumbling,hi,हेमा मालिनी और धर्मेंद्र की वायरल तस्वीर हाल की नहीं बल्कि पुरानी है।,"तस्वीर के पुराने संस्करण इंटरनेट पर पहले से मौजूद मिले। वर्तमान घटनाक्रम से जोड़कर इसे साझा किया गया, जबकि इसका उस दावे से कोई संबंध नहीं था।",मालिनी तस्वीर की हेमा बल्कि पुरानी वायरल धर्मेंद्र नहीं हाल और है। की,,SUP,same_as_gold,word,"{""shuffle_type"": ""uniform_random"", ""word_order_preserved"": false}","{""fluency_checked"": false, ""label_consistent"": true, ""meaning_preserved"": false}",
1046,CA_WORD_03_Jumbling,hi,नोरा फतेही ने मुंबई एयरपोर्ट पर अपनी अगली हॉलीवुड फिल्म का नाम घोषित किया।,भास्कर की रिपोर्ट में नोरा फतेही के एयरपोर्ट लुक और पैपराजी वीडियो पर खबर है। लेख में हॉलीवुड फिल्म के नाम की घोषणा या किसी नए प्रोजेक्ट की आधिकारिक जानकारी नहीं दी गई।,पर ने फतेही नोरा घोषित मुंबई फिल्म का अगली हॉलीवुड अपनी नाम एयरपोर्ट किया।,,NEI,same_as_gold,word,"{""shuffle_type"": ""uniform_random"", ""word_order_preserved"": false}","{""fluency_checked"": false, ""label_consistent"": true, ""meaning_preserved"": false}",
1047,CA_WORD_03_Jumbling,hi,आलिया भट्ट को कांग्रेस ने 2024 चुनाव के लिए स्टार प्रचारक घोषित किया था।,द लल्लनटॉप ने वायरल सूची की जांच में पाया कि उसमें कई कलाकारों के नाम एडिट करके जोड़े गए थे। कांग्रेस की आधिकारिक स्टार प्रचारक सूची में आलिया भट्ट का नाम नहीं था।,को आलिया चुनाव था। ने लिए के 2024 कांग्रेस भट्ट घोषित प्रचारक किया स्टार,,REF,same_as_gold,word,"{""shuffle_type"": ""uniform_random"", ""word_order_preserved"": false}","{""fluency_checked"": false, ""label_consistent"": true, ""meaning_preserved"": false}",
1048,CA_WORD_03_Jumbling,hi,गोविंदा ने फिल्म 'अवतार फायर एंड ऐश' में काम नहीं किया; वायरल वीडियो एआई निर्मित है।,"विश्वास न्यूज़ के मुताबिक, नई दिल्ली (विश्वास न्यूज)। सोशल मीडिया के कई प्‍लेटफॉर्म पर बॉलीवुड एक्‍टर गोविंदा का अलग-अलग वीडियो और तस्‍वीर वायरल हो रही है।",नहीं निर्मित फिल्म गोविंदा वायरल में काम एंड किया; फायर है। 'अवतार एआई ऐश' वीडियो ने,,SUP,same_as_gold,word,"{""shuffle_type"": ""uniform_random"", ""word_order_preserved"": false}","{""fluency_checked"": false, ""label_consistent"": true, ""meaning_preserved"": false}",
1049,CA_WORD_03_Jumbling,hi,लेख के अनुसार भाजपा शासनकाल में विद्युत उत्पादन में उल्लेखनीय वृद्धि हुई है।,लेख में विद्युत उत्पादन नहीं बढ़ने का दावा किया गया है।,भाजपा लेख वृद्धि हुई उल्लेखनीय है। अनुसार विद्युत उत्पादन शासनकाल के में में,,REF,same_as_gold,word,"{""shuffle_type"": ""uniform_random"", ""word_order_preserved"": false}","{""fluency_checked"": false, ""label_consistent"": true, ""meaning_preserved"": false}",
1050,CA_WORD_03_Jumbling,hi,मिर्गी विश्व की सबसे आम तंत्रिका संबंधी बीमारियों में से एक है।,"विश्व स्वास्थ्य संगठन के अनुसार विश्व भर में लगभग 5 करोड़ लोग मिर्गी से पीड़ित हैं, जिससे यह सबसे आम तंत्रिका संबंधी बीमारियों में से एक बन जाती है।",मिर्गी तंत्रिका संबंधी एक में बीमारियों सबसे की आम विश्व है। से,,SUP,same_as_gold,word,"{""shuffle_type"": ""uniform_random"", ""word_order_preserved"": false}","{""fluency_checked"": false, ""label_consistent"": true, ""meaning_preserved"": false}",
1051,CA_WORD_03_Jumbling,hi,डूबने की सभी घटनाएं केवल समुद्र में होती हैं।,"डब्ल्यूएचओ डूबने की घटनाओं को विभिन्न जल-परिस्थितियों से जोड़ता है, लेकिन केवल समुद्र तक सीमित होने का दावा स्थापित नहीं करता।",डूबने समुद्र की सभी घटनाएं केवल होती हैं। में,,NEI,same_as_gold,word,"{""shuffle_type"": ""uniform_random"", ""word_order_preserved"": false}","{""fluency_checked"": false, ""label_consistent"": true, ""meaning_preserved"": false}",
1052,CA_WORD_03_Jumbling,hi,"'धुरंधर द रिवेंज' की टीम अयोध्या के राम मंदिर नहीं पहुंची, AI तस्वीर वायरल हुई।",विश्वास न्यूज़ की स्टोरी बताती है कि ‘धुरंधर द रिवेंज’ 19 मार्च 2026 को रिलीज होने के बाद बॉक्‍स ऑफिस पर तगड़ी कमाई कर रही है। पर तारीख या आंकड़े नहीं दिए गए।,"AI के राम पहुंची, तस्वीर द अयोध्या टीम मंदिर रिवेंज' वायरल की नहीं 'धुरंधर हुई।",,NEI,same_as_gold,word,"{""shuffle_type"": ""uniform_random"", ""word_order_preserved"": false}","{""fluency_checked"": false, ""label_consistent"": true, ""meaning_preserved"": false}",
1053,CA_WORD_03_Jumbling,hi,लेख के अनुसार सभी आपदा प्रभावितों ने जोशीमठ छोड़कर दूसरे शहर में बसने का निर्णय लिया।,लेख में अधिकांश प्रभावितों ने स्पष्ट कहा है कि वे जोशीमठ छोड़कर नहीं जाएंगे।,का ने निर्णय में दूसरे अनुसार लेख जोशीमठ शहर आपदा के प्रभावितों छोड़कर बसने लिया। सभी,,REF,same_as_gold,word,"{""shuffle_type"": ""uniform_random"", ""word_order_preserved"": false}","{""fluency_checked"": false, ""label_consistent"": true, ""meaning_preserved"": false}",
1054,CA_WORD_03_Jumbling,hi,पीएम-आशा के तहत मूल्य समर्थन योजना और मूल्य स्थिरीकरण कोष को एकीकृत किया गया।,डीडी न्यूज हिंदी पृष्ठ में पीएम-आशा में मूल्य समर्थन योजना और मूल्य स्थिरीकरण कोष के एकीकरण का उल्लेख है।,समर्थन कोष और योजना मूल्य एकीकृत मूल्य किया गया। पीएम-आशा को तहत स्थिरीकरण के,,SUP,same_as_gold,word,"{""shuffle_type"": ""uniform_random"", ""word_order_preserved"": false}","{""fluency_checked"": false, ""label_consistent"": true, ""meaning_preserved"": false}",
1055,CA_WORD_03_Jumbling,hi,गर्भवती महिलाओं को दैनिक कैलोरी का कम से कम 45% केवल पशु-आधारित प्रोटीन से लेना चाहिए।,"गर्भवती और स्तनपान कराने वाली महिलाओं को अतिरिक्त प्रोटीन की आवश्यकता होती है, जिसे दालों, दूध, अंडे और मांस से प्राप्त किया जा सकता है।",को 45% प्रोटीन कम पशु-आधारित गर्भवती चाहिए। महिलाओं लेना केवल से का दैनिक से कम कैलोरी,,NEI,same_as_gold,word,"{""shuffle_type"": ""uniform_random"", ""word_order_preserved"": false}","{""fluency_checked"": false, ""label_consistent"": true, ""meaning_preserved"": false}",
1056,CA_WORD_03_Jumbling,hi,एक्टर सुमीत सचदेव के गले में खाना अटक गया।,TV9 भारतवर्ष की खबर में कहा गया है कि 'क्योंकि सास भी कभी बहू थी' फेम टीवी एक्टर सुमीत सचदेव ने एक हैरान करने वाला खुलासा किया है.,के गले सचदेव अटक सुमीत में एक्टर खाना गया।,,SUP,same_as_gold,word,"{""shuffle_type"": ""uniform_random"", ""word_order_preserved"": false}","{""fluency_checked"": false, ""label_consistent"": true, ""meaning_preserved"": false}",
1057,CA_WORD_03_Jumbling,hi,वर्ष २०१९ का बिहार में भीड़ द्वारा एक व्यक्ति को पीटने के वीडियो को उत्तर प्रदेश का बता वायरल किया जा रहा है |,"इन दिनों सोशल मंचों पर उत्तर प्रदेश को लेकर कई दावे भ्रामक रूप से फैलाये जा रहे हैं, कई पुराने वीडियो और तस्वीरों को गलत दावों के साथ सांप्रदायिक रूप देकर उत्तर प्रदेश की वर्तमान राजनीतिक व पुलिस व्यवस्था को लेकर तंज कसा जा रहा है, वर्तमान में एक ऐसा ही वीडियो जहाँ भीड़तंत्र द्वारा एक व्यक्ति को बेरहमी से पीटा जा रहा है व पुलिस बीच बचाव कर रही है जिन्हें भीड़ द्वारा धकेल दिया जाता है , इस वीडियो को आपयहाँभी देख सकते है | वायरल पोस्ट के कैप्शन में लिखा गया है कि “ये वीडियो UP का कही का है इनलोगों ने वहशीपन की साडी हद पार कर दी है गलती किसी की हो,I don’t knowपर धरम के रक्षकModi ji & Yogi jiआप लोग अगर सत्ता में रहे तो लोह राम के नाम से डरने लगेंगे, देश विनाश में चला जायेगा आप लोगों ने जंगल राज फैला दिया है, आपकी पुलिस ने चूड़ियाँ पहले है |” (शब्दशः) आर्काइव लिंक अनुसंधान से पता चलता है कि… फैक्ट क्रेसेंडो ने शोध कर पाया है कि यह वीडियो उत्तर प्रदेश से नही बल्कि वर्ष २०१९  में बिहार के कैमूर जिले से है | इस वीडियो व इसके साथ किये गए दावों की जाँच करने हेतु हमने इस वीडियो को इन्विड टूल की मदद से छोटे कीफ्रेम्स में तोड़कर व गूगल पर रिवर्स इमेज सर्च करने से किया, जिसके परिणाम से हमें इस वीडियो में दिख रहे दृश्यों का स्क्रीनशॉटइंडिया टुडेद्वारा प्रकाशित एक न्यूज़ रिपोर्ट में नज़र आया |५ अक्टूबर २०१९को प्रकाशित इस न्यूज़ रिपोर्ट के अनुसारयह मामला बिहार के कैमूर जिलेका है | खबर के अनुसार बिहार के भभुआ में वार्ड सदस्य के बेटे ने एक युवक को गोली मार दी थी व इस युवक को अस्पताल ले जाया गया था, जहां डॉक्टर ने उसे मृतक घोषित कर दिया था| इस मामले में गोली मारने वाले युवक की स्थानीय लोगों ने जमकर पिटाई की थी, यह वीडियो उसी प्रकरण का है जहाँ गोली मारने वाले व्यक्ति को स्थानीय भीड़ द्वारा पीटा जा रहा है, भीड़ को इस व्यक्ति को पीटने के दौरान “जय श्री राम” का उद्घोष करते हुये भी सुना जा सकता है  | भीड़ द्वारा पीटे जाने पर इस व्यक्ति की हालत गंभीर हो गयी थी और उन्हें कैमूर सदर हॉस्पिटल ले जाया गया था | टीवी९ हिंदीद्वारा प्रकाशित खबर के अनुसार पुलिस को आक्रोशित लोगों को शांत कराने के लिए लाठी चार्ज करना पड़ा था | इस दौरान दो पुलिसकर्मी घायल भी हुये थे| सूचना मिलते ही कैमूर एसपी दिलनवाज अहम",पीटने जा उत्तर | द्वारा वीडियो है भीड़ व्यक्ति को का बता प्रदेश किया का २०१९ में के वर्ष वायरल एक बिहार रहा को,,REF,same_as_gold,word,"{""shuffle_type"": ""uniform_random"", ""word_order_preserved"": false}","{""fluency_checked"": false, ""label_consistent"": true, ""meaning_preserved"": false}",
1058,CA_WORD_03_Jumbling,hi,पाकिस्तान में हिंदू शख्स पर हमले का पुराना वीडियो तेलंगाना की घटना के रूप में फैलाया जा रहा है…,"यह वीडियो पाकिस्तान में ईशनिंदा की घटना से सम्बंधित है इसका तेलंगाना से कोई मतलब नहीं है, दावा फर्जी है। इंटरनेट पर एक बहुमंजिला बिल्डिंग पर आक्रामक भीड़ के घुसने का वीडियो तेज़ी से वायरल हो रहा है। वीडियो में दिखाई दे रहा है कि कुछ लोगों की भीड़  आक्रोशित हो आकर घर में घुसने की कोशिश कर रही है। वहीं कुछ लोग छोड़ दो कहते सुनाई दे रहे हैं। ये वीडियो शेयर करते हुए यूजर्स दावा कर रहे हैं कि वीडियो तेलंगाना का है जहां पर ‘सर तन से जुदा’ नारे लगाती हुई भीड़ हिंदुओं के घरों में जबरदस्ती घुस गई। इस पोस्ट को शेयर करते हुए कैप्शन में लिखा गया है कि…. नजाराअफगानिस्तान,पाकिस्तानकानहींतेलंगानाकादृश्यहै।जोसरतनसेजुदानारेकेसाथहिन्दुओंकेघरोंमेंजबरनघुसरहेंहैंlअपनीसुरक्षास्वयंमकरोवर्नाकश्मीरजैसेहालातहोजाएंगे,कोइनेता,मिडियातुम्हेंबचानेनहींआएगीजैसेकश्मीरमेंहिन्दुओंकोकोईबचानेनहींगया। फेसबुक पोस्ट।आर्काइव पोस्ट अनुसंधानसेपताचलताहैकि… हमने जांच की शुरुआत में वीडियो से फ्रेम लेकर गूगल लेंस से सर्च किया। परिणाम में हमें पता चला कि यह वीडियो पाकिस्तान के हैदराबाद में अगस्त 2022 में हुई एक घटना का है। हमें मिली मीडिया रिपोर्ट्स में हमें वायरल वीडियो वाले विजुअल भी दिखाई दिए। 23 अगस्त 2022 को छपीद ट्रिब्यूनकी रिपोर्ट के अनुसार, पाकिस्तान के सिंध प्रांत के हैदराबाद शहर में अशोक कुमार नाम के एक हिंदू सफाई कर्मचारी पर कुरान की ईशनिंदा करने का आरोप लगा था। भीड़ ने अशोक को घेर कर उस पर हमला करने की कोशिश की थी। तभी पुलिस ने हिंसक भीड़ से अशोक कुमार को बचाया और बाद में गिरफ्तार कर लिया। रिपोर्ट के मुताबिक कट्टरपंथी समूह तहरीक-ए-लब्बैक पाकिस्तान (टीएलपी) ने 19 अगस्त को हुई कथित ईशनिंदा की घटना को लेकर हिंदू परिवारों के आवास वाली एक इमारत के सामने 21 अगस्त को विरोध प्रदर्शन किया था। वहीं रिपोर्ट में एक पुलिस अधिकारी के हवाले से यह बताया गया था कि स्थानीय निवासी के साथ व्यक्तिगत झड़प के कारण सफाई कर्मचारी को निशाना बनाया गया था। पड़ताल करने पर हमें 22 अगस्त 2022 कोइकनॉमिक टाइम्सकी रिपोर्ट मिली। इसमें पुलिस के हवाले से बताया गया है कि एक स्थानीय निवासी के साथ आपसी झगड़े के चलते सफाई कर्मचारी को अपमानित किया गया था। कथित तौर पर कुरान के अपमान को लेकर अशोक कुमार पर ईशनिंदा का फर्जी मामला दर्ज किया गया। इस",घटना रूप जा का तेलंगाना हमले फैलाया में की हिंदू के पुराना रहा वीडियो पाकिस्तान शख्स पर में है…,,REF,same_as_gold,word,"{""shuffle_type"": ""uniform_random"", ""word_order_preserved"": false}","{""fluency_checked"": false, ""label_consistent"": true, ""meaning_preserved"": false}",
1059,CA_WORD_03_Jumbling,hi,'जवान' से जुड़ा वायरल संवाद आधिकारिक फिल्म संवाद था।,लेख में यह नहीं बताया गया कि उक्त संवाद आधिकारिक रूप से फिल्म का हिस्सा था; केवल वायरल दावे की जांच की गई।,फिल्म 'जवान' वायरल संवाद जुड़ा आधिकारिक था। से संवाद,,NEI,same_as_gold,word,"{""shuffle_type"": ""uniform_random"", ""word_order_preserved"": false}","{""fluency_checked"": false, ""label_consistent"": true, ""meaning_preserved"": false}",
1060,CA_WORD_03_Jumbling,hi,गणपति पूजा करते शाहरुख खान का यह वीडियो दो साल पुराना है।,"विश्वास न्यूज़ ने बताया कि विश्वास न्यूज ने अपनी पड़ताल में पाया कि गणपति पूजन करते शाहरुख खान का वायरल वीडियो हालिया नहीं है, बल्कि सितंबर 2023 का है।",का पुराना गणपति दो साल शाहरुख खान करते वीडियो यह है। पूजा,,SUP,same_as_gold,word,"{""shuffle_type"": ""uniform_random"", ""word_order_preserved"": false}","{""fluency_checked"": false, ""label_consistent"": true, ""meaning_preserved"": false}",
1061,CA_WORD_03_Jumbling,hi,अनुपचारित सुनने की हानि शिक्षा को प्रभावित कर सकती है।,"डब्ल्यूएचओ के अनुसार अनुपचारित सुनने की हानि संचार, शिक्षा, रोजगार और सामाजिक भागीदारी पर प्रभाव डाल सकती है।",सुनने कर की शिक्षा को हानि अनुपचारित सकती है। प्रभावित,,SUP,same_as_gold,word,"{""shuffle_type"": ""uniform_random"", ""word_order_preserved"": false}","{""fluency_checked"": false, ""label_consistent"": true, ""meaning_preserved"": false}",
1062,CA_WORD_03_Jumbling,hi,"जैकी श्रॉफ ने अपने नाम, आवाज और ‘भिडू’ शब्द के अनधिकृत इस्तेमाल के खिलाफ अदालत से राहत हासिल की।","द लल्लनटॉप की रिपोर्ट में दिल्ली हाई कोर्ट के आदेश का जिक्र है, जिसमें जैकी श्रॉफ के पर्सनैलिटी राइट्स की रक्षा से जुड़ी अंतरिम राहत बताई गई। लेख में उनके नाम, छवि, आवाज और लोकप्रिय संबोधन के दुरुपयोग पर रोक की बात शामिल है।","श्रॉफ इस्तेमाल की। जैकी खिलाफ और से ने अपने अनधिकृत नाम, शब्द राहत हासिल ‘भिडू’ के आवाज अदालत के",,SUP,same_as_gold,word,"{""shuffle_type"": ""uniform_random"", ""word_order_preserved"": false}","{""fluency_checked"": false, ""label_consistent"": true, ""meaning_preserved"": false}",
1063,CA_WORD_03_Jumbling,hi,एग्रीजंक्शन योजना के तहत वित्तीय वर्ष 2026-27 के लिए आवेदन प्रक्रिया शुरू की गई।,अमर उजाला की हिंदी रिपोर्ट में कृषि पढ़े युवाओं के स्वरोजगार के लिए एग्रीजंक्शन योजना के 2026-27 आवेदन शुरू होने की जानकारी है।,प्रक्रिया लिए आवेदन गई। के 2026-27 वित्तीय वर्ष एग्रीजंक्शन तहत योजना के शुरू की,,SUP,same_as_gold,word,"{""shuffle_type"": ""uniform_random"", ""word_order_preserved"": false}","{""fluency_checked"": false, ""label_consistent"": true, ""meaning_preserved"": false}",
1064,CA_WORD_03_Jumbling,hi,सीट बेल्ट पहनने से वाहन में बैठे लोगों की मृत्यु और गंभीर चोट का जोखिम कम होता है।,विश्व स्वास्थ्य संगठन के अनुसार सीट बेल्ट पहनने से आगे और पीछे बैठे यात्रियों में मृत्यु तथा गंभीर चोट का जोखिम कम होता है।,और बेल्ट जोखिम है। से होता गंभीर कम पहनने की लोगों बैठे सीट मृत्यु में वाहन का चोट,,SUP,same_as_gold,word,"{""shuffle_type"": ""uniform_random"", ""word_order_preserved"": false}","{""fluency_checked"": false, ""label_consistent"": true, ""meaning_preserved"": false}",
1065,CA_WORD_03_Jumbling,hi,महाराष्ट्र की पुण्यश्लोक अहिल्यादेवी होल्कर किसान कर्जमाफी योजना में दो लाख रुपये तक का ऋण माफ करने की बात कही गई।,एनडीटीवी इंडिया की हिंदी रिपोर्ट में किसान कर्जमाफी योजना के तहत दो लाख रुपये तक ऋण माफी का उल्लेख है।,होल्कर कर्जमाफी किसान की करने महाराष्ट्र गई। माफ का रुपये कही की अहिल्यादेवी ऋण पुण्यश्लोक तक बात लाख योजना में दो,,SUP,same_as_gold,word,"{""shuffle_type"": ""uniform_random"", ""word_order_preserved"": false}","{""fluency_checked"": false, ""label_consistent"": true, ""meaning_preserved"": false}",
1066,CA_WORD_03_Jumbling,hi,दीपिका पादुकोण 'स्पिरिट' से बाहर हो गईं हैं।,"द लल्लनटॉप की रिपोर्ट के अनुसार, क्या 21 साल बाद प्रभास की फिल्म से तेलुगु सिनेमा में कमबैक करेंगी कटरीना कैफ?। खबर में यही जानकारी स्पष्ट रूप से दर्ज है।",'स्पिरिट' हो बाहर हैं। गईं पादुकोण दीपिका से,,SUP,same_as_gold,word,"{""shuffle_type"": ""uniform_random"", ""word_order_preserved"": false}","{""fluency_checked"": false, ""label_consistent"": true, ""meaning_preserved"": false}",
1067,CA_WORD_03_Jumbling,hi,रयान गोस्लिंग अगले घोस्ट राइडर बनेंगे।,अमर उजाला के अनुसार केवल इतना पता है कि तीन बार ऑस्कर के लिए नॉमिनेट हो चुके रयान गोसलिंग अब मार्वल सिनेमैटिक यूनिवर्स का हिस्सा बन गए हैं। इससे आगे कोई आधिकारिक पुष्टि या आंकड़े नहीं दिए गए।,घोस्ट बनेंगे। राइडर गोस्लिंग अगले रयान,,NEI,same_as_gold,word,"{""shuffle_type"": ""uniform_random"", ""word_order_preserved"": false}","{""fluency_checked"": false, ""label_consistent"": true, ""meaning_preserved"": false}",
1068,CA_WORD_03_Jumbling,hi,मनोज मुंतशिर ने कहा कि 'आदिपुरुष' उनकी ज़िंदगी की सबसे बड़ी गलती थी।,"द लल्लनटॉप की रिपोर्ट के अनुसार, मनोज मुंतशिर को उनकी पत्नी ने 'आदिपुरुष' करने से रोका था. मगर उन्होंने घमंड में उनकी एक न सुनी। खबर में यही जानकारी स्पष्ट रूप से दर्ज है।",थी। सबसे गलती बड़ी ने कि ज़िंदगी उनकी की मनोज कहा मुंतशिर 'आदिपुरुष',,SUP,same_as_gold,word,"{""shuffle_type"": ""uniform_random"", ""word_order_preserved"": false}","{""fluency_checked"": false, ""label_consistent"": true, ""meaning_preserved"": false}",
1069,CA_WORD_03_Jumbling,hi,माइग्रेन का हर दौरा ठीक चार घंटे रहता है।,"डब्ल्यूएचओ माइग्रेन के दौरे की अवधि में भिन्नता की चर्चा करता है, लेकिन हर दौरे के लिए ठीक चार घंटे नहीं बताता।",चार ठीक दौरा का रहता हर घंटे है। माइग्रेन,,NEI,same_as_gold,word,"{""shuffle_type"": ""uniform_random"", ""word_order_preserved"": false}","{""fluency_checked"": false, ""label_consistent"": true, ""meaning_preserved"": false}",
1070,CA_WORD_03_Jumbling,hi,लेख के अनुसार राहत अभियान में किसी हेलिकॉप्टर का उपयोग नहीं किया गया।,लेख में सेना के चार हेलिकॉप्टरों के उपयोग का स्पष्ट उल्लेख है।,का नहीं में राहत लेख किया किसी के अनुसार हेलिकॉप्टर उपयोग गया। अभियान,,REF,same_as_gold,word,"{""shuffle_type"": ""uniform_random"", ""word_order_preserved"": false}","{""fluency_checked"": false, ""label_consistent"": true, ""meaning_preserved"": false}",
1071,CA_WORD_03_Jumbling,hi,"सीजेपी के संस्थापक की पिटाई का नहीं, दिल्ली में डॉग लवर्स के प्रदर्शन का है यह वायरल वीडियो।","दिल्ली पुलिस द्वारा डॉग लवर्स को हिरासत में लेने का वीडियो सीजेपी के प्रोटेस्ट से जोड़कर भ्रामक दावे से फैलाया जा रहा है। बीते कुछ दिनों पहले कॉकरोच जनता पार्टी (सीजेपी) ने ‘संसद मार्च’ का आयोजन किया था। जिससे जोड़ते हुए सोशल मीडिया पर एक वीडियो वायरल किया जा रहा है।वीडियो में कुछ पुलिसकर्मियों को दिखाया गया है जो एक शख्स को बलपूर्वक पकड़े हुए हैं और इनमें से एक पुलिसकर्मी उस शख्स को मुक्के भी मारता है। साथ ही वीडियो में एक महिला की भी आवाज है जो उस शख्स के मरने की बात कह रही है। दावा किया जा रहा है कि यह वीडियो उसी संसद मार्च के दौरान का है जहां दिल्ली पुलिस ने सीजेपी के संस्थापक अभिजीत दीपके की पिटाई कर दी। वीडियो को इस कैप्शन के साथ साझा किया जा रहा है… येबीजेपीकीतानाशाहीखुलेआमकीजारहीहैअभिजीतदीपकेकोदिल्लीपुलिसद्वारामारापीटाजारहाहैसत्ताकेनामपरबैठनेवालेगुंडेसिस्टमकोनाठीककरकरकेजनतापरअत्याचारकररहीहै फेसबुक पोस्ट।आर्काइव पोस्ट अनुसंधानसेपताचलताहैकि… हमने जांच की शुरुआत में वायरल वीडियो के कीफ्रेम निकाले और उन्हें गूगल रिवर्स इमेज की मदद से सर्च किया। परिणाम में हमेंthe hinduके आधिकारिक इंस्टाग्राम अकाउंट पर एक पोस्ट मिली। इसे 16 अगस्त 2025 को शेयर किया गया था। पोस्ट में मौजूद जानकारी के मुताबिक, यह डॉग लवर्स द्वारा किए गए प्रदर्शन की घटना है। इस पोस्ट में उस व्‍यक्ति की भी तस्वीर है जो वायरल वीडियो में नज़र आ रहा है। इससे इतना यहीं साफ़ हो जाता है कि वीडियो सीजेपी के प्रदर्शन का है ही नहीं। फिर हमें वायरल वीडियो से मेल खाता हुआ वीडियोstreetsdogsofbombayनाम के इंस्टा अकाउंट पर मिला, जिसे 16 अगस्त 2025 को अपलोड किया गया था। पता चलता है कि सुप्रीम कोर्ट ने आवारा कुत्तों को दिल्ली से हटाकर शेल्टर होम भेजने का आदेश दिया था। जिससे नाराज होकर डॉग लवर्स ने प्रदर्शन किया था। वायरल वीडियो उसी प्रदर्शन के दौरान का है। एक अन्यइंस्टाग्राम अकाउंटपर भी 16 अगस्त 2025 में ऐसा ही वीडियो शेयर किया गया है, जिसमें सीजपी के किसी प्रदर्शन का जिक्र नहीं, बल्कि डॉग लवर्स के प्रदर्शन की ही जानकारी दी गई है। हमारी पड़ताल में सामने आया कि न्यूज़ एजेंसीपीटीआईने भी इस प्रदर्शन का एक वीडियो जारी किया था। इसके साथ दी गई जानकारी के अनुसार, पुलिस ने मौके से कई प्रदर्शनकारियों को हिरासत में लिया था। पी","में की नहीं, सीजेपी डॉग के यह लवर्स है का का दिल्ली संस्थापक प्रदर्शन पिटाई के वीडियो। वायरल",,REF,same_as_gold,word,"{""shuffle_type"": ""uniform_random"", ""word_order_preserved"": false}","{""fluency_checked"": false, ""label_consistent"": true, ""meaning_preserved"": false}",
1072,CA_WORD_03_Jumbling,hi,घरेलू मतदान प्रक्रिया की निगरानी के लिए उम्मीदवार प्रतिनिधि चुन सकते थे।,पीआईबी के अनुसार उम्मीदवारों को पात्र मतदाताओं की सूची मिलती थी और वे प्रक्रिया की निगरानी के लिए प्रतिनिधि चुन सकते थे।,निगरानी चुन प्रक्रिया घरेलू के प्रतिनिधि लिए उम्मीदवार थे। मतदान की सकते,,SUP,same_as_gold,word,"{""shuffle_type"": ""uniform_random"", ""word_order_preserved"": false}","{""fluency_checked"": false, ""label_consistent"": true, ""meaning_preserved"": false}",
1073,CA_WORD_03_Jumbling,hi,"लोकसभा आम चुनाव 2024 में न्यूनतम मतदान प्रतिशत श्रीनगर, जम्मू-कश्मीर संसदीय निर्वाचन क्षेत्र में 38.68 प्रतिशत था।","निर्वाचन आयोग के एटलस में श्रीनगर, जम्मू-कश्मीर को 38.68 प्रतिशत के साथ न्यूनतम मतदान वाला संसदीय निर्वाचन क्षेत्र बताया गया है।","लोकसभा चुनाव में था। निर्वाचन जम्मू-कश्मीर क्षेत्र में मतदान न्यूनतम प्रतिशत 2024 श्रीनगर, प्रतिशत आम संसदीय 38.68",,SUP,same_as_gold,word,"{""shuffle_type"": ""uniform_random"", ""word_order_preserved"": false}","{""fluency_checked"": false, ""label_consistent"": true, ""meaning_preserved"": false}",
1074,CA_WORD_03_Jumbling,hi,इनहेल्ड दवाएं अस्थमा के लक्षणों को नियंत्रित करने में मदद कर सकती हैं।,विश्व स्वास्थ्य संगठन के अनुसार इनहेल्ड दवाएं अस्थमा के लक्षण नियंत्रित कर सकती हैं और रोगियों को सक्रिय जीवन जीने में मदद कर सकती हैं।,करने के लक्षणों दवाएं अस्थमा में नियंत्रित कर हैं। इनहेल्ड सकती को मदद,,SUP,same_as_gold,word,"{""shuffle_type"": ""uniform_random"", ""word_order_preserved"": false}","{""fluency_checked"": false, ""label_consistent"": true, ""meaning_preserved"": false}",
1075,CA_WORD_03_Jumbling,hi,वायरल वीडियो में दिखाई दे रही लड़की सुशांत सिंह राजपूत की भतीजी थी।,वेबकूफ की जांच में पाया गया कि वीडियो का सुशांत सिंह राजपूत के परिवार से कोई संबंध नहीं था।,भतीजी थी। दिखाई वीडियो वायरल सुशांत दे में लड़की रही सिंह की राजपूत,,REF,same_as_gold,word,"{""shuffle_type"": ""uniform_random"", ""word_order_preserved"": false}","{""fluency_checked"": false, ""label_consistent"": true, ""meaning_preserved"": false}",
1076,CA_WORD_03_Jumbling,hi,रेडियो हेलो वोटर्स का उद्देश्य निर्वाचन आयोग की वेबसाइट पर मतदाता जागरूकता कार्यक्रम को सुगम बनाना था।,पीआईबी की हिंदी विज्ञप्ति में 'रेडियो हेलो वोटर्स' को निर्वाचन आयोग की वेबसाइट पर मतदाता जागरूकता कार्यक्रम सुगम बनाने वाली सेवा बताया गया है।,का बनाना को आयोग की वेबसाइट हेलो रेडियो था। मतदाता कार्यक्रम उद्देश्य सुगम वोटर्स निर्वाचन जागरूकता पर,,SUP,same_as_gold,word,"{""shuffle_type"": ""uniform_random"", ""word_order_preserved"": false}","{""fluency_checked"": false, ""label_consistent"": true, ""meaning_preserved"": false}",
1077,CA_WORD_03_Jumbling,hi,देहरादून एसटीएफ ने 25 लाख रुपये की साइबर ठगी के मामले में मास्टरमाइंड को पश्चिम बंगाल-बांग्लादेश सीमा क्षेत्र से गिरफ्तार किया।,"एसएसपी एसटीएफ अजेय सिंह के अनुसार आरोपी जियाउर गाजी अन्य लोगों के बैंक खाते, एटीएम कार्ड और सिम कार्ड साइबर अपराधियों को उपलब्ध कराता था।",को लाख सीमा देहरादून मास्टरमाइंड गिरफ्तार के से एसटीएफ किया। मामले की ठगी क्षेत्र 25 पश्चिम साइबर रुपये में बंगाल-बांग्लादेश ने,,SUP,same_as_gold,word,"{""shuffle_type"": ""uniform_random"", ""word_order_preserved"": false}","{""fluency_checked"": false, ""label_consistent"": true, ""meaning_preserved"": false}",
1078,CA_WORD_03_Jumbling,hi,"इजरायल से सम्बंधित नहीं है यह वीडियो, सैन डिएगो में पुलिस से बदसलूकी का है पुराना मामला।","महिला के साथ पुलिसकर्मी की हाथापाई का वायरल वीडियो इज़राइल का नहीं है ,सैन डिएगो का है। पश्चिम एशिया में चल रहे हालिया तनाव के बीच इंटरनेट पर एक वीडियो शेयर किया जा रहा है, जो काफी हैरान कर देने वाला है। वायरल वीडियो में एक महिला को जमीन पर गिराकर जबरन काबू में लेते हुए दिखाया गया है। देखा जा सकता है कि वर्दी पहने कुछ लोग उस महिला को पकड़कर नियंत्रित करते हैं। दावा किया जा रहा है कि इस महिला ने जब अपने बेटे की इजरायली सेना में जबरन भर्ती का विरोध किया तो इजरायल डिफेंस फोर्सस के अधिकारियों ने इस महिला के साथ बुरा बर्ताव करते हुए मारपीट की। वायरल वीडियो को फेसबुक पर इस कैप्शन के साथ शेयर किया जा रहा है… इस इस्राइली महिला का बेटा जंग में नहीं जाना चाहता था। उसने इस्राइली अधिकारियों का विरोध किया तो उसके साथ उसने इस तरह का व्यवहार किया। फेसबुक पोस्ट।आर्काइव पोस्ट अनुसंधान से पता चलता है कि… हमने जांच की शुरुआत में वायरल वीडियो से की-फ्रेम्स लेकर गूगल लेंस के जरिए रिवर्स सर्च किया। परिणाम में हमें यहीं वीडियो एकइंस्टाग्राम पोस्टमें मिला। जिसे 27 मार्च 2026 को शेयर किया गया था। वीडियो के साथ दिए गए कैप्शन के अनुसार, वीडियो सैन डिएगो के लिंडा विस्टा स्केट पार्क का है जहां पर एक महिला कथित तौर पर बच्चों के साथ दुर्व्यवहार कर रही थी। जब पुलिस अधिकारियों ने हस्तक्षेप किया, तो वह आक्रामक हो गई। तभी पुलिस ने उसे जमीन पर गिराया और काबू में किया। फिर हमें यहीं वीडियो 28 मार्च 2026 कोमेक्सिकानोनाम के एक फेसबुक पेज पर पोस्ट किया हुआ मिला। इसमें बताया गया है कि पुलिस ने लिंडा विस्टा स्केटबोर्ड पार्क में नाबालिगों के साथ अनुचित व्यवहार की रिपोर्ट के बाद एक महिला को रोका, तो उसने आदेशों की अवहेलना की और आक्रामक हो गई। मिली जानकारी की मदद से आगे खोज करने पर हमें एकअमेरिकी वेबसाइटHYPEFRESHकी तरफ से वीडियो से संबंधित रिपोर्ट मिली। जिसे 27 मार्च 2026 को प्रकाशित किया गया था। इसमें वायरल वीडियो के कीफ्रेम्स को देखा जा सकता है। रिपोर्ट के अनुसार, “सैन डिएगो के लिंडा विस्टा स्केट पार्क का एक वीडियो वायरल हुआ था, जिसे किसी राहगीर ने रिकॉर्ड किया था। इसमें सैन डिएगो का एक पुलिस अधिकारी एक महिला को जमीन पर गिराकर हथकड़ी पहनाते हुए दिख रहा है। अधिकारियों ने बताया कि लिंडा विस्टा रिक्रिएशन सेंटर","सैन इजरायल बदसलूकी मामला। में नहीं पुलिस का है है से वीडियो, से पुराना सम्बंधित डिएगो यह",,REF,same_as_gold,word,"{""shuffle_type"": ""uniform_random"", ""word_order_preserved"": false}","{""fluency_checked"": false, ""label_consistent"": true, ""meaning_preserved"": false}",
1079,CA_WORD_03_Jumbling,hi,सर्दी या गले में खराश होने पर भी रक्तदान सुरक्षित है।,"रक्तदान करने से पहले आपको पूरी तरह से स्वस्थ होने और ठीक महसूस करने तक इंतजार करना होगा। यदि आपको सर्दी, फ्लू या गले में खराश है तो आप रक्तदान नहीं कर सकते।",या है। खराश सर्दी भी होने पर में सुरक्षित रक्तदान गले,,REF,same_as_gold,word,"{""shuffle_type"": ""uniform_random"", ""word_order_preserved"": false}","{""fluency_checked"": false, ""label_consistent"": true, ""meaning_preserved"": false}",
1080,CA_WORD_03_Jumbling,hi,"मतदान केंद्रों पर पीने का पानी, प्रतीक्षा-शेड, पानी सहित शौचालय, प्रकाश, रैंप और मानक मतदान-कक्ष जैसी न्यूनतम सुविधाओं के निर्देश दिए गए हैं।","निर्वाचन आयोग के अनुसार प्रत्येक मतदान केंद्र पर सुनिश्चित न्यूनतम सुविधाओं में पीने का पानी, प्रतीक्षा-शेड, पानी सहित शौचालय, प्रकाश, उचित ढलान वाला रैंप और मानक मतदान-कक्ष शामिल हैं।","प्रतीक्षा-शेड, मतदान के सहित का न्यूनतम मानक मतदान-कक्ष निर्देश जैसी केंद्रों रैंप सुविधाओं पानी शौचालय, दिए पीने पर और गए हैं। पानी, प्रकाश,",,SUP,same_as_gold,word,"{""shuffle_type"": ""uniform_random"", ""word_order_preserved"": false}","{""fluency_checked"": false, ""label_consistent"": true, ""meaning_preserved"": false}",
1081,CA_WORD_03_Jumbling,hi,हिमालयी क्षेत्र की कटोरानुमा स्थलाकृति बादल फटने और अतिवृष्टि जैसी आपदाओं की संभावना बढ़ा रही है।,लेख में शोध के आधार पर हिमालयी क्षेत्र की कटोरानुमा आकृति को आपदाओं के लिए जिम्मेदार बताया गया है।,है। अतिवृष्टि कटोरानुमा की फटने रही बढ़ा आपदाओं संभावना स्थलाकृति और बादल की क्षेत्र जैसी हिमालयी,,SUP,same_as_gold,word,"{""shuffle_type"": ""uniform_random"", ""word_order_preserved"": false}","{""fluency_checked"": false, ""label_consistent"": true, ""meaning_preserved"": false}",
1082,CA_WORD_03_Jumbling,hi,शिल्पा शिंदे को लेकर टीवी स्टार्स का विवाद हुआ।,TV9 भारतवर्ष की खबर में इतना ही है कि 'लॉकअप 2' में शिल्पा शिंदे की एंट्री से टीवी के संस्कारी स्टार्स बेनकाब हुए हैं. शेष विवरण रिपोर्ट में नहीं है।,हुआ। शिंदे को टीवी शिल्पा विवाद लेकर स्टार्स का,,NEI,same_as_gold,word,"{""shuffle_type"": ""uniform_random"", ""word_order_preserved"": false}","{""fluency_checked"": false, ""label_consistent"": true, ""meaning_preserved"": false}",
1083,CA_WORD_03_Jumbling,hi,"पटना हाई स्कूल में गोलीबारी की खबर सरासर फर्जी है, मूवी की शूटिंग का वीडियो भ्रामक दावे से वायरल।","एक मूवी की शूटिंग का वीडियो, पटना के हाई स्कूल में गोलीबारी की असली घटना के रूप में साझा किया जा रहा है। बिहार के भोजपुर में भारत भूषण तिवारी के एनकाउंटर पर मचे बवाल ने राज्य के कानून व्यवस्था को सवालों के घेरे में ला दिया है। इसी बीच सोशल मीडिया पर एक वीडियो वायरल हो रहा है, जिसमें कई हथियारों से लैस व्यक्तियों को इधर-उधर भागते व गोलियों की आवाज़ सुनते हुए दिखाया गया है। दावा किया जा रहा है कि बिहार में कानून व्यवस्था की स्थिति बेहद ही गंभीर है। लिहाज़ा प्रदेश की राजधानी पटना के हाई स्कूल में अब सरेआम गोलियां चलाई जा रही है। इसी के साथ वीडियो में एक टेक्स्ट में “पटना हाई स्कूल” लिखा हुआ नज़र आ रहा है। साथ ही यूज़र ने वीडियो के साथ यह कैप्शन लिखा है… पटनाकेहाईस्कूलमेंचलीगो/ली,वीडियोहुआवायरल। फेसबुक पोस्ट।आर्काइव पोस्ट अनुसंधानसेपताचलताहैकि… हमने जांच की शुरुआत में वायरल वीडियो से जुड़ी कीवर्ड को गूगल सर्च करते हुए यह पता लगाया कि क्या वास्तव में ऐसी कोई घटना घटी है। परंतु हम ऐसे किसी भी परिणाम तक नहीं पहुंचे जो वायरल दावे की पुष्टि करता हो। इसलिए हमने वीडियो के कीफ्रेम निकालकर उसे गूगल लेंस से सर्च किया। परिणाम में हमेंJitendra Mohan Pintu Rajनाम के एक फेसबुक यूज़र की तरफ से  25 जून को अपलोड किया हुआ यह वीडियो मिला, जिसे शेयर करते हुइ इसे एक फिल्म की शूटिंग का बताया गया था। एकइंस्टा यूज़रने भी वायरल वीडियो को साझा किया है और उसे शूटिंग का हिस्सा बताया है। और आगे खोज करने पर हमने पाया कि एकयूट्यूब यूजरने भी इसी से मिलता हुआ एक अन्य वीडियो शेयर किया है और बताया है कि गर्दनीबाग हाई स्कूल पटना में भोजपुरी फिल्म सम्राट की शूटिंग हुई। वीडियो में दिखाई देता है कि सीन को रोकने वाले ‘कट कट’ के निर्देश के बाद कलाकारों द्वारा अभिनय को रोक दिया जाता है। ऐसे में स्पष्ट होता है कि यह एक शूटिंग का ही दृश्य है। हमें वायरल वीडियो के संदर्भ मेंपटना पुलिसकी तरफ से आधिकारिक एक्स हैंडल पर 26 जून 2026 को जारी प्रेस रिलीज मिली, जिसमें यह उल्लेख किया गया था कि पटना हाई स्कूल गर्दनीबाग का यह वीडियो कोई असली घटना नहीं, बल्कि एक फिल्म की शूटिंग का हिस्सा है। जिसकी शूटिंग के लिए पहले ही प्रशासन से जरूरी मंजूरी ले ली गई थी। #सोशल_मीडियापर वायरल किए जा रहे वीडियो/फोटो ( पटना हाई स्कूल गर्दनीबाग","पटना हाई स्कूल से भ्रामक की वायरल। शूटिंग में वीडियो दावे गोलीबारी की मूवी है, फर्जी का सरासर खबर",,REF,same_as_gold,word,"{""shuffle_type"": ""uniform_random"", ""word_order_preserved"": false}","{""fluency_checked"": false, ""label_consistent"": true, ""meaning_preserved"": false}",
1084,CA_WORD_03_Jumbling,hi,"मतदाता मार्गदर्शिका में मतदान तिथि और समय, बीएलओ संपर्क, महत्वपूर्ण वेबसाइट, हेल्पलाइन और पहचान दस्तावेजों की जानकारी शामिल थी।","पीआईबी की विज्ञप्ति में मतदाता मार्गदर्शिका में मतदान तिथि/समय, बीएलओ संपर्क विवरण, वेबसाइट, हेल्पलाइन और पहचान दस्तावेजों की जानकारी शामिल होने का उल्लेख है।","जानकारी संपर्क, शामिल वेबसाइट, मार्गदर्शिका तिथि और हेल्पलाइन पहचान मतदान दस्तावेजों की महत्वपूर्ण थी। और बीएलओ मतदाता समय, में",,SUP,same_as_gold,word,"{""shuffle_type"": ""uniform_random"", ""word_order_preserved"": false}","{""fluency_checked"": false, ""label_consistent"": true, ""meaning_preserved"": false}",
1085,CA_WORD_03_Jumbling,hi,विनोद और यूनिस ने मंजू देवी को काली नदी का जलस्तर बढ़ने की सूचना दी।,लेख में दोनों व्यक्तियों द्वारा खतरे की सूचना देने का उल्लेख है।,और काली यूनिस ने दी। विनोद मंजू को की बढ़ने देवी का सूचना जलस्तर नदी,,SUP,same_as_gold,word,"{""shuffle_type"": ""uniform_random"", ""word_order_preserved"": false}","{""fluency_checked"": false, ""label_consistent"": true, ""meaning_preserved"": false}",
1086,CA_WORD_03_Jumbling,hi,आजमगढ़ पुलिस ने अंतरराष्ट्रीय साइबर गिरोह के चार आरोपियों को गिरफ्तार किया।,साइबर सेल और अहरौला पुलिस की संयुक्त टीम ने चार आरोपियों को गिरफ्तार किया तथा जांच में उनके तार 448 साइबर शिकायतों से जुड़े पाए गए।,आजमगढ़ चार आरोपियों को पुलिस साइबर गिरफ्तार गिरोह के किया। अंतरराष्ट्रीय ने,,SUP,same_as_gold,word,"{""shuffle_type"": ""uniform_random"", ""word_order_preserved"": false}","{""fluency_checked"": false, ""label_consistent"": true, ""meaning_preserved"": false}",
1087,CA_WORD_03_Jumbling,hi,एक वायरल वीडियो में दावा किया गया कि दिग्गज बॉलीवुड अभिनेता अमिताभ बच्चन का निधन हो गया है।,"न्यूजचेकर की जांच के अनुसार, वायरल वीडियो कई असंबंधित बॉलीवुड क्लिप्स को जोड़कर बनाया गया है। जांच में अमिताभ बच्चन से जुड़ी हालिया खबरों में कहीं भी निधन की पुष्टि नहीं मिली; यह दावा भ्रामक पाया गया।",एक निधन हो बॉलीवुड कि है। अभिनेता गया बच्चन वायरल अमिताभ का में गया दिग्गज वीडियो दावा किया,,REF,same_as_gold,word,"{""shuffle_type"": ""uniform_random"", ""word_order_preserved"": false}","{""fluency_checked"": false, ""label_consistent"": true, ""meaning_preserved"": false}",
1088,CA_WORD_03_Jumbling,hi,"विक्रांत मेस्सी: निर्माता बने, रोमांटिक वेब सीरीज से डेब्यू।","प्रभात खबर की रिपोर्ट के अनुसार, विक्रांत मेस्सी ने 'मुसाफिर कैफे' से निर्माता के तौर पर डेब्यू किया है. जानिए क्यों चुनी रोमांटिक कहानी और निर्माता के तौर पर उनकी प्राथमिकता। खबर में यही जानकारी स्पष्ट रूप से दर्ज है।","से सीरीज बने, वेब विक्रांत रोमांटिक मेस्सी: डेब्यू। निर्माता",,SUP,same_as_gold,word,"{""shuffle_type"": ""uniform_random"", ""word_order_preserved"": false}","{""fluency_checked"": false, ""label_consistent"": true, ""meaning_preserved"": false}",
1089,CA_WORD_03_Jumbling,hi,"सांप के काटने पर, जहर को फैलने से रोकने के लिए काटे गए स्थान को तुरंत काटना चाहिए या जहर को मुंह से चूसकर निकालना चाहिए।","विश्व स्वास्थ्य संगठन सांप के काटने पर काटे गए स्थान पर चीरा लगाने (काटना), जहर को चूसने (चूसना) या टाइट पट्टी (कसने वाली पट्टी) बांधने से सख्त मना करता है, क्योंकि यह अधिक नुकसान पहुंचा सकता है।","तुरंत रोकने सांप के को लिए काटे जहर चूसकर गए चाहिए फैलने को को या स्थान निकालना काटने से जहर से मुंह चाहिए। पर, के काटना",,REF,same_as_gold,word,"{""shuffle_type"": ""uniform_random"", ""word_order_preserved"": false}","{""fluency_checked"": false, ""label_consistent"": true, ""meaning_preserved"": false}",
1090,CA_WORD_03_Jumbling,hi,लेख में बंगापानी क्षेत्र में बिजली आपूर्ति सामान्य होने की जानकारी दी गई है।,लेख में दो दिन से बिजली गुल होने का उल्लेख है।,होने गई में की क्षेत्र सामान्य है। बंगापानी लेख दी जानकारी में आपूर्ति बिजली,,REF,same_as_gold,word,"{""shuffle_type"": ""uniform_random"", ""word_order_preserved"": false}","{""fluency_checked"": false, ""label_consistent"": true, ""meaning_preserved"": false}",
1091,CA_WORD_03_Jumbling,hi,प्रधानमंत्री सुरक्षा बीमा योजना के लिए सदस्य को साल में 20 रुपये का प्रीमियम देना होता है।,एनडीटीवी इंडिया की हिंदी रिपोर्ट में प्रधानमंत्री सुरक्षा बीमा योजना के लिए सालाना 20 रुपये प्रीमियम और दो लाख रुपये तक के कवर का उल्लेख है।,प्रीमियम में है। को योजना होता लिए प्रधानमंत्री सुरक्षा साल 20 का देना सदस्य बीमा रुपये के,,SUP,same_as_gold,word,"{""shuffle_type"": ""uniform_random"", ""word_order_preserved"": false}","{""fluency_checked"": false, ""label_consistent"": true, ""meaning_preserved"": false}",
1092,CA_WORD_03_Jumbling,hi,असुरक्षित पानी और खराब स्वच्छता हेपेटाइटिस ए संक्रमण के जोखिम से जुड़े हैं।,विश्व स्वास्थ्य संगठन के अनुसार हेपेटाइटिस ए का जोखिम सुरक्षित पानी की कमी और खराब स्वच्छता तथा हाइजीन से जुड़ा है।,असुरक्षित हैं। स्वच्छता जोखिम के और ए से जुड़े पानी खराब हेपेटाइटिस संक्रमण,,SUP,same_as_gold,word,"{""shuffle_type"": ""uniform_random"", ""word_order_preserved"": false}","{""fluency_checked"": false, ""label_consistent"": true, ""meaning_preserved"": false}",
1093,CA_WORD_03_Jumbling,hi,ईरान की यूनिवर्सिटी में छात्रा के विरोध का एक पुराना वीडियो हालिया बताकर भ्रामक दावे से वायरल…,"यह वीडियो ईरान में मौजूदा प्रदर्शन से सम्बंधित नहीं है। नवंबर 2024 का है वायरल यह वीडियो। इंटरनेट पर एक वीडियो वायरल हो रहा है जिसे ईरान में हो रहे सत्ता विरोधी प्रदर्शनों के बीच साझा किया जा रहा है। वीडियो में एक जगह पर एक महिला को हिजाब की जगह अलग से कपड़े पहन कर सड़क पर घूमते हुए दिखाया गया है। वहीं वीडियो में कुछ अन्य महिलाओं को हिजाब में दिखाया गया है। यह वीडियो साझा करते हुए दावा किया जा रहा है कि यह वीडियो ईरान में सत्ता विरोधी प्रदर्शनों से सम्बंधित है। वायरल वीडियो को इस कैप्शन के साथ शेयर किया जा रहा है… ईरान(पारसदेश)मेबुर्केकाहोरहाखुलेआमबहिष्कार।क्याकहेंगेआपबदलतेईरानकेइसमाहौलक़ो? फेसबुक पोस्ट।आर्काइव पोस्ट अनुसंधानसेपताचलताहैकि… हमने जांच की शुरुआत में वायरल वीडियो के कीफ्रेम को सर्च किया। परिणाम में हमेंटाइम्स ऑफ इंडियाकी वेबसाइट पर 4 नवंबर 2024 को छपी रिपोर्ट में वायरल वीडियो से एक क्लिप शेयर किया हुआ मिला। इसमें बताया गया था कि तेहरान की इस्लामिक आजाद यूनिवर्सिटी में एक छात्रा को हिजाब न पहनने की वजह से यूनिवर्सिटी की सुरक्षा टीम ने रोका था, जिसके बाद छात्रा ने विरोध में यह कदम उठाया था। लेकिन इस घटना का वीडियो सोशल मीडिया पर वायरल हो गया था। इसके बाद हमेंईरान वायर डॉट कॉमनाम की वेबसाइट पर भी इस वीडियो से जुड़ी खबर हमें मिली। 4 नवंबर 2024 की खबर के अनुसार, तेहरान की इस्लामिक आजाद यूनिवर्सिटी के साइंस एंड रिसर्च कैंपस में एक छात्रा ने कथित तौर पर सुरक्षा कर्मियों द्वारा हिजाब न पहनने पर परेशान किए जाने के बाद, विरोध में अपने कपड़े उतार दिए थें। छात्रा अंडरगारमेंट्स में कैंपस के पास दिखाई देती है। ईरान की पत्रकारमसीह अलीनेजदने इस मामले से जुड़े वीडियो को 3 नवंबर 2024 को शेयर करते हुए एक्स पर एक पोस्ट किया था। इसके अनुसार, ईरान के तेहरान स्थित साइंस एंड रिसर्च यूनिवर्सिटी में एक छात्रा ने कथित तौर पर हिजाब को लेकर नैतिकता पुलिस द्वारा परेशान किए जाने के विरोध में अपने कपड़े उतारकर कैंपस में प्रदर्शन किया। आई विटनेस के अनुसार, सुरक्षा कर्मी उसे जबरन ले जाने की कोशिश कर रहे थे, जिसके दौरान उसके कपड़े खींचे गए और गुस्से में उसने विरोध किया। In Iran, a student harassed by her university’s morality police over her “improper” hijab didn’t back down. She turned",का एक ईरान की विरोध यूनिवर्सिटी भ्रामक वायरल… वीडियो से हालिया छात्रा में दावे बताकर के पुराना,,REF,same_as_gold,word,"{""shuffle_type"": ""uniform_random"", ""word_order_preserved"": false}","{""fluency_checked"": false, ""label_consistent"": true, ""meaning_preserved"": false}",
1094,CA_WORD_03_Jumbling,hi,सेंसर बोर्ड ने 'Spider-Man: Brand New Day' से 8 सेकेंड का किसिंग सीन हटाया।,"TV9 भारतवर्ष की रिपोर्ट के अनुसार, 'स्पाइडर-मैन: ब्रांड न्यू डे' रिलीज के लिए पूरी तरह से तैयार है. फिल्म का सेंसर बोर्ड सर्टिफिकेशन का प्रोसेस भी कंप्लीट हो चुका है. CBFC की तरफ से फिल्म के दृश्यों में कट लगाए गए हैं और इसी के साथ ही कुछ डायलॉग्स से अश्लील शब्दों को भी म्यूट किया गया है. चलिए जान लेते हैं इसको कौन सा ग्रेड दिया गया है। खबर में यही जानकारी स्पष्ट रूप से दर्ज है।",किसिंग 'Spider-Man: 8 Brand का हटाया। Day' से बोर्ड सेकेंड सीन सेंसर ने New,,SUP,same_as_gold,word,"{""shuffle_type"": ""uniform_random"", ""word_order_preserved"": false}","{""fluency_checked"": false, ""label_consistent"": true, ""meaning_preserved"": false}",
1095,CA_WORD_03_Jumbling,hi,मिर्गी से पीड़ित अधिकांश लोगों को निम्न-आय वाले देशों में आवश्यक चिकित्सा उपचार आसानी से उपलब्ध होता है।,विश्व स्वास्थ्य संगठन के अनुसार निम्न और मध्यम आय वाले देशों में मिर्गी से पीड़ित लगभग तीन-चौथाई लोगों को आवश्यक उपचार नहीं मिल पाता (उपचार अंतराल)।,आसानी अधिकांश से चिकित्सा को आवश्यक से लोगों उपचार पीड़ित निम्न-आय है। होता में वाले उपलब्ध देशों मिर्गी,,REF,same_as_gold,word,"{""shuffle_type"": ""uniform_random"", ""word_order_preserved"": false}","{""fluency_checked"": false, ""label_consistent"": true, ""meaning_preserved"": false}",
1096,CA_WORD_03_Jumbling,hi,"बांग्लादेश में हिंदू बच्चे से जबरन कलमा पढ़वाने का फेक सांप्रदायिक दावा वायरल, किसी और मामले से सम्बंधित है वीडियो…","वायरल वीडियो के साथ किया जा रहा है फेक सांप्रदायिक दावा, नशीले पदार्थों का सेवन और उसे रखने के आरोप में नाबालिग के साथ बांग्लादेशी पुलिस ने किया था ऐसा बर्ताव। इंटरनेट पर एक वीडियो वायरल किया जा रहा है, जिसमें दिखाई दे रहा है कि एक बच्चे को नीले रंग की वर्दी पहने कुछ पुलिसकर्मियों ने पकड़ा हुआ है और   बैकग्राउंड में ला-इलाहा सुनाई दे रहा है। बच्चे के साथ पुलिस वाले बुरा बर्ताव करते हुए नज़र आते हैं। वीडियो को शेयर करते हुए यह दावा किया जा रहा है कि, यह बांग्लादेश का वीडियो है जहां पर इस हिन्दू बच्चे से जबरदस्ती कलमा पढ़वाया जा रहा है।पोस्ट इस कैप्शन के साथ शेयर हो रहा है… येजबरननहींतोऔरक्याहै?बांग्लादेशमेंएकछोटेहिंदूबच्चेसेज़बरदस्तीकलमाबुलवायाजारहाहै…पीछेसेआवाज़आरहीहै– “लाइलाहा…”औरसामनेपुलिसखड़ीहै…मौलवीकीआज्ञापरसबकुछहोरहाहै।मासूमबच्चा,डरसेकांपताहुआ…औरउसकेमुंहसेनिकालेजारहेवोशब्द,जोउसकेदिलकेनहींहैं।येकौनसामजहबहैजहाँबच्चाभीनहींबख्शाजाता?क्यायहीइंसानियतहै? फेसबुक पोस्ट।आर्काइव पोस्ट अनुसंधानसेपताचलताहैकि… हमने जांच की शुरुआत में वायरल वीडियो के की-फ्रेम्स को लेकर और उन्हें गूगल लेंस के जरिये सर्च किया। परिणाम में हमें यह वीडियो बांग्लादेश केएएनटी न्यूज टीवीके फेसबुक पेज पर 18 जुलाई 2025 को अपलोड किया हुआ मिला। वीडियो के साथ दी गई जानकारी के अनुसार, यह बांग्लादेश की चपई नवाबगंज का वीडियो है जहां पर पुलिस ने एक बच्चे पर बलप्रयोग किया था। हमें 18 जुलाई 2025 को एकबांग्लादेशी न्यूजआउटलेट की वेबसाइट पर उक्त घटना के विषय में एक रिपोर्ट मिली। इस रिपोर्ट में वायरल वीडियो से जुड़े दृश्य मौजूद थे। जबकि खबर में बताया गया है कि चपाईनवाबगंज सदर पुलिस स्टेशन के ओसी मतीउर रहमान एक बच्चे का हाथ पकड़ा हुआ था। इसके अलावा अन्य अधिकारी बच्चे के बाल खींच रहे थें। वीडियो वायरल होने के बाद सदर पुलिस स्टेशन के ओसी मतीउर रहमान के हवाले से जानकारी दी गई कि यह 6 जुलाई 2025 की घटना है जब नेशनल सिटिजन पार्टी (एनसीपी) की पदयात्रा के दौरान बच्चे को नशीली दवा रखते हुए पकड़ा गया था। वह एनसीपी नेताओं के पास जाने की कोशिश कर रहा था, इसलिए उन्होंने बच्चे को हटा दिया था। एकअन्य बांग्लादेशी न्यूजआउटलेट की तरफ से इस घटना पर यहीं रिपोर्ट छापी गई है कि,चपाईनवाबगंज इलाके में नेशनल सिटिजन पार्टी (एनसीपी) नेताओं क","फेक किसी में वायरल, से दावा से वीडियो… बांग्लादेश हिंदू और सम्बंधित पढ़वाने का जबरन मामले कलमा है बच्चे सांप्रदायिक",,REF,same_as_gold,word,"{""shuffle_type"": ""uniform_random"", ""word_order_preserved"": false}","{""fluency_checked"": false, ""label_consistent"": true, ""meaning_preserved"": false}",
1097,CA_WORD_03_Jumbling,hi,सबसे अधिक राहत राशि हिमाचल प्रदेश को दी गई।,"लेख के अनुसार सबसे अधिक 588.73 करोड़ रुपये बिहार को मिले, हिमाचल प्रदेश को नहीं।",दी अधिक राशि सबसे को प्रदेश राहत गई। हिमाचल,,REF,same_as_gold,word,"{""shuffle_type"": ""uniform_random"", ""word_order_preserved"": false}","{""fluency_checked"": false, ""label_consistent"": true, ""meaning_preserved"": false}",
1098,CA_WORD_03_Jumbling,hi,"सरकार की महाक्विज 12 भाषाओं में उपलब्ध कराई गई थी और प्रत्येक क्विज के 1,000 विजेताओं के लिए 2,000 रुपये का पुरस्कार था।","आधिकारिक विज्ञप्ति में महाक्विज की 12 भाषाओं में उपलब्धता तथा प्रत्येक क्विज के 1,000 विजेताओं के लिए 2,000 रुपये पुरस्कार का उल्लेख है।","में का गई महाक्विज रुपये की प्रत्येक पुरस्कार लिए उपलब्ध थी 12 था। भाषाओं विजेताओं क्विज सरकार 1,000 2,000 और के के कराई",,SUP,same_as_gold,word,"{""shuffle_type"": ""uniform_random"", ""word_order_preserved"": false}","{""fluency_checked"": false, ""label_consistent"": true, ""meaning_preserved"": false}",
1099,CA_WORD_03_Jumbling,hi,ZEE5 ने सात भाषाओं में नए कंटेंट का ऐलान किया।,"प्रभात खबर की रिपोर्ट में सिर्फ इतना बताया गया कि ZEE5 ने हिंदी, तमिल, तेलुगु और 4 अन्य भाषाओं में नई वेब सीरीज, फिल्में और स्पोर्ट्स का ऐलान किया है. तारीख या आंकड़ों का उल्लेख नहीं है।",किया। ऐलान में भाषाओं कंटेंट नए ने का सात ZEE5,,NEI,same_as_gold,word,"{""shuffle_type"": ""uniform_random"", ""word_order_preserved"": false}","{""fluency_checked"": false, ""label_consistent"": true, ""meaning_preserved"": false}",
1100,CA_WORD_03_Jumbling,hi,प्रधानमंत्री सुरक्षा बीमा योजना में आकस्मिक मृत्यु या पूर्ण विकलांगता के लिए 2 लाख रुपये का जोखिम कवर है।,पीआईबी की हिंदी विज्ञप्ति में पीएमएसबीवाई के अंतर्गत आकस्मिक मृत्यु या पूर्ण विकलांगता के लिए 2 लाख रुपये कवर का उल्लेख है।,जोखिम लाख मृत्यु के कवर सुरक्षा प्रधानमंत्री विकलांगता 2 पूर्ण आकस्मिक लिए है। बीमा या में का रुपये योजना,,SUP,same_as_gold,word,"{""shuffle_type"": ""uniform_random"", ""word_order_preserved"": false}","{""fluency_checked"": false, ""label_consistent"": true, ""meaning_preserved"": false}",
1101,CA_WORD_03_Jumbling,hi,'लॉकअप 2' में राम कपूर ने हर्षद चोपड़ा और शिवांगी जोशी के रिश्ते पर हिंट दिया।,"अमर उजाला के मुताबिक इतना ही पता चलता है कि शो ‘लॉकअप 2’ में सिर्फ झगड़े या खुलासे ही नहीं होते हैं, इस शो में प्यार को लेकर भी बातें सुनने को मिल रही हैं। आगे कोई पुख्ता जानकारी नहीं मिलती।",राम जोशी चोपड़ा के और में शिवांगी हिंट 2' दिया। रिश्ते पर ने 'लॉकअप कपूर हर्षद,,NEI,same_as_gold,word,"{""shuffle_type"": ""uniform_random"", ""word_order_preserved"": false}","{""fluency_checked"": false, ""label_consistent"": true, ""meaning_preserved"": false}",
1102,CA_WORD_03_Jumbling,hi,अटल पेंशन योजना 18 से 40 वर्ष की आयु वाले बचत बैंक या डाकघर बचत बैंक खाता धारक भारतीय नागरिकों के लिए खुली है।,सरकारी पृष्ठ में एपीवाई को 18-40 वर्ष के ऐसे भारतीय नागरिकों के लिए खुला बताया गया है जिनके पास बचत बैंक या डाकघर बचत बैंक खाता है।,या 18 अटल लिए भारतीय के बचत खाता आयु डाकघर से वर्ष धारक पेंशन नागरिकों की है। बचत बैंक योजना 40 खुली वाले बैंक,,SUP,same_as_gold,word,"{""shuffle_type"": ""uniform_random"", ""word_order_preserved"": false}","{""fluency_checked"": false, ""label_consistent"": true, ""meaning_preserved"": false}",
1103,CA_WORD_03_Jumbling,hi,सनी देओल का छह साल पुराना संसद का वीडियो वायरल हो रहा है।,विश्वास न्यूज़ की रिपोर्ट में दर्ज है कि सनी देओल ने 18 जून 2019 को संसद में गुरदासपुर के सांसद के तौर पर शपथ ली थी।,वायरल साल संसद का रहा छह हो का है। वीडियो देओल पुराना सनी,,SUP,same_as_gold,word,"{""shuffle_type"": ""uniform_random"", ""word_order_preserved"": false}","{""fluency_checked"": false, ""label_consistent"": true, ""meaning_preserved"": false}",
1104,CA_WORD_03_Jumbling,hi,विमान फुटबॉल मैदान पर उतरने की कोशिश के दौरान एक व्यावसायिक इमारत की लोहे की छत से टकरा गया।,लेख में दुर्घटना के दौरान विमान के लोहे की छत से टकराने का उल्लेख है।,छत गया। मैदान से की की की उतरने कोशिश लोहे टकरा के इमारत फुटबॉल पर विमान दौरान व्यावसायिक एक,,SUP,same_as_gold,word,"{""shuffle_type"": ""uniform_random"", ""word_order_preserved"": false}","{""fluency_checked"": false, ""label_consistent"": true, ""meaning_preserved"": false}",
1105,CA_WORD_03_Jumbling,hi,"विटामिन बी-12 प्राकृतिक रूप से केवल पशुओं से प्राप्त उत्पादों जैसे मांस, मछली, दूध, पनीर और अंडे में पाया जाता है; यह फलों या सब्जियों जैसे पौधों वाले खाद्य पदार्थों में प्राकृतिक रूप से नहीं पाया जाता।","एनएचएस (एनएचएस) के अनुसार, विटामिन बी-12 प्राकृतिक रूप से केवल पशुओं से प्राप्त उत्पादों (जैसे मांस, मछली, दूध, पनीर और अंडे) में पाया जाता है; यह फलों या सब्जियों जैसे पौधों वाले खाद्य पदार्थों में प्राकृतिक रूप से नहीं पाया जाता।","पदार्थों पाया प्राप्त से बी-12 केवल से प्राकृतिक दूध, पनीर पशुओं अंडे मछली, में से मांस, में खाद्य या जाता प्राकृतिक वाले जाता। जैसे रूप नहीं विटामिन रूप सब्जियों है; जैसे यह पाया फलों उत्पादों और पौधों",,SUP,same_as_gold,word,"{""shuffle_type"": ""uniform_random"", ""word_order_preserved"": false}","{""fluency_checked"": false, ""label_consistent"": true, ""meaning_preserved"": false}",
1106,CA_WORD_03_Jumbling,hi,बांग्लादेश में मुस्लिम महिलाओं के बाल काटने का वीडियो हिंदू प्रताड़ना के झूठे दावे से वायरल।,"बांग्लादेश में महिलाओं के बाल काटने की घटना का यह वायरल वीडियो, हिंदू-मुस्लिम एंगल से नहीं जुड़ा है। बांग्लादेश में हिंदू महिलाओं के साथ अत्याचार से जोड़ते हुए सोशल मीडिया पर एक वीडियो वायरल हुआ जो काफी हैरान कर देने वाला है। वीडियो में एक  मुस्लिम इमाम एक महिला को जंजीरों से बांधकर उसके बाल जबरन काटते हुए दिख रहा है। यह वीडियो इस दावे के साथ साझा किया जा रहा है कि बांग्लादेश की महिलाओं के साथ क्रूर अत्याचार करते हुए जबरन उनके सिर को मुंडवाया जा रहा है। हमें वायरल वीडियोइंस्टाग्रामपरव्यापक रूपसे इस कैप्शन के साथ साझा किया हुआ मिला है…. बांग्लादेशमेंहिंदूमहिलाकेसाथक्रूरअत्याचार!इमामनेजंजीरोंमेंबांधकरकाटदिएबालबांग्लादेशमेंएकबारफिरहिंदूअल्पसंख्यकसमुदायपरजुल्मकीताजाघटनासामनेआईहै।एकचौंकानेवालेवीडियोमेंदेखागयाकिएकइमामनेग्रामीणइलाकेमेंएकहिंदूमहिलाकोजंजीरोंसेबांधकरउसकेबालजबरनकाटदिए।महिलारो–रोकरबेबसीजतारहीथी,उसकेहाथपीछेबंधेथेऔरआसपासभीड़जमाथी।यहअमानवीयघटनासोशलमीडियापरतेजीसेवायरलहोरहीहै।वीडियोमेंमहिलादर्दऔरअपमानसेतड़पतीनजरआरहीहै,जबकिइमामबिनाकिसीरुकावटकेकैंचीचलातारहा।हिंदूसंगठनोंकाआरोपहैकियहघटनाइस्लामीकट्टरपंथियोंद्वारागैर–मुस्लिममहिलाओंकोसबकसिखानेकाहिस्साहै।बांग्लादेशमेंहाल इंस्टाग्राम पोस्ट।आर्काइव पोस्ट ऐसे ही समान दावे के साथ हमें यह वीडियोफेसबुकपर भी प्राप्त हुआ है। फेसबुक पोस्ट।आर्काइव पोस्ट अनुसंधानसेपताचलताहैकि… हमने जांच की शुरुआत में वायरल वीडियो से फ्रेम लेकर उसे गूगल रिवर्स इमेज सर्च किया। परिणाम में हमें 2 मार्च को एकबांग्लादेशी न्यूज आउटलेटके फेसबुक अकाउंट से यही वीडियो अपलोड किया हुआ मिला वीडियो के साथ लिखे कैप्शन के अनुसार, यह बांग्लादेश के रूपगंज की घटना है, जब चोरी के चलते  3 महिलाओं के बाल पेड़ से बांधे गए थें। फिर हमें मार्च 2026 में प्रकाशित कुछबांग्लादेशी मीडियाके हवाले सेरिपोर्टमिलीं जिनमें वायरल वीडियो वाले वही दृश्य दिख रहे थें। इन रिपोर्टों के अनुसार, नारायणगंज केरूपगंजके दहारगाँव इलाके में स्थानीय लोगों ने तीन महिलाओं को सलीम मियां के घर से सोने की चेन चुराने की कोशिश करते हुए पकड़ा। महिलाओं की पहचान कुमिला की सुमैय्या अख्तर, खुलना की इति अख्तर और बलियापारा की शर्मिन के रूप में हुई। कथित चोरी के प्रयास के बाद, स्थानीय लोगों ने महिलाओं को रस्सियों से ब",बांग्लादेश दावे हिंदू काटने महिलाओं बाल से के में झूठे प्रताड़ना वायरल। का वीडियो के मुस्लिम,,REF,same_as_gold,word,"{""shuffle_type"": ""uniform_random"", ""word_order_preserved"": false}","{""fluency_checked"": false, ""label_consistent"": true, ""meaning_preserved"": false}",
1107,CA_WORD_03_Jumbling,hi,"लोकसभा चुनाव 2024 के दौरान cVIGIL केवल राजनीतिक दलों के लिए उपलब्ध था, नागरिकों के लिए नहीं।",पीआईबी की विज्ञप्ति cVIGIL को नागरिकों को चुनावी कदाचार चिह्नित करने में सक्षम बनाने वाला उपकरण बताती है।,"उपलब्ध के लिए चुनाव लोकसभा केवल नागरिकों cVIGIL नहीं। के दौरान था, के लिए राजनीतिक दलों 2024",,REF,same_as_gold,word,"{""shuffle_type"": ""uniform_random"", ""word_order_preserved"": false}","{""fluency_checked"": false, ""label_consistent"": true, ""meaning_preserved"": false}",
1108,CA_WORD_03_Jumbling,hi,पूरक स्वास्थ्य उपाय फ्लू की अवधि कम करने में सिद्ध रूप से प्रभावी हैं।,एनसीसीआईएच के अनुसार किसी पूरक स्वास्थ्य उपाय को फ्लू के लिए सहायक सिद्ध नहीं किया गया है।,की स्वास्थ्य में करने पूरक रूप फ्लू अवधि हैं। उपाय प्रभावी से कम सिद्ध,,REF,same_as_gold,word,"{""shuffle_type"": ""uniform_random"", ""word_order_preserved"": false}","{""fluency_checked"": false, ""label_consistent"": true, ""meaning_preserved"": false}",
1109,CA_WORD_03_Jumbling,hi,रजनीकांत ने लोकसभा चुनाव लड़ने के लिए नई राजनीतिक पार्टी रजिस्टर करवा ली है।,BOOM Hindi की जांच में पाया गया कि रजनीकांत के चुनाव लड़ने और नई पार्टी बनाने का वायरल दावा पुराने बयानों और अटकलों पर आधारित था। अभिनेता ने पहले ही सक्रिय चुनावी राजनीति में न आने की बात कही थी और हालिया पार्टी रजिस्ट्रेशन का कोई रिकॉर्ड नहीं मिला।,रजनीकांत के है। चुनाव लोकसभा राजनीतिक रजिस्टर नई पार्टी लिए लड़ने ली करवा ने,,REF,same_as_gold,word,"{""shuffle_type"": ""uniform_random"", ""word_order_preserved"": false}","{""fluency_checked"": false, ""label_consistent"": true, ""meaning_preserved"": false}",
1110,CA_WORD_03_Jumbling,hi,'द इंडिया स्टोरी' ने 2 दिनों में 50 लाख रुपये से कम कमाई की।,TV9 भारतवर्ष ने केवल इतना बताया कि 'द इंडिया स्टोरी: स्लो पोइजन इन प्रोग्रेस' का बॉक्स ऑफिस पर हाल बेहद बेहाल नज़र आ रहा है. बाकी विवरण अनुपलब्ध है।,ने कम की। में दिनों 'द रुपये इंडिया से स्टोरी' लाख 2 50 कमाई,,NEI,same_as_gold,word,"{""shuffle_type"": ""uniform_random"", ""word_order_preserved"": false}","{""fluency_checked"": false, ""label_consistent"": true, ""meaning_preserved"": false}",
1111,CA_WORD_03_Jumbling,hi,यूपी में बुर्का पहने पकड़े गए रेप के आरोपी का मुस्लिम होने का  दावा गलत है…,"राजस्थान पुलिस ने हाल ही में उत्तर प्रदेश के वृंदावन से बुर्का पहने दुष्कर्म आरोपी को गिरफ्तार किया था। इस मामले से जोड़कर सोशल मीडिया पर एक वीडियो वायरल हो रहा है। इसमें पुलिस की गिरफ्त में बुर्का पहने एक व्यक्ति को देखा जा सकता है। वीडियो के साथ दावा किया जा रहा है कि उत्तर प्रदेश के वृंदावन में बुर्का पहने पकड़े गए रेप के आरोपी शख्स मुस्लिम है। वायरल वीडियो के साथ यूजर ने लिखा है- हिजाब उतरते ही मुस्लिम आरोपी पकड़ा गया ,वृंदावन में बुर्का पहने हुए रेप का आरोपी गिरफ्तार ,इनामी बदमाश ने राजस्थान के धौलपुर में नाबालिग लड़की का नौकरी दिलाने के बहाने किया था रेप, हिंदुओं आप मानते बुर्के की आड़ में घटिया काम हो रहे .? फेसबुक।आर्काइव अनुसंधान से पता चलता है कि… पड़ताल की शुरुआत में हमने वायरल वीडियो के तस्वीरों का रिवर्स इमेज सर्च किया। परिणाम में  वायरल वीडियो की खबर हमेंआजतककी 31 दिसंबर 2025 की रिपोर्ट मिली। प्रकाशित खबर के मुताबिक, राजस्थान पुलिस ने रेप के आरोपी राजेंद्र सिसोदिया को उत्तर प्रदेश के मथुरा जिले के वृंदावन से गिरफ्तार किया था। आरोपी अपनी पहचान छिपाने के लिए मुस्लिम महिला के रूप में बुर्का पहनकर रह रहा था। खबर के अनुसार शख्स ने राजस्थान के धौलपुर में नौकरी का लालच देकर 16 वर्षीय नाबालिग लड़की के साथ दुष्कर्म करने का आरोप है। टाइम्स नाउने 30 दिसंबर को एक्स हैंडल से वायरल वीडियो को पोस्ट किया है। इसके साथ में जानकारी दी गई है कि पुलिस ने बुर्का पहनकर वृंदावन में रह रहे इनामी बदमाश को गिरफ्तार किया है। आरोप है कि उसने राजस्थान के धौलपुर में नाबालिग लड़की का नौकरी दिलाने के बहाने रेप किया था। #NewsAlert: बुर्का पहनकर वृंदावन में रह रहे इनामी बदमाश को पुलिस ने दबोचा◆ इनामी बदमाश ने राजस्थान के धौलपुर में नाबालिग लड़की का नौकरी दिलाने के बहाने किया था रेप#Rajasthan#Dholpur#Vrindavan#Burqapic.twitter.com/Y4FpzdHGes पड़ताल में हमेंदैनिक भास्करकी रिपोर्ट मिली। खबर में धौलपुर एसपी विकास सांगवान के हवाले से बताया गया कि राजेंद्र सिसोदिया एक शातिर अपराधी है। वह आरएसी बटालियन में तैनात था ।लेकिन पॉक्सो, अपहरण और मारपीट जैसी वारदातों के कारण उसे पहले ही बर्खास्त किया जा चुका था। आरोपी पुलिस इंस्पेक्टर, डिप्टी एसपी और पुलिस का अधिकारी बनकर नाबालिग लड़कियों को नौकरी का",बुर्का यूपी गलत पहने में पकड़े का रेप होने के गए का दावा है… मुस्लिम आरोपी,,REF,same_as_gold,word,"{""shuffle_type"": ""uniform_random"", ""word_order_preserved"": false}","{""fluency_checked"": false, ""label_consistent"": true, ""meaning_preserved"": false}",
1112,CA_WORD_03_Jumbling,hi,दृष्टिबाधित मतदाताओं के लिए ब्रेल लिपि में सुगम मतदाता सूचना पर्चियां जारी करने के निर्देश हैं।,पीआईबी की हिंदी विज्ञप्ति में दृष्टिबाधित व्यक्तियों के लिए ब्रेल लिपि में सुगम मतदाता सूचना पर्चियां जारी करने का निर्देश दिया गया है।,लिपि मतदाता दृष्टिबाधित जारी ब्रेल के निर्देश हैं। मतदाताओं करने सूचना सुगम पर्चियां में के लिए,,SUP,same_as_gold,word,"{""shuffle_type"": ""uniform_random"", ""word_order_preserved"": false}","{""fluency_checked"": false, ""label_consistent"": true, ""meaning_preserved"": false}",
1113,CA_WORD_03_Jumbling,hi,शाहरुख खान के सार्वजनिक वॉश बेसिन में वजू करने का वायरल वीडियो फिल्म की क्लिप है।,विश्वास न्यूज़ ने पुष्टि की कि सोशल मीडिया के अलग-अलग प्लेटफार्म पर बॉलीवुड अभिनेता शाह रुख खान की एक क्लिप शेयर की जा रही है।,वजू शाहरुख वॉश के करने फिल्म वायरल की है। सार्वजनिक खान में का वीडियो क्लिप बेसिन,,SUP,same_as_gold,word,"{""shuffle_type"": ""uniform_random"", ""word_order_preserved"": false}","{""fluency_checked"": false, ""label_consistent"": true, ""meaning_preserved"": false}",
1114,CA_WORD_03_Jumbling,hi,जोधपुर के वीडियो को तमिलनाडु में हिंदी भाषियों पर हमले के नाम से फैलाया जा रहा है|,"वायरल वीडियो तमिलनाडु से नहीं बल्कि जोधपुर से है जहाँ आपसी रंजिश के चलते एक वकील की हत्या हुई थी| तमिलनाडु में बिहारी मजदूरों के साथ बर्बरता की जा रही है,ख़बरोंके मुताबिक वहां कई सारे मजदूरों के साथ मारपीट और उनकी हत्या की जा रही है। इसी बीच सोशल मीडिया पर दिल दहला देने वाली एक वीडियो काफी तेजी से वायरल हो रहा है। इस वीडियो में हम दो व्यक्तियों को एक आदमी पर पहले चाकू से हमला करते हुए देख सकते है जिसके बाद उनके सिर को कुचलकर मारते हुए दिखाया गया है। इस वीडियो के साथ दावा किया जा रहा है कि ये मामला तमिलनाडु से है जहाँ हिंदी भाषा में बात करने के कारण इस व्यक्ति की दिनदहाड़े हत्या कर दी गयी सोशल मीडिया पर वायरल पोस्ट के कैप्शन में लिखा गया है कि “तमिलनाडु में हिंदी भाषियों पर लगातार हो रहे कातिलाना हमले, लगातार होते खुरेजी पर मौन तमाम हिंदी बेल्ट की सरकारे व केंद्र सरकार।” ट्विटर लिंक।आर्काइव लिंक अनुसंधान से पता चलता है कि…. जाँच की शुरुवात हमने वायरल वीडियो को छोटे फ्रेम में तोड़कर गूगल पर रिवर्स इमेज सर्च करने से की, जिसके परिणाम से हमें 21 फरवरी 2023 कोदैनिक भास्करद्वारा प्रकाशित खबर मिली। इस रिपोर्ट के अनुसार वीडियो में दिख रहा मामला राजस्थान के जोधपुर से है जहाँ दिनदहाड़े एक सीनियर वकील की हत्या कर दी गयी थी। जोधपुर कमिश्नरेट पूर्व के एडीसीपी नाजिम अली ने बताया कि माता के थान मुख्य रोड पर अनिल चौहान व मुकेश चौहान ने वकील जुगराज चौहान (55) की चाकू मार कर हत्या की है। ये हत्या आरोपी और पीड़ित के बीच आपसी रंजिश के चलते हुई। क्या था मामला इस हत्या के पीछे? पीड़ित जुगराज के बेटे की तीन वर्ष पहले एक्सीडेंट में मौत हो गई थी। उसमें अनिल और मुकेश चौहान नामजद थे। बताया जा रहा है कि किसी ज़मीन को लेकर भी विवाद था। इन दोनों बातों से रंजिश पाल कर आरोपियों ने वकील की हत्या कर दी। वकील अपने बेटे की मौत को लेकर कानूनी लड़ाई लड़ रहा था। टाइम्स ऑफ़ इंडियाके रिपोर्ट के अनुसार जोधपुर में अधिवक्ताओं की सुरक्षा के लिए कानून बनाने और अधिवक्ता जुगराज चौहान के परिवार को मुआवजा देने की मांग को लेकर वकीलों ने अदालतों का अनिश्चितकालीन बहिष्कार करने की घोषणा की है। आगे हमें इस मामले के संबंधित डीसीपी ईस्ट जोधपुर का एक ट्वीट मिला जिसमे लिखा गया है कि “पुलिस थाना माता का थान में प्रकरण दर्ज कर",है| हमले से हिंदी जोधपुर रहा में पर के के वीडियो जा फैलाया भाषियों नाम तमिलनाडु को,,REF,same_as_gold,word,"{""shuffle_type"": ""uniform_random"", ""word_order_preserved"": false}","{""fluency_checked"": false, ""label_consistent"": true, ""meaning_preserved"": false}",
1115,CA_WORD_03_Jumbling,hi,कर्णाटक के असंबंधित वीडियो को तमिलनाडु में घायल बिहारी मजदूर के नाम से किया गया वायरल।,"इस वीडियो का तमिलनाडु के बारे में चल रहे कथित हमलों से कोई संबंध नहीं है। ये वीडियो कर्णाटक में हुए एक हत्याकांड का है। तमिलनाडु में बिहारी मजदूरों पर अत्याचारों कीख़बरोंके बीच सोशल मीडिया पर तरह तरह के असंबंधित वीडियो शेयर किए जा रहे हैं। इसी के चलते सोशल मीडिया पर एक वीडियो वायरल हो रहा है जिसमें हम एक लड़के को खून से लथपथ होकर तड़पते हुए देख सकते है। इस वीडियो के साथ दावा किया जा रहा है कि वीडियो में हम तमिलनाडु में एक बिहारी मजदूर की हत्या होते हुए देख सकते है। वायरल वीडियो के कैप्शन में लिखा गया है कि “तमिलनाडु मैं बिहारियों को आए दिन मारा जा रहा हैं लेकिन बिहार की सत्ताधारी नितीश कुमार की सरकार हाथ पर हाथ रखकर बैठी है! यूपी में का बा सीजन 2 गानेवाली नेहा फोल्क सिंगर अब तमिलनाडु में हो रहे हरकत पर मुंह मैं दही जमा बैठी हैं।” ट्वीट लिंक।आर्काइव लिंक अनुसंधान से पता चलता है कि… इस वीडियो में हम बैकग्राउंड में लोगों को कन्नड़ भाषा में बात करते हुए सुन सकते है। हमने कर्णाटक के लोकल पत्रकार से संपर्क कर ये पता किया कि वायरल वीडियो कहा से है, हमें पता चला की वायरल वीडियो डोड्डाबेलवांगला में हुए छात्रों की हत्या की है। इस जानकारी को ध्यान में रखते हुए हमने संबंधित कीवर्ड सर्च किया जिसके परिणाम से हमें कईमीडिया रिपोर्टमिले जिन्होंने इस हत्याकांड को कवर किया था। रिपोर्ट के अनुसार, 18 फरवरी को बेंगलुरू से 54 किलोमीटर उत्तर- पश्चिम में डोड्डाबेलवांगला में एक खेल टूर्नामेंट में एक इंजीनियरिंग ग्रेजुएट और एक पीयूसी छात्र की हत्या कर दी गई थी। डोड्डाबेलवांगला के भरत कुमार (23) और प्रतीक (17) पर कर्नाटक पब्लिक स्कूल के मैदान में चार सदस्यीय गिरोह ने हमला किया था। प्रतीक को एक खंजर से वार किया गया था जो उसके निजी अंगों में फंसा रहा, जबकि कुमार को पेट के निचले हिस्से में चाकू मारा गया था। पुलिस ने हत्यारों को पकड़ने के लिए एक विशेष टीम का गठन किया है। हमलावार एक कार में मैदान तक गए और मैदान के अंदर पार्क करने की कोशिश की लेकिन खिलाड़ियों और आयोजकों ने आपत्ति जताई। इसके बाद कहासुनी हुई और भीड़ ने कार के शीशे तोड़ दिए। वे थाने गए, लेकिन शिकायत नहीं की। टूर्नामेंट में भाग लेने वालों द्वारा उनके वाहन को फिर से रोका गया और तोड़फोड़ की गई। जबकि चारों भाग निकले, कुमार और प्रतीक आयोजको",तमिलनाडु में मजदूर को गया वीडियो से वायरल। किया के असंबंधित नाम कर्णाटक के घायल बिहारी,,REF,same_as_gold,word,"{""shuffle_type"": ""uniform_random"", ""word_order_preserved"": false}","{""fluency_checked"": false, ""label_consistent"": true, ""meaning_preserved"": false}",
1116,CA_WORD_03_Jumbling,hi,पीएमएवाई-शहरी 2.0 का लक्ष्य 2028-29 तक एक करोड़ अतिरिक्त पात्र शहरी लाभार्थियों को सहायता देना है।,पीआईबी की हिंदी विज्ञप्ति में सितंबर 2024 में शुरू पीएमएवाई-यू 2.0 का लक्ष्य 2028-29 तक एक करोड़ अतिरिक्त पात्र शहरी लाभार्थियों को सहायता देना बताया गया है।,लक्ष्य करोड़ का 2028-29 तक सहायता लाभार्थियों एक पात्र है। 2.0 शहरी को अतिरिक्त देना पीएमएवाई-शहरी,,SUP,same_as_gold,word,"{""shuffle_type"": ""uniform_random"", ""word_order_preserved"": false}","{""fluency_checked"": false, ""label_consistent"": true, ""meaning_preserved"": false}",
1117,CA_WORD_03_Jumbling,hi,चुनौती वोट के लिए लोक प्रतिनिधित्व अधिनियम के अंतर्गत धारा 49A लागू होती है।,निर्वाचन आयोग के अनुसार धारा 49A चुनौती वोट से संबंधित नहीं है; मतदाता की पहचान को चुनौती देने की प्रक्रिया अलग नियम के अंतर्गत है।,अधिनियम 49A है। होती चुनौती लागू धारा लोक के के प्रतिनिधित्व वोट अंतर्गत लिए,,REF,same_as_gold,word,"{""shuffle_type"": ""uniform_random"", ""word_order_preserved"": false}","{""fluency_checked"": false, ""label_consistent"": true, ""meaning_preserved"": false}",
1118,CA_WORD_03_Jumbling,hi,"दूसरे ही दिन बॉक्स ऑफिस पर ढेर हुई काजल अग्रवाल-श्रेयस तलपड़े की फिल्म, 50 लाख भी नहीं कमा पाई।",प्रभात खबर की स्टोरी में लिखा है: काजल अग्रवाल की 'द इंडिया स्टोरी' बॉक्स ऑफिस पर संघर्ष कर रही है.,"हुई अग्रवाल-श्रेयस नहीं दिन पाई। बॉक्स 50 काजल ऑफिस ढेर दूसरे फिल्म, ही कमा तलपड़े लाख पर की भी",,SUP,same_as_gold,word,"{""shuffle_type"": ""uniform_random"", ""word_order_preserved"": false}","{""fluency_checked"": false, ""label_consistent"": true, ""meaning_preserved"": false}",
1119,CA_WORD_03_Jumbling,hi,आधिकारिक सांख्यिकी तक आसान पहुंच के लिए ई-सांख्यिकी में एमसीपी और सिमैंटिक सर्च को एकीकृत किया गया है।,एआई-आधारित डेटा इकोसिस्टम विज्ञप्ति में ई-सांख्यिकी के साथ एमसीपी और सिमैंटिक सर्च एकीकरण का उल्लेख है।,किया और आसान ई-सांख्यिकी है। सिमैंटिक आधिकारिक को एमसीपी गया तक सर्च में पहुंच के सांख्यिकी एकीकृत लिए,,SUP,same_as_gold,word,"{""shuffle_type"": ""uniform_random"", ""word_order_preserved"": false}","{""fluency_checked"": false, ""label_consistent"": true, ""meaning_preserved"": false}",
